STOCK_SYMBOL,DATE_TIME,OPEN_PRICE,CLOSE_PRICE
AAPL,2025-04-14 09:30:00,211.4400,211.9800
AAPL,2025-04-14 09:31:00,212.0000,210.5399
AAPL,2025-04-14 09:32:00,210.4900,209.3302
AAPL,2025-04-14 09:33:00,209.3550,209.0720
AAPL,2025-04-14 09:34:00,209.0300,208.6302
AAPL,2025-04-14 09:35:00,208.6800,208.6600
AAPL,2025-04-14 09:36:00,208.6700,208.8400
AAPL,2025-04-14 09:37:00,208.8500,208.2250
AAPL,2025-04-14 09:38:00,208.2250,208.7700
AAPL,2025-04-14 09:39:00,208.7800,208.5100
AAPL,2025-04-14 09:40:00,208.5300,206.7400
AAPL,2025-04-14 09:41:00,206.7600,206.5850
AAPL,2025-04-14 09:42:00,206.5800,206.7000
AAPL,2025-04-14 09:43:00,206.7300,206.2107
AAPL,2025-04-14 09:44:00,206.2100,207.0296
AAPL,2025-04-14 09:45:00,207.0350,207.0800
AAPL,2025-04-14 09:46:00,207.0800,206.9900
AAPL,2025-04-14 09:47:00,206.9950,207.1100
AAPL,2025-04-14 09:48:00,207.1150,207.7175
AAPL,2025-04-14 09:49:00,207.6756,207.8400
AAPL,2025-04-14 09:50:00,207.8150,207.4050
AAPL,2025-04-14 09:51:00,207.3950,206.8500
AAPL,2025-04-14 09:52:00,206.8380,206.5600
AAPL,2025-04-14 09:53:00,206.5400,207.0100
AAPL,2025-04-14 09:54:00,206.9900,207.1850
AAPL,2025-04-14 09:55:00,207.2000,207.3700
AAPL,2025-04-14 09:56:00,207.3900,206.8319
AAPL,2025-04-14 09:57:00,206.8000,207.1550
AAPL,2025-04-14 09:58:00,207.1800,207.0000
AAPL,2025-04-14 09:59:00,206.9701,206.7600
AAPL,2025-04-14 10:00:00,206.7950,206.4349
AAPL,2025-04-14 10:01:00,206.4337,206.8550
AAPL,2025-04-14 10:02:00,206.8001,207.0895
AAPL,2025-04-14 10:03:00,207.0700,207.0676
AAPL,2025-04-14 10:04:00,207.0400,206.9600
AAPL,2025-04-14 10:05:00,206.9750,207.6300
AAPL,2025-04-14 10:06:00,207.6350,206.9509
AAPL,2025-04-14 10:07:00,206.9850,206.8400
AAPL,2025-04-14 10:08:00,206.9200,206.6700
AAPL,2025-04-14 10:09:00,206.6899,206.2500
AAPL,2025-04-14 10:10:00,206.2600,205.5410
AAPL,2025-04-14 10:11:00,205.5200,205.2002
AAPL,2025-04-14 10:12:00,205.2100,205.4200
AAPL,2025-04-14 10:13:00,205.4100,205.5550
AAPL,2025-04-14 10:14:00,205.5900,205.2150
AAPL,2025-04-14 10:15:00,205.2400,205.2650
AAPL,2025-04-14 10:16:00,205.2700,205.4050
AAPL,2025-04-14 10:17:00,205.3850,204.7000
AAPL,2025-04-14 10:18:00,204.7050,205.1250
AAPL,2025-04-14 10:19:00,205.1400,205.5500
AAPL,2025-04-14 10:20:00,205.5317,205.3500
AAPL,2025-04-14 10:21:00,205.3200,205.3700
AAPL,2025-04-14 10:22:00,205.3700,205.0750
AAPL,2025-04-14 10:23:00,205.0500,204.9600
AAPL,2025-04-14 10:24:00,204.9350,205.0000
AAPL,2025-04-14 10:25:00,205.0300,205.1650
AAPL,2025-04-14 10:26:00,205.1650,205.3515
AAPL,2025-04-14 10:27:00,205.3540,205.1316
AAPL,2025-04-14 10:28:00,205.1150,205.1450
AAPL,2025-04-14 10:29:00,205.1366,204.7500
AAPL,2025-04-14 10:30:00,204.8000,204.9600
AAPL,2025-04-14 10:31:00,204.9400,205.2175
AAPL,2025-04-14 10:32:00,205.2250,204.9300
AAPL,2025-04-14 10:33:00,204.9500,205.0550
AAPL,2025-04-14 10:34:00,205.0400,204.9450
AAPL,2025-04-14 10:35:00,204.9500,205.3800
AAPL,2025-04-14 10:36:00,205.4000,205.6100
AAPL,2025-04-14 10:37:00,205.6300,205.5900
AAPL,2025-04-14 10:38:00,205.6100,205.5550
AAPL,2025-04-14 10:39:00,205.5600,205.3763
AAPL,2025-04-14 10:40:00,205.4000,205.2900
AAPL,2025-04-14 10:41:00,205.2700,205.7897
AAPL,2025-04-14 10:42:00,205.8000,206.1050
AAPL,2025-04-14 10:43:00,206.1050,205.8000
AAPL,2025-04-14 10:44:00,205.8150,205.6700
AAPL,2025-04-14 10:45:00,205.6850,205.7910
AAPL,2025-04-14 10:46:00,205.8050,205.5250
AAPL,2025-04-14 10:47:00,205.5444,205.8350
AAPL,2025-04-14 10:48:00,205.8450,205.9600
AAPL,2025-04-14 10:49:00,205.9700,205.8342
AAPL,2025-04-14 10:50:00,205.8600,205.7200
AAPL,2025-04-14 10:51:00,205.7150,205.7500
AAPL,2025-04-14 10:52:00,205.7519,205.5500
AAPL,2025-04-14 10:53:00,205.5300,205.5000
AAPL,2025-04-14 10:54:00,205.4950,205.6050
AAPL,2025-04-14 10:55:00,205.6050,205.4204
AAPL,2025-04-14 10:56:00,205.4200,205.0050
AAPL,2025-04-14 10:57:00,204.9925,205.1261
AAPL,2025-04-14 10:58:00,205.1795,205.1350
AAPL,2025-04-14 10:59:00,205.1480,205.2446
AAPL,2025-04-14 11:00:00,205.2200,205.1900
AAPL,2025-04-14 11:01:00,205.1700,205.3350
AAPL,2025-04-14 11:02:00,205.3200,205.2250
AAPL,2025-04-14 11:03:00,205.2250,204.8400
AAPL,2025-04-14 11:04:00,204.8201,204.8050
AAPL,2025-04-14 11:05:00,204.8050,204.6800
AAPL,2025-04-14 11:06:00,204.6700,204.2600
AAPL,2025-04-14 11:07:00,204.2500,204.3592
AAPL,2025-04-14 11:08:00,204.3550,204.2700
AAPL,2025-04-14 11:09:00,204.2650,204.3099
AAPL,2025-04-14 11:10:00,204.2700,204.6891
AAPL,2025-04-14 11:11:00,204.6800,204.9099
AAPL,2025-04-14 11:12:00,204.9067,204.8800
AAPL,2025-04-14 11:13:00,204.8900,204.8700
AAPL,2025-04-14 11:14:00,204.8750,204.7800
AAPL,2025-04-14 11:15:00,204.7800,204.7200
AAPL,2025-04-14 11:16:00,204.7100,204.1817
AAPL,2025-04-14 11:17:00,204.1844,204.3600
AAPL,2025-04-14 11:18:00,204.3550,204.6400
AAPL,2025-04-14 11:19:00,204.6400,204.9500
AAPL,2025-04-14 11:20:00,204.9500,204.4800
AAPL,2025-04-14 11:21:00,204.5150,204.5694
AAPL,2025-04-14 11:22:00,204.5700,204.7400
AAPL,2025-04-14 11:23:00,204.7589,204.2500
AAPL,2025-04-14 11:24:00,204.2487,204.3700
AAPL,2025-04-14 11:25:00,204.4000,204.2550
AAPL,2025-04-14 11:26:00,204.2550,203.8800
AAPL,2025-04-14 11:27:00,203.9000,203.6300
AAPL,2025-04-14 11:28:00,203.6200,203.6910
AAPL,2025-04-14 11:29:00,203.7200,203.6000
AAPL,2025-04-14 11:30:00,203.6500,203.5600
AAPL,2025-04-14 11:31:00,203.5825,203.8316
AAPL,2025-04-14 11:32:00,203.7900,203.8700
AAPL,2025-04-14 11:33:00,203.8700,203.6801
AAPL,2025-04-14 11:34:00,203.6800,203.6600
AAPL,2025-04-14 11:35:00,203.6800,203.0733
AAPL,2025-04-14 11:36:00,203.1199,203.0929
AAPL,2025-04-14 11:37:00,203.0900,202.8050
AAPL,2025-04-14 11:38:00,202.8000,202.6100
AAPL,2025-04-14 11:39:00,202.6100,202.3296
AAPL,2025-04-14 11:40:00,202.2900,202.4500
AAPL,2025-04-14 11:41:00,202.4450,202.6150
AAPL,2025-04-14 11:42:00,202.6100,202.5850
AAPL,2025-04-14 11:43:00,202.5750,202.6380
AAPL,2025-04-14 11:44:00,202.6300,202.9700
AAPL,2025-04-14 11:45:00,202.9600,202.4100
AAPL,2025-04-14 11:46:00,202.3700,202.0450
AAPL,2025-04-14 11:47:00,202.0300,202.1700
AAPL,2025-04-14 11:48:00,202.1000,201.9396
AAPL,2025-04-14 11:49:00,201.9000,201.9150
AAPL,2025-04-14 11:50:00,201.9000,201.9900
AAPL,2025-04-14 11:51:00,202.0000,202.0100
AAPL,2025-04-14 11:52:00,202.0000,202.0300
AAPL,2025-04-14 11:53:00,202.0300,202.4700
AAPL,2025-04-14 11:54:00,202.4600,202.5100
AAPL,2025-04-14 11:55:00,202.5000,202.8550
AAPL,2025-04-14 11:56:00,202.8400,203.0900
AAPL,2025-04-14 11:57:00,203.0600,203.1750
AAPL,2025-04-14 11:58:00,203.1700,202.7100
AAPL,2025-04-14 11:59:00,202.7100,202.5100
AAPL,2025-04-14 12:00:00,202.5100,202.7100
AAPL,2025-04-14 12:01:00,202.7000,203.2326
AAPL,2025-04-14 12:02:00,203.2350,203.0153
AAPL,2025-04-14 12:03:00,203.0000,202.6800
AAPL,2025-04-14 12:04:00,202.6700,202.8800
AAPL,2025-04-14 12:05:00,202.8800,202.7250
AAPL,2025-04-14 12:06:00,202.7000,202.5666
AAPL,2025-04-14 12:07:00,202.5750,202.5150
AAPL,2025-04-14 12:08:00,202.4975,202.6582
AAPL,2025-04-14 12:09:00,202.6840,202.6000
AAPL,2025-04-14 12:10:00,202.6050,202.2800
AAPL,2025-04-14 12:11:00,202.2800,201.6700
AAPL,2025-04-14 12:12:00,201.6700,202.2700
AAPL,2025-04-14 12:13:00,202.2900,202.4986
AAPL,2025-04-14 12:14:00,202.4895,202.4400
AAPL,2025-04-14 12:15:00,202.4450,202.6700
AAPL,2025-04-14 12:16:00,202.7000,202.7600
AAPL,2025-04-14 12:17:00,202.7700,202.5000
AAPL,2025-04-14 12:18:00,202.5000,202.7550
AAPL,2025-04-14 12:19:00,202.7400,203.3800
AAPL,2025-04-14 12:20:00,203.4599,203.6529
AAPL,2025-04-14 12:21:00,203.6794,204.0900
AAPL,2025-04-14 12:22:00,204.1187,202.8300
AAPL,2025-04-14 12:23:00,202.8400,202.7515
AAPL,2025-04-14 12:24:00,202.7200,202.5400
AAPL,2025-04-14 12:25:00,202.5600,202.2700
AAPL,2025-04-14 12:26:00,202.2650,201.9750
AAPL,2025-04-14 12:27:00,201.9900,201.2100
AAPL,2025-04-14 12:28:00,201.2100,201.6108
AAPL,2025-04-14 12:29:00,201.6350,201.7500
AAPL,2025-04-14 12:30:00,201.7300,201.9300
AAPL,2025-04-14 12:31:00,201.8700,202.2350
AAPL,2025-04-14 12:32:00,202.2600,202.2050
AAPL,2025-04-14 12:33:00,202.2050,202.6450
AAPL,2025-04-14 12:34:00,202.6650,202.5900
AAPL,2025-04-14 12:35:00,202.5614,202.7200
AAPL,2025-04-14 12:36:00,202.7200,202.6500
AAPL,2025-04-14 12:37:00,202.6587,202.6818
AAPL,2025-04-14 12:38:00,202.7050,202.6600
AAPL,2025-04-14 12:39:00,202.6493,202.6013
AAPL,2025-04-14 12:40:00,202.6200,202.8206
AAPL,2025-04-14 12:41:00,202.8800,203.0000
AAPL,2025-04-14 12:42:00,203.0200,202.7150
AAPL,2025-04-14 12:43:00,202.6800,202.8650
AAPL,2025-04-14 12:44:00,202.8600,203.0166
AAPL,2025-04-14 12:45:00,203.0550,202.9950
AAPL,2025-04-14 12:46:00,203.0113,202.9900
AAPL,2025-04-14 12:47:00,202.9900,202.9800
AAPL,2025-04-14 12:48:00,202.9813,203.0499
AAPL,2025-04-14 12:49:00,202.9881,202.9000
AAPL,2025-04-14 12:50:00,202.8650,202.6300
AAPL,2025-04-14 12:51:00,202.6100,202.6210
AAPL,2025-04-14 12:52:00,202.6000,202.4200
AAPL,2025-04-14 12:53:00,202.4000,202.8400
AAPL,2025-04-14 12:54:00,202.8400,202.9250
AAPL,2025-04-14 12:55:00,202.9250,202.8600
AAPL,2025-04-14 12:56:00,202.8650,202.4825
AAPL,2025-04-14 12:57:00,202.4800,202.2600
AAPL,2025-04-14 12:58:00,202.2700,202.2400
AAPL,2025-04-14 12:59:00,202.2511,202.1847
AAPL,2025-04-14 13:00:00,202.2100,202.6899
AAPL,2025-04-14 13:01:00,202.7000,203.0709
AAPL,2025-04-14 13:02:00,203.1100,203.2300
AAPL,2025-04-14 13:03:00,203.2250,202.9600
AAPL,2025-04-14 13:04:00,202.9550,203.2600
AAPL,2025-04-14 13:05:00,203.2700,203.0600
AAPL,2025-04-14 13:06:00,203.1000,203.1902
AAPL,2025-04-14 13:07:00,203.2000,203.0800
AAPL,2025-04-14 13:08:00,203.0850,203.0350
AAPL,2025-04-14 13:09:00,203.0100,203.2898
AAPL,2025-04-14 13:10:00,203.3000,203.0837
AAPL,2025-04-14 13:11:00,203.1500,203.2600
AAPL,2025-04-14 13:12:00,203.2450,203.3200
AAPL,2025-04-14 13:13:00,203.3500,203.3700
AAPL,2025-04-14 13:14:00,203.3600,203.2300
AAPL,2025-04-14 13:15:00,203.2050,203.2000
AAPL,2025-04-14 13:16:00,203.2100,203.1700
AAPL,2025-04-14 13:17:00,203.1550,203.4800
AAPL,2025-04-14 13:18:00,203.4600,203.8100
AAPL,2025-04-14 13:19:00,203.8100,203.8400
AAPL,2025-04-14 13:20:00,203.8650,204.0100
AAPL,2025-04-14 13:21:00,204.0300,204.4300
AAPL,2025-04-14 13:22:00,204.4175,204.5784
AAPL,2025-04-14 13:23:00,204.5950,204.6800
AAPL,2025-04-14 13:24:00,204.7300,204.9700
AAPL,2025-04-14 13:25:00,204.9208,204.5799
AAPL,2025-04-14 13:26:00,204.5700,204.4500
AAPL,2025-04-14 13:27:00,204.4582,204.3950
AAPL,2025-04-14 13:28:00,204.4000,204.3350
AAPL,2025-04-14 13:29:00,204.3200,203.8640
AAPL,2025-04-14 13:30:00,203.8850,204.1950
AAPL,2025-04-14 13:31:00,204.2100,203.6207
AAPL,2025-04-14 13:32:00,203.6450,203.9800
AAPL,2025-04-14 13:33:00,203.9900,204.0750
AAPL,2025-04-14 13:34:00,204.0800,204.1600
AAPL,2025-04-14 13:35:00,204.1340,204.1500
AAPL,2025-04-14 13:36:00,204.1700,203.9400
AAPL,2025-04-14 13:37:00,203.9000,204.1800
AAPL,2025-04-14 13:38:00,204.1700,203.9850
AAPL,2025-04-14 13:39:00,203.9750,203.9450
AAPL,2025-04-14 13:40:00,203.9500,203.8150
AAPL,2025-04-14 13:41:00,203.8100,204.0800
AAPL,2025-04-14 13:42:00,204.0600,204.2200
AAPL,2025-04-14 13:43:00,204.2000,204.2300
AAPL,2025-04-14 13:44:00,204.2150,203.8900
AAPL,2025-04-14 13:45:00,203.9100,204.1400
AAPL,2025-04-14 13:46:00,204.1350,203.8500
AAPL,2025-04-14 13:47:00,203.8450,203.4600
AAPL,2025-04-14 13:48:00,203.4900,203.8550
AAPL,2025-04-14 13:49:00,203.8600,203.8750
AAPL,2025-04-14 13:50:00,203.8700,203.9250
AAPL,2025-04-14 13:51:00,203.8944,204.0900
AAPL,2025-04-14 13:52:00,204.0900,204.3300
AAPL,2025-04-14 13:53:00,204.3200,204.5800
AAPL,2025-04-14 13:54:00,204.6300,204.5959
AAPL,2025-04-14 13:55:00,204.5967,204.5500
AAPL,2025-04-14 13:56:00,204.5500,204.4850
AAPL,2025-04-14 13:57:00,204.5200,204.6600
AAPL,2025-04-14 13:58:00,204.7050,204.6800
AAPL,2025-04-14 13:59:00,204.6700,204.6300
AAPL,2025-04-14 14:00:00,204.6400,204.8300
AAPL,2025-04-14 14:01:00,204.8104,204.7385
AAPL,2025-04-14 14:02:00,204.7604,204.5850
AAPL,2025-04-14 14:03:00,204.5700,204.6500
AAPL,2025-04-14 14:04:00,204.6400,204.5600
AAPL,2025-04-14 14:05:00,204.5600,204.6490
AAPL,2025-04-14 14:06:00,204.6500,204.8700
AAPL,2025-04-14 14:07:00,204.8600,204.8400
AAPL,2025-04-14 14:08:00,204.8400,205.1200
AAPL,2025-04-14 14:09:00,205.1250,205.2050
AAPL,2025-04-14 14:10:00,205.2094,205.2400
AAPL,2025-04-14 14:11:00,205.2400,205.0704
AAPL,2025-04-14 14:12:00,205.0500,205.0650
AAPL,2025-04-14 14:13:00,205.0900,205.2800
AAPL,2025-04-14 14:14:00,205.2650,205.1550
AAPL,2025-04-14 14:15:00,205.1800,205.0100
AAPL,2025-04-14 14:16:00,205.0250,205.1100
AAPL,2025-04-14 14:17:00,205.1000,205.1238
AAPL,2025-04-14 14:18:00,205.1300,205.0900
AAPL,2025-04-14 14:19:00,205.0944,205.1250
AAPL,2025-04-14 14:20:00,205.1400,205.2000
AAPL,2025-04-14 14:21:00,205.1900,205.3099
AAPL,2025-04-14 14:22:00,205.3000,205.3400
AAPL,2025-04-14 14:23:00,205.3600,205.3487
AAPL,2025-04-14 14:24:00,205.3600,205.3274
AAPL,2025-04-14 14:25:00,205.3400,205.3200
AAPL,2025-04-14 14:26:00,205.3200,205.3300
AAPL,2025-04-14 14:27:00,205.3400,205.5600
AAPL,2025-04-14 14:28:00,205.5500,205.5300
AAPL,2025-04-14 14:29:00,205.5302,205.7900
AAPL,2025-04-14 14:30:00,205.7900,205.8300
AAPL,2025-04-14 14:31:00,205.8201,205.7100
AAPL,2025-04-14 14:32:00,205.7100,205.6200
AAPL,2025-04-14 14:33:00,205.6100,205.5200
AAPL,2025-04-14 14:34:00,205.5300,205.6250
AAPL,2025-04-14 14:35:00,205.6200,205.5500
AAPL,2025-04-14 14:36:00,205.5101,205.5300
AAPL,2025-04-14 14:37:00,205.5800,205.6950
AAPL,2025-04-14 14:38:00,205.6900,205.6470
AAPL,2025-04-14 14:39:00,205.6700,205.6950
AAPL,2025-04-14 14:40:00,205.7100,205.6850
AAPL,2025-04-14 14:41:00,205.7100,205.7600
AAPL,2025-04-14 14:42:00,205.7500,205.6700
AAPL,2025-04-14 14:43:00,205.6700,205.9000
AAPL,2025-04-14 14:44:00,205.9050,205.9609
AAPL,2025-04-14 14:45:00,205.9600,205.8800
AAPL,2025-04-14 14:46:00,205.8900,205.7600
AAPL,2025-04-14 14:47:00,205.7897,205.7649
AAPL,2025-04-14 14:48:00,205.7601,205.7800
AAPL,2025-04-14 14:49:00,205.7600,205.8400
AAPL,2025-04-14 14:50:00,205.8600,206.1700
AAPL,2025-04-14 14:51:00,206.1600,205.9800
AAPL,2025-04-14 14:52:00,205.9700,206.0500
AAPL,2025-04-14 14:53:00,206.0300,205.9501
AAPL,2025-04-14 14:54:00,205.9700,205.9700
AAPL,2025-04-14 14:55:00,205.9850,205.9750
AAPL,2025-04-14 14:56:00,205.9766,205.9800
AAPL,2025-04-14 14:57:00,205.9700,205.8174
AAPL,2025-04-14 14:58:00,205.8150,206.0000
AAPL,2025-04-14 14:59:00,205.9900,205.9000
AAPL,2025-04-14 15:00:00,205.8900,206.2250
AAPL,2025-04-14 15:01:00,206.2100,206.2099
AAPL,2025-04-14 15:02:00,206.2200,206.0450
AAPL,2025-04-14 15:03:00,206.0400,206.1900
AAPL,2025-04-14 15:04:00,206.2000,206.3400
AAPL,2025-04-14 15:05:00,206.3600,206.3000
AAPL,2025-04-14 15:06:00,206.3050,206.2700
AAPL,2025-04-14 15:07:00,206.2550,206.5400
AAPL,2025-04-14 15:08:00,206.5400,206.5800
AAPL,2025-04-14 15:09:00,206.5700,206.5200
AAPL,2025-04-14 15:10:00,206.5400,206.3700
AAPL,2025-04-14 15:11:00,206.3600,206.5500
AAPL,2025-04-14 15:12:00,206.5500,206.5850
AAPL,2025-04-14 15:13:00,206.5900,206.6100
AAPL,2025-04-14 15:14:00,206.6051,206.4600
AAPL,2025-04-14 15:15:00,206.4600,206.2500
AAPL,2025-04-14 15:16:00,206.2400,205.8980
AAPL,2025-04-14 15:17:00,205.9050,206.0400
AAPL,2025-04-14 15:18:00,206.0400,205.9300
AAPL,2025-04-14 15:19:00,205.9300,205.7750
AAPL,2025-04-14 15:20:00,205.7900,205.7400
AAPL,2025-04-14 15:21:00,205.7450,205.8028
AAPL,2025-04-14 15:22:00,205.8000,205.5800
AAPL,2025-04-14 15:23:00,205.5700,205.7200
AAPL,2025-04-14 15:24:00,205.7200,205.8600
AAPL,2025-04-14 15:25:00,205.8723,205.6200
AAPL,2025-04-14 15:26:00,205.6030,205.5150
AAPL,2025-04-14 15:27:00,205.5100,205.7700
AAPL,2025-04-14 15:28:00,205.7565,205.8250
AAPL,2025-04-14 15:29:00,205.8250,205.7100
AAPL,2025-04-14 15:30:00,205.7200,205.5800
AAPL,2025-04-14 15:31:00,205.5700,205.4194
AAPL,2025-04-14 15:32:00,205.4200,205.2900
AAPL,2025-04-14 15:33:00,205.2850,205.4150
AAPL,2025-04-14 15:34:00,205.4200,205.5700
AAPL,2025-04-14 15:35:00,205.5600,205.4900
AAPL,2025-04-14 15:36:00,205.4800,205.5700
AAPL,2025-04-14 15:37:00,205.5700,205.5050
AAPL,2025-04-14 15:38:00,205.5050,205.5641
AAPL,2025-04-14 15:39:00,205.5600,205.5400
AAPL,2025-04-14 15:40:00,205.5500,205.8300
AAPL,2025-04-14 15:41:00,205.8300,205.7200
AAPL,2025-04-14 15:42:00,205.7250,205.7205
AAPL,2025-04-14 15:43:00,205.7331,205.7100
AAPL,2025-04-14 15:44:00,205.6964,205.6650
AAPL,2025-04-14 15:45:00,205.6650,205.4700
AAPL,2025-04-14 15:46:00,205.4364,205.3500
AAPL,2025-04-14 15:47:00,205.3150,205.0800
AAPL,2025-04-14 15:48:00,205.0900,204.9700
AAPL,2025-04-14 15:49:00,204.9700,204.7899
AAPL,2025-04-14 15:50:00,204.7500,203.8900
AAPL,2025-04-14 15:51:00,203.8600,204.4193
AAPL,2025-04-14 15:52:00,204.4070,204.1200
AAPL,2025-04-14 15:53:00,204.0700,203.8000
AAPL,2025-04-14 15:54:00,203.8200,203.4200
AAPL,2025-04-14 15:55:00,203.4100,202.8950
AAPL,2025-04-14 15:56:00,202.9000,202.8300
AAPL,2025-04-14 15:57:00,202.8250,202.5400
AAPL,2025-04-14 15:58:00,202.5200,202.4875
AAPL,2025-04-14 15:59:00,202.4800,202.5900
AAPL,2025-04-15 09:30:00,201.8550,202.6946
AAPL,2025-04-15 09:31:00,202.6500,202.7450
AAPL,2025-04-15 09:32:00,202.7868,202.2950
AAPL,2025-04-15 09:33:00,202.3100,202.3200
AAPL,2025-04-15 09:34:00,202.3200,202.5473
AAPL,2025-04-15 09:35:00,202.5050,201.1500
AAPL,2025-04-15 09:36:00,201.1500,201.5950
AAPL,2025-04-15 09:37:00,201.5800,202.2350
AAPL,2025-04-15 09:38:00,202.2600,202.4750
AAPL,2025-04-15 09:39:00,202.4500,202.8600
AAPL,2025-04-15 09:40:00,202.8800,202.6595
AAPL,2025-04-15 09:41:00,202.6500,202.5453
AAPL,2025-04-15 09:42:00,202.5245,202.8500
AAPL,2025-04-15 09:43:00,202.8500,202.4401
AAPL,2025-04-15 09:44:00,202.4650,202.4550
AAPL,2025-04-15 09:45:00,202.4400,202.1250
AAPL,2025-04-15 09:46:00,202.1100,202.3700
AAPL,2025-04-15 09:47:00,202.3500,202.6250
AAPL,2025-04-15 09:48:00,202.6205,202.6450
AAPL,2025-04-15 09:49:00,202.6600,202.8200
AAPL,2025-04-15 09:50:00,202.8500,202.9908
AAPL,2025-04-15 09:51:00,202.9800,203.0400
AAPL,2025-04-15 09:52:00,203.0400,203.0450
AAPL,2025-04-15 09:53:00,203.0200,203.4152
AAPL,2025-04-15 09:54:00,203.4100,203.3100
AAPL,2025-04-15 09:55:00,203.3100,203.4100
AAPL,2025-04-15 09:56:00,203.4200,203.0700
AAPL,2025-04-15 09:57:00,203.0500,202.9900
AAPL,2025-04-15 09:58:00,202.9800,202.9700
AAPL,2025-04-15 09:59:00,202.9850,202.9350
AAPL,2025-04-15 10:00:00,202.9350,202.9500
AAPL,2025-04-15 10:01:00,202.9500,202.7630
AAPL,2025-04-15 10:02:00,202.7500,202.3950
AAPL,2025-04-15 10:03:00,202.4295,202.5850
AAPL,2025-04-15 10:04:00,202.5650,202.0900
AAPL,2025-04-15 10:05:00,202.1000,202.3750
AAPL,2025-04-15 10:06:00,202.4148,202.4950
AAPL,2025-04-15 10:07:00,202.4940,202.5599
AAPL,2025-04-15 10:08:00,202.5500,202.8200
AAPL,2025-04-15 10:09:00,202.8000,202.4100
AAPL,2025-04-15 10:10:00,202.3845,202.5700
AAPL,2025-04-15 10:11:00,202.5500,202.3800
AAPL,2025-04-15 10:12:00,202.3700,202.4112
AAPL,2025-04-15 10:13:00,202.4100,202.0500
AAPL,2025-04-15 10:14:00,202.0650,201.7500
AAPL,2025-04-15 10:15:00,201.7800,202.2400
AAPL,2025-04-15 10:16:00,202.2300,202.2100
AAPL,2025-04-15 10:17:00,202.2200,201.4921
AAPL,2025-04-15 10:18:00,201.5100,201.0520
AAPL,2025-04-15 10:19:00,201.0526,200.4600
AAPL,2025-04-15 10:20:00,200.4500,200.3500
AAPL,2025-04-15 10:21:00,200.3400,200.7000
AAPL,2025-04-15 10:22:00,200.6900,200.8600
AAPL,2025-04-15 10:23:00,200.8700,200.5900
AAPL,2025-04-15 10:24:00,200.5950,200.4000
AAPL,2025-04-15 10:25:00,200.3950,200.1500
AAPL,2025-04-15 10:26:00,200.1900,200.0700
AAPL,2025-04-15 10:27:00,200.0700,200.4350
AAPL,2025-04-15 10:28:00,200.4500,201.0112
AAPL,2025-04-15 10:29:00,201.0200,200.8000
AAPL,2025-04-15 10:30:00,200.7900,201.1035
AAPL,2025-04-15 10:31:00,201.0900,200.8700
AAPL,2025-04-15 10:32:00,200.8693,201.2650
AAPL,2025-04-15 10:33:00,201.2650,201.4000
AAPL,2025-04-15 10:34:00,201.4000,201.5700
AAPL,2025-04-15 10:35:00,201.5700,201.3953
AAPL,2025-04-15 10:36:00,201.4050,201.4200
AAPL,2025-04-15 10:37:00,201.4100,201.2300
AAPL,2025-04-15 10:38:00,201.2650,201.3000
AAPL,2025-04-15 10:39:00,201.3108,201.1800
AAPL,2025-04-15 10:40:00,201.2200,201.3500
AAPL,2025-04-15 10:41:00,201.3800,201.5600
AAPL,2025-04-15 10:42:00,201.5350,201.9050
AAPL,2025-04-15 10:43:00,201.9300,202.5500
AAPL,2025-04-15 10:44:00,202.5680,202.4400
AAPL,2025-04-15 10:45:00,202.4300,202.3000
AAPL,2025-04-15 10:46:00,202.3000,202.0250
AAPL,2025-04-15 10:47:00,202.0300,201.9339
AAPL,2025-04-15 10:48:00,201.8900,201.6350
AAPL,2025-04-15 10:49:00,201.6100,201.7900
AAPL,2025-04-15 10:50:00,201.7800,201.4200
AAPL,2025-04-15 10:51:00,201.4300,201.9000
AAPL,2025-04-15 10:52:00,201.9200,201.6700
AAPL,2025-04-15 10:53:00,201.6700,201.7300
AAPL,2025-04-15 10:54:00,201.7800,201.9000
AAPL,2025-04-15 10:55:00,201.9300,202.0300
AAPL,2025-04-15 10:56:00,202.0400,201.8847
AAPL,2025-04-15 10:57:00,201.9100,202.1100
AAPL,2025-04-15 10:58:00,202.1200,202.0150
AAPL,2025-04-15 10:59:00,202.0242,201.7812
AAPL,2025-04-15 11:00:00,201.8200,201.9514
AAPL,2025-04-15 11:01:00,201.9700,201.8801
AAPL,2025-04-15 11:02:00,201.9197,201.8100
AAPL,2025-04-15 11:03:00,201.7800,201.6100
AAPL,2025-04-15 11:04:00,201.5950,201.6950
AAPL,2025-04-15 11:05:00,201.7000,201.7100
AAPL,2025-04-15 11:06:00,201.7050,201.4200
AAPL,2025-04-15 11:07:00,201.4200,201.3659
AAPL,2025-04-15 11:08:00,201.3900,201.5000
AAPL,2025-04-15 11:09:00,201.4900,201.6300
AAPL,2025-04-15 11:10:00,201.6200,201.9200
AAPL,2025-04-15 11:11:00,201.9300,201.6800
AAPL,2025-04-15 11:12:00,201.6800,202.0950
AAPL,2025-04-15 11:13:00,202.1000,201.9850
AAPL,2025-04-15 11:14:00,202.0000,202.3500
AAPL,2025-04-15 11:15:00,202.3700,202.3400
AAPL,2025-04-15 11:16:00,202.3700,202.5166
AAPL,2025-04-15 11:17:00,202.5000,202.4700
AAPL,2025-04-15 11:18:00,202.4665,202.5195
AAPL,2025-04-15 11:19:00,202.5350,202.5000
AAPL,2025-04-15 11:20:00,202.5053,202.7490
AAPL,2025-04-15 11:21:00,202.7700,202.7500
AAPL,2025-04-15 11:22:00,202.7650,202.9700
AAPL,2025-04-15 11:23:00,202.9700,202.9700
AAPL,2025-04-15 11:24:00,202.9900,203.0200
AAPL,2025-04-15 11:25:00,203.0000,202.7500
AAPL,2025-04-15 11:26:00,202.7400,202.4550
AAPL,2025-04-15 11:27:00,202.4550,202.3000
AAPL,2025-04-15 11:28:00,202.3000,202.2900
AAPL,2025-04-15 11:29:00,202.2800,202.1300
AAPL,2025-04-15 11:30:00,202.1300,202.2650
AAPL,2025-04-15 11:31:00,202.2637,202.6300
AAPL,2025-04-15 11:32:00,202.6450,202.4300
AAPL,2025-04-15 11:33:00,202.4200,202.4500
AAPL,2025-04-15 11:34:00,202.4550,202.2849
AAPL,2025-04-15 11:35:00,202.2700,202.4800
AAPL,2025-04-15 11:36:00,202.4900,202.1699
AAPL,2025-04-15 11:37:00,202.1700,202.1700
AAPL,2025-04-15 11:38:00,202.1700,201.9700
AAPL,2025-04-15 11:39:00,201.9950,202.1200
AAPL,2025-04-15 11:40:00,202.1000,202.2300
AAPL,2025-04-15 11:41:00,202.2100,202.3000
AAPL,2025-04-15 11:42:00,202.2950,202.2100
AAPL,2025-04-15 11:43:00,202.2100,202.2300
AAPL,2025-04-15 11:44:00,202.2400,202.3650
AAPL,2025-04-15 11:45:00,202.3500,202.5402
AAPL,2025-04-15 11:46:00,202.5600,202.3450
AAPL,2025-04-15 11:47:00,202.3600,202.4400
AAPL,2025-04-15 11:48:00,202.4450,202.2800
AAPL,2025-04-15 11:49:00,202.2898,202.4213
AAPL,2025-04-15 11:50:00,202.4700,202.2800
AAPL,2025-04-15 11:51:00,202.2800,202.2550
AAPL,2025-04-15 11:52:00,202.2900,203.0200
AAPL,2025-04-15 11:53:00,202.9900,203.1850
AAPL,2025-04-15 11:54:00,203.2300,203.0400
AAPL,2025-04-15 11:55:00,203.0300,202.8950
AAPL,2025-04-15 11:56:00,202.8600,202.6800
AAPL,2025-04-15 11:57:00,202.6900,203.0700
AAPL,2025-04-15 11:58:00,203.0550,202.9300
AAPL,2025-04-15 11:59:00,202.8900,202.8871
AAPL,2025-04-15 12:00:00,202.8750,202.7700
AAPL,2025-04-15 12:01:00,202.7600,202.8900
AAPL,2025-04-15 12:02:00,202.9100,202.8000
AAPL,2025-04-15 12:03:00,202.7900,202.7500
AAPL,2025-04-15 12:04:00,202.7500,202.8593
AAPL,2025-04-15 12:05:00,202.8406,202.7100
AAPL,2025-04-15 12:06:00,202.7150,202.8400
AAPL,2025-04-15 12:07:00,202.7900,202.3700
AAPL,2025-04-15 12:08:00,202.3600,202.3792
AAPL,2025-04-15 12:09:00,202.3800,202.4300
AAPL,2025-04-15 12:10:00,202.4250,202.5400
AAPL,2025-04-15 12:11:00,202.5350,202.6300
AAPL,2025-04-15 12:12:00,202.6300,202.7199
AAPL,2025-04-15 12:13:00,202.7098,202.5950
AAPL,2025-04-15 12:14:00,202.6049,202.7698
AAPL,2025-04-15 12:15:00,202.7800,202.8500
AAPL,2025-04-15 12:16:00,202.8300,202.8850
AAPL,2025-04-15 12:17:00,202.8900,202.6500
AAPL,2025-04-15 12:18:00,202.6550,202.5650
AAPL,2025-04-15 12:19:00,202.5800,202.7100
AAPL,2025-04-15 12:20:00,202.7100,202.7850
AAPL,2025-04-15 12:21:00,202.7800,202.9101
AAPL,2025-04-15 12:22:00,202.9300,203.2392
AAPL,2025-04-15 12:23:00,203.2300,203.2730
AAPL,2025-04-15 12:24:00,203.2875,203.1700
AAPL,2025-04-15 12:25:00,203.1700,203.2038
AAPL,2025-04-15 12:26:00,203.2200,203.1900
AAPL,2025-04-15 12:27:00,203.1800,203.2350
AAPL,2025-04-15 12:28:00,203.2350,203.0650
AAPL,2025-04-15 12:29:00,203.0650,203.0400
AAPL,2025-04-15 12:30:00,203.0500,203.2200
AAPL,2025-04-15 12:31:00,203.2050,203.1350
AAPL,2025-04-15 12:32:00,203.1300,203.2050
AAPL,2025-04-15 12:33:00,203.2170,203.0550
AAPL,2025-04-15 12:34:00,203.0523,203.0291
AAPL,2025-04-15 12:35:00,203.0300,203.0257
AAPL,2025-04-15 12:36:00,203.0300,203.1300
AAPL,2025-04-15 12:37:00,203.1500,203.0600
AAPL,2025-04-15 12:38:00,203.0600,203.1000
AAPL,2025-04-15 12:39:00,203.1000,202.9807
AAPL,2025-04-15 12:40:00,202.9800,203.0150
AAPL,2025-04-15 12:41:00,203.0100,202.7850
AAPL,2025-04-15 12:42:00,202.7800,202.9100
AAPL,2025-04-15 12:43:00,202.9300,202.9300
AAPL,2025-04-15 12:44:00,202.9499,203.0802
AAPL,2025-04-15 12:45:00,203.1000,203.2050
AAPL,2025-04-15 12:46:00,203.2150,203.0700
AAPL,2025-04-15 12:47:00,203.0656,203.1800
AAPL,2025-04-15 12:48:00,203.1650,202.9650
AAPL,2025-04-15 12:49:00,202.9500,202.8600
AAPL,2025-04-15 12:50:00,202.8600,202.6801
AAPL,2025-04-15 12:51:00,202.6800,202.5402
AAPL,2025-04-15 12:52:00,202.5600,202.3900
AAPL,2025-04-15 12:53:00,202.3900,202.2200
AAPL,2025-04-15 12:54:00,202.2200,202.2000
AAPL,2025-04-15 12:55:00,202.1996,201.8400
AAPL,2025-04-15 12:56:00,201.8400,201.7900
AAPL,2025-04-15 12:57:00,201.7700,201.4551
AAPL,2025-04-15 12:58:00,201.4500,201.4900
AAPL,2025-04-15 12:59:00,201.4900,201.4900
AAPL,2025-04-15 13:00:00,201.4850,201.1400
AAPL,2025-04-15 13:01:00,201.1500,201.6400
AAPL,2025-04-15 13:02:00,201.6400,201.8000
AAPL,2025-04-15 13:03:00,201.8100,202.0250
AAPL,2025-04-15 13:04:00,202.0250,202.1200
AAPL,2025-04-15 13:05:00,202.1050,202.1701
AAPL,2025-04-15 13:06:00,202.1900,202.2800
AAPL,2025-04-15 13:07:00,202.2550,202.3969
AAPL,2025-04-15 13:08:00,202.4100,202.1850
AAPL,2025-04-15 13:09:00,202.1800,202.1200
AAPL,2025-04-15 13:10:00,202.0800,202.1300
AAPL,2025-04-15 13:11:00,202.1452,202.2000
AAPL,2025-04-15 13:12:00,202.2150,202.0828
AAPL,2025-04-15 13:13:00,202.1200,202.2316
AAPL,2025-04-15 13:14:00,202.2300,202.3986
AAPL,2025-04-15 13:15:00,202.4000,202.4301
AAPL,2025-04-15 13:16:00,202.4250,202.2278
AAPL,2025-04-15 13:17:00,202.2000,202.1300
AAPL,2025-04-15 13:18:00,202.1100,202.2600
AAPL,2025-04-15 13:19:00,202.2600,202.2500
AAPL,2025-04-15 13:20:00,202.2500,202.2500
AAPL,2025-04-15 13:21:00,202.2700,202.0600
AAPL,2025-04-15 13:22:00,202.0700,201.7900
AAPL,2025-04-15 13:23:00,201.8000,201.7300
AAPL,2025-04-15 13:24:00,201.7500,201.9250
AAPL,2025-04-15 13:25:00,201.9100,201.6200
AAPL,2025-04-15 13:26:00,201.6100,201.8250
AAPL,2025-04-15 13:27:00,201.8250,201.6400
AAPL,2025-04-15 13:28:00,201.6400,201.7209
AAPL,2025-04-15 13:29:00,201.7200,201.6044
AAPL,2025-04-15 13:30:00,201.5850,202.1100
AAPL,2025-04-15 13:31:00,202.1001,202.0000
AAPL,2025-04-15 13:32:00,201.9900,201.8600
AAPL,2025-04-15 13:33:00,201.8450,201.8850
AAPL,2025-04-15 13:34:00,201.8785,201.9400
AAPL,2025-04-15 13:35:00,201.9400,202.0300
AAPL,2025-04-15 13:36:00,201.9900,202.0907
AAPL,2025-04-15 13:37:00,202.1300,202.4600
AAPL,2025-04-15 13:38:00,202.4400,202.3934
AAPL,2025-04-15 13:39:00,202.4100,202.4984
AAPL,2025-04-15 13:40:00,202.5076,202.7000
AAPL,2025-04-15 13:41:00,202.6900,202.5200
AAPL,2025-04-15 13:42:00,202.5250,202.5800
AAPL,2025-04-15 13:43:00,202.5600,202.6700
AAPL,2025-04-15 13:44:00,202.6900,202.6000
AAPL,2025-04-15 13:45:00,202.6100,202.4400
AAPL,2025-04-15 13:46:00,202.4500,202.5800
AAPL,2025-04-15 13:47:00,202.6300,202.5350
AAPL,2025-04-15 13:48:00,202.5300,202.6100
AAPL,2025-04-15 13:49:00,202.5875,202.7000
AAPL,2025-04-15 13:50:00,202.7050,202.5799
AAPL,2025-04-15 13:51:00,202.5750,202.3950
AAPL,2025-04-15 13:52:00,202.3850,202.2500
AAPL,2025-04-15 13:53:00,202.2300,201.9000
AAPL,2025-04-15 13:54:00,201.9080,201.9700
AAPL,2025-04-15 13:55:00,201.9600,202.0800
AAPL,2025-04-15 13:56:00,202.0750,202.1900
AAPL,2025-04-15 13:57:00,202.1800,202.3150
AAPL,2025-04-15 13:58:00,202.3000,202.4300
AAPL,2025-04-15 13:59:00,202.4200,202.3500
AAPL,2025-04-15 14:00:00,202.3850,202.5601
AAPL,2025-04-15 14:01:00,202.5716,202.3850
AAPL,2025-04-15 14:02:00,202.3900,202.2500
AAPL,2025-04-15 14:03:00,202.2400,202.1600
AAPL,2025-04-15 14:04:00,202.1900,202.2350
AAPL,2025-04-15 14:05:00,202.2250,202.0100
AAPL,2025-04-15 14:06:00,202.0100,202.1600
AAPL,2025-04-15 14:07:00,202.1699,202.4100
AAPL,2025-04-15 14:08:00,202.3900,202.2955
AAPL,2025-04-15 14:09:00,202.2900,202.3927
AAPL,2025-04-15 14:10:00,202.3900,202.3800
AAPL,2025-04-15 14:11:00,202.3500,202.2700
AAPL,2025-04-15 14:12:00,202.2700,202.1830
AAPL,2025-04-15 14:13:00,202.1900,201.9550
AAPL,2025-04-15 14:14:00,201.9550,202.0100
AAPL,2025-04-15 14:15:00,201.9950,201.6550
AAPL,2025-04-15 14:16:00,201.6700,201.7200
AAPL,2025-04-15 14:17:00,201.7150,201.6100
AAPL,2025-04-15 14:18:00,201.6280,201.6900
AAPL,2025-04-15 14:19:00,201.6717,201.4500
AAPL,2025-04-15 14:20:00,201.4550,201.3601
AAPL,2025-04-15 14:21:00,201.3700,201.4300
AAPL,2025-04-15 14:22:00,201.4400,201.6700
AAPL,2025-04-15 14:23:00,201.6700,201.6126
AAPL,2025-04-15 14:24:00,201.6100,201.6100
AAPL,2025-04-15 14:25:00,201.6000,202.0000
AAPL,2025-04-15 14:26:00,202.0200,202.0100
AAPL,2025-04-15 14:27:00,201.9900,201.7600
AAPL,2025-04-15 14:28:00,201.7200,201.7500
AAPL,2025-04-15 14:29:00,201.7400,201.7650
AAPL,2025-04-15 14:30:00,201.7300,201.7300
AAPL,2025-04-15 14:31:00,201.7700,201.9200
AAPL,2025-04-15 14:32:00,201.9200,202.0800
AAPL,2025-04-15 14:33:00,202.0890,202.0800
AAPL,2025-04-15 14:34:00,202.0950,202.1800
AAPL,2025-04-15 14:35:00,202.1900,202.1600
AAPL,2025-04-15 14:36:00,202.1800,202.2300
AAPL,2025-04-15 14:37:00,202.2300,201.9700
AAPL,2025-04-15 14:38:00,201.9700,201.8400
AAPL,2025-04-15 14:39:00,201.8500,201.9550
AAPL,2025-04-15 14:40:00,201.9200,201.8500
AAPL,2025-04-15 14:41:00,201.8700,202.0801
AAPL,2025-04-15 14:42:00,202.0900,201.9200
AAPL,2025-04-15 14:43:00,201.9100,201.8900
AAPL,2025-04-15 14:44:00,201.8900,202.2300
AAPL,2025-04-15 14:45:00,202.2300,202.3700
AAPL,2025-04-15 14:46:00,202.3550,202.4345
AAPL,2025-04-15 14:47:00,202.4350,202.5050
AAPL,2025-04-15 14:48:00,202.5050,202.3400
AAPL,2025-04-15 14:49:00,202.3439,202.3003
AAPL,2025-04-15 14:50:00,202.3000,202.2700
AAPL,2025-04-15 14:51:00,202.2800,202.3200
AAPL,2025-04-15 14:52:00,202.3200,202.1500
AAPL,2025-04-15 14:53:00,202.1550,202.3000
AAPL,2025-04-15 14:54:00,202.3100,202.4110
AAPL,2025-04-15 14:55:00,202.4110,202.3900
AAPL,2025-04-15 14:56:00,202.3600,202.3900
AAPL,2025-04-15 14:57:00,202.3950,202.5300
AAPL,2025-04-15 14:58:00,202.5200,202.5700
AAPL,2025-04-15 14:59:00,202.5650,202.4500
AAPL,2025-04-15 15:00:00,202.4600,202.3971
AAPL,2025-04-15 15:01:00,202.4300,202.1714
AAPL,2025-04-15 15:02:00,202.2000,202.1900
AAPL,2025-04-15 15:03:00,202.1904,202.1800
AAPL,2025-04-15 15:04:00,202.1800,202.4800
AAPL,2025-04-15 15:05:00,202.4700,202.3600
AAPL,2025-04-15 15:06:00,202.3500,202.4300
AAPL,2025-04-15 15:07:00,202.4300,202.4400
AAPL,2025-04-15 15:08:00,202.4400,202.3346
AAPL,2025-04-15 15:09:00,202.3300,202.3800
AAPL,2025-04-15 15:10:00,202.3940,202.6450
AAPL,2025-04-15 15:11:00,202.6430,202.6200
AAPL,2025-04-15 15:12:00,202.6300,202.5300
AAPL,2025-04-15 15:13:00,202.5300,202.7500
AAPL,2025-04-15 15:14:00,202.7599,202.8650
AAPL,2025-04-15 15:15:00,202.8700,202.9753
AAPL,2025-04-15 15:16:00,202.9900,202.9900
AAPL,2025-04-15 15:17:00,202.9942,203.0910
AAPL,2025-04-15 15:18:00,203.0700,203.1400
AAPL,2025-04-15 15:19:00,203.1500,203.1100
AAPL,2025-04-15 15:20:00,203.1000,203.0000
AAPL,2025-04-15 15:21:00,203.0000,203.0800
AAPL,2025-04-15 15:22:00,203.0923,203.2500
AAPL,2025-04-15 15:23:00,203.2590,203.0200
AAPL,2025-04-15 15:24:00,203.0299,202.9000
AAPL,2025-04-15 15:25:00,202.8900,202.7200
AAPL,2025-04-15 15:26:00,202.7100,202.7200
AAPL,2025-04-15 15:27:00,202.7100,202.6200
AAPL,2025-04-15 15:28:00,202.6400,202.6317
AAPL,2025-04-15 15:29:00,202.6500,202.8100
AAPL,2025-04-15 15:30:00,202.8300,202.8141
AAPL,2025-04-15 15:31:00,202.8150,202.7000
AAPL,2025-04-15 15:32:00,202.7100,202.7700
AAPL,2025-04-15 15:33:00,202.7600,202.7400
AAPL,2025-04-15 15:34:00,202.7205,202.6200
AAPL,2025-04-15 15:35:00,202.6200,202.7150
AAPL,2025-04-15 15:36:00,202.7200,202.4200
AAPL,2025-04-15 15:37:00,202.4200,202.6100
AAPL,2025-04-15 15:38:00,202.5900,202.5900
AAPL,2025-04-15 15:39:00,202.6000,202.6000
AAPL,2025-04-15 15:40:00,202.6000,202.6400
AAPL,2025-04-15 15:41:00,202.6500,202.6700
AAPL,2025-04-15 15:42:00,202.6700,202.7000
AAPL,2025-04-15 15:43:00,202.7050,202.6380
AAPL,2025-04-15 15:44:00,202.6300,202.6250
AAPL,2025-04-15 15:45:00,202.6100,202.3700
AAPL,2025-04-15 15:46:00,202.3800,202.2000
AAPL,2025-04-15 15:47:00,202.1900,202.1347
AAPL,2025-04-15 15:48:00,202.1488,202.0200
AAPL,2025-04-15 15:49:00,202.0341,202.1400
AAPL,2025-04-15 15:50:00,202.1200,202.4500
AAPL,2025-04-15 15:51:00,202.4700,202.6300
AAPL,2025-04-15 15:52:00,202.6250,202.7225
AAPL,2025-04-15 15:53:00,202.7300,202.7000
AAPL,2025-04-15 15:54:00,202.6800,202.6030
AAPL,2025-04-15 15:55:00,202.5900,202.4800
AAPL,2025-04-15 15:56:00,202.4700,202.5100
AAPL,2025-04-15 15:57:00,202.5150,202.2800
AAPL,2025-04-15 15:58:00,202.2850,202.1400
AAPL,2025-04-15 15:59:00,202.1400,202.1300
AAPL,2025-04-16 09:30:00,198.3600,200.0000
AAPL,2025-04-16 09:31:00,200.0000,200.1900
AAPL,2025-04-16 09:32:00,200.1650,199.7450
AAPL,2025-04-16 09:33:00,199.7450,199.8450
AAPL,2025-04-16 09:34:00,199.8600,199.2550
AAPL,2025-04-16 09:35:00,199.2750,199.2100
AAPL,2025-04-16 09:36:00,199.1700,199.3200
AAPL,2025-04-16 09:37:00,199.3200,199.4650
AAPL,2025-04-16 09:38:00,199.4650,199.0950
AAPL,2025-04-16 09:39:00,199.0900,198.7900
AAPL,2025-04-16 09:40:00,198.7900,199.0300
AAPL,2025-04-16 09:41:00,199.0405,199.0050
AAPL,2025-04-16 09:42:00,199.0251,199.0500
AAPL,2025-04-16 09:43:00,199.0500,198.7400
AAPL,2025-04-16 09:44:00,198.7200,198.9300
AAPL,2025-04-16 09:45:00,198.9450,198.4300
AAPL,2025-04-16 09:46:00,198.4200,198.3800
AAPL,2025-04-16 09:47:00,198.3553,198.1650
AAPL,2025-04-16 09:48:00,198.1650,198.2100
AAPL,2025-04-16 09:49:00,198.2100,198.0300
AAPL,2025-04-16 09:50:00,197.9915,197.5107
AAPL,2025-04-16 09:51:00,197.5250,197.4000
AAPL,2025-04-16 09:52:00,197.4000,197.1201
AAPL,2025-04-16 09:53:00,197.1350,197.1000
AAPL,2025-04-16 09:54:00,197.0900,196.7500
AAPL,2025-04-16 09:55:00,196.7400,196.7600
AAPL,2025-04-16 09:56:00,196.7600,196.6800
AAPL,2025-04-16 09:57:00,196.6700,197.0200
AAPL,2025-04-16 09:58:00,197.0043,196.9375
AAPL,2025-04-16 09:59:00,196.9600,196.5600
AAPL,2025-04-16 10:00:00,196.5500,196.7000
AAPL,2025-04-16 10:01:00,196.7215,196.5700
AAPL,2025-04-16 10:02:00,196.5650,196.5950
AAPL,2025-04-16 10:03:00,196.6100,196.6800
AAPL,2025-04-16 10:04:00,196.6897,196.6400
AAPL,2025-04-16 10:05:00,196.6798,196.9300
AAPL,2025-04-16 10:06:00,196.9209,196.9300
AAPL,2025-04-16 10:07:00,196.9450,197.3100
AAPL,2025-04-16 10:08:00,197.3100,197.1550
AAPL,2025-04-16 10:09:00,197.1600,197.2350
AAPL,2025-04-16 10:10:00,197.2300,197.1071
AAPL,2025-04-16 10:11:00,197.0800,196.9900
AAPL,2025-04-16 10:12:00,196.9900,196.7700
AAPL,2025-04-16 10:13:00,196.7750,196.5854
AAPL,2025-04-16 10:14:00,196.5644,196.3050
AAPL,2025-04-16 10:15:00,196.3200,196.4700
AAPL,2025-04-16 10:16:00,196.4600,196.4800
AAPL,2025-04-16 10:17:00,196.4700,196.2650
AAPL,2025-04-16 10:18:00,196.2650,196.3100
AAPL,2025-04-16 10:19:00,196.3200,196.5629
AAPL,2025-04-16 10:20:00,196.5700,196.8400
AAPL,2025-04-16 10:21:00,196.8606,196.9300
AAPL,2025-04-16 10:22:00,196.9300,196.8400
AAPL,2025-04-16 10:23:00,196.8400,196.9500
AAPL,2025-04-16 10:24:00,196.9400,197.0927
AAPL,2025-04-16 10:25:00,197.0700,197.3300
AAPL,2025-04-16 10:26:00,197.3250,196.9500
AAPL,2025-04-16 10:27:00,197.0000,196.9812
AAPL,2025-04-16 10:28:00,196.9800,197.0700
AAPL,2025-04-16 10:29:00,197.0600,197.0700
AAPL,2025-04-16 10:30:00,197.0600,196.9900
AAPL,2025-04-16 10:31:00,196.9800,197.0700
AAPL,2025-04-16 10:32:00,197.0700,197.3100
AAPL,2025-04-16 10:33:00,197.3343,197.3350
AAPL,2025-04-16 10:34:00,197.3350,197.3700
AAPL,2025-04-16 10:35:00,197.3600,197.4800
AAPL,2025-04-16 10:36:00,197.4700,197.1650
AAPL,2025-04-16 10:37:00,197.1700,197.4400
AAPL,2025-04-16 10:38:00,197.4300,197.5000
AAPL,2025-04-16 10:39:00,197.5000,197.8050
AAPL,2025-04-16 10:40:00,197.8050,197.8800
AAPL,2025-04-16 10:41:00,197.8750,197.9300
AAPL,2025-04-16 10:42:00,197.9150,198.1300
AAPL,2025-04-16 10:43:00,198.1250,198.2300
AAPL,2025-04-16 10:44:00,198.2300,198.1700
AAPL,2025-04-16 10:45:00,198.1877,197.9100
AAPL,2025-04-16 10:46:00,197.9000,197.8700
AAPL,2025-04-16 10:47:00,197.8750,197.8700
AAPL,2025-04-16 10:48:00,197.8800,197.8078
AAPL,2025-04-16 10:49:00,197.7950,197.8150
AAPL,2025-04-16 10:50:00,197.8150,197.6900
AAPL,2025-04-16 10:51:00,197.6953,197.7750
AAPL,2025-04-16 10:52:00,197.7750,197.8200
AAPL,2025-04-16 10:53:00,197.8350,197.8200
AAPL,2025-04-16 10:54:00,197.8200,197.7700
AAPL,2025-04-16 10:55:00,197.7600,197.8400
AAPL,2025-04-16 10:56:00,197.8300,197.5200
AAPL,2025-04-16 10:57:00,197.5300,197.6900
AAPL,2025-04-16 10:58:00,197.6900,197.6000
AAPL,2025-04-16 10:59:00,197.5800,197.5800
AAPL,2025-04-16 11:00:00,197.5800,197.7700
AAPL,2025-04-16 11:01:00,197.7800,197.7600
AAPL,2025-04-16 11:02:00,197.7500,197.5325
AAPL,2025-04-16 11:03:00,197.5300,197.6550
AAPL,2025-04-16 11:04:00,197.6700,197.5800
AAPL,2025-04-16 11:05:00,197.5700,197.4800
AAPL,2025-04-16 11:06:00,197.4700,197.3300
AAPL,2025-04-16 11:07:00,197.3400,197.5000
AAPL,2025-04-16 11:08:00,197.5200,197.6500
AAPL,2025-04-16 11:09:00,197.6600,197.6800
AAPL,2025-04-16 11:10:00,197.6850,197.5250
AAPL,2025-04-16 11:11:00,197.5300,197.4800
AAPL,2025-04-16 11:12:00,197.4900,197.6050
AAPL,2025-04-16 11:13:00,197.6050,197.4500
AAPL,2025-04-16 11:14:00,197.4528,197.5800
AAPL,2025-04-16 11:15:00,197.6000,197.3502
AAPL,2025-04-16 11:16:00,197.3400,197.3950
AAPL,2025-04-16 11:17:00,197.3850,197.3600
AAPL,2025-04-16 11:18:00,197.3600,197.3300
AAPL,2025-04-16 11:19:00,197.3350,197.2800
AAPL,2025-04-16 11:20:00,197.2800,197.3600
AAPL,2025-04-16 11:21:00,197.3600,197.4800
AAPL,2025-04-16 11:22:00,197.4900,197.9500
AAPL,2025-04-16 11:23:00,197.9500,198.1470
AAPL,2025-04-16 11:24:00,198.1400,198.5650
AAPL,2025-04-16 11:25:00,198.5800,198.7910
AAPL,2025-04-16 11:26:00,198.8000,198.6164
AAPL,2025-04-16 11:27:00,198.6496,198.5400
AAPL,2025-04-16 11:28:00,198.5600,198.4100
AAPL,2025-04-16 11:29:00,198.4147,198.3501
AAPL,2025-04-16 11:30:00,198.3750,198.0250
AAPL,2025-04-16 11:31:00,198.0400,198.0200
AAPL,2025-04-16 11:32:00,198.0196,198.2550
AAPL,2025-04-16 11:33:00,198.2300,198.2900
AAPL,2025-04-16 11:34:00,198.2900,198.0996
AAPL,2025-04-16 11:35:00,198.0900,198.1500
AAPL,2025-04-16 11:36:00,198.1400,198.0850
AAPL,2025-04-16 11:37:00,198.0850,198.1450
AAPL,2025-04-16 11:38:00,198.1506,198.0700
AAPL,2025-04-16 11:39:00,198.0900,198.0424
AAPL,2025-04-16 11:40:00,198.0200,197.8100
AAPL,2025-04-16 11:41:00,197.7800,197.7150
AAPL,2025-04-16 11:42:00,197.7106,197.6850
AAPL,2025-04-16 11:43:00,197.6700,197.7950
AAPL,2025-04-16 11:44:00,197.7900,197.6900
AAPL,2025-04-16 11:45:00,197.6900,197.5706
AAPL,2025-04-16 11:46:00,197.5700,197.5650
AAPL,2025-04-16 11:47:00,197.5800,197.4420
AAPL,2025-04-16 11:48:00,197.4500,197.2950
AAPL,2025-04-16 11:49:00,197.2950,197.3800
AAPL,2025-04-16 11:50:00,197.3700,197.2400
AAPL,2025-04-16 11:51:00,197.2500,197.3750
AAPL,2025-04-16 11:52:00,197.3750,197.2500
AAPL,2025-04-16 11:53:00,197.2400,197.3300
AAPL,2025-04-16 11:54:00,197.3100,197.1700
AAPL,2025-04-16 11:55:00,197.1897,197.1200
AAPL,2025-04-16 11:56:00,197.1050,197.0400
AAPL,2025-04-16 11:57:00,197.0300,197.0501
AAPL,2025-04-16 11:58:00,197.0500,196.9200
AAPL,2025-04-16 11:59:00,196.9250,196.7500
AAPL,2025-04-16 12:00:00,196.7550,196.7600
AAPL,2025-04-16 12:01:00,196.7700,196.9400
AAPL,2025-04-16 12:02:00,196.9700,196.7650
AAPL,2025-04-16 12:03:00,196.7400,196.9000
AAPL,2025-04-16 12:04:00,196.9050,196.9800
AAPL,2025-04-16 12:05:00,196.9600,196.6400
AAPL,2025-04-16 12:06:00,196.6305,196.4800
AAPL,2025-04-16 12:07:00,196.4600,196.6400
AAPL,2025-04-16 12:08:00,196.6400,196.6850
AAPL,2025-04-16 12:09:00,196.6800,196.8200
AAPL,2025-04-16 12:10:00,196.8200,196.7805
AAPL,2025-04-16 12:11:00,196.8100,196.8000
AAPL,2025-04-16 12:12:00,196.8200,196.6074
AAPL,2025-04-16 12:13:00,196.6150,196.6800
AAPL,2025-04-16 12:14:00,196.7200,196.7700
AAPL,2025-04-16 12:15:00,196.7699,196.8150
AAPL,2025-04-16 12:16:00,196.8300,196.6700
AAPL,2025-04-16 12:17:00,196.6700,196.6250
AAPL,2025-04-16 12:18:00,196.6100,196.5250
AAPL,2025-04-16 12:19:00,196.5200,196.6100
AAPL,2025-04-16 12:20:00,196.6023,196.4400
AAPL,2025-04-16 12:21:00,196.4300,196.6400
AAPL,2025-04-16 12:22:00,196.6200,196.5800
AAPL,2025-04-16 12:23:00,196.5900,196.5600
AAPL,2025-04-16 12:24:00,196.5600,196.7100
AAPL,2025-04-16 12:25:00,196.7100,196.9000
AAPL,2025-04-16 12:26:00,196.8850,196.9000
AAPL,2025-04-16 12:27:00,196.9100,196.7800
AAPL,2025-04-16 12:28:00,196.7772,196.8600
AAPL,2025-04-16 12:29:00,196.8500,196.9100
AAPL,2025-04-16 12:30:00,196.9100,196.8850
AAPL,2025-04-16 12:31:00,196.8850,197.0300
AAPL,2025-04-16 12:32:00,197.0250,197.0000
AAPL,2025-04-16 12:33:00,197.0000,197.1200
AAPL,2025-04-16 12:34:00,197.1150,197.2300
AAPL,2025-04-16 12:35:00,197.2250,196.8800
AAPL,2025-04-16 12:36:00,196.8900,196.8600
AAPL,2025-04-16 12:37:00,196.8479,196.8724
AAPL,2025-04-16 12:38:00,196.8789,196.8650
AAPL,2025-04-16 12:39:00,196.8600,196.8202
AAPL,2025-04-16 12:40:00,196.8300,196.6700
AAPL,2025-04-16 12:41:00,196.6790,196.9575
AAPL,2025-04-16 12:42:00,196.9303,197.0600
AAPL,2025-04-16 12:43:00,197.0500,197.1099
AAPL,2025-04-16 12:44:00,197.0950,197.1000
AAPL,2025-04-16 12:45:00,197.0700,196.9412
AAPL,2025-04-16 12:46:00,196.9200,196.9800
AAPL,2025-04-16 12:47:00,196.9692,197.1100
AAPL,2025-04-16 12:48:00,197.1100,197.1400
AAPL,2025-04-16 12:49:00,197.1500,197.1850
AAPL,2025-04-16 12:50:00,197.1900,197.0900
AAPL,2025-04-16 12:51:00,197.0600,197.1700
AAPL,2025-04-16 12:52:00,197.1600,197.0856
AAPL,2025-04-16 12:53:00,197.0700,197.2400
AAPL,2025-04-16 12:54:00,197.2469,197.2200
AAPL,2025-04-16 12:55:00,197.2300,197.2600
AAPL,2025-04-16 12:56:00,197.2700,197.2100
AAPL,2025-04-16 12:57:00,197.2200,197.2350
AAPL,2025-04-16 12:58:00,197.2300,197.2100
AAPL,2025-04-16 12:59:00,197.2200,197.2127
AAPL,2025-04-16 13:00:00,197.2250,197.2816
AAPL,2025-04-16 13:01:00,197.2800,197.3000
AAPL,2025-04-16 13:02:00,197.2800,197.3055
AAPL,2025-04-16 13:03:00,197.3100,197.3750
AAPL,2025-04-16 13:04:00,197.3712,197.2900
AAPL,2025-04-16 13:05:00,197.3000,197.2550
AAPL,2025-04-16 13:06:00,197.2600,197.5000
AAPL,2025-04-16 13:07:00,197.5075,197.4400
AAPL,2025-04-16 13:08:00,197.4450,197.3900
AAPL,2025-04-16 13:09:00,197.3900,197.2650
AAPL,2025-04-16 13:10:00,197.2800,197.1800
AAPL,2025-04-16 13:11:00,197.1666,197.1650
AAPL,2025-04-16 13:12:00,197.1650,197.0900
AAPL,2025-04-16 13:13:00,197.0950,197.2050
AAPL,2025-04-16 13:14:00,197.2300,197.3300
AAPL,2025-04-16 13:15:00,197.3300,197.4800
AAPL,2025-04-16 13:16:00,197.4750,197.4600
AAPL,2025-04-16 13:17:00,197.4700,197.4500
AAPL,2025-04-16 13:18:00,197.4682,197.5100
AAPL,2025-04-16 13:19:00,197.5000,197.6000
AAPL,2025-04-16 13:20:00,197.6050,197.5200
AAPL,2025-04-16 13:21:00,197.5349,197.8396
AAPL,2025-04-16 13:22:00,197.8300,197.8000
AAPL,2025-04-16 13:23:00,197.7950,197.3800
AAPL,2025-04-16 13:24:00,197.3850,197.4450
AAPL,2025-04-16 13:25:00,197.4401,197.5000
AAPL,2025-04-16 13:26:00,197.5200,197.6560
AAPL,2025-04-16 13:27:00,197.6296,197.7300
AAPL,2025-04-16 13:28:00,197.7350,197.8350
AAPL,2025-04-16 13:29:00,197.8302,197.7600
AAPL,2025-04-16 13:30:00,197.7600,197.1900
AAPL,2025-04-16 13:31:00,197.1800,196.4100
AAPL,2025-04-16 13:32:00,196.4100,196.6207
AAPL,2025-04-16 13:33:00,196.6300,196.4700
AAPL,2025-04-16 13:34:00,196.4500,196.2704
AAPL,2025-04-16 13:35:00,196.2700,196.5350
AAPL,2025-04-16 13:36:00,196.5000,196.6400
AAPL,2025-04-16 13:37:00,196.6700,196.7921
AAPL,2025-04-16 13:38:00,196.7850,196.6200
AAPL,2025-04-16 13:39:00,196.6000,196.3150
AAPL,2025-04-16 13:40:00,196.3100,196.0500
AAPL,2025-04-16 13:41:00,196.0500,196.0300
AAPL,2025-04-16 13:42:00,196.0000,196.1300
AAPL,2025-04-16 13:43:00,196.1700,196.0100
AAPL,2025-04-16 13:44:00,196.0200,195.9350
AAPL,2025-04-16 13:45:00,195.9200,195.5500
AAPL,2025-04-16 13:46:00,195.5401,195.4350
AAPL,2025-04-16 13:47:00,195.4000,195.1050
AAPL,2025-04-16 13:48:00,195.0950,195.1000
AAPL,2025-04-16 13:49:00,195.0800,195.1100
AAPL,2025-04-16 13:50:00,195.1000,194.9300
AAPL,2025-04-16 13:51:00,194.9300,195.3500
AAPL,2025-04-16 13:52:00,195.3300,195.5900
AAPL,2025-04-16 13:53:00,195.6000,195.3900
AAPL,2025-04-16 13:54:00,195.3700,194.9800
AAPL,2025-04-16 13:55:00,194.9800,194.6650
AAPL,2025-04-16 13:56:00,194.6650,194.4815
AAPL,2025-04-16 13:57:00,194.4900,193.9807
AAPL,2025-04-16 13:58:00,193.9800,194.2575
AAPL,2025-04-16 13:59:00,194.2500,193.9850
AAPL,2025-04-16 14:00:00,193.9850,194.5000
AAPL,2025-04-16 14:01:00,194.5300,194.1270
AAPL,2025-04-16 14:02:00,194.1400,194.1900
AAPL,2025-04-16 14:03:00,194.1700,194.2500
AAPL,2025-04-16 14:04:00,194.2600,194.3300
AAPL,2025-04-16 14:05:00,194.3200,194.4450
AAPL,2025-04-16 14:06:00,194.4300,194.7000
AAPL,2025-04-16 14:07:00,194.6200,194.4800
AAPL,2025-04-16 14:08:00,194.4952,194.4000
AAPL,2025-04-16 14:09:00,194.4000,194.7300
AAPL,2025-04-16 14:10:00,194.7500,194.8800
AAPL,2025-04-16 14:11:00,194.8950,194.9700
AAPL,2025-04-16 14:12:00,195.0000,194.9700
AAPL,2025-04-16 14:13:00,194.9300,194.7550
AAPL,2025-04-16 14:14:00,194.7850,194.9500
AAPL,2025-04-16 14:15:00,194.9700,194.7900
AAPL,2025-04-16 14:16:00,194.7750,194.6941
AAPL,2025-04-16 14:17:00,194.6700,194.5279
AAPL,2025-04-16 14:18:00,194.5400,194.5113
AAPL,2025-04-16 14:19:00,194.5000,194.5800
AAPL,2025-04-16 14:20:00,194.5900,194.4300
AAPL,2025-04-16 14:21:00,194.4500,194.6600
AAPL,2025-04-16 14:22:00,194.6796,194.8200
AAPL,2025-04-16 14:23:00,194.8200,194.9500
AAPL,2025-04-16 14:24:00,194.9600,194.9300
AAPL,2025-04-16 14:25:00,194.9500,194.8850
AAPL,2025-04-16 14:26:00,194.8900,194.9700
AAPL,2025-04-16 14:27:00,194.9900,194.8700
AAPL,2025-04-16 14:28:00,194.8900,194.6700
AAPL,2025-04-16 14:29:00,194.6700,194.5550
AAPL,2025-04-16 14:30:00,194.5400,194.4300
AAPL,2025-04-16 14:31:00,194.4400,194.5600
AAPL,2025-04-16 14:32:00,194.5700,194.6000
AAPL,2025-04-16 14:33:00,194.5800,194.4500
AAPL,2025-04-16 14:34:00,194.4594,194.4200
AAPL,2025-04-16 14:35:00,194.4200,194.3250
AAPL,2025-04-16 14:36:00,194.3400,194.4000
AAPL,2025-04-16 14:37:00,194.4000,194.1050
AAPL,2025-04-16 14:38:00,194.1000,193.9150
AAPL,2025-04-16 14:39:00,193.9500,193.9100
AAPL,2025-04-16 14:40:00,193.9250,193.8500
AAPL,2025-04-16 14:41:00,193.8300,193.6900
AAPL,2025-04-16 14:42:00,193.7090,193.7900
AAPL,2025-04-16 14:43:00,193.7700,193.7300
AAPL,2025-04-16 14:44:00,193.7499,193.7350
AAPL,2025-04-16 14:45:00,193.7350,193.8496
AAPL,2025-04-16 14:46:00,193.8300,193.9000
AAPL,2025-04-16 14:47:00,193.9300,194.0100
AAPL,2025-04-16 14:48:00,194.0000,194.0700
AAPL,2025-04-16 14:49:00,194.0400,193.9529
AAPL,2025-04-16 14:50:00,193.9300,193.7238
AAPL,2025-04-16 14:51:00,193.6900,193.7296
AAPL,2025-04-16 14:52:00,193.7050,193.5878
AAPL,2025-04-16 14:53:00,193.5800,193.5200
AAPL,2025-04-16 14:54:00,193.5150,193.6000
AAPL,2025-04-16 14:55:00,193.5800,193.7500
AAPL,2025-04-16 14:56:00,193.7518,193.7350
AAPL,2025-04-16 14:57:00,193.7200,193.6450
AAPL,2025-04-16 14:58:00,193.6450,193.4200
AAPL,2025-04-16 14:59:00,193.4000,193.3400
AAPL,2025-04-16 15:00:00,193.3300,193.4750
AAPL,2025-04-16 15:01:00,193.4750,193.5200
AAPL,2025-04-16 15:02:00,193.5067,193.5150
AAPL,2025-04-16 15:03:00,193.5050,193.4100
AAPL,2025-04-16 15:04:00,193.4100,193.2300
AAPL,2025-04-16 15:05:00,193.2205,193.3050
AAPL,2025-04-16 15:06:00,193.2900,193.0250
AAPL,2025-04-16 15:07:00,193.0108,192.9449
AAPL,2025-04-16 15:08:00,192.9500,192.8350
AAPL,2025-04-16 15:09:00,192.8328,192.8550
AAPL,2025-04-16 15:10:00,192.8507,192.6300
AAPL,2025-04-16 15:11:00,192.6300,192.7500
AAPL,2025-04-16 15:12:00,192.7400,193.2190
AAPL,2025-04-16 15:13:00,193.2400,193.3200
AAPL,2025-04-16 15:14:00,193.3300,193.1900
AAPL,2025-04-16 15:15:00,193.1700,193.4400
AAPL,2025-04-16 15:16:00,193.4300,193.1606
AAPL,2025-04-16 15:17:00,193.1699,193.3037
AAPL,2025-04-16 15:18:00,193.2814,193.1950
AAPL,2025-04-16 15:19:00,193.1950,193.1450
AAPL,2025-04-16 15:20:00,193.1400,193.0610
AAPL,2025-04-16 15:21:00,193.0600,192.9800
AAPL,2025-04-16 15:22:00,192.9700,192.8900
AAPL,2025-04-16 15:23:00,192.8940,192.8950
AAPL,2025-04-16 15:24:00,192.9000,192.7500
AAPL,2025-04-16 15:25:00,192.7400,192.6274
AAPL,2025-04-16 15:26:00,192.6300,192.4950
AAPL,2025-04-16 15:27:00,192.4900,192.6150
AAPL,2025-04-16 15:28:00,192.6000,192.5500
AAPL,2025-04-16 15:29:00,192.5700,192.5700
AAPL,2025-04-16 15:30:00,192.5800,193.0500
AAPL,2025-04-16 15:31:00,193.0500,192.8400
AAPL,2025-04-16 15:32:00,192.8300,193.1400
AAPL,2025-04-16 15:33:00,193.1615,193.1800
AAPL,2025-04-16 15:34:00,193.1900,193.1400
AAPL,2025-04-16 15:35:00,193.1300,193.3100
AAPL,2025-04-16 15:36:00,193.3000,193.1900
AAPL,2025-04-16 15:37:00,193.2100,193.0499
AAPL,2025-04-16 15:38:00,193.0500,193.2300
AAPL,2025-04-16 15:39:00,193.2300,193.4500
AAPL,2025-04-16 15:40:00,193.4599,193.5700
AAPL,2025-04-16 15:41:00,193.5600,193.4950
AAPL,2025-04-16 15:42:00,193.4800,193.4400
AAPL,2025-04-16 15:43:00,193.4400,193.5522
AAPL,2025-04-16 15:44:00,193.5200,193.3250
AAPL,2025-04-16 15:45:00,193.3200,193.5500
AAPL,2025-04-16 15:46:00,193.5500,193.5500
AAPL,2025-04-16 15:47:00,193.5800,193.4500
AAPL,2025-04-16 15:48:00,193.4300,193.4500
AAPL,2025-04-16 15:49:00,193.4600,193.3650
AAPL,2025-04-16 15:50:00,193.4200,194.3700
AAPL,2025-04-16 15:51:00,194.3600,194.4550
AAPL,2025-04-16 15:52:00,194.4583,194.7600
AAPL,2025-04-16 15:53:00,194.7600,194.6150
AAPL,2025-04-16 15:54:00,194.6400,194.6650
AAPL,2025-04-16 15:55:00,194.6800,194.4100
AAPL,2025-04-16 15:56:00,194.3700,194.7100
AAPL,2025-04-16 15:57:00,194.7100,194.4650
AAPL,2025-04-16 15:58:00,194.4600,194.4200
AAPL,2025-04-16 15:59:00,194.4100,194.3000
AAPL,2025-04-17 09:30:00,197.2000,196.4000
AAPL,2025-04-17 09:31:00,196.4400,196.2600
AAPL,2025-04-17 09:32:00,196.2400,195.4716
AAPL,2025-04-17 09:33:00,195.4200,195.3900
AAPL,2025-04-17 09:34:00,195.3350,195.0700
AAPL,2025-04-17 09:35:00,195.1258,195.2700
AAPL,2025-04-17 09:36:00,195.3295,194.9700
AAPL,2025-04-17 09:37:00,194.9300,195.2491
AAPL,2025-04-17 09:38:00,195.2488,194.7882
AAPL,2025-04-17 09:39:00,194.7900,194.9800
AAPL,2025-04-17 09:40:00,194.9700,195.2200
AAPL,2025-04-17 09:41:00,195.2113,195.3498
AAPL,2025-04-17 09:42:00,195.3313,195.1400
AAPL,2025-04-17 09:43:00,195.1900,194.8800
AAPL,2025-04-17 09:44:00,194.9000,194.9410
AAPL,2025-04-17 09:45:00,194.9250,194.8600
AAPL,2025-04-17 09:46:00,194.8600,194.7693
AAPL,2025-04-17 09:47:00,194.7607,194.8700
AAPL,2025-04-17 09:48:00,194.8850,194.8750
AAPL,2025-04-17 09:49:00,194.8700,195.1100
AAPL,2025-04-17 09:50:00,195.1300,195.6900
AAPL,2025-04-17 09:51:00,195.6940,195.7300
AAPL,2025-04-17 09:52:00,195.7200,195.9600
AAPL,2025-04-17 09:53:00,195.9600,195.8500
AAPL,2025-04-17 09:54:00,195.8500,196.0499
AAPL,2025-04-17 09:55:00,196.0350,196.0200
AAPL,2025-04-17 09:56:00,196.0400,195.7900
AAPL,2025-04-17 09:57:00,195.7753,195.7300
AAPL,2025-04-17 09:58:00,195.7475,195.8000
AAPL,2025-04-17 09:59:00,195.7500,196.0800
AAPL,2025-04-17 10:00:00,196.1000,196.0250
AAPL,2025-04-17 10:01:00,196.0500,196.3000
AAPL,2025-04-17 10:02:00,196.3400,196.2600
AAPL,2025-04-17 10:03:00,196.2700,196.0300
AAPL,2025-04-17 10:04:00,195.9901,196.1830
AAPL,2025-04-17 10:05:00,196.2000,196.2900
AAPL,2025-04-17 10:06:00,196.3000,196.0100
AAPL,2025-04-17 10:07:00,196.0300,195.7550
AAPL,2025-04-17 10:08:00,195.7400,195.7000
AAPL,2025-04-17 10:09:00,195.7000,195.8278
AAPL,2025-04-17 10:10:00,195.8400,195.8100
AAPL,2025-04-17 10:11:00,195.8200,195.9600
AAPL,2025-04-17 10:12:00,195.9600,196.2900
AAPL,2025-04-17 10:13:00,196.2300,195.8919
AAPL,2025-04-17 10:14:00,195.8805,195.8700
AAPL,2025-04-17 10:15:00,195.8800,195.9300
AAPL,2025-04-17 10:16:00,195.9200,195.7375
AAPL,2025-04-17 10:17:00,195.7400,195.9400
AAPL,2025-04-17 10:18:00,195.9500,195.8200
AAPL,2025-04-17 10:19:00,195.8500,196.0300
AAPL,2025-04-17 10:20:00,196.0300,195.6902
AAPL,2025-04-17 10:21:00,195.6800,195.7500
AAPL,2025-04-17 10:22:00,195.8100,196.0100
AAPL,2025-04-17 10:23:00,196.0500,196.0505
AAPL,2025-04-17 10:24:00,196.0400,195.8800
AAPL,2025-04-17 10:25:00,195.8750,196.0489
AAPL,2025-04-17 10:26:00,196.0400,196.2200
AAPL,2025-04-17 10:27:00,196.2500,195.9500
AAPL,2025-04-17 10:28:00,195.9400,195.7400
AAPL,2025-04-17 10:29:00,195.7400,195.6500
AAPL,2025-04-17 10:30:00,195.6400,194.7100
AAPL,2025-04-17 10:31:00,194.7200,195.2901
AAPL,2025-04-17 10:32:00,195.2800,196.0600
AAPL,2025-04-17 10:33:00,196.0800,196.2435
AAPL,2025-04-17 10:34:00,196.2400,196.3600
AAPL,2025-04-17 10:35:00,196.2600,196.2005
AAPL,2025-04-17 10:36:00,196.2500,196.0700
AAPL,2025-04-17 10:37:00,196.0800,195.9950
AAPL,2025-04-17 10:38:00,196.0100,195.9000
AAPL,2025-04-17 10:39:00,195.8905,196.2300
AAPL,2025-04-17 10:40:00,196.2488,196.7900
AAPL,2025-04-17 10:41:00,196.7810,196.7800
AAPL,2025-04-17 10:42:00,196.7800,196.9100
AAPL,2025-04-17 10:43:00,196.9126,196.9200
AAPL,2025-04-17 10:44:00,196.9400,196.7600
AAPL,2025-04-17 10:45:00,196.7500,196.6500
AAPL,2025-04-17 10:46:00,196.6700,196.5700
AAPL,2025-04-17 10:47:00,196.5699,196.4700
AAPL,2025-04-17 10:48:00,196.4700,196.3100
AAPL,2025-04-17 10:49:00,196.3050,196.2750
AAPL,2025-04-17 10:50:00,196.2700,196.3100
AAPL,2025-04-17 10:51:00,196.3099,195.9800
AAPL,2025-04-17 10:52:00,195.9900,195.8015
AAPL,2025-04-17 10:53:00,195.8121,195.8900
AAPL,2025-04-17 10:54:00,195.8800,196.0050
AAPL,2025-04-17 10:55:00,196.0200,195.9200
AAPL,2025-04-17 10:56:00,195.9000,195.8600
AAPL,2025-04-17 10:57:00,195.8600,195.9327
AAPL,2025-04-17 10:58:00,195.9400,195.9612
AAPL,2025-04-17 10:59:00,195.9600,195.7826
AAPL,2025-04-17 11:00:00,195.7900,195.9100
AAPL,2025-04-17 11:01:00,195.9400,195.8700
AAPL,2025-04-17 11:02:00,195.8313,195.7850
AAPL,2025-04-17 11:03:00,195.7700,195.6100
AAPL,2025-04-17 11:04:00,195.6100,195.5600
AAPL,2025-04-17 11:05:00,195.5700,195.6400
AAPL,2025-04-17 11:06:00,195.6350,196.4900
AAPL,2025-04-17 11:07:00,196.5200,196.2700
AAPL,2025-04-17 11:08:00,196.2750,196.5000
AAPL,2025-04-17 11:09:00,196.5300,196.3100
AAPL,2025-04-17 11:10:00,196.3000,196.4600
AAPL,2025-04-17 11:11:00,196.4300,196.5866
AAPL,2025-04-17 11:12:00,196.5750,196.7587
AAPL,2025-04-17 11:13:00,196.7400,196.7993
AAPL,2025-04-17 11:14:00,196.7900,196.8850
AAPL,2025-04-17 11:15:00,196.9000,196.6590
AAPL,2025-04-17 11:16:00,196.6600,196.4200
AAPL,2025-04-17 11:17:00,196.4100,196.7400
AAPL,2025-04-17 11:18:00,196.7496,196.8902
AAPL,2025-04-17 11:19:00,196.8900,196.9500
AAPL,2025-04-17 11:20:00,196.9400,196.7300
AAPL,2025-04-17 11:21:00,196.7300,196.5200
AAPL,2025-04-17 11:22:00,196.5200,196.4600
AAPL,2025-04-17 11:23:00,196.4650,196.6000
AAPL,2025-04-17 11:24:00,196.6100,196.6600
AAPL,2025-04-17 11:25:00,196.6700,196.4607
AAPL,2025-04-17 11:26:00,196.4700,196.4150
AAPL,2025-04-17 11:27:00,196.3900,196.2900
AAPL,2025-04-17 11:28:00,196.2800,196.0750
AAPL,2025-04-17 11:29:00,196.0600,196.0400
AAPL,2025-04-17 11:30:00,196.0300,196.3400
AAPL,2025-04-17 11:31:00,196.3300,196.6300
AAPL,2025-04-17 11:32:00,196.6400,196.6472
AAPL,2025-04-17 11:33:00,196.6685,196.6200
AAPL,2025-04-17 11:34:00,196.5950,196.5300
AAPL,2025-04-17 11:35:00,196.5150,196.3565
AAPL,2025-04-17 11:36:00,196.3600,196.3000
AAPL,2025-04-17 11:37:00,196.2600,196.9200
AAPL,2025-04-17 11:38:00,196.9300,196.4772
AAPL,2025-04-17 11:39:00,196.5000,196.7350
AAPL,2025-04-17 11:40:00,196.7500,196.7514
AAPL,2025-04-17 11:41:00,196.7900,196.5300
AAPL,2025-04-17 11:42:00,196.5247,196.3100
AAPL,2025-04-17 11:43:00,196.2902,196.3900
AAPL,2025-04-17 11:44:00,196.4050,196.2700
AAPL,2025-04-17 11:45:00,196.2900,196.1700
AAPL,2025-04-17 11:46:00,196.2300,196.3200
AAPL,2025-04-17 11:47:00,196.3400,196.3900
AAPL,2025-04-17 11:48:00,196.4000,196.5000
AAPL,2025-04-17 11:49:00,196.5050,196.2400
AAPL,2025-04-17 11:50:00,196.2500,196.0700
AAPL,2025-04-17 11:51:00,196.0800,196.6876
AAPL,2025-04-17 11:52:00,196.7000,196.5925
AAPL,2025-04-17 11:53:00,196.5850,196.1600
AAPL,2025-04-17 11:54:00,196.1500,196.2150
AAPL,2025-04-17 11:55:00,196.2004,196.5800
AAPL,2025-04-17 11:56:00,196.5900,196.5601
AAPL,2025-04-17 11:57:00,196.5900,196.3600
AAPL,2025-04-17 11:58:00,196.3700,196.2195
AAPL,2025-04-17 11:59:00,196.2000,196.1100
AAPL,2025-04-17 12:00:00,196.1200,196.4000
AAPL,2025-04-17 12:01:00,196.4006,196.5200
AAPL,2025-04-17 12:02:00,196.5100,196.5000
AAPL,2025-04-17 12:03:00,196.5200,196.6100
AAPL,2025-04-17 12:04:00,196.6200,196.3600
AAPL,2025-04-17 12:05:00,196.3600,197.0000
AAPL,2025-04-17 12:06:00,197.0071,196.8635
AAPL,2025-04-17 12:07:00,196.9300,197.3900
AAPL,2025-04-17 12:08:00,197.4000,197.6900
AAPL,2025-04-17 12:09:00,197.6900,197.5100
AAPL,2025-04-17 12:10:00,197.5000,197.2600
AAPL,2025-04-17 12:11:00,197.2500,197.4300
AAPL,2025-04-17 12:12:00,197.4313,196.8400
AAPL,2025-04-17 12:13:00,196.8100,197.0375
AAPL,2025-04-17 12:14:00,197.1300,197.6000
AAPL,2025-04-17 12:15:00,197.5501,197.4500
AAPL,2025-04-17 12:16:00,197.4684,197.7700
AAPL,2025-04-17 12:17:00,197.7600,197.4450
AAPL,2025-04-17 12:18:00,197.4217,197.4700
AAPL,2025-04-17 12:19:00,197.4800,197.9100
AAPL,2025-04-17 12:20:00,197.9000,197.6200
AAPL,2025-04-17 12:21:00,197.6244,197.8304
AAPL,2025-04-17 12:22:00,197.8300,197.6400
AAPL,2025-04-17 12:23:00,197.6500,197.8400
AAPL,2025-04-17 12:24:00,197.8400,197.7900
AAPL,2025-04-17 12:25:00,197.8000,197.8240
AAPL,2025-04-17 12:26:00,197.8050,197.7750
AAPL,2025-04-17 12:27:00,197.7600,197.6701
AAPL,2025-04-17 12:28:00,197.7200,197.7750
AAPL,2025-04-17 12:29:00,197.7900,197.8050
AAPL,2025-04-17 12:30:00,197.8260,197.6500
AAPL,2025-04-17 12:31:00,197.6590,197.8800
AAPL,2025-04-17 12:32:00,197.8748,197.6650
AAPL,2025-04-17 12:33:00,197.6500,198.0500
AAPL,2025-04-17 12:34:00,198.0600,198.0547
AAPL,2025-04-17 12:35:00,198.0550,198.1950
AAPL,2025-04-17 12:36:00,198.1800,197.9675
AAPL,2025-04-17 12:37:00,197.9700,197.8650
AAPL,2025-04-17 12:38:00,197.8900,197.8900
AAPL,2025-04-17 12:39:00,197.8800,197.8000
AAPL,2025-04-17 12:40:00,197.7900,197.8266
AAPL,2025-04-17 12:41:00,197.8400,197.8400
AAPL,2025-04-17 12:42:00,197.8200,197.8000
AAPL,2025-04-17 12:43:00,197.8000,197.4600
AAPL,2025-04-17 12:44:00,197.4200,197.3400
AAPL,2025-04-17 12:45:00,197.3300,197.2055
AAPL,2025-04-17 12:46:00,197.2300,197.6700
AAPL,2025-04-17 12:47:00,197.7000,197.6400
AAPL,2025-04-17 12:48:00,197.6659,197.4500
AAPL,2025-04-17 12:49:00,197.4500,197.7300
AAPL,2025-04-17 12:50:00,197.7500,198.0353
AAPL,2025-04-17 12:51:00,198.0500,197.8876
AAPL,2025-04-17 12:52:00,197.9100,198.3015
AAPL,2025-04-17 12:53:00,198.3200,198.2700
AAPL,2025-04-17 12:54:00,198.2700,198.2350
AAPL,2025-04-17 12:55:00,198.2300,198.3250
AAPL,2025-04-17 12:56:00,198.3180,198.3700
AAPL,2025-04-17 12:57:00,198.3700,198.2150
AAPL,2025-04-17 12:58:00,198.2250,198.3450
AAPL,2025-04-17 12:59:00,198.3300,198.1700
AAPL,2025-04-17 13:00:00,198.1600,198.2500
AAPL,2025-04-17 13:01:00,198.2500,198.3100
AAPL,2025-04-17 13:02:00,198.2950,198.2600
AAPL,2025-04-17 13:03:00,198.2450,197.9768
AAPL,2025-04-17 13:04:00,198.0100,197.9200
AAPL,2025-04-17 13:05:00,197.8800,197.7200
AAPL,2025-04-17 13:06:00,197.7250,197.6500
AAPL,2025-04-17 13:07:00,197.6500,197.8100
AAPL,2025-04-17 13:08:00,197.8100,197.9000
AAPL,2025-04-17 13:09:00,197.8900,197.8150
AAPL,2025-04-17 13:10:00,197.8015,197.6200
AAPL,2025-04-17 13:11:00,197.6200,197.4900
AAPL,2025-04-17 13:12:00,197.4800,197.3600
AAPL,2025-04-17 13:13:00,197.3724,197.4850
AAPL,2025-04-17 13:14:00,197.4750,197.3150
AAPL,2025-04-17 13:15:00,197.3200,197.4000
AAPL,2025-04-17 13:16:00,197.4000,197.2400
AAPL,2025-04-17 13:17:00,197.2300,197.1900
AAPL,2025-04-17 13:18:00,197.1950,197.0900
AAPL,2025-04-17 13:19:00,197.0900,197.0500
AAPL,2025-04-17 13:20:00,197.0300,196.8700
AAPL,2025-04-17 13:21:00,196.8725,196.8727
AAPL,2025-04-17 13:22:00,196.8800,196.8100
AAPL,2025-04-17 13:23:00,196.8072,196.7750
AAPL,2025-04-17 13:24:00,196.7750,196.8250
AAPL,2025-04-17 13:25:00,196.8600,196.9975
AAPL,2025-04-17 13:26:00,196.9900,196.7700
AAPL,2025-04-17 13:27:00,196.7702,197.0100
AAPL,2025-04-17 13:28:00,197.0100,196.8800
AAPL,2025-04-17 13:29:00,196.8800,196.7100
AAPL,2025-04-17 13:30:00,196.7100,196.7700
AAPL,2025-04-17 13:31:00,196.7700,197.0000
AAPL,2025-04-17 13:32:00,196.9900,197.0500
AAPL,2025-04-17 13:33:00,197.0400,197.2150
AAPL,2025-04-17 13:34:00,197.2150,197.2700
AAPL,2025-04-17 13:35:00,197.2864,197.1600
AAPL,2025-04-17 13:36:00,197.1500,197.4000
AAPL,2025-04-17 13:37:00,197.3900,197.2900
AAPL,2025-04-17 13:38:00,197.3000,197.4400
AAPL,2025-04-17 13:39:00,197.4790,197.6300
AAPL,2025-04-17 13:40:00,197.6150,197.4829
AAPL,2025-04-17 13:41:00,197.4921,197.3000
AAPL,2025-04-17 13:42:00,197.2804,197.1000
AAPL,2025-04-17 13:43:00,197.0997,197.2400
AAPL,2025-04-17 13:44:00,197.2300,197.3800
AAPL,2025-04-17 13:45:00,197.3750,197.4900
AAPL,2025-04-17 13:46:00,197.5111,197.8341
AAPL,2025-04-17 13:47:00,197.8500,198.0500
AAPL,2025-04-17 13:48:00,198.0500,197.9626
AAPL,2025-04-17 13:49:00,197.9600,197.7600
AAPL,2025-04-17 13:50:00,197.7400,197.8000
AAPL,2025-04-17 13:51:00,197.8000,197.9696
AAPL,2025-04-17 13:52:00,197.9400,198.1180
AAPL,2025-04-17 13:53:00,198.0900,198.2000
AAPL,2025-04-17 13:54:00,198.1700,198.0550
AAPL,2025-04-17 13:55:00,198.0300,198.1700
AAPL,2025-04-17 13:56:00,198.1600,197.9285
AAPL,2025-04-17 13:57:00,197.9252,197.8601
AAPL,2025-04-17 13:58:00,197.8600,197.8650
AAPL,2025-04-17 13:59:00,197.8550,197.8100
AAPL,2025-04-17 14:00:00,197.8200,197.8000
AAPL,2025-04-17 14:01:00,197.8026,197.9601
AAPL,2025-04-17 14:02:00,197.9900,198.0000
AAPL,2025-04-17 14:03:00,198.0339,197.9500
AAPL,2025-04-17 14:04:00,197.9500,198.3700
AAPL,2025-04-17 14:05:00,198.3400,198.3150
AAPL,2025-04-17 14:06:00,198.3400,198.3600
AAPL,2025-04-17 14:07:00,198.3400,198.3200
AAPL,2025-04-17 14:08:00,198.3153,198.5300
AAPL,2025-04-17 14:09:00,198.5389,198.4800
AAPL,2025-04-17 14:10:00,198.4800,198.6800
AAPL,2025-04-17 14:11:00,198.6700,198.6400
AAPL,2025-04-17 14:12:00,198.6600,198.4953
AAPL,2025-04-17 14:13:00,198.4900,198.3200
AAPL,2025-04-17 14:14:00,198.3400,198.2600
AAPL,2025-04-17 14:15:00,198.2550,198.2200
AAPL,2025-04-17 14:16:00,198.2100,198.0300
AAPL,2025-04-17 14:17:00,198.0500,198.4100
AAPL,2025-04-17 14:18:00,198.4100,198.3550
AAPL,2025-04-17 14:19:00,198.3400,198.5032
AAPL,2025-04-17 14:20:00,198.4800,198.5833
AAPL,2025-04-17 14:21:00,198.5600,198.5300
AAPL,2025-04-17 14:22:00,198.5200,198.5300
AAPL,2025-04-17 14:23:00,198.5300,198.5100
AAPL,2025-04-17 14:24:00,198.5200,198.5300
AAPL,2025-04-17 14:25:00,198.5400,198.5200
AAPL,2025-04-17 14:26:00,198.5150,198.4200
AAPL,2025-04-17 14:27:00,198.4000,198.4000
AAPL,2025-04-17 14:28:00,198.4000,198.4250
AAPL,2025-04-17 14:29:00,198.4250,198.2850
AAPL,2025-04-17 14:30:00,198.2900,198.3750
AAPL,2025-04-17 14:31:00,198.3659,198.6100
AAPL,2025-04-17 14:32:00,198.6100,198.6200
AAPL,2025-04-17 14:33:00,198.6250,198.5900
AAPL,2025-04-17 14:34:00,198.5900,198.4000
AAPL,2025-04-17 14:35:00,198.4050,198.4398
AAPL,2025-04-17 14:36:00,198.4200,198.2400
AAPL,2025-04-17 14:37:00,198.2350,198.3300
AAPL,2025-04-17 14:38:00,198.3200,198.4800
AAPL,2025-04-17 14:39:00,198.4900,198.5000
AAPL,2025-04-17 14:40:00,198.5000,198.3100
AAPL,2025-04-17 14:41:00,198.3000,198.3801
AAPL,2025-04-17 14:42:00,198.3700,198.3050
AAPL,2025-04-17 14:43:00,198.2900,198.4177
AAPL,2025-04-17 14:44:00,198.4238,198.3500
AAPL,2025-04-17 14:45:00,198.3400,198.4500
AAPL,2025-04-17 14:46:00,198.4400,198.3500
AAPL,2025-04-17 14:47:00,198.3900,198.0305
AAPL,2025-04-17 14:48:00,198.0385,198.1700
AAPL,2025-04-17 14:49:00,198.1600,197.8850
AAPL,2025-04-17 14:50:00,197.8600,197.5600
AAPL,2025-04-17 14:51:00,197.5627,197.8300
AAPL,2025-04-17 14:52:00,197.8441,198.0850
AAPL,2025-04-17 14:53:00,198.1100,198.1700
AAPL,2025-04-17 14:54:00,198.1530,197.9500
AAPL,2025-04-17 14:55:00,197.9500,197.9061
AAPL,2025-04-17 14:56:00,197.8800,197.7300
AAPL,2025-04-17 14:57:00,197.7273,197.7450
AAPL,2025-04-17 14:58:00,197.7500,197.6100
AAPL,2025-04-17 14:59:00,197.6050,197.3950
AAPL,2025-04-17 15:00:00,197.4000,197.3100
AAPL,2025-04-17 15:01:00,197.2900,197.2700
AAPL,2025-04-17 15:02:00,197.2600,197.2900
AAPL,2025-04-17 15:03:00,197.2700,197.2800
AAPL,2025-04-17 15:04:00,197.2800,197.4500
AAPL,2025-04-17 15:05:00,197.4200,197.3234
AAPL,2025-04-17 15:06:00,197.3255,197.3700
AAPL,2025-04-17 15:07:00,197.3650,197.3800
AAPL,2025-04-17 15:08:00,197.3750,197.4200
AAPL,2025-04-17 15:09:00,197.4200,197.4400
AAPL,2025-04-17 15:10:00,197.4400,197.4000
AAPL,2025-04-17 15:11:00,197.3800,197.3100
AAPL,2025-04-17 15:12:00,197.3000,197.2400
AAPL,2025-04-17 15:13:00,197.2699,197.2250
AAPL,2025-04-17 15:14:00,197.2253,197.0900
AAPL,2025-04-17 15:15:00,197.0900,197.0900
AAPL,2025-04-17 15:16:00,197.1073,196.8700
AAPL,2025-04-17 15:17:00,196.8900,197.1100
AAPL,2025-04-17 15:18:00,197.1200,197.1300
AAPL,2025-04-17 15:19:00,197.1400,197.2863
AAPL,2025-04-17 15:20:00,197.2800,197.0600
AAPL,2025-04-17 15:21:00,197.0500,196.9500
AAPL,2025-04-17 15:22:00,196.9400,197.1900
AAPL,2025-04-17 15:23:00,197.1800,197.5694
AAPL,2025-04-17 15:24:00,197.5600,197.5200
AAPL,2025-04-17 15:25:00,197.5250,197.4900
AAPL,2025-04-17 15:26:00,197.4800,197.6600
AAPL,2025-04-17 15:27:00,197.6500,197.7350
AAPL,2025-04-17 15:28:00,197.7350,197.4700
AAPL,2025-04-17 15:29:00,197.4600,197.2500
AAPL,2025-04-17 15:30:00,197.2500,197.5100
AAPL,2025-04-17 15:31:00,197.5106,197.5950
AAPL,2025-04-17 15:32:00,197.6100,197.3789
AAPL,2025-04-17 15:33:00,197.3750,197.4500
AAPL,2025-04-17 15:34:00,197.4534,197.5400
AAPL,2025-04-17 15:35:00,197.5500,197.4800
AAPL,2025-04-17 15:36:00,197.4700,197.4300
AAPL,2025-04-17 15:37:00,197.4200,197.2100
AAPL,2025-04-17 15:38:00,197.2100,197.2400
AAPL,2025-04-17 15:39:00,197.2400,197.3400
AAPL,2025-04-17 15:40:00,197.3500,197.0752
AAPL,2025-04-17 15:41:00,197.0900,197.1800
AAPL,2025-04-17 15:42:00,197.1900,197.4700
AAPL,2025-04-17 15:43:00,197.4750,197.3200
AAPL,2025-04-17 15:44:00,197.2950,197.2737
AAPL,2025-04-17 15:45:00,197.2900,197.0600
AAPL,2025-04-17 15:46:00,197.0700,196.9600
AAPL,2025-04-17 15:47:00,196.9200,196.8100
AAPL,2025-04-17 15:48:00,196.8147,196.6600
AAPL,2025-04-17 15:49:00,196.6400,196.5000
AAPL,2025-04-17 15:50:00,196.4700,196.0627
AAPL,2025-04-17 15:51:00,196.0700,196.1800
AAPL,2025-04-17 15:52:00,196.2200,196.3300
AAPL,2025-04-17 15:53:00,196.3400,196.4200
AAPL,2025-04-17 15:54:00,196.4300,197.0000
AAPL,2025-04-17 15:55:00,197.0100,196.9200
AAPL,2025-04-17 15:56:00,196.9400,196.8800
AAPL,2025-04-17 15:57:00,196.8600,196.8775
AAPL,2025-04-17 15:58:00,196.8800,196.9000
AAPL,2025-04-17 15:59:00,196.8800,196.8700
AAPL,2025-04-21 09:30:00,193.2650,193.4200
AAPL,2025-04-21 09:31:00,193.4200,192.7150
AAPL,2025-04-21 09:32:00,192.6950,193.1550
AAPL,2025-04-21 09:33:00,193.1605,193.2100
AAPL,2025-04-21 09:34:00,193.2100,193.4900
AAPL,2025-04-21 09:35:00,193.5200,193.3400
AAPL,2025-04-21 09:36:00,193.3000,192.9100
AAPL,2025-04-21 09:37:00,192.9100,193.5900
AAPL,2025-04-21 09:38:00,193.5802,192.9900
AAPL,2025-04-21 09:39:00,193.0000,193.0118
AAPL,2025-04-21 09:40:00,193.0300,193.1500
AAPL,2025-04-21 09:41:00,193.1200,192.8500
AAPL,2025-04-21 09:42:00,192.8350,192.9800
AAPL,2025-04-21 09:43:00,192.9900,193.2306
AAPL,2025-04-21 09:44:00,193.2450,193.1400
AAPL,2025-04-21 09:45:00,193.1350,193.0200
AAPL,2025-04-21 09:46:00,193.0200,192.9600
AAPL,2025-04-21 09:47:00,192.9280,192.7500
AAPL,2025-04-21 09:48:00,192.7450,193.1800
AAPL,2025-04-21 09:49:00,193.1812,193.4200
AAPL,2025-04-21 09:50:00,193.4500,193.5600
AAPL,2025-04-21 09:51:00,193.5300,193.2250
AAPL,2025-04-21 09:52:00,193.1700,193.0400
AAPL,2025-04-21 09:53:00,193.0600,192.9800
AAPL,2025-04-21 09:54:00,192.9792,192.9196
AAPL,2025-04-21 09:55:00,192.9199,193.0300
AAPL,2025-04-21 09:56:00,193.0100,192.8550
AAPL,2025-04-21 09:57:00,192.8540,192.9996
AAPL,2025-04-21 09:58:00,192.9901,192.8000
AAPL,2025-04-21 09:59:00,192.7700,192.4995
AAPL,2025-04-21 10:00:00,192.4500,192.0144
AAPL,2025-04-21 10:01:00,192.0278,191.8701
AAPL,2025-04-21 10:02:00,191.8850,191.9650
AAPL,2025-04-21 10:03:00,191.9800,191.5800
AAPL,2025-04-21 10:04:00,191.5850,191.8100
AAPL,2025-04-21 10:05:00,191.8200,191.6950
AAPL,2025-04-21 10:06:00,191.6950,191.5600
AAPL,2025-04-21 10:07:00,191.5600,191.6799
AAPL,2025-04-21 10:08:00,191.6800,191.5800
AAPL,2025-04-21 10:09:00,191.6078,191.7900
AAPL,2025-04-21 10:10:00,191.7850,192.3600
AAPL,2025-04-21 10:11:00,192.3400,192.2650
AAPL,2025-04-21 10:12:00,192.2800,192.3850
AAPL,2025-04-21 10:13:00,192.3850,192.5050
AAPL,2025-04-21 10:14:00,192.5100,192.4106
AAPL,2025-04-21 10:15:00,192.4100,192.3100
AAPL,2025-04-21 10:16:00,192.3250,191.8950
AAPL,2025-04-21 10:17:00,191.8704,191.9100
AAPL,2025-04-21 10:18:00,191.8913,191.7900
AAPL,2025-04-21 10:19:00,191.7800,192.0201
AAPL,2025-04-21 10:20:00,192.0400,192.0550
AAPL,2025-04-21 10:21:00,192.0550,192.3599
AAPL,2025-04-21 10:22:00,192.3550,192.2300
AAPL,2025-04-21 10:23:00,192.2300,192.2600
AAPL,2025-04-21 10:24:00,192.2500,192.3350
AAPL,2025-04-21 10:25:00,192.3200,192.4500
AAPL,2025-04-21 10:26:00,192.4700,192.3500
AAPL,2025-04-21 10:27:00,192.3500,192.1100
AAPL,2025-04-21 10:28:00,192.1100,192.1200
AAPL,2025-04-21 10:29:00,192.1200,192.1200
AAPL,2025-04-21 10:30:00,192.1100,191.9400
AAPL,2025-04-21 10:31:00,191.9250,191.7800
AAPL,2025-04-21 10:32:00,191.8065,191.6601
AAPL,2025-04-21 10:33:00,191.6905,191.7750
AAPL,2025-04-21 10:34:00,191.7600,191.7396
AAPL,2025-04-21 10:35:00,191.7400,191.9200
AAPL,2025-04-21 10:36:00,191.9200,192.1800
AAPL,2025-04-21 10:37:00,192.1500,192.0500
AAPL,2025-04-21 10:38:00,192.0500,192.2007
AAPL,2025-04-21 10:39:00,192.1850,192.2571
AAPL,2025-04-21 10:40:00,192.2598,192.4400
AAPL,2025-04-21 10:41:00,192.4300,192.1824
AAPL,2025-04-21 10:42:00,192.1800,192.0700
AAPL,2025-04-21 10:43:00,192.0500,192.1600
AAPL,2025-04-21 10:44:00,192.1600,191.9154
AAPL,2025-04-21 10:45:00,191.9300,191.8850
AAPL,2025-04-21 10:46:00,191.8700,191.5900
AAPL,2025-04-21 10:47:00,191.5800,191.4800
AAPL,2025-04-21 10:48:00,191.5100,191.5600
AAPL,2025-04-21 10:49:00,191.5500,191.4948
AAPL,2025-04-21 10:50:00,191.4800,191.5100
AAPL,2025-04-21 10:51:00,191.5100,191.4850
AAPL,2025-04-21 10:52:00,191.4900,191.5400
AAPL,2025-04-21 10:53:00,191.5300,191.6100
AAPL,2025-04-21 10:54:00,191.6300,191.5932
AAPL,2025-04-21 10:55:00,191.5800,191.5200
AAPL,2025-04-21 10:56:00,191.5200,191.5000
AAPL,2025-04-21 10:57:00,191.4950,191.4067
AAPL,2025-04-21 10:58:00,191.4069,191.4152
AAPL,2025-04-21 10:59:00,191.4100,191.4950
AAPL,2025-04-21 11:00:00,191.5000,191.8300
AAPL,2025-04-21 11:01:00,191.8200,191.5650
AAPL,2025-04-21 11:02:00,191.5500,191.5200
AAPL,2025-04-21 11:03:00,191.5200,191.2750
AAPL,2025-04-21 11:04:00,191.2850,191.3600
AAPL,2025-04-21 11:05:00,191.3600,191.5000
AAPL,2025-04-21 11:06:00,191.4800,191.6400
AAPL,2025-04-21 11:07:00,191.6200,191.4000
AAPL,2025-04-21 11:08:00,191.4300,191.8150
AAPL,2025-04-21 11:09:00,191.8000,191.7900
AAPL,2025-04-21 11:10:00,191.7850,191.6850
AAPL,2025-04-21 11:11:00,191.6900,191.8050
AAPL,2025-04-21 11:12:00,191.8200,191.7400
AAPL,2025-04-21 11:13:00,191.7200,191.5100
AAPL,2025-04-21 11:14:00,191.5200,191.2500
AAPL,2025-04-21 11:15:00,191.2150,191.1800
AAPL,2025-04-21 11:16:00,191.2000,191.2000
AAPL,2025-04-21 11:17:00,191.2200,191.1600
AAPL,2025-04-21 11:18:00,191.1800,191.4800
AAPL,2025-04-21 11:19:00,191.5050,191.4800
AAPL,2025-04-21 11:20:00,191.4700,191.2735
AAPL,2025-04-21 11:21:00,191.2500,191.0800
AAPL,2025-04-21 11:22:00,191.0810,190.8500
AAPL,2025-04-21 11:23:00,190.8314,191.1200
AAPL,2025-04-21 11:24:00,191.1200,191.0400
AAPL,2025-04-21 11:25:00,191.0500,191.0700
AAPL,2025-04-21 11:26:00,191.0800,190.9200
AAPL,2025-04-21 11:27:00,190.9499,190.9500
AAPL,2025-04-21 11:28:00,190.9450,190.6600
AAPL,2025-04-21 11:29:00,190.6700,190.7350
AAPL,2025-04-21 11:30:00,190.7200,190.5450
AAPL,2025-04-21 11:31:00,190.5500,190.2800
AAPL,2025-04-21 11:32:00,190.2942,190.2800
AAPL,2025-04-21 11:33:00,190.2800,190.3050
AAPL,2025-04-21 11:34:00,190.3000,190.2450
AAPL,2025-04-21 11:35:00,190.2300,190.2200
AAPL,2025-04-21 11:36:00,190.2200,190.1200
AAPL,2025-04-21 11:37:00,190.1200,190.2500
AAPL,2025-04-21 11:38:00,190.2600,190.2700
AAPL,2025-04-21 11:39:00,190.2700,190.1700
AAPL,2025-04-21 11:40:00,190.1700,190.3800
AAPL,2025-04-21 11:41:00,190.3800,190.3700
AAPL,2025-04-21 11:42:00,190.3600,190.5100
AAPL,2025-04-21 11:43:00,190.5150,190.4600
AAPL,2025-04-21 11:44:00,190.4400,190.2600
AAPL,2025-04-21 11:45:00,190.2500,190.1750
AAPL,2025-04-21 11:46:00,190.1800,190.0300
AAPL,2025-04-21 11:47:00,190.0300,190.0300
AAPL,2025-04-21 11:48:00,190.0200,189.8400
AAPL,2025-04-21 11:49:00,189.8350,190.1750
AAPL,2025-04-21 11:50:00,190.1750,190.2400
AAPL,2025-04-21 11:51:00,190.2500,190.2200
AAPL,2025-04-21 11:52:00,190.2200,190.1850
AAPL,2025-04-21 11:53:00,190.1850,190.2800
AAPL,2025-04-21 11:54:00,190.2800,190.1900
AAPL,2025-04-21 11:55:00,190.2000,190.1600
AAPL,2025-04-21 11:56:00,190.1600,190.1950
AAPL,2025-04-21 11:57:00,190.1900,190.1700
AAPL,2025-04-21 11:58:00,190.1730,190.2800
AAPL,2025-04-21 11:59:00,190.2800,190.2500
AAPL,2025-04-21 12:00:00,190.2400,190.4100
AAPL,2025-04-21 12:01:00,190.4100,190.5900
AAPL,2025-04-21 12:02:00,190.5950,190.6600
AAPL,2025-04-21 12:03:00,190.6400,190.8100
AAPL,2025-04-21 12:04:00,190.7901,190.7500
AAPL,2025-04-21 12:05:00,190.7700,190.7000
AAPL,2025-04-21 12:06:00,190.6900,190.8794
AAPL,2025-04-21 12:07:00,190.8865,190.8000
AAPL,2025-04-21 12:08:00,190.7901,190.8400
AAPL,2025-04-21 12:09:00,190.8450,190.9000
AAPL,2025-04-21 12:10:00,190.8900,190.9788
AAPL,2025-04-21 12:11:00,190.9650,190.9275
AAPL,2025-04-21 12:12:00,190.9100,191.0100
AAPL,2025-04-21 12:13:00,191.0200,191.0750
AAPL,2025-04-21 12:14:00,191.0750,191.1500
AAPL,2025-04-21 12:15:00,191.1500,190.9899
AAPL,2025-04-21 12:16:00,190.9500,190.8303
AAPL,2025-04-21 12:17:00,190.8300,191.1050
AAPL,2025-04-21 12:18:00,191.1100,190.8800
AAPL,2025-04-21 12:19:00,190.8640,191.0400
AAPL,2025-04-21 12:20:00,191.0320,191.2100
AAPL,2025-04-21 12:21:00,191.2000,191.0500
AAPL,2025-04-21 12:22:00,191.0700,191.0000
AAPL,2025-04-21 12:23:00,191.0100,191.1200
AAPL,2025-04-21 12:24:00,191.1300,191.2900
AAPL,2025-04-21 12:25:00,191.2900,191.2400
AAPL,2025-04-21 12:26:00,191.2400,191.1650
AAPL,2025-04-21 12:27:00,191.1500,191.0900
AAPL,2025-04-21 12:28:00,191.0750,191.0550
AAPL,2025-04-21 12:29:00,191.0550,191.1300
AAPL,2025-04-21 12:30:00,191.1200,191.3400
AAPL,2025-04-21 12:31:00,191.3300,191.5500
AAPL,2025-04-21 12:32:00,191.5600,191.6800
AAPL,2025-04-21 12:33:00,191.6900,191.5700
AAPL,2025-04-21 12:34:00,191.5600,191.5673
AAPL,2025-04-21 12:35:00,191.5600,191.4788
AAPL,2025-04-21 12:36:00,191.5000,191.5550
AAPL,2025-04-21 12:37:00,191.5404,191.5200
AAPL,2025-04-21 12:38:00,191.5300,191.5300
AAPL,2025-04-21 12:39:00,191.5300,191.5710
AAPL,2025-04-21 12:40:00,191.5800,191.4704
AAPL,2025-04-21 12:41:00,191.5000,191.4300
AAPL,2025-04-21 12:42:00,191.4400,191.4400
AAPL,2025-04-21 12:43:00,191.4250,191.4100
AAPL,2025-04-21 12:44:00,191.3950,191.2300
AAPL,2025-04-21 12:45:00,191.2400,191.2700
AAPL,2025-04-21 12:46:00,191.2750,191.1007
AAPL,2025-04-21 12:47:00,191.0950,191.0250
AAPL,2025-04-21 12:48:00,191.0250,190.9011
AAPL,2025-04-21 12:49:00,190.8900,190.9700
AAPL,2025-04-21 12:50:00,190.9899,190.9300
AAPL,2025-04-21 12:51:00,190.9300,190.8201
AAPL,2025-04-21 12:52:00,190.8450,190.9450
AAPL,2025-04-21 12:53:00,190.9500,190.9400
AAPL,2025-04-21 12:54:00,190.9301,190.9400
AAPL,2025-04-21 12:55:00,190.9400,190.8800
AAPL,2025-04-21 12:56:00,190.8700,190.8000
AAPL,2025-04-21 12:57:00,190.7926,190.7300
AAPL,2025-04-21 12:58:00,190.7350,190.7050
AAPL,2025-04-21 12:59:00,190.7050,190.7650
AAPL,2025-04-21 13:00:00,190.7650,190.8750
AAPL,2025-04-21 13:01:00,190.8824,190.7200
AAPL,2025-04-21 13:02:00,190.7008,190.4400
AAPL,2025-04-21 13:03:00,190.4600,190.3200
AAPL,2025-04-21 13:04:00,190.3250,190.1700
AAPL,2025-04-21 13:05:00,190.1700,190.3700
AAPL,2025-04-21 13:06:00,190.3600,190.3900
AAPL,2025-04-21 13:07:00,190.3800,190.4650
AAPL,2025-04-21 13:08:00,190.4750,190.4300
AAPL,2025-04-21 13:09:00,190.4300,190.4000
AAPL,2025-04-21 13:10:00,190.3800,190.3700
AAPL,2025-04-21 13:11:00,190.3897,190.3100
AAPL,2025-04-21 13:12:00,190.3100,190.3500
AAPL,2025-04-21 13:13:00,190.3500,190.3800
AAPL,2025-04-21 13:14:00,190.3800,190.2600
AAPL,2025-04-21 13:15:00,190.2650,190.2000
AAPL,2025-04-21 13:16:00,190.2300,190.3700
AAPL,2025-04-21 13:17:00,190.3600,190.2800
AAPL,2025-04-21 13:18:00,190.2700,190.3000
AAPL,2025-04-21 13:19:00,190.2910,190.4600
AAPL,2025-04-21 13:20:00,190.4600,190.7000
AAPL,2025-04-21 13:21:00,190.7025,190.7000
AAPL,2025-04-21 13:22:00,190.6900,190.7450
AAPL,2025-04-21 13:23:00,190.7500,190.8700
AAPL,2025-04-21 13:24:00,190.8700,190.6250
AAPL,2025-04-21 13:25:00,190.6100,190.5150
AAPL,2025-04-21 13:26:00,190.5150,190.5300
AAPL,2025-04-21 13:27:00,190.5300,190.7800
AAPL,2025-04-21 13:28:00,190.7884,190.5400
AAPL,2025-04-21 13:29:00,190.5400,190.6140
AAPL,2025-04-21 13:30:00,190.5900,190.7500
AAPL,2025-04-21 13:31:00,190.7600,190.8700
AAPL,2025-04-21 13:32:00,190.8700,190.8450
AAPL,2025-04-21 13:33:00,190.8450,190.7450
AAPL,2025-04-21 13:34:00,190.7450,190.7000
AAPL,2025-04-21 13:35:00,190.7150,190.7100
AAPL,2025-04-21 13:36:00,190.7300,190.9900
AAPL,2025-04-21 13:37:00,191.0000,190.7600
AAPL,2025-04-21 13:38:00,190.7400,190.6803
AAPL,2025-04-21 13:39:00,190.6800,190.6700
AAPL,2025-04-21 13:40:00,190.6700,190.7400
AAPL,2025-04-21 13:41:00,190.7400,190.7100
AAPL,2025-04-21 13:42:00,190.6800,190.5600
AAPL,2025-04-21 13:43:00,190.5500,190.3800
AAPL,2025-04-21 13:44:00,190.3800,190.5900
AAPL,2025-04-21 13:45:00,190.5800,190.6500
AAPL,2025-04-21 13:46:00,190.6450,190.4900
AAPL,2025-04-21 13:47:00,190.4800,190.4801
AAPL,2025-04-21 13:48:00,190.4900,190.3800
AAPL,2025-04-21 13:49:00,190.3900,190.3300
AAPL,2025-04-21 13:50:00,190.3300,190.5600
AAPL,2025-04-21 13:51:00,190.5500,190.5220
AAPL,2025-04-21 13:52:00,190.5100,190.6127
AAPL,2025-04-21 13:53:00,190.6300,190.5190
AAPL,2025-04-21 13:54:00,190.5500,190.5100
AAPL,2025-04-21 13:55:00,190.5099,190.5300
AAPL,2025-04-21 13:56:00,190.5500,190.3800
AAPL,2025-04-21 13:57:00,190.3800,190.5200
AAPL,2025-04-21 13:58:00,190.5300,190.5300
AAPL,2025-04-21 13:59:00,190.5300,190.5100
AAPL,2025-04-21 14:00:00,190.5100,190.4200
AAPL,2025-04-21 14:01:00,190.4150,190.3900
AAPL,2025-04-21 14:02:00,190.3950,190.4050
AAPL,2025-04-21 14:03:00,190.4200,190.4476
AAPL,2025-04-21 14:04:00,190.4400,190.3400
AAPL,2025-04-21 14:05:00,190.3400,190.3750
AAPL,2025-04-21 14:06:00,190.3600,190.4800
AAPL,2025-04-21 14:07:00,190.4900,190.2874
AAPL,2025-04-21 14:08:00,190.2800,190.3799
AAPL,2025-04-21 14:09:00,190.3700,190.3900
AAPL,2025-04-21 14:10:00,190.3900,190.2901
AAPL,2025-04-21 14:11:00,190.3100,190.4997
AAPL,2025-04-21 14:12:00,190.4800,190.5874
AAPL,2025-04-21 14:13:00,190.5700,190.5112
AAPL,2025-04-21 14:14:00,190.5000,190.5500
AAPL,2025-04-21 14:15:00,190.5400,190.6602
AAPL,2025-04-21 14:16:00,190.6900,190.6700
AAPL,2025-04-21 14:17:00,190.6500,190.7200
AAPL,2025-04-21 14:18:00,190.7200,190.8900
AAPL,2025-04-21 14:19:00,190.8800,190.7800
AAPL,2025-04-21 14:20:00,190.7700,190.7500
AAPL,2025-04-21 14:21:00,190.7600,190.7450
AAPL,2025-04-21 14:22:00,190.7300,190.7750
AAPL,2025-04-21 14:23:00,190.7700,190.7100
AAPL,2025-04-21 14:24:00,190.7060,190.7100
AAPL,2025-04-21 14:25:00,190.7000,190.6176
AAPL,2025-04-21 14:26:00,190.6300,190.6600
AAPL,2025-04-21 14:27:00,190.6700,190.7069
AAPL,2025-04-21 14:28:00,190.7150,190.7600
AAPL,2025-04-21 14:29:00,190.7500,190.8200
AAPL,2025-04-21 14:30:00,190.8150,190.9400
AAPL,2025-04-21 14:31:00,190.9500,191.0500
AAPL,2025-04-21 14:32:00,191.0500,190.8900
AAPL,2025-04-21 14:33:00,190.8900,191.0300
AAPL,2025-04-21 14:34:00,191.0300,190.9700
AAPL,2025-04-21 14:35:00,190.9800,191.0650
AAPL,2025-04-21 14:36:00,191.0500,190.9550
AAPL,2025-04-21 14:37:00,190.9600,190.8900
AAPL,2025-04-21 14:38:00,190.8900,190.9300
AAPL,2025-04-21 14:39:00,190.9300,190.9050
AAPL,2025-04-21 14:40:00,190.9000,190.7700
AAPL,2025-04-21 14:41:00,190.7650,190.6900
AAPL,2025-04-21 14:42:00,190.6950,190.7199
AAPL,2025-04-21 14:43:00,190.7200,190.5500
AAPL,2025-04-21 14:44:00,190.5500,190.6000
AAPL,2025-04-21 14:45:00,190.6100,190.5500
AAPL,2025-04-21 14:46:00,190.5600,190.4700
AAPL,2025-04-21 14:47:00,190.4600,190.3804
AAPL,2025-04-21 14:48:00,190.3900,190.5650
AAPL,2025-04-21 14:49:00,190.5650,190.6400
AAPL,2025-04-21 14:50:00,190.6300,190.5600
AAPL,2025-04-21 14:51:00,190.5600,190.6000
AAPL,2025-04-21 14:52:00,190.5900,190.4000
AAPL,2025-04-21 14:53:00,190.4100,190.4250
AAPL,2025-04-21 14:54:00,190.4250,190.2900
AAPL,2025-04-21 14:55:00,190.2724,190.2573
AAPL,2025-04-21 14:56:00,190.2500,190.3160
AAPL,2025-04-21 14:57:00,190.3151,190.2800
AAPL,2025-04-21 14:58:00,190.3000,190.3400
AAPL,2025-04-21 14:59:00,190.3400,190.2700
AAPL,2025-04-21 15:00:00,190.2700,190.5100
AAPL,2025-04-21 15:01:00,190.5200,190.6200
AAPL,2025-04-21 15:02:00,190.6300,190.6289
AAPL,2025-04-21 15:03:00,190.6250,190.7400
AAPL,2025-04-21 15:04:00,190.7600,190.7368
AAPL,2025-04-21 15:05:00,190.7500,190.7900
AAPL,2025-04-21 15:06:00,190.7800,190.7799
AAPL,2025-04-21 15:07:00,190.7774,190.6998
AAPL,2025-04-21 15:08:00,190.6800,190.6292
AAPL,2025-04-21 15:09:00,190.6100,190.5800
AAPL,2025-04-21 15:10:00,190.5750,190.6850
AAPL,2025-04-21 15:11:00,190.6893,190.6935
AAPL,2025-04-21 15:12:00,190.7100,190.8500
AAPL,2025-04-21 15:13:00,190.8400,190.8590
AAPL,2025-04-21 15:14:00,190.8600,190.8150
AAPL,2025-04-21 15:15:00,190.8100,190.8000
AAPL,2025-04-21 15:16:00,190.7984,190.6600
AAPL,2025-04-21 15:17:00,190.6610,190.7100
AAPL,2025-04-21 15:18:00,190.7100,190.8313
AAPL,2025-04-21 15:19:00,190.8400,190.9350
AAPL,2025-04-21 15:20:00,190.9400,191.0500
AAPL,2025-04-21 15:21:00,191.0550,191.1487
AAPL,2025-04-21 15:22:00,191.1483,191.3128
AAPL,2025-04-21 15:23:00,191.3100,191.2271
AAPL,2025-04-21 15:24:00,191.2300,191.2920
AAPL,2025-04-21 15:25:00,191.2853,191.2000
AAPL,2025-04-21 15:26:00,191.2000,191.2000
AAPL,2025-04-21 15:27:00,191.1900,191.1450
AAPL,2025-04-21 15:28:00,191.1500,191.0300
AAPL,2025-04-21 15:29:00,191.0101,191.1050
AAPL,2025-04-21 15:30:00,191.0900,191.0676
AAPL,2025-04-21 15:31:00,191.0600,191.2200
AAPL,2025-04-21 15:32:00,191.2300,191.2900
AAPL,2025-04-21 15:33:00,191.2800,191.3400
AAPL,2025-04-21 15:34:00,191.3400,191.3700
AAPL,2025-04-21 15:35:00,191.3550,191.5650
AAPL,2025-04-21 15:36:00,191.5699,191.6902
AAPL,2025-04-21 15:37:00,191.7004,191.7200
AAPL,2025-04-21 15:38:00,191.7300,191.7600
AAPL,2025-04-21 15:39:00,191.7812,191.7100
AAPL,2025-04-21 15:40:00,191.7014,191.8251
AAPL,2025-04-21 15:41:00,191.8242,191.6950
AAPL,2025-04-21 15:42:00,191.7200,191.8392
AAPL,2025-04-21 15:43:00,191.8450,191.9700
AAPL,2025-04-21 15:44:00,191.9700,191.8950
AAPL,2025-04-21 15:45:00,191.9100,191.8900
AAPL,2025-04-21 15:46:00,191.9046,191.8450
AAPL,2025-04-21 15:47:00,191.8300,191.7700
AAPL,2025-04-21 15:48:00,191.7800,191.9250
AAPL,2025-04-21 15:49:00,191.9300,191.9850
AAPL,2025-04-21 15:50:00,191.9400,192.2050
AAPL,2025-04-21 15:51:00,192.2200,192.3700
AAPL,2025-04-21 15:52:00,192.3600,192.1800
AAPL,2025-04-21 15:53:00,192.1700,192.2784
AAPL,2025-04-21 15:54:00,192.2800,192.6378
AAPL,2025-04-21 15:55:00,192.6500,192.8700
AAPL,2025-04-21 15:56:00,192.8750,192.9500
AAPL,2025-04-21 15:57:00,192.9550,193.2200
AAPL,2025-04-21 15:58:00,193.2050,193.4000
AAPL,2025-04-21 15:59:00,193.4100,193.0900
AAPL,2025-04-22 09:30:00,196.1200,196.5150
AAPL,2025-04-22 09:31:00,196.5150,196.8800
AAPL,2025-04-22 09:32:00,196.8900,196.8500
AAPL,2025-04-22 09:33:00,196.8112,197.1650
AAPL,2025-04-22 09:34:00,197.1525,196.8550
AAPL,2025-04-22 09:35:00,196.8550,196.4100
AAPL,2025-04-22 09:36:00,196.4300,196.4500
AAPL,2025-04-22 09:37:00,196.4400,196.8100
AAPL,2025-04-22 09:38:00,196.8400,196.6100
AAPL,2025-04-22 09:39:00,196.6400,196.7200
AAPL,2025-04-22 09:40:00,196.6800,196.7850
AAPL,2025-04-22 09:41:00,196.8000,196.9500
AAPL,2025-04-22 09:42:00,196.9200,197.2000
AAPL,2025-04-22 09:43:00,197.2044,197.4500
AAPL,2025-04-22 09:44:00,197.4500,197.2500
AAPL,2025-04-22 09:45:00,197.2800,197.4450
AAPL,2025-04-22 09:46:00,197.4500,197.6450
AAPL,2025-04-22 09:47:00,197.6580,197.7995
AAPL,2025-04-22 09:48:00,197.7600,197.6800
AAPL,2025-04-22 09:49:00,197.6900,197.5600
AAPL,2025-04-22 09:50:00,197.5500,197.4800
AAPL,2025-04-22 09:51:00,197.4600,197.3200
AAPL,2025-04-22 09:52:00,197.3200,197.2110
AAPL,2025-04-22 09:53:00,197.2200,197.4000
AAPL,2025-04-22 09:54:00,197.3900,197.4500
AAPL,2025-04-22 09:55:00,197.4600,197.3000
AAPL,2025-04-22 09:56:00,197.3000,197.4795
AAPL,2025-04-22 09:57:00,197.4850,197.4200
AAPL,2025-04-22 09:58:00,197.4220,197.4520
AAPL,2025-04-22 09:59:00,197.4600,197.8200
AAPL,2025-04-22 10:00:00,197.8300,197.7603
AAPL,2025-04-22 10:01:00,197.7300,197.9800
AAPL,2025-04-22 10:02:00,197.9700,197.9575
AAPL,2025-04-22 10:03:00,198.0000,198.2750
AAPL,2025-04-22 10:04:00,198.2800,198.4750
AAPL,2025-04-22 10:05:00,198.4800,198.3300
AAPL,2025-04-22 10:06:00,198.3300,198.6900
AAPL,2025-04-22 10:07:00,198.7100,198.6500
AAPL,2025-04-22 10:08:00,198.6550,198.7000
AAPL,2025-04-22 10:09:00,198.7100,198.6600
AAPL,2025-04-22 10:10:00,198.6608,198.9000
AAPL,2025-04-22 10:11:00,198.8900,198.7700
AAPL,2025-04-22 10:12:00,198.7750,198.4000
AAPL,2025-04-22 10:13:00,198.4100,198.1473
AAPL,2025-04-22 10:14:00,198.1450,198.1742
AAPL,2025-04-22 10:15:00,198.1800,198.0400
AAPL,2025-04-22 10:16:00,198.0400,197.8884
AAPL,2025-04-22 10:17:00,197.8900,197.9538
AAPL,2025-04-22 10:18:00,197.9400,197.8900
AAPL,2025-04-22 10:19:00,197.8900,197.9300
AAPL,2025-04-22 10:20:00,197.9600,197.9650
AAPL,2025-04-22 10:21:00,197.9800,198.1950
AAPL,2025-04-22 10:22:00,198.2000,198.1000
AAPL,2025-04-22 10:23:00,198.0800,197.9900
AAPL,2025-04-22 10:24:00,198.0000,198.0750
AAPL,2025-04-22 10:25:00,198.0800,197.9000
AAPL,2025-04-22 10:26:00,197.9200,197.8100
AAPL,2025-04-22 10:27:00,197.8000,197.7650
AAPL,2025-04-22 10:28:00,197.7650,197.9800
AAPL,2025-04-22 10:29:00,198.0000,198.1100
AAPL,2025-04-22 10:30:00,198.1200,197.7256
AAPL,2025-04-22 10:31:00,197.7200,197.9200
AAPL,2025-04-22 10:32:00,197.9110,198.1830
AAPL,2025-04-22 10:33:00,198.1800,198.1700
AAPL,2025-04-22 10:34:00,198.1594,198.2500
AAPL,2025-04-22 10:35:00,198.2500,198.4100
AAPL,2025-04-22 10:36:00,198.4150,198.2900
AAPL,2025-04-22 10:37:00,198.3100,198.3600
AAPL,2025-04-22 10:38:00,198.3800,198.5400
AAPL,2025-04-22 10:39:00,198.5400,198.7150
AAPL,2025-04-22 10:40:00,198.7150,198.6600
AAPL,2025-04-22 10:41:00,198.6700,198.6900
AAPL,2025-04-22 10:42:00,198.6850,198.5550
AAPL,2025-04-22 10:43:00,198.5550,198.4700
AAPL,2025-04-22 10:44:00,198.4700,198.4950
AAPL,2025-04-22 10:45:00,198.4950,198.4500
AAPL,2025-04-22 10:46:00,198.4500,198.8600
AAPL,2025-04-22 10:47:00,198.8600,198.9384
AAPL,2025-04-22 10:48:00,198.9350,199.0200
AAPL,2025-04-22 10:49:00,199.0110,198.8902
AAPL,2025-04-22 10:50:00,198.8950,198.9200
AAPL,2025-04-22 10:51:00,198.9300,198.7100
AAPL,2025-04-22 10:52:00,198.7100,198.6600
AAPL,2025-04-22 10:53:00,198.6700,198.9600
AAPL,2025-04-22 10:54:00,198.9600,199.0750
AAPL,2025-04-22 10:55:00,199.0650,199.1300
AAPL,2025-04-22 10:56:00,199.1200,199.0900
AAPL,2025-04-22 10:57:00,199.0900,199.3489
AAPL,2025-04-22 10:58:00,199.3369,199.2400
AAPL,2025-04-22 10:59:00,199.2500,199.3001
AAPL,2025-04-22 11:00:00,199.3100,199.2516
AAPL,2025-04-22 11:01:00,199.2300,199.1600
AAPL,2025-04-22 11:02:00,199.1600,198.9912
AAPL,2025-04-22 11:03:00,198.9850,199.0500
AAPL,2025-04-22 11:04:00,199.0402,199.1700
AAPL,2025-04-22 11:05:00,199.1700,199.3500
AAPL,2025-04-22 11:06:00,199.3450,199.3500
AAPL,2025-04-22 11:07:00,199.3500,199.3400
AAPL,2025-04-22 11:08:00,199.3300,199.3050
AAPL,2025-04-22 11:09:00,199.3200,199.3800
AAPL,2025-04-22 11:10:00,199.3716,199.3214
AAPL,2025-04-22 11:11:00,199.3200,199.2000
AAPL,2025-04-22 11:12:00,199.2001,199.2650
AAPL,2025-04-22 11:13:00,199.2800,199.4000
AAPL,2025-04-22 11:14:00,199.4000,199.3950
AAPL,2025-04-22 11:15:00,199.4000,199.3235
AAPL,2025-04-22 11:16:00,199.3350,199.2409
AAPL,2025-04-22 11:17:00,199.2600,199.2000
AAPL,2025-04-22 11:18:00,199.1900,199.1400
AAPL,2025-04-22 11:19:00,199.1400,198.9950
AAPL,2025-04-22 11:20:00,199.0100,198.8650
AAPL,2025-04-22 11:21:00,198.8300,199.0966
AAPL,2025-04-22 11:22:00,199.1200,199.2450
AAPL,2025-04-22 11:23:00,199.2499,199.3837
AAPL,2025-04-22 11:24:00,199.3900,199.4961
AAPL,2025-04-22 11:25:00,199.5200,199.2500
AAPL,2025-04-22 11:26:00,199.2510,199.2700
AAPL,2025-04-22 11:27:00,199.2750,199.1400
AAPL,2025-04-22 11:28:00,199.1400,199.0300
AAPL,2025-04-22 11:29:00,199.0300,198.8300
AAPL,2025-04-22 11:30:00,198.8250,198.6800
AAPL,2025-04-22 11:31:00,198.6955,198.6850
AAPL,2025-04-22 11:32:00,198.6804,198.7200
AAPL,2025-04-22 11:33:00,198.7200,198.7400
AAPL,2025-04-22 11:34:00,198.7400,198.8200
AAPL,2025-04-22 11:35:00,198.8200,198.5200
AAPL,2025-04-22 11:36:00,198.5400,198.4600
AAPL,2025-04-22 11:37:00,198.4650,198.5200
AAPL,2025-04-22 11:38:00,198.5400,198.4500
AAPL,2025-04-22 11:39:00,198.4400,198.3550
AAPL,2025-04-22 11:40:00,198.3600,198.2100
AAPL,2025-04-22 11:41:00,198.2300,198.2300
AAPL,2025-04-22 11:42:00,198.2500,197.9700
AAPL,2025-04-22 11:43:00,197.9900,198.0900
AAPL,2025-04-22 11:44:00,198.1000,198.0400
AAPL,2025-04-22 11:45:00,198.0400,198.1350
AAPL,2025-04-22 11:46:00,198.1400,198.1650
AAPL,2025-04-22 11:47:00,198.1650,198.1500
AAPL,2025-04-22 11:48:00,198.1350,198.0400
AAPL,2025-04-22 11:49:00,198.0500,198.0300
AAPL,2025-04-22 11:50:00,198.0200,198.1374
AAPL,2025-04-22 11:51:00,198.1400,198.4100
AAPL,2025-04-22 11:52:00,198.3903,198.3600
AAPL,2025-04-22 11:53:00,198.3805,198.1400
AAPL,2025-04-22 11:54:00,198.2100,198.2200
AAPL,2025-04-22 11:55:00,198.2200,198.2500
AAPL,2025-04-22 11:56:00,198.2700,198.2700
AAPL,2025-04-22 11:57:00,198.2800,198.3368
AAPL,2025-04-22 11:58:00,198.3500,198.5600
AAPL,2025-04-22 11:59:00,198.5800,199.3300
AAPL,2025-04-22 12:00:00,199.3400,199.8600
AAPL,2025-04-22 12:01:00,199.8600,199.7100
AAPL,2025-04-22 12:02:00,199.7400,199.8700
AAPL,2025-04-22 12:03:00,199.8500,199.3500
AAPL,2025-04-22 12:04:00,199.3800,199.3100
AAPL,2025-04-22 12:05:00,199.3199,199.0860
AAPL,2025-04-22 12:06:00,199.1100,199.4297
AAPL,2025-04-22 12:07:00,199.4400,199.3800
AAPL,2025-04-22 12:08:00,199.3800,199.6300
AAPL,2025-04-22 12:09:00,199.6600,199.6350
AAPL,2025-04-22 12:10:00,199.6200,199.5000
AAPL,2025-04-22 12:11:00,199.4900,199.6900
AAPL,2025-04-22 12:12:00,199.7000,199.9029
AAPL,2025-04-22 12:13:00,199.9200,200.0658
AAPL,2025-04-22 12:14:00,200.0900,200.0499
AAPL,2025-04-22 12:15:00,200.0300,200.0900
AAPL,2025-04-22 12:16:00,200.0900,200.0700
AAPL,2025-04-22 12:17:00,200.0601,200.0400
AAPL,2025-04-22 12:18:00,200.0400,199.8450
AAPL,2025-04-22 12:19:00,199.8200,199.9200
AAPL,2025-04-22 12:20:00,199.9100,200.1730
AAPL,2025-04-22 12:21:00,200.1850,200.1800
AAPL,2025-04-22 12:22:00,200.1800,200.4000
AAPL,2025-04-22 12:23:00,200.4100,200.6400
AAPL,2025-04-22 12:24:00,200.6244,200.7800
AAPL,2025-04-22 12:25:00,200.7950,200.8600
AAPL,2025-04-22 12:26:00,200.8600,201.1350
AAPL,2025-04-22 12:27:00,201.1300,201.1900
AAPL,2025-04-22 12:28:00,201.2100,201.3800
AAPL,2025-04-22 12:29:00,201.3500,201.3800
AAPL,2025-04-22 12:30:00,201.4000,201.5050
AAPL,2025-04-22 12:31:00,201.5050,201.4600
AAPL,2025-04-22 12:32:00,201.4500,201.3801
AAPL,2025-04-22 12:33:00,201.3900,201.1900
AAPL,2025-04-22 12:34:00,201.1900,201.1100
AAPL,2025-04-22 12:35:00,201.1300,200.9300
AAPL,2025-04-22 12:36:00,200.9300,200.7500
AAPL,2025-04-22 12:37:00,200.7900,200.7900
AAPL,2025-04-22 12:38:00,200.7900,200.8600
AAPL,2025-04-22 12:39:00,200.8500,200.5900
AAPL,2025-04-22 12:40:00,200.6000,200.5500
AAPL,2025-04-22 12:41:00,200.5800,200.6500
AAPL,2025-04-22 12:42:00,200.6350,200.9450
AAPL,2025-04-22 12:43:00,200.9400,200.8900
AAPL,2025-04-22 12:44:00,200.8900,200.9150
AAPL,2025-04-22 12:45:00,200.9100,200.9350
AAPL,2025-04-22 12:46:00,200.9500,200.8600
AAPL,2025-04-22 12:47:00,200.8500,200.8400
AAPL,2025-04-22 12:48:00,200.8600,200.7200
AAPL,2025-04-22 12:49:00,200.7200,200.8200
AAPL,2025-04-22 12:50:00,200.8100,200.6700
AAPL,2025-04-22 12:51:00,200.6700,200.3550
AAPL,2025-04-22 12:52:00,200.3550,200.6100
AAPL,2025-04-22 12:53:00,200.6200,200.7300
AAPL,2025-04-22 12:54:00,200.7250,200.7100
AAPL,2025-04-22 12:55:00,200.7275,200.7050
AAPL,2025-04-22 12:56:00,200.7300,200.7201
AAPL,2025-04-22 12:57:00,200.7400,200.6800
AAPL,2025-04-22 12:58:00,200.6900,200.6000
AAPL,2025-04-22 12:59:00,200.5944,200.5901
AAPL,2025-04-22 13:00:00,200.6050,200.6700
AAPL,2025-04-22 13:01:00,200.6700,200.7500
AAPL,2025-04-22 13:02:00,200.7675,200.7850
AAPL,2025-04-22 13:03:00,200.8000,200.8100
AAPL,2025-04-22 13:04:00,200.8250,200.7500
AAPL,2025-04-22 13:05:00,200.7700,200.7900
AAPL,2025-04-22 13:06:00,200.8300,200.6312
AAPL,2025-04-22 13:07:00,200.6200,200.3799
AAPL,2025-04-22 13:08:00,200.3800,200.8748
AAPL,2025-04-22 13:09:00,200.9100,200.5600
AAPL,2025-04-22 13:10:00,200.5500,200.0000
AAPL,2025-04-22 13:11:00,199.9800,199.6300
AAPL,2025-04-22 13:12:00,199.6300,200.0274
AAPL,2025-04-22 13:13:00,200.0400,199.7200
AAPL,2025-04-22 13:14:00,199.7200,199.6800
AAPL,2025-04-22 13:15:00,199.7200,199.1304
AAPL,2025-04-22 13:16:00,199.1600,199.2650
AAPL,2025-04-22 13:17:00,199.2700,199.4404
AAPL,2025-04-22 13:18:00,199.4400,199.5300
AAPL,2025-04-22 13:19:00,199.5300,199.5950
AAPL,2025-04-22 13:20:00,199.5800,199.2400
AAPL,2025-04-22 13:21:00,199.2400,199.1000
AAPL,2025-04-22 13:22:00,199.1100,198.9500
AAPL,2025-04-22 13:23:00,198.9500,198.8801
AAPL,2025-04-22 13:24:00,198.8800,198.8701
AAPL,2025-04-22 13:25:00,198.9100,198.9000
AAPL,2025-04-22 13:26:00,198.9100,199.2500
AAPL,2025-04-22 13:27:00,199.2600,198.9802
AAPL,2025-04-22 13:28:00,198.9600,198.7200
AAPL,2025-04-22 13:29:00,198.7000,198.5400
AAPL,2025-04-22 13:30:00,198.5300,198.3300
AAPL,2025-04-22 13:31:00,198.3400,198.7400
AAPL,2025-04-22 13:32:00,198.7400,199.0400
AAPL,2025-04-22 13:33:00,199.0100,198.5728
AAPL,2025-04-22 13:34:00,198.5850,198.8000
AAPL,2025-04-22 13:35:00,198.7700,198.8301
AAPL,2025-04-22 13:36:00,198.8600,199.2300
AAPL,2025-04-22 13:37:00,199.2300,199.0800
AAPL,2025-04-22 13:38:00,199.0900,199.1450
AAPL,2025-04-22 13:39:00,199.1400,198.8900
AAPL,2025-04-22 13:40:00,198.8600,198.7550
AAPL,2025-04-22 13:41:00,198.7400,198.8450
AAPL,2025-04-22 13:42:00,198.8500,198.6036
AAPL,2025-04-22 13:43:00,198.5830,198.7800
AAPL,2025-04-22 13:44:00,198.7601,198.8300
AAPL,2025-04-22 13:45:00,198.8300,198.6090
AAPL,2025-04-22 13:46:00,198.6300,198.7200
AAPL,2025-04-22 13:47:00,198.7200,198.6787
AAPL,2025-04-22 13:48:00,198.6900,198.4900
AAPL,2025-04-22 13:49:00,198.4500,198.1600
AAPL,2025-04-22 13:50:00,198.1400,198.3600
AAPL,2025-04-22 13:51:00,198.3694,198.1900
AAPL,2025-04-22 13:52:00,198.2050,198.3800
AAPL,2025-04-22 13:53:00,198.3501,198.4000
AAPL,2025-04-22 13:54:00,198.3700,198.5450
AAPL,2025-04-22 13:55:00,198.5700,198.5200
AAPL,2025-04-22 13:56:00,198.5550,198.3900
AAPL,2025-04-22 13:57:00,198.4000,198.3350
AAPL,2025-04-22 13:58:00,198.3350,198.5200
AAPL,2025-04-22 13:59:00,198.5100,198.2512
AAPL,2025-04-22 14:00:00,198.2500,198.1849
AAPL,2025-04-22 14:01:00,198.2100,198.3750
AAPL,2025-04-22 14:02:00,198.3700,198.4916
AAPL,2025-04-22 14:03:00,198.5000,198.7300
AAPL,2025-04-22 14:04:00,198.7200,198.9000
AAPL,2025-04-22 14:05:00,198.9300,199.0621
AAPL,2025-04-22 14:06:00,199.0800,199.0950
AAPL,2025-04-22 14:07:00,199.0600,199.1550
AAPL,2025-04-22 14:08:00,199.1600,198.9100
AAPL,2025-04-22 14:09:00,198.9100,199.0450
AAPL,2025-04-22 14:10:00,199.0200,199.0200
AAPL,2025-04-22 14:11:00,199.0250,199.0801
AAPL,2025-04-22 14:12:00,199.1300,199.1950
AAPL,2025-04-22 14:13:00,199.1900,199.3133
AAPL,2025-04-22 14:14:00,199.3100,199.3250
AAPL,2025-04-22 14:15:00,199.3100,199.2100
AAPL,2025-04-22 14:16:00,199.2250,199.1800
AAPL,2025-04-22 14:17:00,199.1762,199.1500
AAPL,2025-04-22 14:18:00,199.1800,199.1500
AAPL,2025-04-22 14:19:00,199.1100,199.2300
AAPL,2025-04-22 14:20:00,199.2450,199.3400
AAPL,2025-04-22 14:21:00,199.3499,199.5400
AAPL,2025-04-22 14:22:00,199.5500,199.7094
AAPL,2025-04-22 14:23:00,199.7100,199.8543
AAPL,2025-04-22 14:24:00,199.8400,199.7800
AAPL,2025-04-22 14:25:00,199.7600,199.8150
AAPL,2025-04-22 14:26:00,199.8541,199.8700
AAPL,2025-04-22 14:27:00,199.8700,199.9201
AAPL,2025-04-22 14:28:00,199.9401,199.9599
AAPL,2025-04-22 14:29:00,199.9250,199.8900
AAPL,2025-04-22 14:30:00,199.8800,199.8250
AAPL,2025-04-22 14:31:00,199.8550,199.8600
AAPL,2025-04-22 14:32:00,199.8650,199.8850
AAPL,2025-04-22 14:33:00,199.9000,199.8800
AAPL,2025-04-22 14:34:00,199.8668,199.9000
AAPL,2025-04-22 14:35:00,199.8950,199.9299
AAPL,2025-04-22 14:36:00,199.9110,200.0000
AAPL,2025-04-22 14:37:00,200.0000,200.0300
AAPL,2025-04-22 14:38:00,200.0200,199.9299
AAPL,2025-04-22 14:39:00,199.9000,199.9009
AAPL,2025-04-22 14:40:00,199.9200,199.9635
AAPL,2025-04-22 14:41:00,199.9600,200.0350
AAPL,2025-04-22 14:42:00,200.0499,200.0200
AAPL,2025-04-22 14:43:00,200.0400,200.1200
AAPL,2025-04-22 14:44:00,200.1108,200.0100
AAPL,2025-04-22 14:45:00,200.0200,200.1200
AAPL,2025-04-22 14:46:00,200.1400,200.2200
AAPL,2025-04-22 14:47:00,200.2184,200.2100
AAPL,2025-04-22 14:48:00,200.2100,200.1100
AAPL,2025-04-22 14:49:00,200.1100,200.1000
AAPL,2025-04-22 14:50:00,200.1150,200.3300
AAPL,2025-04-22 14:51:00,200.3600,200.1876
AAPL,2025-04-22 14:52:00,200.1800,200.2724
AAPL,2025-04-22 14:53:00,200.2600,200.3506
AAPL,2025-04-22 14:54:00,200.3410,200.2980
AAPL,2025-04-22 14:55:00,200.2950,200.3700
AAPL,2025-04-22 14:56:00,200.3850,200.1700
AAPL,2025-04-22 14:57:00,200.1900,200.1928
AAPL,2025-04-22 14:58:00,200.1900,200.2700
AAPL,2025-04-22 14:59:00,200.2800,200.1500
AAPL,2025-04-22 15:00:00,200.1400,200.3300
AAPL,2025-04-22 15:01:00,200.3500,200.2200
AAPL,2025-04-22 15:02:00,200.2000,200.2324
AAPL,2025-04-22 15:03:00,200.2400,200.1800
AAPL,2025-04-22 15:04:00,200.2000,200.2863
AAPL,2025-04-22 15:05:00,200.3000,200.3649
AAPL,2025-04-22 15:06:00,200.3800,200.1400
AAPL,2025-04-22 15:07:00,200.1500,199.9750
AAPL,2025-04-22 15:08:00,199.9800,200.0000
AAPL,2025-04-22 15:09:00,199.9700,199.8800
AAPL,2025-04-22 15:10:00,199.8900,199.8000
AAPL,2025-04-22 15:11:00,199.8200,199.7500
AAPL,2025-04-22 15:12:00,199.7500,199.6956
AAPL,2025-04-22 15:13:00,199.6901,199.6700
AAPL,2025-04-22 15:14:00,199.6600,199.5700
AAPL,2025-04-22 15:15:00,199.5900,199.4926
AAPL,2025-04-22 15:16:00,199.4990,199.4700
AAPL,2025-04-22 15:17:00,199.4576,199.3400
AAPL,2025-04-22 15:18:00,199.3300,199.0800
AAPL,2025-04-22 15:19:00,199.1000,199.1500
AAPL,2025-04-22 15:20:00,199.1650,199.0600
AAPL,2025-04-22 15:21:00,199.0700,198.9100
AAPL,2025-04-22 15:22:00,198.9050,198.8750
AAPL,2025-04-22 15:23:00,198.8701,198.8900
AAPL,2025-04-22 15:24:00,198.8800,198.9150
AAPL,2025-04-22 15:25:00,198.9300,199.0150
AAPL,2025-04-22 15:26:00,199.0150,198.8116
AAPL,2025-04-22 15:27:00,198.8100,198.6300
AAPL,2025-04-22 15:28:00,198.6375,198.6900
AAPL,2025-04-22 15:29:00,198.6850,198.6202
AAPL,2025-04-22 15:30:00,198.6300,198.5900
AAPL,2025-04-22 15:31:00,198.6100,198.5497
AAPL,2025-04-22 15:32:00,198.5400,198.4600
AAPL,2025-04-22 15:33:00,198.4600,198.3600
AAPL,2025-04-22 15:34:00,198.3599,198.3150
AAPL,2025-04-22 15:35:00,198.3199,198.5100
AAPL,2025-04-22 15:36:00,198.5000,198.3197
AAPL,2025-04-22 15:37:00,198.3000,198.2700
AAPL,2025-04-22 15:38:00,198.2700,198.1500
AAPL,2025-04-22 15:39:00,198.1400,198.0600
AAPL,2025-04-22 15:40:00,198.0500,198.2000
AAPL,2025-04-22 15:41:00,198.1900,198.3500
AAPL,2025-04-22 15:42:00,198.3600,198.7600
AAPL,2025-04-22 15:43:00,198.7900,198.9000
AAPL,2025-04-22 15:44:00,198.8800,198.8910
AAPL,2025-04-22 15:45:00,198.8600,199.2400
AAPL,2025-04-22 15:46:00,199.2400,199.1600
AAPL,2025-04-22 15:47:00,199.1600,199.4150
AAPL,2025-04-22 15:48:00,199.4100,199.3400
AAPL,2025-04-22 15:49:00,199.3600,199.4501
AAPL,2025-04-22 15:50:00,199.4500,199.1400
AAPL,2025-04-22 15:51:00,199.1600,198.9200
AAPL,2025-04-22 15:52:00,198.9300,198.8200
AAPL,2025-04-22 15:53:00,198.8400,198.8576
AAPL,2025-04-22 15:54:00,198.9000,199.3800
AAPL,2025-04-22 15:55:00,199.3700,199.3650
AAPL,2025-04-22 15:56:00,199.3800,199.7153
AAPL,2025-04-22 15:57:00,199.7200,199.7500
AAPL,2025-04-22 15:58:00,199.7400,199.7850
AAPL,2025-04-22 15:59:00,199.7900,199.5600
AAPL,2025-04-23 09:30:00,206.0000,206.5700
AAPL,2025-04-23 09:31:00,206.5800,206.4600
AAPL,2025-04-23 09:32:00,206.4800,205.6900
AAPL,2025-04-23 09:33:00,205.6800,205.8300
AAPL,2025-04-23 09:34:00,205.8230,205.6355
AAPL,2025-04-23 09:35:00,205.6600,205.6950
AAPL,2025-04-23 09:36:00,205.6800,205.0500
AAPL,2025-04-23 09:37:00,205.0400,207.1000
AAPL,2025-04-23 09:38:00,206.9509,205.6968
AAPL,2025-04-23 09:39:00,205.6900,205.3300
AAPL,2025-04-23 09:40:00,205.3300,206.0550
AAPL,2025-04-23 09:41:00,206.0750,206.6850
AAPL,2025-04-23 09:42:00,206.7129,206.6950
AAPL,2025-04-23 09:43:00,206.6400,207.1250
AAPL,2025-04-23 09:44:00,207.1100,206.7000
AAPL,2025-04-23 09:45:00,206.6800,207.0400
AAPL,2025-04-23 09:46:00,207.0350,207.0175
AAPL,2025-04-23 09:47:00,207.0200,206.8309
AAPL,2025-04-23 09:48:00,206.8400,206.9200
AAPL,2025-04-23 09:49:00,206.8950,207.2300
AAPL,2025-04-23 09:50:00,207.2150,206.9600
AAPL,2025-04-23 09:51:00,206.9600,207.4100
AAPL,2025-04-23 09:52:00,207.4100,206.2499
AAPL,2025-04-23 09:53:00,206.2100,206.7900
AAPL,2025-04-23 09:54:00,206.7700,206.4000
AAPL,2025-04-23 09:55:00,206.4000,206.1200
AAPL,2025-04-23 09:56:00,206.0700,206.6300
AAPL,2025-04-23 09:57:00,206.6250,206.7200
AAPL,2025-04-23 09:58:00,206.7100,206.8600
AAPL,2025-04-23 09:59:00,206.9200,207.3800
AAPL,2025-04-23 10:00:00,207.3234,206.7000
AAPL,2025-04-23 10:01:00,206.6800,206.5500
AAPL,2025-04-23 10:02:00,206.5600,206.5200
AAPL,2025-04-23 10:03:00,206.5200,206.1500
AAPL,2025-04-23 10:04:00,206.1400,206.4850
AAPL,2025-04-23 10:05:00,206.4850,206.2700
AAPL,2025-04-23 10:06:00,206.2700,206.2500
AAPL,2025-04-23 10:07:00,206.2450,205.7950
AAPL,2025-04-23 10:08:00,205.7950,206.2200
AAPL,2025-04-23 10:09:00,206.2500,206.1050
AAPL,2025-04-23 10:10:00,206.1200,206.2600
AAPL,2025-04-23 10:11:00,206.2700,206.4800
AAPL,2025-04-23 10:12:00,206.4650,206.8500
AAPL,2025-04-23 10:13:00,206.8500,206.3250
AAPL,2025-04-23 10:14:00,206.3126,206.4000
AAPL,2025-04-23 10:15:00,206.3800,206.1100
AAPL,2025-04-23 10:16:00,206.0900,205.9300
AAPL,2025-04-23 10:17:00,205.9200,205.7500
AAPL,2025-04-23 10:18:00,205.7750,205.8200
AAPL,2025-04-23 10:19:00,205.8650,206.2950
AAPL,2025-04-23 10:20:00,206.2697,206.1000
AAPL,2025-04-23 10:21:00,206.0800,205.9200
AAPL,2025-04-23 10:22:00,205.8950,206.1250
AAPL,2025-04-23 10:23:00,206.1600,206.9500
AAPL,2025-04-23 10:24:00,206.9400,206.7600
AAPL,2025-04-23 10:25:00,206.7750,206.6500
AAPL,2025-04-23 10:26:00,206.6700,206.7600
AAPL,2025-04-23 10:27:00,206.7500,206.8600
AAPL,2025-04-23 10:28:00,206.8100,206.9000
AAPL,2025-04-23 10:29:00,206.8600,206.8162
AAPL,2025-04-23 10:30:00,206.8100,206.9100
AAPL,2025-04-23 10:31:00,206.8950,207.0300
AAPL,2025-04-23 10:32:00,207.0100,207.1400
AAPL,2025-04-23 10:33:00,207.1450,207.5000
AAPL,2025-04-23 10:34:00,207.4800,207.4675
AAPL,2025-04-23 10:35:00,207.4650,207.8000
AAPL,2025-04-23 10:36:00,207.7800,207.9175
AAPL,2025-04-23 10:37:00,207.9325,207.6380
AAPL,2025-04-23 10:38:00,207.6300,207.6900
AAPL,2025-04-23 10:39:00,207.6900,207.6650
AAPL,2025-04-23 10:40:00,207.6700,207.6600
AAPL,2025-04-23 10:41:00,207.6600,207.4150
AAPL,2025-04-23 10:42:00,207.4250,207.4800
AAPL,2025-04-23 10:43:00,207.4800,207.7900
AAPL,2025-04-23 10:44:00,207.7750,207.7200
AAPL,2025-04-23 10:45:00,207.7350,207.6700
AAPL,2025-04-23 10:46:00,207.6800,207.6800
AAPL,2025-04-23 10:47:00,207.6900,207.5900
AAPL,2025-04-23 10:48:00,207.5900,207.5500
AAPL,2025-04-23 10:49:00,207.5500,207.3252
AAPL,2025-04-23 10:50:00,207.3600,207.0100
AAPL,2025-04-23 10:51:00,207.0015,207.2400
AAPL,2025-04-23 10:52:00,207.2350,207.4100
AAPL,2025-04-23 10:53:00,207.4177,207.1750
AAPL,2025-04-23 10:54:00,207.1400,207.1200
AAPL,2025-04-23 10:55:00,207.1380,207.1350
AAPL,2025-04-23 10:56:00,207.1600,207.1000
AAPL,2025-04-23 10:57:00,207.1700,207.1000
AAPL,2025-04-23 10:58:00,207.1600,206.9000
AAPL,2025-04-23 10:59:00,206.9000,206.9000
AAPL,2025-04-23 11:00:00,206.9300,206.9350
AAPL,2025-04-23 11:01:00,206.9100,206.9331
AAPL,2025-04-23 11:02:00,206.8900,206.6500
AAPL,2025-04-23 11:03:00,206.6800,207.0400
AAPL,2025-04-23 11:04:00,207.0550,207.3112
AAPL,2025-04-23 11:05:00,207.3000,207.1800
AAPL,2025-04-23 11:06:00,207.2024,207.3700
AAPL,2025-04-23 11:07:00,207.3400,207.2387
AAPL,2025-04-23 11:08:00,207.2300,207.2150
AAPL,2025-04-23 11:09:00,207.2100,207.0800
AAPL,2025-04-23 11:10:00,207.0800,206.8200
AAPL,2025-04-23 11:11:00,206.8300,206.5911
AAPL,2025-04-23 11:12:00,206.6000,206.6400
AAPL,2025-04-23 11:13:00,206.6700,206.8600
AAPL,2025-04-23 11:14:00,206.8700,206.8200
AAPL,2025-04-23 11:15:00,206.8300,206.7700
AAPL,2025-04-23 11:16:00,206.7600,206.5100
AAPL,2025-04-23 11:17:00,206.5100,206.4150
AAPL,2025-04-23 11:18:00,206.4065,206.4800
AAPL,2025-04-23 11:19:00,206.4600,206.3600
AAPL,2025-04-23 11:20:00,206.3500,206.3200
AAPL,2025-04-23 11:21:00,206.3250,206.4650
AAPL,2025-04-23 11:22:00,206.4600,206.5200
AAPL,2025-04-23 11:23:00,206.5150,205.7000
AAPL,2025-04-23 11:24:00,205.7000,205.5690
AAPL,2025-04-23 11:25:00,205.5200,205.6100
AAPL,2025-04-23 11:26:00,205.6200,205.0050
AAPL,2025-04-23 11:27:00,204.9800,204.6698
AAPL,2025-04-23 11:28:00,204.6200,204.1392
AAPL,2025-04-23 11:29:00,204.1450,204.6300
AAPL,2025-04-23 11:30:00,204.6250,204.7401
AAPL,2025-04-23 11:31:00,204.7780,204.5260
AAPL,2025-04-23 11:32:00,204.5350,204.2900
AAPL,2025-04-23 11:33:00,204.2800,204.6200
AAPL,2025-04-23 11:34:00,204.6200,204.7900
AAPL,2025-04-23 11:35:00,204.7700,204.3400
AAPL,2025-04-23 11:36:00,204.3700,204.5100
AAPL,2025-04-23 11:37:00,204.4800,204.7350
AAPL,2025-04-23 11:38:00,204.7500,204.7714
AAPL,2025-04-23 11:39:00,204.7700,204.9250
AAPL,2025-04-23 11:40:00,204.9100,205.1300
AAPL,2025-04-23 11:41:00,205.1300,205.0450
AAPL,2025-04-23 11:42:00,205.0500,204.8900
AAPL,2025-04-23 11:43:00,204.9100,204.8400
AAPL,2025-04-23 11:44:00,204.8200,204.8700
AAPL,2025-04-23 11:45:00,204.8749,205.1400
AAPL,2025-04-23 11:46:00,205.1100,204.6400
AAPL,2025-04-23 11:47:00,204.6350,204.7001
AAPL,2025-04-23 11:48:00,204.7000,204.2047
AAPL,2025-04-23 11:49:00,204.2450,204.0790
AAPL,2025-04-23 11:50:00,204.0900,204.2701
AAPL,2025-04-23 11:51:00,204.2900,204.1300
AAPL,2025-04-23 11:52:00,204.1174,203.9800
AAPL,2025-04-23 11:53:00,204.0100,203.8600
AAPL,2025-04-23 11:54:00,203.8504,204.0584
AAPL,2025-04-23 11:55:00,204.1100,204.4700
AAPL,2025-04-23 11:56:00,204.5000,204.4400
AAPL,2025-04-23 11:57:00,204.4447,204.5750
AAPL,2025-04-23 11:58:00,204.6095,204.4425
AAPL,2025-04-23 11:59:00,204.4300,204.2700
AAPL,2025-04-23 12:00:00,204.2700,204.0650
AAPL,2025-04-23 12:01:00,204.0200,203.8600
AAPL,2025-04-23 12:02:00,203.8487,203.6744
AAPL,2025-04-23 12:03:00,203.7000,204.0400
AAPL,2025-04-23 12:04:00,204.0600,204.1500
AAPL,2025-04-23 12:05:00,204.1100,204.1300
AAPL,2025-04-23 12:06:00,204.1700,203.8350
AAPL,2025-04-23 12:07:00,203.8000,203.9200
AAPL,2025-04-23 12:08:00,203.9219,203.7740
AAPL,2025-04-23 12:09:00,203.7754,203.7600
AAPL,2025-04-23 12:10:00,203.7206,203.9600
AAPL,2025-04-23 12:11:00,203.9550,203.7750
AAPL,2025-04-23 12:12:00,203.7900,203.6750
AAPL,2025-04-23 12:13:00,203.6950,203.8200
AAPL,2025-04-23 12:14:00,203.8400,203.8200
AAPL,2025-04-23 12:15:00,203.8100,203.6900
AAPL,2025-04-23 12:16:00,203.6900,203.6900
AAPL,2025-04-23 12:17:00,203.6707,203.4400
AAPL,2025-04-23 12:18:00,203.4500,203.1400
AAPL,2025-04-23 12:19:00,203.1600,203.0200
AAPL,2025-04-23 12:20:00,203.0450,202.9900
AAPL,2025-04-23 12:21:00,202.9783,202.9000
AAPL,2025-04-23 12:22:00,202.8900,202.8550
AAPL,2025-04-23 12:23:00,202.8500,203.0900
AAPL,2025-04-23 12:24:00,203.0800,203.1000
AAPL,2025-04-23 12:25:00,203.1200,203.0900
AAPL,2025-04-23 12:26:00,203.0900,202.9075
AAPL,2025-04-23 12:27:00,202.9150,203.2500
AAPL,2025-04-23 12:28:00,203.2700,203.9200
AAPL,2025-04-23 12:29:00,203.9400,204.1100
AAPL,2025-04-23 12:30:00,204.1250,204.3300
AAPL,2025-04-23 12:31:00,204.3100,204.0500
AAPL,2025-04-23 12:32:00,204.0500,203.8700
AAPL,2025-04-23 12:33:00,203.8650,203.9480
AAPL,2025-04-23 12:34:00,203.9000,203.9100
AAPL,2025-04-23 12:35:00,203.9092,204.1700
AAPL,2025-04-23 12:36:00,204.1686,204.3200
AAPL,2025-04-23 12:37:00,204.3200,204.3300
AAPL,2025-04-23 12:38:00,204.3286,204.4050
AAPL,2025-04-23 12:39:00,204.4001,204.3100
AAPL,2025-04-23 12:40:00,204.3200,204.4000
AAPL,2025-04-23 12:41:00,204.4015,204.0800
AAPL,2025-04-23 12:42:00,204.0700,204.0600
AAPL,2025-04-23 12:43:00,204.0680,204.2300
AAPL,2025-04-23 12:44:00,204.2300,204.1350
AAPL,2025-04-23 12:45:00,204.1341,204.3698
AAPL,2025-04-23 12:46:00,204.3300,204.1000
AAPL,2025-04-23 12:47:00,204.1100,204.1050
AAPL,2025-04-23 12:48:00,204.1100,203.9000
AAPL,2025-04-23 12:49:00,203.8820,203.6300
AAPL,2025-04-23 12:50:00,203.6250,203.6900
AAPL,2025-04-23 12:51:00,203.7100,203.9500
AAPL,2025-04-23 12:52:00,203.9550,204.0050
AAPL,2025-04-23 12:53:00,204.0300,204.1500
AAPL,2025-04-23 12:54:00,204.1500,204.1300
AAPL,2025-04-23 12:55:00,204.1192,204.4200
AAPL,2025-04-23 12:56:00,204.4200,204.5600
AAPL,2025-04-23 12:57:00,204.5700,204.8978
AAPL,2025-04-23 12:58:00,204.9400,204.7000
AAPL,2025-04-23 12:59:00,204.6800,204.7600
AAPL,2025-04-23 13:00:00,204.7500,204.3099
AAPL,2025-04-23 13:01:00,204.3100,204.3100
AAPL,2025-04-23 13:02:00,204.3400,204.3900
AAPL,2025-04-23 13:03:00,204.4050,204.5025
AAPL,2025-04-23 13:04:00,204.5000,204.4800
AAPL,2025-04-23 13:05:00,204.4600,204.5850
AAPL,2025-04-23 13:06:00,204.5900,204.6800
AAPL,2025-04-23 13:07:00,204.6800,204.7300
AAPL,2025-04-23 13:08:00,204.7500,204.9700
AAPL,2025-04-23 13:09:00,204.9600,204.9200
AAPL,2025-04-23 13:10:00,204.9200,204.9401
AAPL,2025-04-23 13:11:00,204.9550,204.7200
AAPL,2025-04-23 13:12:00,204.7200,204.6900
AAPL,2025-04-23 13:13:00,204.7500,204.7200
AAPL,2025-04-23 13:14:00,204.7400,204.9481
AAPL,2025-04-23 13:15:00,204.9200,204.9500
AAPL,2025-04-23 13:16:00,204.9400,205.0600
AAPL,2025-04-23 13:17:00,205.0677,205.0600
AAPL,2025-04-23 13:18:00,205.0800,205.0800
AAPL,2025-04-23 13:19:00,205.0800,205.0805
AAPL,2025-04-23 13:20:00,205.1200,205.1400
AAPL,2025-04-23 13:21:00,205.1262,205.1700
AAPL,2025-04-23 13:22:00,205.1797,205.0900
AAPL,2025-04-23 13:23:00,205.0900,205.0500
AAPL,2025-04-23 13:24:00,205.0276,205.1700
AAPL,2025-04-23 13:25:00,205.1822,205.4100
AAPL,2025-04-23 13:26:00,205.3904,205.1700
AAPL,2025-04-23 13:27:00,205.1600,205.3100
AAPL,2025-04-23 13:28:00,205.3300,205.1900
AAPL,2025-04-23 13:29:00,205.1750,204.9400
AAPL,2025-04-23 13:30:00,204.9900,205.2219
AAPL,2025-04-23 13:31:00,205.2500,205.1050
AAPL,2025-04-23 13:32:00,205.1200,205.1300
AAPL,2025-04-23 13:33:00,205.1201,204.9000
AAPL,2025-04-23 13:34:00,204.9100,204.8400
AAPL,2025-04-23 13:35:00,204.8600,204.7300
AAPL,2025-04-23 13:36:00,204.7400,204.6824
AAPL,2025-04-23 13:37:00,204.6700,204.3200
AAPL,2025-04-23 13:38:00,204.3200,204.3600
AAPL,2025-04-23 13:39:00,204.3400,204.4000
AAPL,2025-04-23 13:40:00,204.4002,204.3300
AAPL,2025-04-23 13:41:00,204.3500,204.3700
AAPL,2025-04-23 13:42:00,204.3728,204.4400
AAPL,2025-04-23 13:43:00,204.4400,204.5800
AAPL,2025-04-23 13:44:00,204.5813,204.6700
AAPL,2025-04-23 13:45:00,204.6750,204.4410
AAPL,2025-04-23 13:46:00,204.4600,204.6850
AAPL,2025-04-23 13:47:00,204.6500,204.5400
AAPL,2025-04-23 13:48:00,204.5600,204.4500
AAPL,2025-04-23 13:49:00,204.4406,204.6000
AAPL,2025-04-23 13:50:00,204.5800,204.6100
AAPL,2025-04-23 13:51:00,204.6490,204.8000
AAPL,2025-04-23 13:52:00,204.7600,204.9000
AAPL,2025-04-23 13:53:00,204.9000,205.0900
AAPL,2025-04-23 13:54:00,205.0891,205.2569
AAPL,2025-04-23 13:55:00,205.3400,205.3400
AAPL,2025-04-23 13:56:00,205.3800,205.6200
AAPL,2025-04-23 13:57:00,205.6200,205.5500
AAPL,2025-04-23 13:58:00,205.5900,205.4500
AAPL,2025-04-23 13:59:00,205.4697,205.3901
AAPL,2025-04-23 14:00:00,205.3900,205.4003
AAPL,2025-04-23 14:01:00,205.4050,205.3900
AAPL,2025-04-23 14:02:00,205.3800,205.1350
AAPL,2025-04-23 14:03:00,205.1400,204.7300
AAPL,2025-04-23 14:04:00,204.7000,205.0700
AAPL,2025-04-23 14:05:00,205.0400,204.9700
AAPL,2025-04-23 14:06:00,205.0000,204.7400
AAPL,2025-04-23 14:07:00,204.7800,204.7287
AAPL,2025-04-23 14:08:00,204.7100,204.9150
AAPL,2025-04-23 14:09:00,204.9300,204.8800
AAPL,2025-04-23 14:10:00,204.8700,204.9312
AAPL,2025-04-23 14:11:00,204.9350,205.0800
AAPL,2025-04-23 14:12:00,205.0800,205.1200
AAPL,2025-04-23 14:13:00,205.1345,205.2000
AAPL,2025-04-23 14:14:00,205.2080,205.0300
AAPL,2025-04-23 14:15:00,205.0500,205.2500
AAPL,2025-04-23 14:16:00,205.2500,205.1800
AAPL,2025-04-23 14:17:00,205.1800,205.0200
AAPL,2025-04-23 14:18:00,205.0350,204.7600
AAPL,2025-04-23 14:19:00,204.7500,204.8110
AAPL,2025-04-23 14:20:00,204.8100,205.0600
AAPL,2025-04-23 14:21:00,205.0600,205.1950
AAPL,2025-04-23 14:22:00,205.1950,205.1200
AAPL,2025-04-23 14:23:00,205.1000,204.6550
AAPL,2025-04-23 14:24:00,204.6500,204.6800
AAPL,2025-04-23 14:25:00,204.6800,204.4498
AAPL,2025-04-23 14:26:00,204.4350,204.5299
AAPL,2025-04-23 14:27:00,204.4700,204.5550
AAPL,2025-04-23 14:28:00,204.5300,204.4600
AAPL,2025-04-23 14:29:00,204.4500,204.4824
AAPL,2025-04-23 14:30:00,204.4700,204.6100
AAPL,2025-04-23 14:31:00,204.6400,204.9000
AAPL,2025-04-23 14:32:00,204.9100,204.8400
AAPL,2025-04-23 14:33:00,204.8275,204.7600
AAPL,2025-04-23 14:34:00,204.7550,204.6800
AAPL,2025-04-23 14:35:00,204.6800,204.6659
AAPL,2025-04-23 14:36:00,204.7150,204.7400
AAPL,2025-04-23 14:37:00,204.7500,204.6500
AAPL,2025-04-23 14:38:00,204.6400,204.6700
AAPL,2025-04-23 14:39:00,204.6600,204.7300
AAPL,2025-04-23 14:40:00,204.7300,204.6250
AAPL,2025-04-23 14:41:00,204.6150,204.5500
AAPL,2025-04-23 14:42:00,204.5400,204.5599
AAPL,2025-04-23 14:43:00,204.5500,204.4312
AAPL,2025-04-23 14:44:00,204.4300,204.3200
AAPL,2025-04-23 14:45:00,204.3200,204.4800
AAPL,2025-04-23 14:46:00,204.4844,204.3475
AAPL,2025-04-23 14:47:00,204.3500,204.6300
AAPL,2025-04-23 14:48:00,204.6329,204.6700
AAPL,2025-04-23 14:49:00,204.6656,204.6700
AAPL,2025-04-23 14:50:00,204.6700,204.4900
AAPL,2025-04-23 14:51:00,204.4935,204.4604
AAPL,2025-04-23 14:52:00,204.4600,204.5300
AAPL,2025-04-23 14:53:00,204.5100,204.4230
AAPL,2025-04-23 14:54:00,204.4200,204.4800
AAPL,2025-04-23 14:55:00,204.4850,204.6700
AAPL,2025-04-23 14:56:00,204.6600,204.9801
AAPL,2025-04-23 14:57:00,205.0500,204.8300
AAPL,2025-04-23 14:58:00,204.8305,205.0600
AAPL,2025-04-23 14:59:00,205.0400,204.7400
AAPL,2025-04-23 15:00:00,204.7200,205.0900
AAPL,2025-04-23 15:01:00,205.0789,204.8700
AAPL,2025-04-23 15:02:00,204.8784,204.6800
AAPL,2025-04-23 15:03:00,204.6700,204.7150
AAPL,2025-04-23 15:04:00,204.7450,204.4600
AAPL,2025-04-23 15:05:00,204.4611,204.6600
AAPL,2025-04-23 15:06:00,204.6700,204.7450
AAPL,2025-04-23 15:07:00,204.7450,204.9100
AAPL,2025-04-23 15:08:00,204.9099,204.9600
AAPL,2025-04-23 15:09:00,204.9433,204.7600
AAPL,2025-04-23 15:10:00,204.7850,204.6000
AAPL,2025-04-23 15:11:00,204.6200,204.8300
AAPL,2025-04-23 15:12:00,204.8100,204.5400
AAPL,2025-04-23 15:13:00,204.5100,204.4600
AAPL,2025-04-23 15:14:00,204.4750,204.4500
AAPL,2025-04-23 15:15:00,204.4400,204.3000
AAPL,2025-04-23 15:16:00,204.3100,204.3807
AAPL,2025-04-23 15:17:00,204.3600,204.5350
AAPL,2025-04-23 15:18:00,204.5400,204.4950
AAPL,2025-04-23 15:19:00,204.5200,204.4299
AAPL,2025-04-23 15:20:00,204.4000,204.3350
AAPL,2025-04-23 15:21:00,204.3200,204.3600
AAPL,2025-04-23 15:22:00,204.3800,204.0300
AAPL,2025-04-23 15:23:00,204.0081,203.9300
AAPL,2025-04-23 15:24:00,203.9100,203.8500
AAPL,2025-04-23 15:25:00,203.8402,203.7203
AAPL,2025-04-23 15:26:00,203.7189,203.9100
AAPL,2025-04-23 15:27:00,203.9000,203.9800
AAPL,2025-04-23 15:28:00,203.9800,203.9850
AAPL,2025-04-23 15:29:00,203.9850,204.0100
AAPL,2025-04-23 15:30:00,204.0309,204.1200
AAPL,2025-04-23 15:31:00,204.1150,204.4500
AAPL,2025-04-23 15:32:00,204.4400,204.2100
AAPL,2025-04-23 15:33:00,204.2295,204.4485
AAPL,2025-04-23 15:34:00,204.4300,204.1210
AAPL,2025-04-23 15:35:00,204.1200,203.8300
AAPL,2025-04-23 15:36:00,203.8300,203.7650
AAPL,2025-04-23 15:37:00,203.7600,203.7200
AAPL,2025-04-23 15:38:00,203.7400,203.6750
AAPL,2025-04-23 15:39:00,203.6500,203.9400
AAPL,2025-04-23 15:40:00,203.9500,204.1300
AAPL,2025-04-23 15:41:00,204.1556,204.2359
AAPL,2025-04-23 15:42:00,204.2500,204.1300
AAPL,2025-04-23 15:43:00,204.1300,204.1200
AAPL,2025-04-23 15:44:00,204.1200,204.2300
AAPL,2025-04-23 15:45:00,204.2250,204.3800
AAPL,2025-04-23 15:46:00,204.3700,204.1000
AAPL,2025-04-23 15:47:00,204.1400,204.4000
AAPL,2025-04-23 15:48:00,204.3800,204.5600
AAPL,2025-04-23 15:49:00,204.5450,204.6000
AAPL,2025-04-23 15:50:00,204.6500,205.3700
AAPL,2025-04-23 15:51:00,205.3800,205.1400
AAPL,2025-04-23 15:52:00,205.1200,205.4400
AAPL,2025-04-23 15:53:00,205.4500,205.4400
AAPL,2025-04-23 15:54:00,205.4600,205.4400
AAPL,2025-04-23 15:55:00,205.4400,205.2000
AAPL,2025-04-23 15:56:00,205.2100,204.9800
AAPL,2025-04-23 15:57:00,204.9979,204.8700
AAPL,2025-04-23 15:58:00,204.8800,204.8500
AAPL,2025-04-23 15:59:00,204.8700,204.3600
AAPL,2025-04-24 09:30:00,204.8900,204.7100
AAPL,2025-04-24 09:31:00,204.7450,205.2800
AAPL,2025-04-24 09:32:00,205.2400,204.9350
AAPL,2025-04-24 09:33:00,204.9390,204.5094
AAPL,2025-04-24 09:34:00,204.4400,204.4500
AAPL,2025-04-24 09:35:00,204.4450,204.0600
AAPL,2025-04-24 09:36:00,204.0650,203.9250
AAPL,2025-04-24 09:37:00,203.9250,203.7500
AAPL,2025-04-24 09:38:00,203.7300,203.2829
AAPL,2025-04-24 09:39:00,203.2700,203.5950
AAPL,2025-04-24 09:40:00,203.5950,203.8700
AAPL,2025-04-24 09:41:00,203.8750,204.2600
AAPL,2025-04-24 09:42:00,204.2800,204.4800
AAPL,2025-04-24 09:43:00,204.4900,204.6200
AAPL,2025-04-24 09:44:00,204.5900,204.5300
AAPL,2025-04-24 09:45:00,204.5300,204.7600
AAPL,2025-04-24 09:46:00,204.8150,205.1486
AAPL,2025-04-24 09:47:00,205.1600,204.9400
AAPL,2025-04-24 09:48:00,204.9000,204.4950
AAPL,2025-04-24 09:49:00,204.4950,204.6174
AAPL,2025-04-24 09:50:00,204.6200,204.8311
AAPL,2025-04-24 09:51:00,204.8500,205.1188
AAPL,2025-04-24 09:52:00,205.1197,205.0750
AAPL,2025-04-24 09:53:00,205.0800,204.7900
AAPL,2025-04-24 09:54:00,204.8000,204.7550
AAPL,2025-04-24 09:55:00,204.7500,204.8750
AAPL,2025-04-24 09:56:00,204.9000,205.0600
AAPL,2025-04-24 09:57:00,205.0800,205.0500
AAPL,2025-04-24 09:58:00,205.0500,205.2890
AAPL,2025-04-24 09:59:00,205.3050,205.5900
AAPL,2025-04-24 10:00:00,205.5700,205.5200
AAPL,2025-04-24 10:01:00,205.5212,205.6250
AAPL,2025-04-24 10:02:00,205.6001,205.7000
AAPL,2025-04-24 10:03:00,205.6900,205.7300
AAPL,2025-04-24 10:04:00,205.7212,205.7950
AAPL,2025-04-24 10:05:00,205.8000,205.6500
AAPL,2025-04-24 10:06:00,205.6510,205.6000
AAPL,2025-04-24 10:07:00,205.5884,205.8350
AAPL,2025-04-24 10:08:00,205.8200,205.8000
AAPL,2025-04-24 10:09:00,205.7900,205.9500
AAPL,2025-04-24 10:10:00,205.8900,205.6100
AAPL,2025-04-24 10:11:00,205.6300,205.7100
AAPL,2025-04-24 10:12:00,205.7100,205.4900
AAPL,2025-04-24 10:13:00,205.4950,205.7500
AAPL,2025-04-24 10:14:00,205.7700,205.7400
AAPL,2025-04-24 10:15:00,205.7499,205.7000
AAPL,2025-04-24 10:16:00,205.6800,205.5600
AAPL,2025-04-24 10:17:00,205.5500,205.4200
AAPL,2025-04-24 10:18:00,205.5000,205.5350
AAPL,2025-04-24 10:19:00,205.5300,205.6600
AAPL,2025-04-24 10:20:00,205.6600,205.7700
AAPL,2025-04-24 10:21:00,205.7550,205.5200
AAPL,2025-04-24 10:22:00,205.5150,205.4600
AAPL,2025-04-24 10:23:00,205.4650,205.6000
AAPL,2025-04-24 10:24:00,205.5900,205.5612
AAPL,2025-04-24 10:25:00,205.5900,205.4500
AAPL,2025-04-24 10:26:00,205.4550,205.6000
AAPL,2025-04-24 10:27:00,205.5776,206.1400
AAPL,2025-04-24 10:28:00,206.1500,206.2000
AAPL,2025-04-24 10:29:00,206.2000,206.3200
AAPL,2025-04-24 10:30:00,206.2900,206.2900
AAPL,2025-04-24 10:31:00,206.3050,206.2434
AAPL,2025-04-24 10:32:00,206.2650,206.3400
AAPL,2025-04-24 10:33:00,206.3400,206.3900
AAPL,2025-04-24 10:34:00,206.3900,206.3650
AAPL,2025-04-24 10:35:00,206.3800,206.4588
AAPL,2025-04-24 10:36:00,206.4400,206.5150
AAPL,2025-04-24 10:37:00,206.5150,206.4957
AAPL,2025-04-24 10:38:00,206.4850,206.2900
AAPL,2025-04-24 10:39:00,206.3000,206.1100
AAPL,2025-04-24 10:40:00,206.1100,206.1003
AAPL,2025-04-24 10:41:00,206.1100,206.0012
AAPL,2025-04-24 10:42:00,206.0100,205.9300
AAPL,2025-04-24 10:43:00,205.9262,205.6500
AAPL,2025-04-24 10:44:00,205.6284,205.4900
AAPL,2025-04-24 10:45:00,205.4900,205.4200
AAPL,2025-04-24 10:46:00,205.4150,205.4050
AAPL,2025-04-24 10:47:00,205.4000,205.4093
AAPL,2025-04-24 10:48:00,205.3600,205.3895
AAPL,2025-04-24 10:49:00,205.4000,205.6385
AAPL,2025-04-24 10:50:00,205.6450,205.5500
AAPL,2025-04-24 10:51:00,205.5500,205.6539
AAPL,2025-04-24 10:52:00,205.6800,205.5400
AAPL,2025-04-24 10:53:00,205.5300,205.7200
AAPL,2025-04-24 10:54:00,205.7000,205.7920
AAPL,2025-04-24 10:55:00,205.7900,206.0250
AAPL,2025-04-24 10:56:00,206.0100,205.9900
AAPL,2025-04-24 10:57:00,206.0100,205.9300
AAPL,2025-04-24 10:58:00,205.9800,205.9650
AAPL,2025-04-24 10:59:00,205.9700,205.9550
AAPL,2025-04-24 11:00:00,205.9600,205.9100
AAPL,2025-04-24 11:01:00,205.9100,205.6885
AAPL,2025-04-24 11:02:00,205.7034,205.5349
AAPL,2025-04-24 11:03:00,205.5300,205.4904
AAPL,2025-04-24 11:04:00,205.5200,205.8400
AAPL,2025-04-24 11:05:00,205.8550,205.8850
AAPL,2025-04-24 11:06:00,205.8600,205.7899
AAPL,2025-04-24 11:07:00,205.8200,205.6900
AAPL,2025-04-24 11:08:00,205.7157,205.7800
AAPL,2025-04-24 11:09:00,205.7800,205.7200
AAPL,2025-04-24 11:10:00,205.7500,205.7150
AAPL,2025-04-24 11:11:00,205.7050,206.0600
AAPL,2025-04-24 11:12:00,206.0467,206.0750
AAPL,2025-04-24 11:13:00,206.0750,206.2025
AAPL,2025-04-24 11:14:00,206.2024,206.1100
AAPL,2025-04-24 11:15:00,206.1200,206.3750
AAPL,2025-04-24 11:16:00,206.3600,206.3200
AAPL,2025-04-24 11:17:00,206.3300,206.1800
AAPL,2025-04-24 11:18:00,206.1800,206.1350
AAPL,2025-04-24 11:19:00,206.1400,206.1500
AAPL,2025-04-24 11:20:00,206.1500,206.1900
AAPL,2025-04-24 11:21:00,206.1847,206.2300
AAPL,2025-04-24 11:22:00,206.2500,206.1800
AAPL,2025-04-24 11:23:00,206.1700,206.0400
AAPL,2025-04-24 11:24:00,206.0200,206.0450
AAPL,2025-04-24 11:25:00,206.0500,205.8100
AAPL,2025-04-24 11:26:00,205.8050,205.8700
AAPL,2025-04-24 11:27:00,205.8900,205.8300
AAPL,2025-04-24 11:28:00,205.8100,205.8301
AAPL,2025-04-24 11:29:00,205.8500,205.9250
AAPL,2025-04-24 11:30:00,205.8850,205.7350
AAPL,2025-04-24 11:31:00,205.7400,205.8000
AAPL,2025-04-24 11:32:00,205.7992,205.9100
AAPL,2025-04-24 11:33:00,205.9300,205.9750
AAPL,2025-04-24 11:34:00,205.9900,206.1350
AAPL,2025-04-24 11:35:00,206.1200,206.1200
AAPL,2025-04-24 11:36:00,206.1000,206.2435
AAPL,2025-04-24 11:37:00,206.2500,206.2500
AAPL,2025-04-24 11:38:00,206.2559,206.3400
AAPL,2025-04-24 11:39:00,206.3699,206.2600
AAPL,2025-04-24 11:40:00,206.2650,206.0800
AAPL,2025-04-24 11:41:00,206.1000,206.0800
AAPL,2025-04-24 11:42:00,206.0900,206.0300
AAPL,2025-04-24 11:43:00,206.0400,206.0900
AAPL,2025-04-24 11:44:00,206.1100,206.0551
AAPL,2025-04-24 11:45:00,206.0500,206.0800
AAPL,2025-04-24 11:46:00,206.0900,206.0550
AAPL,2025-04-24 11:47:00,206.0500,205.9832
AAPL,2025-04-24 11:48:00,205.9900,205.9800
AAPL,2025-04-24 11:49:00,205.9850,206.2300
AAPL,2025-04-24 11:50:00,206.2300,206.1300
AAPL,2025-04-24 11:51:00,206.1384,206.2450
AAPL,2025-04-24 11:52:00,206.2200,206.3875
AAPL,2025-04-24 11:53:00,206.3820,206.5500
AAPL,2025-04-24 11:54:00,206.5400,206.6200
AAPL,2025-04-24 11:55:00,206.6200,206.5867
AAPL,2025-04-24 11:56:00,206.6200,206.2900
AAPL,2025-04-24 11:57:00,206.3000,206.2500
AAPL,2025-04-24 11:58:00,206.2500,206.1800
AAPL,2025-04-24 11:59:00,206.1900,206.0950
AAPL,2025-04-24 12:00:00,206.1100,206.0800
AAPL,2025-04-24 12:01:00,206.0800,205.9700
AAPL,2025-04-24 12:02:00,205.9300,206.0350
AAPL,2025-04-24 12:03:00,206.0200,206.0250
AAPL,2025-04-24 12:04:00,206.0100,206.0904
AAPL,2025-04-24 12:05:00,206.1200,205.9900
AAPL,2025-04-24 12:06:00,206.0125,205.9485
AAPL,2025-04-24 12:07:00,205.9308,205.8000
AAPL,2025-04-24 12:08:00,205.8400,205.7200
AAPL,2025-04-24 12:09:00,205.7500,205.7162
AAPL,2025-04-24 12:10:00,205.6900,205.7159
AAPL,2025-04-24 12:11:00,205.7100,205.8035
AAPL,2025-04-24 12:12:00,205.8300,205.8700
AAPL,2025-04-24 12:13:00,205.8800,206.0900
AAPL,2025-04-24 12:14:00,206.0959,206.1900
AAPL,2025-04-24 12:15:00,206.1700,206.2100
AAPL,2025-04-24 12:16:00,206.1900,206.2150
AAPL,2025-04-24 12:17:00,206.2150,206.3800
AAPL,2025-04-24 12:18:00,206.4000,206.3700
AAPL,2025-04-24 12:19:00,206.3606,206.2601
AAPL,2025-04-24 12:20:00,206.2700,206.2400
AAPL,2025-04-24 12:21:00,206.2450,206.2351
AAPL,2025-04-24 12:22:00,206.2300,206.1800
AAPL,2025-04-24 12:23:00,206.1900,206.2638
AAPL,2025-04-24 12:24:00,206.2800,205.9650
AAPL,2025-04-24 12:25:00,205.9680,205.9710
AAPL,2025-04-24 12:26:00,206.0200,205.9605
AAPL,2025-04-24 12:27:00,205.9700,206.0200
AAPL,2025-04-24 12:28:00,206.0300,206.3500
AAPL,2025-04-24 12:29:00,206.3600,206.3000
AAPL,2025-04-24 12:30:00,206.3000,206.3800
AAPL,2025-04-24 12:31:00,206.3600,206.3000
AAPL,2025-04-24 12:32:00,206.2800,206.4100
AAPL,2025-04-24 12:33:00,206.4300,206.3855
AAPL,2025-04-24 12:34:00,206.4070,206.5200
AAPL,2025-04-24 12:35:00,206.5200,206.5900
AAPL,2025-04-24 12:36:00,206.5850,206.6700
AAPL,2025-04-24 12:37:00,206.6700,206.4900
AAPL,2025-04-24 12:38:00,206.4900,206.4400
AAPL,2025-04-24 12:39:00,206.4500,206.3748
AAPL,2025-04-24 12:40:00,206.3500,206.3200
AAPL,2025-04-24 12:41:00,206.3400,206.0636
AAPL,2025-04-24 12:42:00,206.1000,206.1452
AAPL,2025-04-24 12:43:00,206.1300,206.0900
AAPL,2025-04-24 12:44:00,206.0900,206.1100
AAPL,2025-04-24 12:45:00,206.1200,205.8900
AAPL,2025-04-24 12:46:00,205.8850,205.9300
AAPL,2025-04-24 12:47:00,205.9250,206.0100
AAPL,2025-04-24 12:48:00,205.9900,206.1300
AAPL,2025-04-24 12:49:00,206.1300,206.1010
AAPL,2025-04-24 12:50:00,206.1000,206.0900
AAPL,2025-04-24 12:51:00,206.0997,206.1400
AAPL,2025-04-24 12:52:00,206.1500,206.1450
AAPL,2025-04-24 12:53:00,206.1200,206.1800
AAPL,2025-04-24 12:54:00,206.1700,206.3000
AAPL,2025-04-24 12:55:00,206.3200,206.2800
AAPL,2025-04-24 12:56:00,206.3000,206.5550
AAPL,2025-04-24 12:57:00,206.5780,206.6400
AAPL,2025-04-24 12:58:00,206.6500,206.6550
AAPL,2025-04-24 12:59:00,206.6500,206.5400
AAPL,2025-04-24 13:00:00,206.5400,206.3600
AAPL,2025-04-24 13:01:00,206.3500,206.3600
AAPL,2025-04-24 13:02:00,206.3650,206.4600
AAPL,2025-04-24 13:03:00,206.4600,206.6900
AAPL,2025-04-24 13:04:00,206.6768,206.5501
AAPL,2025-04-24 13:05:00,206.6000,206.6950
AAPL,2025-04-24 13:06:00,206.7000,206.6650
AAPL,2025-04-24 13:07:00,206.6400,206.6800
AAPL,2025-04-24 13:08:00,206.6800,206.8600
AAPL,2025-04-24 13:09:00,206.8500,206.5800
AAPL,2025-04-24 13:10:00,206.6200,206.6700
AAPL,2025-04-24 13:11:00,206.6550,206.7300
AAPL,2025-04-24 13:12:00,206.7500,206.7400
AAPL,2025-04-24 13:13:00,206.7650,206.6804
AAPL,2025-04-24 13:14:00,206.7000,206.8200
AAPL,2025-04-24 13:15:00,206.8200,206.7000
AAPL,2025-04-24 13:16:00,206.7200,206.4500
AAPL,2025-04-24 13:17:00,206.4750,206.3800
AAPL,2025-04-24 13:18:00,206.3657,206.1500
AAPL,2025-04-24 13:19:00,206.1800,206.2200
AAPL,2025-04-24 13:20:00,206.2300,206.2331
AAPL,2025-04-24 13:21:00,206.2250,206.4401
AAPL,2025-04-24 13:22:00,206.4500,206.6600
AAPL,2025-04-24 13:23:00,206.6219,206.7400
AAPL,2025-04-24 13:24:00,206.7200,206.7600
AAPL,2025-04-24 13:25:00,206.7600,206.9700
AAPL,2025-04-24 13:26:00,206.9695,206.9500
AAPL,2025-04-24 13:27:00,206.9500,206.8800
AAPL,2025-04-24 13:28:00,206.9000,206.9700
AAPL,2025-04-24 13:29:00,206.9500,206.9050
AAPL,2025-04-24 13:30:00,206.9200,207.1000
AAPL,2025-04-24 13:31:00,207.0926,207.0450
AAPL,2025-04-24 13:32:00,207.0444,207.0201
AAPL,2025-04-24 13:33:00,207.0200,206.8500
AAPL,2025-04-24 13:34:00,206.8699,206.7700
AAPL,2025-04-24 13:35:00,206.7460,206.7301
AAPL,2025-04-24 13:36:00,206.7700,206.9200
AAPL,2025-04-24 13:37:00,206.9200,206.9100
AAPL,2025-04-24 13:38:00,206.9104,206.9600
AAPL,2025-04-24 13:39:00,206.9400,206.9150
AAPL,2025-04-24 13:40:00,206.9096,206.8704
AAPL,2025-04-24 13:41:00,206.8800,206.7175
AAPL,2025-04-24 13:42:00,206.7000,206.7450
AAPL,2025-04-24 13:43:00,206.7500,206.6700
AAPL,2025-04-24 13:44:00,206.6650,206.7400
AAPL,2025-04-24 13:45:00,206.7384,206.6200
AAPL,2025-04-24 13:46:00,206.6200,206.7300
AAPL,2025-04-24 13:47:00,206.7600,206.9000
AAPL,2025-04-24 13:48:00,206.8600,206.6300
AAPL,2025-04-24 13:49:00,206.6699,206.8450
AAPL,2025-04-24 13:50:00,206.8600,206.8600
AAPL,2025-04-24 13:51:00,206.8700,206.9800
AAPL,2025-04-24 13:52:00,206.9830,206.9685
AAPL,2025-04-24 13:53:00,206.9540,206.9649
AAPL,2025-04-24 13:54:00,206.9700,207.0750
AAPL,2025-04-24 13:55:00,207.0800,207.0800
AAPL,2025-04-24 13:56:00,207.1100,207.2600
AAPL,2025-04-24 13:57:00,207.2600,207.2700
AAPL,2025-04-24 13:58:00,207.2650,207.4700
AAPL,2025-04-24 13:59:00,207.4700,207.4500
AAPL,2025-04-24 14:00:00,207.4400,207.4900
AAPL,2025-04-24 14:01:00,207.5000,207.5899
AAPL,2025-04-24 14:02:00,207.5850,207.5650
AAPL,2025-04-24 14:03:00,207.5887,207.5000
AAPL,2025-04-24 14:04:00,207.5000,207.4700
AAPL,2025-04-24 14:05:00,207.4800,207.4851
AAPL,2025-04-24 14:06:00,207.4800,207.6400
AAPL,2025-04-24 14:07:00,207.6500,207.7000
AAPL,2025-04-24 14:08:00,207.6900,207.7000
AAPL,2025-04-24 14:09:00,207.7100,207.5800
AAPL,2025-04-24 14:10:00,207.5600,207.3900
AAPL,2025-04-24 14:11:00,207.3900,207.4500
AAPL,2025-04-24 14:12:00,207.4500,207.3850
AAPL,2025-04-24 14:13:00,207.4050,207.4900
AAPL,2025-04-24 14:14:00,207.4868,207.4900
AAPL,2025-04-24 14:15:00,207.4800,207.5900
AAPL,2025-04-24 14:16:00,207.5600,207.5500
AAPL,2025-04-24 14:17:00,207.5300,207.1250
AAPL,2025-04-24 14:18:00,207.1400,207.1716
AAPL,2025-04-24 14:19:00,207.2100,207.2200
AAPL,2025-04-24 14:20:00,207.2000,207.1050
AAPL,2025-04-24 14:21:00,207.1200,207.1550
AAPL,2025-04-24 14:22:00,207.1314,207.2699
AAPL,2025-04-24 14:23:00,207.2300,207.1900
AAPL,2025-04-24 14:24:00,207.2100,207.2800
AAPL,2025-04-24 14:25:00,207.2850,207.2500
AAPL,2025-04-24 14:26:00,207.2500,207.2600
AAPL,2025-04-24 14:27:00,207.2800,207.3000
AAPL,2025-04-24 14:28:00,207.2900,207.2900
AAPL,2025-04-24 14:29:00,207.2900,207.2890
AAPL,2025-04-24 14:30:00,207.3000,207.6100
AAPL,2025-04-24 14:31:00,207.5894,207.7000
AAPL,2025-04-24 14:32:00,207.6850,207.6100
AAPL,2025-04-24 14:33:00,207.6200,207.7100
AAPL,2025-04-24 14:34:00,207.7200,207.7850
AAPL,2025-04-24 14:35:00,207.7700,207.9650
AAPL,2025-04-24 14:36:00,207.9800,208.0450
AAPL,2025-04-24 14:37:00,208.0385,208.0400
AAPL,2025-04-24 14:38:00,208.0400,208.0550
AAPL,2025-04-24 14:39:00,208.0500,208.0200
AAPL,2025-04-24 14:40:00,208.0300,207.9850
AAPL,2025-04-24 14:41:00,207.9750,207.8600
AAPL,2025-04-24 14:42:00,207.8400,207.9900
AAPL,2025-04-24 14:43:00,207.9800,207.9210
AAPL,2025-04-24 14:44:00,207.9100,207.9125
AAPL,2025-04-24 14:45:00,207.9100,207.8700
AAPL,2025-04-24 14:46:00,207.8700,207.8500
AAPL,2025-04-24 14:47:00,207.8600,207.9270
AAPL,2025-04-24 14:48:00,207.9300,207.8900
AAPL,2025-04-24 14:49:00,207.8900,207.8200
AAPL,2025-04-24 14:50:00,207.8200,207.9535
AAPL,2025-04-24 14:51:00,207.9550,207.9700
AAPL,2025-04-24 14:52:00,207.9733,208.0500
AAPL,2025-04-24 14:53:00,208.0300,207.9900
AAPL,2025-04-24 14:54:00,207.9800,207.8750
AAPL,2025-04-24 14:55:00,207.8750,207.8500
AAPL,2025-04-24 14:56:00,207.8500,207.8650
AAPL,2025-04-24 14:57:00,207.8800,207.9300
AAPL,2025-04-24 14:58:00,207.9300,207.9000
AAPL,2025-04-24 14:59:00,207.9100,207.8600
AAPL,2025-04-24 15:00:00,207.8500,207.8850
AAPL,2025-04-24 15:01:00,207.8700,207.7300
AAPL,2025-04-24 15:02:00,207.7350,207.7050
AAPL,2025-04-24 15:03:00,207.7100,207.7700
AAPL,2025-04-24 15:04:00,207.7600,207.5650
AAPL,2025-04-24 15:05:00,207.5800,207.6377
AAPL,2025-04-24 15:06:00,207.6500,207.6501
AAPL,2025-04-24 15:07:00,207.6500,207.6600
AAPL,2025-04-24 15:08:00,207.6400,207.7101
AAPL,2025-04-24 15:09:00,207.7399,207.6600
AAPL,2025-04-24 15:10:00,207.6700,207.6000
AAPL,2025-04-24 15:11:00,207.6100,207.5850
AAPL,2025-04-24 15:12:00,207.5801,207.6400
AAPL,2025-04-24 15:13:00,207.6500,207.4550
AAPL,2025-04-24 15:14:00,207.4466,207.5850
AAPL,2025-04-24 15:15:00,207.5900,207.6700
AAPL,2025-04-24 15:16:00,207.6600,207.7100
AAPL,2025-04-24 15:17:00,207.7250,207.8050
AAPL,2025-04-24 15:18:00,207.8050,207.7400
AAPL,2025-04-24 15:19:00,207.7500,207.6850
AAPL,2025-04-24 15:20:00,207.6800,207.5150
AAPL,2025-04-24 15:21:00,207.5000,207.6700
AAPL,2025-04-24 15:22:00,207.6500,207.6150
AAPL,2025-04-24 15:23:00,207.6000,207.4600
AAPL,2025-04-24 15:24:00,207.4500,207.4065
AAPL,2025-04-24 15:25:00,207.3900,207.4902
AAPL,2025-04-24 15:26:00,207.5000,207.4350
AAPL,2025-04-24 15:27:00,207.4275,207.4350
AAPL,2025-04-24 15:28:00,207.4500,207.2700
AAPL,2025-04-24 15:29:00,207.2600,207.1000
AAPL,2025-04-24 15:30:00,207.1100,207.3000
AAPL,2025-04-24 15:31:00,207.3100,207.4450
AAPL,2025-04-24 15:32:00,207.4400,207.3800
AAPL,2025-04-24 15:33:00,207.4000,207.3750
AAPL,2025-04-24 15:34:00,207.3862,207.3900
AAPL,2025-04-24 15:35:00,207.3600,207.5300
AAPL,2025-04-24 15:36:00,207.5500,207.5501
AAPL,2025-04-24 15:37:00,207.5700,207.6650
AAPL,2025-04-24 15:38:00,207.6660,207.7500
AAPL,2025-04-24 15:39:00,207.7600,207.6700
AAPL,2025-04-24 15:40:00,207.6650,207.7700
AAPL,2025-04-24 15:41:00,207.7850,207.8510
AAPL,2025-04-24 15:42:00,207.8500,208.0328
AAPL,2025-04-24 15:43:00,208.0350,207.9500
AAPL,2025-04-24 15:44:00,207.9400,207.9600
AAPL,2025-04-24 15:45:00,207.9650,208.1900
AAPL,2025-04-24 15:46:00,208.1800,208.2450
AAPL,2025-04-24 15:47:00,208.2400,208.1900
AAPL,2025-04-24 15:48:00,208.2050,208.2200
AAPL,2025-04-24 15:49:00,208.2200,208.3500
AAPL,2025-04-24 15:50:00,208.3700,208.3188
AAPL,2025-04-24 15:51:00,208.3200,208.1000
AAPL,2025-04-24 15:52:00,208.1090,208.4800
AAPL,2025-04-24 15:53:00,208.4900,208.5800
AAPL,2025-04-24 15:54:00,208.5900,208.6400
AAPL,2025-04-24 15:55:00,208.6550,208.6500
AAPL,2025-04-24 15:56:00,208.6600,208.5950
AAPL,2025-04-24 15:57:00,208.6000,208.4900
AAPL,2025-04-24 15:58:00,208.4800,208.3400
AAPL,2025-04-24 15:59:00,208.3500,208.2000
AAPL,2025-04-25 09:30:00,206.3650,207.7000
AAPL,2025-04-25 09:31:00,207.7000,207.4550
AAPL,2025-04-25 09:32:00,207.4550,206.7800
AAPL,2025-04-25 09:33:00,206.8100,207.4274
AAPL,2025-04-25 09:34:00,207.4150,207.5600
AAPL,2025-04-25 09:35:00,207.5700,207.6236
AAPL,2025-04-25 09:36:00,207.6000,208.0997
AAPL,2025-04-25 09:37:00,208.0700,208.0197
AAPL,2025-04-25 09:38:00,208.0000,208.1150
AAPL,2025-04-25 09:39:00,208.1150,208.0205
AAPL,2025-04-25 09:40:00,208.0450,208.0750
AAPL,2025-04-25 09:41:00,208.0639,208.1300
AAPL,2025-04-25 09:42:00,208.1800,208.1200
AAPL,2025-04-25 09:43:00,208.1000,208.1150
AAPL,2025-04-25 09:44:00,208.1550,208.0600
AAPL,2025-04-25 09:45:00,208.0600,209.0200
AAPL,2025-04-25 09:46:00,209.0650,208.5900
AAPL,2025-04-25 09:47:00,208.5745,208.6600
AAPL,2025-04-25 09:48:00,208.6100,208.4300
AAPL,2025-04-25 09:49:00,208.4596,208.2400
AAPL,2025-04-25 09:50:00,208.2800,208.6300
AAPL,2025-04-25 09:51:00,208.6700,208.2300
AAPL,2025-04-25 09:52:00,208.2194,208.1600
AAPL,2025-04-25 09:53:00,208.1500,208.0400
AAPL,2025-04-25 09:54:00,208.0100,208.1600
AAPL,2025-04-25 09:55:00,208.1800,208.2750
AAPL,2025-04-25 09:56:00,208.2900,207.9900
AAPL,2025-04-25 09:57:00,208.0000,207.9600
AAPL,2025-04-25 09:58:00,207.9400,208.1400
AAPL,2025-04-25 09:59:00,208.1000,208.2100
AAPL,2025-04-25 10:00:00,208.2300,208.6950
AAPL,2025-04-25 10:01:00,208.7000,208.9250
AAPL,2025-04-25 10:02:00,208.9250,209.0400
AAPL,2025-04-25 10:03:00,209.0640,208.4400
AAPL,2025-04-25 10:04:00,208.4100,208.1500
AAPL,2025-04-25 10:05:00,208.1200,208.1800
AAPL,2025-04-25 10:06:00,208.1950,208.6700
AAPL,2025-04-25 10:07:00,208.6100,208.7600
AAPL,2025-04-25 10:08:00,208.7600,208.6500
AAPL,2025-04-25 10:09:00,208.6600,208.5650
AAPL,2025-04-25 10:10:00,208.5600,208.4800
AAPL,2025-04-25 10:11:00,208.4850,208.1450
AAPL,2025-04-25 10:12:00,208.1580,208.1700
AAPL,2025-04-25 10:13:00,208.1600,208.0300
AAPL,2025-04-25 10:14:00,208.0700,208.3200
AAPL,2025-04-25 10:15:00,208.3386,208.0400
AAPL,2025-04-25 10:16:00,208.0800,208.0400
AAPL,2025-04-25 10:17:00,208.0400,208.5725
AAPL,2025-04-25 10:18:00,208.5800,208.2200
AAPL,2025-04-25 10:19:00,208.1700,207.9300
AAPL,2025-04-25 10:20:00,207.9197,207.7100
AAPL,2025-04-25 10:21:00,207.7500,207.2564
AAPL,2025-04-25 10:22:00,207.2300,206.9850
AAPL,2025-04-25 10:23:00,206.9700,207.0300
AAPL,2025-04-25 10:24:00,207.0196,207.2800
AAPL,2025-04-25 10:25:00,207.2900,207.1000
AAPL,2025-04-25 10:26:00,207.1600,206.9400
AAPL,2025-04-25 10:27:00,206.9000,206.6500
AAPL,2025-04-25 10:28:00,206.6308,206.6900
AAPL,2025-04-25 10:29:00,206.6800,206.6348
AAPL,2025-04-25 10:30:00,206.6400,206.7501
AAPL,2025-04-25 10:31:00,206.7550,206.8750
AAPL,2025-04-25 10:32:00,206.8750,207.0750
AAPL,2025-04-25 10:33:00,207.0600,207.2500
AAPL,2025-04-25 10:34:00,207.2500,207.2900
AAPL,2025-04-25 10:35:00,207.3100,207.2000
AAPL,2025-04-25 10:36:00,207.2200,207.2100
AAPL,2025-04-25 10:37:00,207.2250,207.2700
AAPL,2025-04-25 10:38:00,207.2912,207.2800
AAPL,2025-04-25 10:39:00,207.2600,207.1900
AAPL,2025-04-25 10:40:00,207.1800,207.6096
AAPL,2025-04-25 10:41:00,207.6300,207.6519
AAPL,2025-04-25 10:42:00,207.6400,207.7050
AAPL,2025-04-25 10:43:00,207.6800,207.3800
AAPL,2025-04-25 10:44:00,207.4300,207.5900
AAPL,2025-04-25 10:45:00,207.5900,207.3900
AAPL,2025-04-25 10:46:00,207.4000,207.0450
AAPL,2025-04-25 10:47:00,207.0600,207.0600
AAPL,2025-04-25 10:48:00,207.0650,207.1600
AAPL,2025-04-25 10:49:00,207.1750,207.3725
AAPL,2025-04-25 10:50:00,207.3900,207.0700
AAPL,2025-04-25 10:51:00,207.0500,207.0454
AAPL,2025-04-25 10:52:00,207.0400,207.0900
AAPL,2025-04-25 10:53:00,207.1050,207.2700
AAPL,2025-04-25 10:54:00,207.2944,207.1400
AAPL,2025-04-25 10:55:00,207.1350,207.1600
AAPL,2025-04-25 10:56:00,207.1700,207.0700
AAPL,2025-04-25 10:57:00,207.0700,207.2200
AAPL,2025-04-25 10:58:00,207.2200,207.1000
AAPL,2025-04-25 10:59:00,207.1200,207.3150
AAPL,2025-04-25 11:00:00,207.3100,207.1000
AAPL,2025-04-25 11:01:00,207.1400,207.1300
AAPL,2025-04-25 11:02:00,207.1200,207.1100
AAPL,2025-04-25 11:03:00,207.0900,207.0275
AAPL,2025-04-25 11:04:00,207.0500,207.0600
AAPL,2025-04-25 11:05:00,207.0600,207.3020
AAPL,2025-04-25 11:06:00,207.3000,207.3400
AAPL,2025-04-25 11:07:00,207.3858,207.3400
AAPL,2025-04-25 11:08:00,207.3600,207.3000
AAPL,2025-04-25 11:09:00,207.3100,207.3200
AAPL,2025-04-25 11:10:00,207.3348,207.5179
AAPL,2025-04-25 11:11:00,207.5100,207.4000
AAPL,2025-04-25 11:12:00,207.3962,207.4450
AAPL,2025-04-25 11:13:00,207.4450,207.4900
AAPL,2025-04-25 11:14:00,207.4900,207.5300
AAPL,2025-04-25 11:15:00,207.5100,207.2500
AAPL,2025-04-25 11:16:00,207.2700,207.1000
AAPL,2025-04-25 11:17:00,207.1150,207.0244
AAPL,2025-04-25 11:18:00,207.0200,207.2350
AAPL,2025-04-25 11:19:00,207.2350,207.2500
AAPL,2025-04-25 11:20:00,207.2400,207.2700
AAPL,2025-04-25 11:21:00,207.2700,207.2300
AAPL,2025-04-25 11:22:00,207.2550,207.2850
AAPL,2025-04-25 11:23:00,207.2900,207.2850
AAPL,2025-04-25 11:24:00,207.3000,207.2450
AAPL,2025-04-25 11:25:00,207.2550,207.2300
AAPL,2025-04-25 11:26:00,207.2600,207.2300
AAPL,2025-04-25 11:27:00,207.2500,207.2800
AAPL,2025-04-25 11:28:00,207.2750,207.1500
AAPL,2025-04-25 11:29:00,207.1400,207.1000
AAPL,2025-04-25 11:30:00,207.1100,207.1142
AAPL,2025-04-25 11:31:00,207.1382,207.2200
AAPL,2025-04-25 11:32:00,207.2200,207.1990
AAPL,2025-04-25 11:33:00,207.1944,207.2300
AAPL,2025-04-25 11:34:00,207.2400,207.0700
AAPL,2025-04-25 11:35:00,207.0750,206.9300
AAPL,2025-04-25 11:36:00,206.9100,206.8200
AAPL,2025-04-25 11:37:00,206.8400,206.8300
AAPL,2025-04-25 11:38:00,206.8400,206.7300
AAPL,2025-04-25 11:39:00,206.7200,206.9901
AAPL,2025-04-25 11:40:00,207.0066,207.0700
AAPL,2025-04-25 11:41:00,207.1000,207.2650
AAPL,2025-04-25 11:42:00,207.2700,207.3500
AAPL,2025-04-25 11:43:00,207.3500,206.9350
AAPL,2025-04-25 11:44:00,206.9500,206.9850
AAPL,2025-04-25 11:45:00,207.0450,207.0100
AAPL,2025-04-25 11:46:00,206.9900,206.9300
AAPL,2025-04-25 11:47:00,206.9394,207.0400
AAPL,2025-04-25 11:48:00,207.0650,207.0200
AAPL,2025-04-25 11:49:00,207.0200,207.0550
AAPL,2025-04-25 11:50:00,207.0729,207.1718
AAPL,2025-04-25 11:51:00,207.1860,207.2700
AAPL,2025-04-25 11:52:00,207.2250,207.3600
AAPL,2025-04-25 11:53:00,207.3700,207.4200
AAPL,2025-04-25 11:54:00,207.4300,207.5300
AAPL,2025-04-25 11:55:00,207.5450,207.5450
AAPL,2025-04-25 11:56:00,207.5450,207.5600
AAPL,2025-04-25 11:57:00,207.5400,207.4950
AAPL,2025-04-25 11:58:00,207.4700,207.5750
AAPL,2025-04-25 11:59:00,207.5600,207.5000
AAPL,2025-04-25 12:00:00,207.4900,207.5110
AAPL,2025-04-25 12:01:00,207.5200,207.7400
AAPL,2025-04-25 12:02:00,207.7300,207.7498
AAPL,2025-04-25 12:03:00,207.7550,207.7899
AAPL,2025-04-25 12:04:00,207.7800,207.8745
AAPL,2025-04-25 12:05:00,207.8650,207.8800
AAPL,2025-04-25 12:06:00,207.8800,207.7204
AAPL,2025-04-25 12:07:00,207.6950,207.6308
AAPL,2025-04-25 12:08:00,207.6550,207.8100
AAPL,2025-04-25 12:09:00,207.8000,207.7508
AAPL,2025-04-25 12:10:00,207.7300,207.9650
AAPL,2025-04-25 12:11:00,207.9500,207.7900
AAPL,2025-04-25 12:12:00,207.8185,207.9900
AAPL,2025-04-25 12:13:00,208.0000,207.8700
AAPL,2025-04-25 12:14:00,207.8800,208.0500
AAPL,2025-04-25 12:15:00,208.0200,208.1272
AAPL,2025-04-25 12:16:00,208.1350,208.2900
AAPL,2025-04-25 12:17:00,208.2787,208.1899
AAPL,2025-04-25 12:18:00,208.1700,208.2250
AAPL,2025-04-25 12:19:00,208.2200,208.3100
AAPL,2025-04-25 12:20:00,208.3200,208.2850
AAPL,2025-04-25 12:21:00,208.2850,208.3900
AAPL,2025-04-25 12:22:00,208.4100,208.5399
AAPL,2025-04-25 12:23:00,208.5200,208.6750
AAPL,2025-04-25 12:24:00,208.6750,208.8050
AAPL,2025-04-25 12:25:00,208.7945,208.9000
AAPL,2025-04-25 12:26:00,208.8950,208.7300
AAPL,2025-04-25 12:27:00,208.7300,208.6850
AAPL,2025-04-25 12:28:00,208.6800,208.7200
AAPL,2025-04-25 12:29:00,208.7100,208.5900
AAPL,2025-04-25 12:30:00,208.6000,208.5000
AAPL,2025-04-25 12:31:00,208.5000,208.5768
AAPL,2025-04-25 12:32:00,208.5900,208.5601
AAPL,2025-04-25 12:33:00,208.5800,208.6000
AAPL,2025-04-25 12:34:00,208.6000,208.6250
AAPL,2025-04-25 12:35:00,208.6200,208.6499
AAPL,2025-04-25 12:36:00,208.6500,208.7200
AAPL,2025-04-25 12:37:00,208.7200,208.7334
AAPL,2025-04-25 12:38:00,208.7400,208.7426
AAPL,2025-04-25 12:39:00,208.7400,208.7042
AAPL,2025-04-25 12:40:00,208.6910,208.6600
AAPL,2025-04-25 12:41:00,208.6600,208.7900
AAPL,2025-04-25 12:42:00,208.7700,208.6800
AAPL,2025-04-25 12:43:00,208.6900,208.7600
AAPL,2025-04-25 12:44:00,208.7900,208.8750
AAPL,2025-04-25 12:45:00,208.8600,208.7900
AAPL,2025-04-25 12:46:00,208.7824,208.6300
AAPL,2025-04-25 12:47:00,208.6500,208.3700
AAPL,2025-04-25 12:48:00,208.3850,208.4700
AAPL,2025-04-25 12:49:00,208.4700,208.6400
AAPL,2025-04-25 12:50:00,208.6300,208.5501
AAPL,2025-04-25 12:51:00,208.5850,208.6700
AAPL,2025-04-25 12:52:00,208.6800,208.7200
AAPL,2025-04-25 12:53:00,208.7400,208.7300
AAPL,2025-04-25 12:54:00,208.7300,208.7567
AAPL,2025-04-25 12:55:00,208.7600,208.7400
AAPL,2025-04-25 12:56:00,208.7300,208.7550
AAPL,2025-04-25 12:57:00,208.7700,208.6600
AAPL,2025-04-25 12:58:00,208.6900,208.6472
AAPL,2025-04-25 12:59:00,208.6400,208.6750
AAPL,2025-04-25 13:00:00,208.6600,208.7200
AAPL,2025-04-25 13:01:00,208.7350,208.7705
AAPL,2025-04-25 13:02:00,208.8000,208.8100
AAPL,2025-04-25 13:03:00,208.8100,208.8000
AAPL,2025-04-25 13:04:00,208.8050,208.9100
AAPL,2025-04-25 13:05:00,208.9056,208.9703
AAPL,2025-04-25 13:06:00,208.9800,208.9100
AAPL,2025-04-25 13:07:00,208.9000,209.0048
AAPL,2025-04-25 13:08:00,209.0104,208.9500
AAPL,2025-04-25 13:09:00,208.9200,208.8700
AAPL,2025-04-25 13:10:00,208.8500,208.9350
AAPL,2025-04-25 13:11:00,208.9400,209.0200
AAPL,2025-04-25 13:12:00,209.0300,208.9100
AAPL,2025-04-25 13:13:00,208.9300,209.0550
AAPL,2025-04-25 13:14:00,209.0400,208.9350
AAPL,2025-04-25 13:15:00,208.9410,208.7739
AAPL,2025-04-25 13:16:00,208.7750,208.8300
AAPL,2025-04-25 13:17:00,208.8300,208.9850
AAPL,2025-04-25 13:18:00,208.9988,208.9100
AAPL,2025-04-25 13:19:00,208.9000,208.9200
AAPL,2025-04-25 13:20:00,208.9400,208.9250
AAPL,2025-04-25 13:21:00,208.9250,209.0010
AAPL,2025-04-25 13:22:00,209.0000,209.1088
AAPL,2025-04-25 13:23:00,209.1200,209.1750
AAPL,2025-04-25 13:24:00,209.1680,209.0913
AAPL,2025-04-25 13:25:00,209.0850,209.0700
AAPL,2025-04-25 13:26:00,209.0750,209.2650
AAPL,2025-04-25 13:27:00,209.2650,209.4000
AAPL,2025-04-25 13:28:00,209.3800,209.3050
AAPL,2025-04-25 13:29:00,209.3088,209.3702
AAPL,2025-04-25 13:30:00,209.3900,209.0800
AAPL,2025-04-25 13:31:00,209.0600,209.0200
AAPL,2025-04-25 13:32:00,209.0300,209.2600
AAPL,2025-04-25 13:33:00,209.2800,209.2930
AAPL,2025-04-25 13:34:00,209.3000,209.1100
AAPL,2025-04-25 13:35:00,209.1300,209.1100
AAPL,2025-04-25 13:36:00,209.1200,209.1000
AAPL,2025-04-25 13:37:00,209.1007,209.0550
AAPL,2025-04-25 13:38:00,209.0400,208.3800
AAPL,2025-04-25 13:39:00,208.3976,208.1300
AAPL,2025-04-25 13:40:00,208.1495,208.2100
AAPL,2025-04-25 13:41:00,208.2150,208.3900
AAPL,2025-04-25 13:42:00,208.3955,208.2400
AAPL,2025-04-25 13:43:00,208.2400,208.2300
AAPL,2025-04-25 13:44:00,208.2300,208.3150
AAPL,2025-04-25 13:45:00,208.3500,208.1100
AAPL,2025-04-25 13:46:00,208.1500,208.2452
AAPL,2025-04-25 13:47:00,208.2200,208.2420
AAPL,2025-04-25 13:48:00,208.2200,208.0550
AAPL,2025-04-25 13:49:00,208.0500,208.1500
AAPL,2025-04-25 13:50:00,208.1350,207.9000
AAPL,2025-04-25 13:51:00,207.8550,207.9150
AAPL,2025-04-25 13:52:00,207.9300,207.6550
AAPL,2025-04-25 13:53:00,207.6700,207.7412
AAPL,2025-04-25 13:54:00,207.7000,207.6620
AAPL,2025-04-25 13:55:00,207.6800,207.6200
AAPL,2025-04-25 13:56:00,207.6100,207.6900
AAPL,2025-04-25 13:57:00,207.6900,207.8024
AAPL,2025-04-25 13:58:00,207.7900,207.9300
AAPL,2025-04-25 13:59:00,207.9300,208.1000
AAPL,2025-04-25 14:00:00,208.0900,208.0000
AAPL,2025-04-25 14:01:00,207.9900,207.9800
AAPL,2025-04-25 14:02:00,208.0100,208.2900
AAPL,2025-04-25 14:03:00,208.2850,208.4900
AAPL,2025-04-25 14:04:00,208.4500,208.4000
AAPL,2025-04-25 14:05:00,208.4198,208.4225
AAPL,2025-04-25 14:06:00,208.4000,208.5900
AAPL,2025-04-25 14:07:00,208.5900,208.6100
AAPL,2025-04-25 14:08:00,208.6000,208.6650
AAPL,2025-04-25 14:09:00,208.6650,208.6300
AAPL,2025-04-25 14:10:00,208.6300,208.5100
AAPL,2025-04-25 14:11:00,208.5200,208.4100
AAPL,2025-04-25 14:12:00,208.3900,208.4300
AAPL,2025-04-25 14:13:00,208.4500,208.4900
AAPL,2025-04-25 14:14:00,208.4900,208.4174
AAPL,2025-04-25 14:15:00,208.3950,208.4900
AAPL,2025-04-25 14:16:00,208.5000,208.6177
AAPL,2025-04-25 14:17:00,208.6100,208.7097
AAPL,2025-04-25 14:18:00,208.6950,208.7400
AAPL,2025-04-25 14:19:00,208.7200,208.7300
AAPL,2025-04-25 14:20:00,208.7300,208.7600
AAPL,2025-04-25 14:21:00,208.7500,208.7100
AAPL,2025-04-25 14:22:00,208.7100,208.6600
AAPL,2025-04-25 14:23:00,208.6800,208.7100
AAPL,2025-04-25 14:24:00,208.6905,208.6378
AAPL,2025-04-25 14:25:00,208.6445,208.6100
AAPL,2025-04-25 14:26:00,208.6200,208.6700
AAPL,2025-04-25 14:27:00,208.6700,208.4511
AAPL,2025-04-25 14:28:00,208.4350,208.4900
AAPL,2025-04-25 14:29:00,208.4900,208.5045
AAPL,2025-04-25 14:30:00,208.5100,208.5000
AAPL,2025-04-25 14:31:00,208.4846,208.6000
AAPL,2025-04-25 14:32:00,208.5900,208.6389
AAPL,2025-04-25 14:33:00,208.6350,208.5050
AAPL,2025-04-25 14:34:00,208.4800,208.5250
AAPL,2025-04-25 14:35:00,208.5100,208.6800
AAPL,2025-04-25 14:36:00,208.6710,208.6450
AAPL,2025-04-25 14:37:00,208.6700,208.5400
AAPL,2025-04-25 14:38:00,208.5300,208.5100
AAPL,2025-04-25 14:39:00,208.5200,208.4703
AAPL,2025-04-25 14:40:00,208.4900,208.5800
AAPL,2025-04-25 14:41:00,208.5900,208.6100
AAPL,2025-04-25 14:42:00,208.6300,208.6400
AAPL,2025-04-25 14:43:00,208.6400,208.7550
AAPL,2025-04-25 14:44:00,208.7400,208.6500
AAPL,2025-04-25 14:45:00,208.6500,208.6300
AAPL,2025-04-25 14:46:00,208.6600,208.7600
AAPL,2025-04-25 14:47:00,208.7400,208.7050
AAPL,2025-04-25 14:48:00,208.7000,208.7700
AAPL,2025-04-25 14:49:00,208.7900,208.6800
AAPL,2025-04-25 14:50:00,208.6700,208.5100
AAPL,2025-04-25 14:51:00,208.5400,208.3450
AAPL,2025-04-25 14:52:00,208.3600,208.2000
AAPL,2025-04-25 14:53:00,208.1831,208.5000
AAPL,2025-04-25 14:54:00,208.4900,208.6600
AAPL,2025-04-25 14:55:00,208.6400,208.5200
AAPL,2025-04-25 14:56:00,208.5150,208.2900
AAPL,2025-04-25 14:57:00,208.2900,208.3800
AAPL,2025-04-25 14:58:00,208.3800,208.4600
AAPL,2025-04-25 14:59:00,208.4500,208.3800
AAPL,2025-04-25 15:00:00,208.3800,208.3700
AAPL,2025-04-25 15:01:00,208.3700,208.5000
AAPL,2025-04-25 15:02:00,208.5000,208.5255
AAPL,2025-04-25 15:03:00,208.5001,208.6350
AAPL,2025-04-25 15:04:00,208.6400,208.7100
AAPL,2025-04-25 15:05:00,208.7150,208.8200
AAPL,2025-04-25 15:06:00,208.8180,208.7650
AAPL,2025-04-25 15:07:00,208.7600,208.6400
AAPL,2025-04-25 15:08:00,208.6450,208.5550
AAPL,2025-04-25 15:09:00,208.5500,208.5550
AAPL,2025-04-25 15:10:00,208.5550,208.5595
AAPL,2025-04-25 15:11:00,208.5425,208.3900
AAPL,2025-04-25 15:12:00,208.3800,208.4100
AAPL,2025-04-25 15:13:00,208.4100,208.3700
AAPL,2025-04-25 15:14:00,208.3800,208.5250
AAPL,2025-04-25 15:15:00,208.5400,208.2900
AAPL,2025-04-25 15:16:00,208.3000,208.4300
AAPL,2025-04-25 15:17:00,208.4100,208.4700
AAPL,2025-04-25 15:18:00,208.4750,208.4400
AAPL,2025-04-25 15:19:00,208.4300,208.3300
AAPL,2025-04-25 15:20:00,208.3400,208.4650
AAPL,2025-04-25 15:21:00,208.4610,208.6300
AAPL,2025-04-25 15:22:00,208.6220,208.5700
AAPL,2025-04-25 15:23:00,208.5900,208.6200
AAPL,2025-04-25 15:24:00,208.6210,208.6300
AAPL,2025-04-25 15:25:00,208.6299,208.6300
AAPL,2025-04-25 15:26:00,208.6200,208.4450
AAPL,2025-04-25 15:27:00,208.4484,208.4301
AAPL,2025-04-25 15:28:00,208.4500,208.2650
AAPL,2025-04-25 15:29:00,208.2799,208.2200
AAPL,2025-04-25 15:30:00,208.2100,208.0900
AAPL,2025-04-25 15:31:00,208.0850,208.1400
AAPL,2025-04-25 15:32:00,208.1500,208.2000
AAPL,2025-04-25 15:33:00,208.1800,208.3300
AAPL,2025-04-25 15:34:00,208.3350,208.3024
AAPL,2025-04-25 15:35:00,208.3100,208.3800
AAPL,2025-04-25 15:36:00,208.3700,208.2600
AAPL,2025-04-25 15:37:00,208.2700,208.2518
AAPL,2025-04-25 15:38:00,208.2553,208.2350
AAPL,2025-04-25 15:39:00,208.2200,208.1400
AAPL,2025-04-25 15:40:00,208.1300,208.0300
AAPL,2025-04-25 15:41:00,208.0400,208.0200
AAPL,2025-04-25 15:42:00,208.0150,208.2300
AAPL,2025-04-25 15:43:00,208.2210,208.3199
AAPL,2025-04-25 15:44:00,208.3200,208.3400
AAPL,2025-04-25 15:45:00,208.3300,208.2800
AAPL,2025-04-25 15:46:00,208.2800,208.1300
AAPL,2025-04-25 15:47:00,208.1100,208.1550
AAPL,2025-04-25 15:48:00,208.1600,208.3300
AAPL,2025-04-25 15:49:00,208.3650,208.4100
AAPL,2025-04-25 15:50:00,208.4500,208.9900
AAPL,2025-04-25 15:51:00,208.9800,208.8099
AAPL,2025-04-25 15:52:00,208.8000,208.9875
AAPL,2025-04-25 15:53:00,208.9900,209.1518
AAPL,2025-04-25 15:54:00,209.1800,209.1200
AAPL,2025-04-25 15:55:00,209.1300,209.1350
AAPL,2025-04-25 15:56:00,209.1500,209.2700
AAPL,2025-04-25 15:57:00,209.2900,209.2800
AAPL,2025-04-25 15:58:00,209.2700,209.2300
AAPL,2025-04-25 15:59:00,209.2300,209.2300
