STOCK_SYMBOL,DATE_TIME,OPEN_PRICE,CLOSE_PRICE
AMD,2025-04-14 09:30:00,97.1100,96.8500
AMD,2025-04-14 09:31:00,96.8200,96.9000
AMD,2025-04-14 09:32:00,96.9050,97.0761
AMD,2025-04-14 09:33:00,97.0500,96.8975
AMD,2025-04-14 09:34:00,96.9100,96.7800
AMD,2025-04-14 09:35:00,96.7300,96.6920
AMD,2025-04-14 09:36:00,96.6950,96.0600
AMD,2025-04-14 09:37:00,96.0700,95.8600
AMD,2025-04-14 09:38:00,95.8600,95.7900
AMD,2025-04-14 09:39:00,95.7900,95.6200
AMD,2025-04-14 09:40:00,95.6100,95.5500
AMD,2025-04-14 09:41:00,95.5690,95.0350
AMD,2025-04-14 09:42:00,95.0250,95.0150
AMD,2025-04-14 09:43:00,95.0300,94.5900
AMD,2025-04-14 09:44:00,94.5600,94.9401
AMD,2025-04-14 09:45:00,94.9700,95.0100
AMD,2025-04-14 09:46:00,95.0200,94.6000
AMD,2025-04-14 09:47:00,94.5850,94.8428
AMD,2025-04-14 09:48:00,94.8301,95.1698
AMD,2025-04-14 09:49:00,95.1550,95.1500
AMD,2025-04-14 09:50:00,95.1500,95.3450
AMD,2025-04-14 09:51:00,95.3600,95.1600
AMD,2025-04-14 09:52:00,95.1597,95.0496
AMD,2025-04-14 09:53:00,95.0000,95.2834
AMD,2025-04-14 09:54:00,95.2900,95.3000
AMD,2025-04-14 09:55:00,95.3000,95.2043
AMD,2025-04-14 09:56:00,95.1200,95.1200
AMD,2025-04-14 09:57:00,95.1050,94.8110
AMD,2025-04-14 09:58:00,94.8100,94.8750
AMD,2025-04-14 09:59:00,94.8900,94.5725
AMD,2025-04-14 10:00:00,94.5700,94.6800
AMD,2025-04-14 10:01:00,94.7200,94.8750
AMD,2025-04-14 10:02:00,94.8800,95.3300
AMD,2025-04-14 10:03:00,95.3500,95.6251
AMD,2025-04-14 10:04:00,95.6150,95.7445
AMD,2025-04-14 10:05:00,95.7500,95.9450
AMD,2025-04-14 10:06:00,95.9500,95.6800
AMD,2025-04-14 10:07:00,95.6700,95.5901
AMD,2025-04-14 10:08:00,95.6200,95.5201
AMD,2025-04-14 10:09:00,95.5300,95.4400
AMD,2025-04-14 10:10:00,95.4500,95.2500
AMD,2025-04-14 10:11:00,95.2700,95.3800
AMD,2025-04-14 10:12:00,95.3800,95.3900
AMD,2025-04-14 10:13:00,95.3900,95.5600
AMD,2025-04-14 10:14:00,95.6100,95.4724
AMD,2025-04-14 10:15:00,95.4700,95.2700
AMD,2025-04-14 10:16:00,95.2604,95.2988
AMD,2025-04-14 10:17:00,95.3000,95.1300
AMD,2025-04-14 10:18:00,95.1402,95.2610
AMD,2025-04-14 10:19:00,95.3000,95.4700
AMD,2025-04-14 10:20:00,95.4700,95.4700
AMD,2025-04-14 10:21:00,95.4700,95.4400
AMD,2025-04-14 10:22:00,95.4500,95.4300
AMD,2025-04-14 10:23:00,95.4400,95.3600
AMD,2025-04-14 10:24:00,95.3500,95.6100
AMD,2025-04-14 10:25:00,95.6100,95.6600
AMD,2025-04-14 10:26:00,95.6800,95.8250
AMD,2025-04-14 10:27:00,95.8400,95.8000
AMD,2025-04-14 10:28:00,95.8196,95.8860
AMD,2025-04-14 10:29:00,95.9000,95.7900
AMD,2025-04-14 10:30:00,95.7900,95.7600
AMD,2025-04-14 10:31:00,95.7650,96.0665
AMD,2025-04-14 10:32:00,96.0500,96.0850
AMD,2025-04-14 10:33:00,96.1198,96.1800
AMD,2025-04-14 10:34:00,96.1999,96.1000
AMD,2025-04-14 10:35:00,96.0900,96.2350
AMD,2025-04-14 10:36:00,96.2650,96.2200
AMD,2025-04-14 10:37:00,96.2500,96.1650
AMD,2025-04-14 10:38:00,96.1650,96.3050
AMD,2025-04-14 10:39:00,96.2900,96.3950
AMD,2025-04-14 10:40:00,96.3950,96.0595
AMD,2025-04-14 10:41:00,96.0500,96.3250
AMD,2025-04-14 10:42:00,96.3250,96.1097
AMD,2025-04-14 10:43:00,96.0950,96.1900
AMD,2025-04-14 10:44:00,96.2200,96.0200
AMD,2025-04-14 10:45:00,96.0400,96.2393
AMD,2025-04-14 10:46:00,96.2291,96.0400
AMD,2025-04-14 10:47:00,96.0400,96.3100
AMD,2025-04-14 10:48:00,96.3000,96.1950
AMD,2025-04-14 10:49:00,96.2000,96.1100
AMD,2025-04-14 10:50:00,96.1600,96.1900
AMD,2025-04-14 10:51:00,96.1950,96.1200
AMD,2025-04-14 10:52:00,96.1100,96.1550
AMD,2025-04-14 10:53:00,96.1467,96.1300
AMD,2025-04-14 10:54:00,96.1500,96.1950
AMD,2025-04-14 10:55:00,96.2100,96.0000
AMD,2025-04-14 10:56:00,95.9900,95.7800
AMD,2025-04-14 10:57:00,95.7900,95.8300
AMD,2025-04-14 10:58:00,95.8500,95.6300
AMD,2025-04-14 10:59:00,95.6250,95.6350
AMD,2025-04-14 11:00:00,95.6200,95.4196
AMD,2025-04-14 11:01:00,95.4150,95.5200
AMD,2025-04-14 11:02:00,95.5300,95.5196
AMD,2025-04-14 11:03:00,95.5400,95.4700
AMD,2025-04-14 11:04:00,95.4600,95.3696
AMD,2025-04-14 11:05:00,95.3800,95.3800
AMD,2025-04-14 11:06:00,95.3600,95.4700
AMD,2025-04-14 11:07:00,95.4983,95.4700
AMD,2025-04-14 11:08:00,95.4800,95.5500
AMD,2025-04-14 11:09:00,95.5700,95.6350
AMD,2025-04-14 11:10:00,95.6200,95.8249
AMD,2025-04-14 11:11:00,95.8450,95.7250
AMD,2025-04-14 11:12:00,95.7200,95.5000
AMD,2025-04-14 11:13:00,95.5100,95.4650
AMD,2025-04-14 11:14:00,95.4540,95.3500
AMD,2025-04-14 11:15:00,95.3500,95.3950
AMD,2025-04-14 11:16:00,95.4000,95.2950
AMD,2025-04-14 11:17:00,95.2900,95.1900
AMD,2025-04-14 11:18:00,95.1750,95.3158
AMD,2025-04-14 11:19:00,95.3100,95.3699
AMD,2025-04-14 11:20:00,95.3640,95.2400
AMD,2025-04-14 11:21:00,95.2400,95.3600
AMD,2025-04-14 11:22:00,95.3800,95.3800
AMD,2025-04-14 11:23:00,95.3500,95.2100
AMD,2025-04-14 11:24:00,95.1800,95.1700
AMD,2025-04-14 11:25:00,95.1600,94.9971
AMD,2025-04-14 11:26:00,94.9852,94.8550
AMD,2025-04-14 11:27:00,94.8500,94.7100
AMD,2025-04-14 11:28:00,94.7100,94.6300
AMD,2025-04-14 11:29:00,94.6200,94.5000
AMD,2025-04-14 11:30:00,94.5300,94.6400
AMD,2025-04-14 11:31:00,94.6291,94.7600
AMD,2025-04-14 11:32:00,94.7600,94.7350
AMD,2025-04-14 11:33:00,94.7500,94.7300
AMD,2025-04-14 11:34:00,94.7000,94.7400
AMD,2025-04-14 11:35:00,94.7500,94.6450
AMD,2025-04-14 11:36:00,94.6400,94.6550
AMD,2025-04-14 11:37:00,94.6600,94.3864
AMD,2025-04-14 11:38:00,94.3900,94.2300
AMD,2025-04-14 11:39:00,94.2200,94.3200
AMD,2025-04-14 11:40:00,94.3350,94.2700
AMD,2025-04-14 11:41:00,94.2703,94.2459
AMD,2025-04-14 11:42:00,94.2400,94.1800
AMD,2025-04-14 11:43:00,94.1600,94.2500
AMD,2025-04-14 11:44:00,94.2500,94.5400
AMD,2025-04-14 11:45:00,94.5450,94.1260
AMD,2025-04-14 11:46:00,94.1000,93.8350
AMD,2025-04-14 11:47:00,93.8488,93.8950
AMD,2025-04-14 11:48:00,93.8650,93.6600
AMD,2025-04-14 11:49:00,93.6700,93.7900
AMD,2025-04-14 11:50:00,93.7504,93.7600
AMD,2025-04-14 11:51:00,93.7300,93.6497
AMD,2025-04-14 11:52:00,93.6350,93.6400
AMD,2025-04-14 11:53:00,93.6400,93.8600
AMD,2025-04-14 11:54:00,93.8600,93.9150
AMD,2025-04-14 11:55:00,93.9100,94.0899
AMD,2025-04-14 11:56:00,94.0900,94.2098
AMD,2025-04-14 11:57:00,94.2000,94.2250
AMD,2025-04-14 11:58:00,94.2200,93.9800
AMD,2025-04-14 11:59:00,93.9700,93.8100
AMD,2025-04-14 12:00:00,93.8100,93.9401
AMD,2025-04-14 12:01:00,93.9700,94.1400
AMD,2025-04-14 12:02:00,94.1650,94.1188
AMD,2025-04-14 12:03:00,94.1199,93.9750
AMD,2025-04-14 12:04:00,93.9750,94.2846
AMD,2025-04-14 12:05:00,94.2810,94.2100
AMD,2025-04-14 12:06:00,94.1900,94.1600
AMD,2025-04-14 12:07:00,94.1550,94.1500
AMD,2025-04-14 12:08:00,94.1450,94.1900
AMD,2025-04-14 12:09:00,94.1750,94.1000
AMD,2025-04-14 12:10:00,94.1000,94.0000
AMD,2025-04-14 12:11:00,93.9950,93.6345
AMD,2025-04-14 12:12:00,93.5800,93.9100
AMD,2025-04-14 12:13:00,93.9100,93.9700
AMD,2025-04-14 12:14:00,93.9700,94.0750
AMD,2025-04-14 12:15:00,94.0697,94.1750
AMD,2025-04-14 12:16:00,94.2500,94.1500
AMD,2025-04-14 12:17:00,94.1650,94.1000
AMD,2025-04-14 12:18:00,94.0900,94.2500
AMD,2025-04-14 12:19:00,94.2650,94.4600
AMD,2025-04-14 12:20:00,94.4350,94.4950
AMD,2025-04-14 12:21:00,94.4900,94.8000
AMD,2025-04-14 12:22:00,94.8150,94.4750
AMD,2025-04-14 12:23:00,94.4889,94.2400
AMD,2025-04-14 12:24:00,94.2200,94.3800
AMD,2025-04-14 12:25:00,94.3900,94.3300
AMD,2025-04-14 12:26:00,94.3100,94.2300
AMD,2025-04-14 12:27:00,94.2100,93.9850
AMD,2025-04-14 12:28:00,93.9900,94.1800
AMD,2025-04-14 12:29:00,94.2100,94.2450
AMD,2025-04-14 12:30:00,94.2300,94.4700
AMD,2025-04-14 12:31:00,94.4600,94.6100
AMD,2025-04-14 12:32:00,94.5700,94.5800
AMD,2025-04-14 12:33:00,94.5800,94.6600
AMD,2025-04-14 12:34:00,94.6500,94.7300
AMD,2025-04-14 12:35:00,94.7000,94.7400
AMD,2025-04-14 12:36:00,94.7400,94.9200
AMD,2025-04-14 12:37:00,94.9191,94.8800
AMD,2025-04-14 12:38:00,94.9000,94.8550
AMD,2025-04-14 12:39:00,94.8600,94.8000
AMD,2025-04-14 12:40:00,94.8000,94.8950
AMD,2025-04-14 12:41:00,94.9150,94.9500
AMD,2025-04-14 12:42:00,94.9400,94.7200
AMD,2025-04-14 12:43:00,94.7000,94.9000
AMD,2025-04-14 12:44:00,94.8950,94.9500
AMD,2025-04-14 12:45:00,94.9500,94.8500
AMD,2025-04-14 12:46:00,94.8900,94.9000
AMD,2025-04-14 12:47:00,94.8603,94.8550
AMD,2025-04-14 12:48:00,94.8500,94.8050
AMD,2025-04-14 12:49:00,94.7500,94.6700
AMD,2025-04-14 12:50:00,94.6700,94.5100
AMD,2025-04-14 12:51:00,94.5000,94.4000
AMD,2025-04-14 12:52:00,94.4050,94.3300
AMD,2025-04-14 12:53:00,94.3350,94.5326
AMD,2025-04-14 12:54:00,94.5565,94.6050
AMD,2025-04-14 12:55:00,94.6200,94.4850
AMD,2025-04-14 12:56:00,94.5000,94.2400
AMD,2025-04-14 12:57:00,94.2200,94.1300
AMD,2025-04-14 12:58:00,94.1300,94.0904
AMD,2025-04-14 12:59:00,94.0820,94.1300
AMD,2025-04-14 13:00:00,94.1500,94.8350
AMD,2025-04-14 13:01:00,94.8605,94.8617
AMD,2025-04-14 13:02:00,94.8700,94.7800
AMD,2025-04-14 13:03:00,94.7900,94.6100
AMD,2025-04-14 13:04:00,94.6050,94.7200
AMD,2025-04-14 13:05:00,94.7653,94.7100
AMD,2025-04-14 13:06:00,94.7090,94.7000
AMD,2025-04-14 13:07:00,94.7000,94.6100
AMD,2025-04-14 13:08:00,94.5900,94.6700
AMD,2025-04-14 13:09:00,94.6200,94.8000
AMD,2025-04-14 13:10:00,94.8000,94.7250
AMD,2025-04-14 13:11:00,94.7400,94.8100
AMD,2025-04-14 13:12:00,94.8499,94.8800
AMD,2025-04-14 13:13:00,94.8800,94.8450
AMD,2025-04-14 13:14:00,94.8400,94.7700
AMD,2025-04-14 13:15:00,94.7600,94.6600
AMD,2025-04-14 13:16:00,94.6450,94.5900
AMD,2025-04-14 13:17:00,94.5900,94.7500
AMD,2025-04-14 13:18:00,94.7600,94.9800
AMD,2025-04-14 13:19:00,94.9755,95.0150
AMD,2025-04-14 13:20:00,95.0141,95.0000
AMD,2025-04-14 13:21:00,95.0050,95.0400
AMD,2025-04-14 13:22:00,95.0000,95.1100
AMD,2025-04-14 13:23:00,95.1100,95.0900
AMD,2025-04-14 13:24:00,95.1250,95.1700
AMD,2025-04-14 13:25:00,95.1950,95.0554
AMD,2025-04-14 13:26:00,95.0200,95.0300
AMD,2025-04-14 13:27:00,95.0400,94.9500
AMD,2025-04-14 13:28:00,94.9600,94.8600
AMD,2025-04-14 13:29:00,94.8600,94.8100
AMD,2025-04-14 13:30:00,94.7800,94.9200
AMD,2025-04-14 13:31:00,94.9400,94.6700
AMD,2025-04-14 13:32:00,94.6900,94.8700
AMD,2025-04-14 13:33:00,94.8747,94.9600
AMD,2025-04-14 13:34:00,94.9600,94.8100
AMD,2025-04-14 13:35:00,94.8050,94.9200
AMD,2025-04-14 13:36:00,94.9200,94.8250
AMD,2025-04-14 13:37:00,94.8000,94.8400
AMD,2025-04-14 13:38:00,94.8400,94.7500
AMD,2025-04-14 13:39:00,94.7514,94.8500
AMD,2025-04-14 13:40:00,94.8500,94.7300
AMD,2025-04-14 13:41:00,94.7500,94.8600
AMD,2025-04-14 13:42:00,94.8800,94.9700
AMD,2025-04-14 13:43:00,94.9750,94.8500
AMD,2025-04-14 13:44:00,94.8500,94.6800
AMD,2025-04-14 13:45:00,94.6400,94.8253
AMD,2025-04-14 13:46:00,94.8400,94.6800
AMD,2025-04-14 13:47:00,94.6700,94.5750
AMD,2025-04-14 13:48:00,94.6000,94.7700
AMD,2025-04-14 13:49:00,94.7750,94.7900
AMD,2025-04-14 13:50:00,94.8099,94.8000
AMD,2025-04-14 13:51:00,94.7800,94.9650
AMD,2025-04-14 13:52:00,94.9750,95.0000
AMD,2025-04-14 13:53:00,95.0500,95.2424
AMD,2025-04-14 13:54:00,95.2000,95.0575
AMD,2025-04-14 13:55:00,95.0599,95.1200
AMD,2025-04-14 13:56:00,95.1434,95.0050
AMD,2025-04-14 13:57:00,95.0150,95.1100
AMD,2025-04-14 13:58:00,95.1400,95.0900
AMD,2025-04-14 13:59:00,95.0900,95.1050
AMD,2025-04-14 14:00:00,95.1200,95.2356
AMD,2025-04-14 14:01:00,95.2500,95.2800
AMD,2025-04-14 14:02:00,95.3000,95.3650
AMD,2025-04-14 14:03:00,95.3300,95.4400
AMD,2025-04-14 14:04:00,95.3950,95.4400
AMD,2025-04-14 14:05:00,95.4400,95.3300
AMD,2025-04-14 14:06:00,95.3400,95.5350
AMD,2025-04-14 14:07:00,95.5450,95.4353
AMD,2025-04-14 14:08:00,95.4500,95.5598
AMD,2025-04-14 14:09:00,95.5595,95.5400
AMD,2025-04-14 14:10:00,95.5300,95.4850
AMD,2025-04-14 14:11:00,95.4600,95.3900
AMD,2025-04-14 14:12:00,95.3800,95.2900
AMD,2025-04-14 14:13:00,95.3200,95.4000
AMD,2025-04-14 14:14:00,95.4000,95.4300
AMD,2025-04-14 14:15:00,95.4136,95.3500
AMD,2025-04-14 14:16:00,95.3700,95.4500
AMD,2025-04-14 14:17:00,95.4502,95.4999
AMD,2025-04-14 14:18:00,95.5098,95.5000
AMD,2025-04-14 14:19:00,95.5150,95.5800
AMD,2025-04-14 14:20:00,95.5700,95.6500
AMD,2025-04-14 14:21:00,95.6300,95.6722
AMD,2025-04-14 14:22:00,95.6800,95.7998
AMD,2025-04-14 14:23:00,95.7990,95.7800
AMD,2025-04-14 14:24:00,95.7800,95.7900
AMD,2025-04-14 14:25:00,95.8000,95.7200
AMD,2025-04-14 14:26:00,95.7300,95.7200
AMD,2025-04-14 14:27:00,95.7300,95.8308
AMD,2025-04-14 14:28:00,95.8300,95.7650
AMD,2025-04-14 14:29:00,95.7650,95.7350
AMD,2025-04-14 14:30:00,95.7100,95.7900
AMD,2025-04-14 14:31:00,95.8000,95.9850
AMD,2025-04-14 14:32:00,95.9800,95.9650
AMD,2025-04-14 14:33:00,95.9740,95.8650
AMD,2025-04-14 14:34:00,95.8600,95.9200
AMD,2025-04-14 14:35:00,95.9100,95.9390
AMD,2025-04-14 14:36:00,95.8950,95.7850
AMD,2025-04-14 14:37:00,95.7900,95.9300
AMD,2025-04-14 14:38:00,95.9300,95.9100
AMD,2025-04-14 14:39:00,95.9200,95.9000
AMD,2025-04-14 14:40:00,95.9100,95.9300
AMD,2025-04-14 14:41:00,95.9600,95.9400
AMD,2025-04-14 14:42:00,95.9400,95.9000
AMD,2025-04-14 14:43:00,95.9100,95.9600
AMD,2025-04-14 14:44:00,95.9800,96.0200
AMD,2025-04-14 14:45:00,96.0199,95.9000
AMD,2025-04-14 14:46:00,95.9000,95.7750
AMD,2025-04-14 14:47:00,95.7700,95.7000
AMD,2025-04-14 14:48:00,95.7100,95.7200
AMD,2025-04-14 14:49:00,95.7300,95.7100
AMD,2025-04-14 14:50:00,95.7300,95.7100
AMD,2025-04-14 14:51:00,95.7150,95.5960
AMD,2025-04-14 14:52:00,95.6050,95.6400
AMD,2025-04-14 14:53:00,95.6300,95.6100
AMD,2025-04-14 14:54:00,95.6200,95.6078
AMD,2025-04-14 14:55:00,95.6100,95.5500
AMD,2025-04-14 14:56:00,95.5600,95.5900
AMD,2025-04-14 14:57:00,95.5700,95.4500
AMD,2025-04-14 14:58:00,95.4600,95.5400
AMD,2025-04-14 14:59:00,95.5400,95.4520
AMD,2025-04-14 15:00:00,95.4700,95.6100
AMD,2025-04-14 15:01:00,95.6092,95.4400
AMD,2025-04-14 15:02:00,95.4600,95.3800
AMD,2025-04-14 15:03:00,95.3700,95.5400
AMD,2025-04-14 15:04:00,95.5600,95.4950
AMD,2025-04-14 15:05:00,95.4950,95.5300
AMD,2025-04-14 15:06:00,95.5283,95.5700
AMD,2025-04-14 15:07:00,95.5900,95.7150
AMD,2025-04-14 15:08:00,95.7200,95.7700
AMD,2025-04-14 15:09:00,95.7800,95.7700
AMD,2025-04-14 15:10:00,95.7700,95.6700
AMD,2025-04-14 15:11:00,95.6900,95.7800
AMD,2025-04-14 15:12:00,95.7880,95.8050
AMD,2025-04-14 15:13:00,95.8100,95.8683
AMD,2025-04-14 15:14:00,95.8650,95.8200
AMD,2025-04-14 15:15:00,95.8200,95.6951
AMD,2025-04-14 15:16:00,95.6850,95.5703
AMD,2025-04-14 15:17:00,95.5650,95.5500
AMD,2025-04-14 15:18:00,95.5500,95.5000
AMD,2025-04-14 15:19:00,95.5000,95.4400
AMD,2025-04-14 15:20:00,95.4300,95.4000
AMD,2025-04-14 15:21:00,95.4000,95.4600
AMD,2025-04-14 15:22:00,95.4550,95.4100
AMD,2025-04-14 15:23:00,95.4123,95.5100
AMD,2025-04-14 15:24:00,95.5000,95.4886
AMD,2025-04-14 15:25:00,95.4900,95.3550
AMD,2025-04-14 15:26:00,95.3599,95.2200
AMD,2025-04-14 15:27:00,95.2100,95.3300
AMD,2025-04-14 15:28:00,95.3400,95.3715
AMD,2025-04-14 15:29:00,95.3800,95.2850
AMD,2025-04-14 15:30:00,95.2900,95.2300
AMD,2025-04-14 15:31:00,95.2100,95.1300
AMD,2025-04-14 15:32:00,95.1300,95.1300
AMD,2025-04-14 15:33:00,95.1300,95.1400
AMD,2025-04-14 15:34:00,95.1450,95.1900
AMD,2025-04-14 15:35:00,95.1900,95.2100
AMD,2025-04-14 15:36:00,95.2073,95.2700
AMD,2025-04-14 15:37:00,95.2600,95.1300
AMD,2025-04-14 15:38:00,95.1200,95.2100
AMD,2025-04-14 15:39:00,95.2100,95.2800
AMD,2025-04-14 15:40:00,95.2650,95.3000
AMD,2025-04-14 15:41:00,95.3000,95.2720
AMD,2025-04-14 15:42:00,95.3000,95.2700
AMD,2025-04-14 15:43:00,95.2700,95.2500
AMD,2025-04-14 15:44:00,95.2500,95.1900
AMD,2025-04-14 15:45:00,95.1850,95.1550
AMD,2025-04-14 15:46:00,95.1600,95.1502
AMD,2025-04-14 15:47:00,95.1550,95.0699
AMD,2025-04-14 15:48:00,95.0700,95.0350
AMD,2025-04-14 15:49:00,95.0400,95.1600
AMD,2025-04-14 15:50:00,95.1500,94.7500
AMD,2025-04-14 15:51:00,94.7400,94.9400
AMD,2025-04-14 15:52:00,94.9400,94.9000
AMD,2025-04-14 15:53:00,94.8800,94.8900
AMD,2025-04-14 15:54:00,94.8900,94.8200
AMD,2025-04-14 15:55:00,94.8200,94.5550
AMD,2025-04-14 15:56:00,94.5650,94.5200
AMD,2025-04-14 15:57:00,94.5200,94.4700
AMD,2025-04-14 15:58:00,94.4600,94.5200
AMD,2025-04-14 15:59:00,94.5200,94.5000
AMD,2025-04-15 09:30:00,94.6600,95.2600
AMD,2025-04-15 09:31:00,95.2600,95.3300
AMD,2025-04-15 09:32:00,95.3700,95.3850
AMD,2025-04-15 09:33:00,95.4200,95.7200
AMD,2025-04-15 09:34:00,95.7300,95.6299
AMD,2025-04-15 09:35:00,95.6350,95.2450
AMD,2025-04-15 09:36:00,95.2681,95.1800
AMD,2025-04-15 09:37:00,95.1750,95.4100
AMD,2025-04-15 09:38:00,95.4100,95.5100
AMD,2025-04-15 09:39:00,95.5400,95.9267
AMD,2025-04-15 09:40:00,95.9400,95.8700
AMD,2025-04-15 09:41:00,95.8600,95.5550
AMD,2025-04-15 09:42:00,95.5550,95.8300
AMD,2025-04-15 09:43:00,95.8000,95.6304
AMD,2025-04-15 09:44:00,95.6550,95.6700
AMD,2025-04-15 09:45:00,95.6896,95.5050
AMD,2025-04-15 09:46:00,95.4995,95.7750
AMD,2025-04-15 09:47:00,95.7849,95.8700
AMD,2025-04-15 09:48:00,95.8750,95.8400
AMD,2025-04-15 09:49:00,95.8300,95.6500
AMD,2025-04-15 09:50:00,95.6600,95.6250
AMD,2025-04-15 09:51:00,95.6250,95.8600
AMD,2025-04-15 09:52:00,95.8600,95.7900
AMD,2025-04-15 09:53:00,95.7900,96.2300
AMD,2025-04-15 09:54:00,96.2500,96.1099
AMD,2025-04-15 09:55:00,96.1100,96.2400
AMD,2025-04-15 09:56:00,96.2500,96.1050
AMD,2025-04-15 09:57:00,96.0900,95.9700
AMD,2025-04-15 09:58:00,95.9900,96.1100
AMD,2025-04-15 09:59:00,96.1276,95.8250
AMD,2025-04-15 10:00:00,95.8300,95.9850
AMD,2025-04-15 10:01:00,95.9850,96.0700
AMD,2025-04-15 10:02:00,96.0600,95.9700
AMD,2025-04-15 10:03:00,95.9700,96.1420
AMD,2025-04-15 10:04:00,96.1400,95.9500
AMD,2025-04-15 10:05:00,96.0000,96.0900
AMD,2025-04-15 10:06:00,96.1020,96.1200
AMD,2025-04-15 10:07:00,96.1200,96.4150
AMD,2025-04-15 10:08:00,96.4200,96.4250
AMD,2025-04-15 10:09:00,96.4250,96.3300
AMD,2025-04-15 10:10:00,96.3000,96.4850
AMD,2025-04-15 10:11:00,96.5000,96.5500
AMD,2025-04-15 10:12:00,96.5450,96.6400
AMD,2025-04-15 10:13:00,96.6300,96.5750
AMD,2025-04-15 10:14:00,96.5700,96.4650
AMD,2025-04-15 10:15:00,96.4600,96.6500
AMD,2025-04-15 10:16:00,96.6400,96.6950
AMD,2025-04-15 10:17:00,96.6950,96.3200
AMD,2025-04-15 10:18:00,96.2600,95.9950
AMD,2025-04-15 10:19:00,96.0000,95.6900
AMD,2025-04-15 10:20:00,95.6800,95.5700
AMD,2025-04-15 10:21:00,95.5500,95.7610
AMD,2025-04-15 10:22:00,95.7800,95.9300
AMD,2025-04-15 10:23:00,95.9300,95.5500
AMD,2025-04-15 10:24:00,95.5300,95.3650
AMD,2025-04-15 10:25:00,95.3700,95.1500
AMD,2025-04-15 10:26:00,95.1400,95.0586
AMD,2025-04-15 10:27:00,95.0500,94.9750
AMD,2025-04-15 10:28:00,94.9900,95.0450
AMD,2025-04-15 10:29:00,95.0700,95.1000
AMD,2025-04-15 10:30:00,95.1110,95.4200
AMD,2025-04-15 10:31:00,95.4234,95.2700
AMD,2025-04-15 10:32:00,95.2600,95.2300
AMD,2025-04-15 10:33:00,95.2340,95.5400
AMD,2025-04-15 10:34:00,95.5449,95.6024
AMD,2025-04-15 10:35:00,95.6030,95.4422
AMD,2025-04-15 10:36:00,95.4700,95.6432
AMD,2025-04-15 10:37:00,95.6450,95.4350
AMD,2025-04-15 10:38:00,95.4350,95.4650
AMD,2025-04-15 10:39:00,95.4400,95.4300
AMD,2025-04-15 10:40:00,95.4350,95.4350
AMD,2025-04-15 10:41:00,95.4500,95.5300
AMD,2025-04-15 10:42:00,95.5500,95.7500
AMD,2025-04-15 10:43:00,95.7650,96.0000
AMD,2025-04-15 10:44:00,96.0210,96.0400
AMD,2025-04-15 10:45:00,96.0200,95.9977
AMD,2025-04-15 10:46:00,96.0000,95.7128
AMD,2025-04-15 10:47:00,95.7112,95.5967
AMD,2025-04-15 10:48:00,95.5800,95.5000
AMD,2025-04-15 10:49:00,95.4950,95.6300
AMD,2025-04-15 10:50:00,95.6500,95.4300
AMD,2025-04-15 10:51:00,95.4050,95.5999
AMD,2025-04-15 10:52:00,95.6100,95.5400
AMD,2025-04-15 10:53:00,95.5000,95.5200
AMD,2025-04-15 10:54:00,95.5200,95.5900
AMD,2025-04-15 10:55:00,95.6200,95.6550
AMD,2025-04-15 10:56:00,95.6600,95.6800
AMD,2025-04-15 10:57:00,95.7200,95.6900
AMD,2025-04-15 10:58:00,95.6300,95.5100
AMD,2025-04-15 10:59:00,95.4900,95.3847
AMD,2025-04-15 11:00:00,95.3850,95.6099
AMD,2025-04-15 11:01:00,95.6000,95.6200
AMD,2025-04-15 11:02:00,95.5940,95.5600
AMD,2025-04-15 11:03:00,95.5500,95.4800
AMD,2025-04-15 11:04:00,95.4650,95.6100
AMD,2025-04-15 11:05:00,95.6400,95.6900
AMD,2025-04-15 11:06:00,95.6800,95.4600
AMD,2025-04-15 11:07:00,95.4500,95.4262
AMD,2025-04-15 11:08:00,95.4400,95.4900
AMD,2025-04-15 11:09:00,95.4900,95.5500
AMD,2025-04-15 11:10:00,95.5300,95.6350
AMD,2025-04-15 11:11:00,95.6500,95.4906
AMD,2025-04-15 11:12:00,95.4700,95.7700
AMD,2025-04-15 11:13:00,95.7850,95.7827
AMD,2025-04-15 11:14:00,95.7587,95.8600
AMD,2025-04-15 11:15:00,95.8600,95.8500
AMD,2025-04-15 11:16:00,95.9000,95.8600
AMD,2025-04-15 11:17:00,95.8400,95.8368
AMD,2025-04-15 11:18:00,95.8400,95.9350
AMD,2025-04-15 11:19:00,95.9350,95.9600
AMD,2025-04-15 11:20:00,95.9600,96.0900
AMD,2025-04-15 11:21:00,96.1000,96.0402
AMD,2025-04-15 11:22:00,96.0500,96.0000
AMD,2025-04-15 11:23:00,95.9900,95.9112
AMD,2025-04-15 11:24:00,95.9400,96.0134
AMD,2025-04-15 11:25:00,96.0100,95.8950
AMD,2025-04-15 11:26:00,95.8800,95.7600
AMD,2025-04-15 11:27:00,95.7800,95.8077
AMD,2025-04-15 11:28:00,95.8000,95.7500
AMD,2025-04-15 11:29:00,95.7600,95.6400
AMD,2025-04-15 11:30:00,95.6500,95.8600
AMD,2025-04-15 11:31:00,95.8450,96.1400
AMD,2025-04-15 11:32:00,96.1480,96.0519
AMD,2025-04-15 11:33:00,96.0600,96.1600
AMD,2025-04-15 11:34:00,96.1900,96.0900
AMD,2025-04-15 11:35:00,96.0700,96.1600
AMD,2025-04-15 11:36:00,96.1700,95.9600
AMD,2025-04-15 11:37:00,95.9800,95.9999
AMD,2025-04-15 11:38:00,96.0000,95.9300
AMD,2025-04-15 11:39:00,95.9300,96.1200
AMD,2025-04-15 11:40:00,96.1150,96.1900
AMD,2025-04-15 11:41:00,96.1800,96.1701
AMD,2025-04-15 11:42:00,96.1900,96.1600
AMD,2025-04-15 11:43:00,96.1301,96.2000
AMD,2025-04-15 11:44:00,96.2100,96.3300
AMD,2025-04-15 11:45:00,96.3300,96.3760
AMD,2025-04-15 11:46:00,96.3700,96.2700
AMD,2025-04-15 11:47:00,96.2697,96.2188
AMD,2025-04-15 11:48:00,96.2300,96.1100
AMD,2025-04-15 11:49:00,96.1000,96.1800
AMD,2025-04-15 11:50:00,96.1800,96.0300
AMD,2025-04-15 11:51:00,96.0507,96.0250
AMD,2025-04-15 11:52:00,96.0300,96.3450
AMD,2025-04-15 11:53:00,96.3500,96.4500
AMD,2025-04-15 11:54:00,96.4600,96.2950
AMD,2025-04-15 11:55:00,96.3100,96.2350
AMD,2025-04-15 11:56:00,96.2500,96.0850
AMD,2025-04-15 11:57:00,96.1022,96.2500
AMD,2025-04-15 11:58:00,96.2600,96.1988
AMD,2025-04-15 11:59:00,96.1936,96.2450
AMD,2025-04-15 12:00:00,96.2430,96.2800
AMD,2025-04-15 12:01:00,96.2901,96.4200
AMD,2025-04-15 12:02:00,96.4400,96.4200
AMD,2025-04-15 12:03:00,96.4250,96.4700
AMD,2025-04-15 12:04:00,96.4700,96.4300
AMD,2025-04-15 12:05:00,96.4400,96.4150
AMD,2025-04-15 12:06:00,96.3901,96.4900
AMD,2025-04-15 12:07:00,96.5000,96.3100
AMD,2025-04-15 12:08:00,96.3000,96.2360
AMD,2025-04-15 12:09:00,96.2400,96.2400
AMD,2025-04-15 12:10:00,96.2150,96.3350
AMD,2025-04-15 12:11:00,96.3050,96.4337
AMD,2025-04-15 12:12:00,96.4422,96.3800
AMD,2025-04-15 12:13:00,96.3972,96.2900
AMD,2025-04-15 12:14:00,96.2803,96.4151
AMD,2025-04-15 12:15:00,96.4100,96.5350
AMD,2025-04-15 12:16:00,96.5300,96.5400
AMD,2025-04-15 12:17:00,96.5400,96.3650
AMD,2025-04-15 12:18:00,96.3650,96.2700
AMD,2025-04-15 12:19:00,96.2800,96.3800
AMD,2025-04-15 12:20:00,96.3800,96.3750
AMD,2025-04-15 12:21:00,96.3800,96.3399
AMD,2025-04-15 12:22:00,96.3400,96.5592
AMD,2025-04-15 12:23:00,96.5670,96.6400
AMD,2025-04-15 12:24:00,96.6400,96.6900
AMD,2025-04-15 12:25:00,96.6700,96.7800
AMD,2025-04-15 12:26:00,96.7764,96.8400
AMD,2025-04-15 12:27:00,96.8300,96.8200
AMD,2025-04-15 12:28:00,96.8100,96.7500
AMD,2025-04-15 12:29:00,96.7650,96.6750
AMD,2025-04-15 12:30:00,96.6750,96.8000
AMD,2025-04-15 12:31:00,96.8150,96.7100
AMD,2025-04-15 12:32:00,96.7300,96.7800
AMD,2025-04-15 12:33:00,96.7649,96.6150
AMD,2025-04-15 12:34:00,96.6100,96.5400
AMD,2025-04-15 12:35:00,96.5767,96.5400
AMD,2025-04-15 12:36:00,96.5400,96.5100
AMD,2025-04-15 12:37:00,96.4950,96.4600
AMD,2025-04-15 12:38:00,96.4550,96.3900
AMD,2025-04-15 12:39:00,96.3800,96.2800
AMD,2025-04-15 12:40:00,96.2700,96.3574
AMD,2025-04-15 12:41:00,96.3401,96.1650
AMD,2025-04-15 12:42:00,96.1800,96.3500
AMD,2025-04-15 12:43:00,96.3600,96.4650
AMD,2025-04-15 12:44:00,96.4720,96.6000
AMD,2025-04-15 12:45:00,96.5900,96.5530
AMD,2025-04-15 12:46:00,96.5764,96.5600
AMD,2025-04-15 12:47:00,96.5600,96.5000
AMD,2025-04-15 12:48:00,96.4700,96.3600
AMD,2025-04-15 12:49:00,96.3500,96.3400
AMD,2025-04-15 12:50:00,96.3300,96.2106
AMD,2025-04-15 12:51:00,96.2000,96.1700
AMD,2025-04-15 12:52:00,96.1500,96.0500
AMD,2025-04-15 12:53:00,96.0400,96.0300
AMD,2025-04-15 12:54:00,96.0000,95.8600
AMD,2025-04-15 12:55:00,95.8500,95.6320
AMD,2025-04-15 12:56:00,95.6500,95.6750
AMD,2025-04-15 12:57:00,95.6700,95.4701
AMD,2025-04-15 12:58:00,95.4793,95.6165
AMD,2025-04-15 12:59:00,95.6250,95.5891
AMD,2025-04-15 13:00:00,95.5750,95.4101
AMD,2025-04-15 13:01:00,95.4400,95.5900
AMD,2025-04-15 13:02:00,95.5960,95.5500
AMD,2025-04-15 13:03:00,95.5400,95.6500
AMD,2025-04-15 13:04:00,95.6500,95.6800
AMD,2025-04-15 13:05:00,95.6759,95.5150
AMD,2025-04-15 13:06:00,95.5250,95.5900
AMD,2025-04-15 13:07:00,95.5850,95.6000
AMD,2025-04-15 13:08:00,95.6000,95.5000
AMD,2025-04-15 13:09:00,95.5000,95.4300
AMD,2025-04-15 13:10:00,95.4400,95.4200
AMD,2025-04-15 13:11:00,95.4400,95.4850
AMD,2025-04-15 13:12:00,95.5000,95.3750
AMD,2025-04-15 13:13:00,95.3800,95.5800
AMD,2025-04-15 13:14:00,95.5750,95.6598
AMD,2025-04-15 13:15:00,95.6550,95.6300
AMD,2025-04-15 13:16:00,95.6290,95.4850
AMD,2025-04-15 13:17:00,95.4650,95.4400
AMD,2025-04-15 13:18:00,95.4400,95.6200
AMD,2025-04-15 13:19:00,95.6150,95.5740
AMD,2025-04-15 13:20:00,95.5700,95.6600
AMD,2025-04-15 13:21:00,95.6647,95.5700
AMD,2025-04-15 13:22:00,95.5500,95.4350
AMD,2025-04-15 13:23:00,95.4209,95.4550
AMD,2025-04-15 13:24:00,95.4665,95.6000
AMD,2025-04-15 13:25:00,95.6100,95.4300
AMD,2025-04-15 13:26:00,95.4300,95.6700
AMD,2025-04-15 13:27:00,95.6700,95.5700
AMD,2025-04-15 13:28:00,95.5900,95.5500
AMD,2025-04-15 13:29:00,95.5450,95.4750
AMD,2025-04-15 13:30:00,95.4500,95.6700
AMD,2025-04-15 13:31:00,95.6800,95.6800
AMD,2025-04-15 13:32:00,95.6850,95.6000
AMD,2025-04-15 13:33:00,95.6150,95.6013
AMD,2025-04-15 13:34:00,95.5806,95.5700
AMD,2025-04-15 13:35:00,95.5600,95.5200
AMD,2025-04-15 13:36:00,95.5050,95.5500
AMD,2025-04-15 13:37:00,95.5500,95.7000
AMD,2025-04-15 13:38:00,95.6900,95.6702
AMD,2025-04-15 13:39:00,95.6850,95.7900
AMD,2025-04-15 13:40:00,95.7924,95.8400
AMD,2025-04-15 13:41:00,95.8300,95.7800
AMD,2025-04-15 13:42:00,95.7700,95.7400
AMD,2025-04-15 13:43:00,95.7250,95.8100
AMD,2025-04-15 13:44:00,95.8300,95.8300
AMD,2025-04-15 13:45:00,95.8350,95.7000
AMD,2025-04-15 13:46:00,95.7000,95.7450
AMD,2025-04-15 13:47:00,95.7350,95.7650
AMD,2025-04-15 13:48:00,95.7598,95.7600
AMD,2025-04-15 13:49:00,95.7300,95.8050
AMD,2025-04-15 13:50:00,95.8100,95.7832
AMD,2025-04-15 13:51:00,95.7750,95.6700
AMD,2025-04-15 13:52:00,95.6600,95.5712
AMD,2025-04-15 13:53:00,95.5810,95.4400
AMD,2025-04-15 13:54:00,95.4600,95.3700
AMD,2025-04-15 13:55:00,95.3600,95.4018
AMD,2025-04-15 13:56:00,95.4050,95.4100
AMD,2025-04-15 13:57:00,95.4000,95.5200
AMD,2025-04-15 13:58:00,95.5200,95.5542
AMD,2025-04-15 13:59:00,95.5450,95.4700
AMD,2025-04-15 14:00:00,95.4800,95.5996
AMD,2025-04-15 14:01:00,95.5800,95.4650
AMD,2025-04-15 14:02:00,95.4800,95.5050
AMD,2025-04-15 14:03:00,95.5150,95.4550
AMD,2025-04-15 14:04:00,95.4600,95.4650
AMD,2025-04-15 14:05:00,95.4100,95.3250
AMD,2025-04-15 14:06:00,95.3340,95.3800
AMD,2025-04-15 14:07:00,95.3800,95.5100
AMD,2025-04-15 14:08:00,95.5100,95.4250
AMD,2025-04-15 14:09:00,95.4250,95.4650
AMD,2025-04-15 14:10:00,95.4600,95.3900
AMD,2025-04-15 14:11:00,95.4000,95.3342
AMD,2025-04-15 14:12:00,95.3400,95.2150
AMD,2025-04-15 14:13:00,95.2081,95.1550
AMD,2025-04-15 14:14:00,95.1550,95.1500
AMD,2025-04-15 14:15:00,95.1300,94.9800
AMD,2025-04-15 14:16:00,94.9900,95.1531
AMD,2025-04-15 14:17:00,95.1700,95.1500
AMD,2025-04-15 14:18:00,95.1300,95.1800
AMD,2025-04-15 14:19:00,95.1850,95.0400
AMD,2025-04-15 14:20:00,95.0250,95.0000
AMD,2025-04-15 14:21:00,95.0000,94.9900
AMD,2025-04-15 14:22:00,95.0000,95.1100
AMD,2025-04-15 14:23:00,95.1100,95.0500
AMD,2025-04-15 14:24:00,95.0600,95.0700
AMD,2025-04-15 14:25:00,95.0500,95.1761
AMD,2025-04-15 14:26:00,95.1700,95.1950
AMD,2025-04-15 14:27:00,95.2000,95.0100
AMD,2025-04-15 14:28:00,95.0000,95.0400
AMD,2025-04-15 14:29:00,95.0250,95.0600
AMD,2025-04-15 14:30:00,95.0400,95.0800
AMD,2025-04-15 14:31:00,95.0800,95.1402
AMD,2025-04-15 14:32:00,95.1350,95.2000
AMD,2025-04-15 14:33:00,95.2293,95.1747
AMD,2025-04-15 14:34:00,95.1750,95.2050
AMD,2025-04-15 14:35:00,95.2100,95.1300
AMD,2025-04-15 14:36:00,95.1209,95.2500
AMD,2025-04-15 14:37:00,95.2500,95.1700
AMD,2025-04-15 14:38:00,95.1650,95.1619
AMD,2025-04-15 14:39:00,95.1550,95.2111
AMD,2025-04-15 14:40:00,95.2000,95.2000
AMD,2025-04-15 14:41:00,95.2300,95.3400
AMD,2025-04-15 14:42:00,95.3402,95.3001
AMD,2025-04-15 14:43:00,95.3000,95.3300
AMD,2025-04-15 14:44:00,95.3500,95.4200
AMD,2025-04-15 14:45:00,95.4200,95.5199
AMD,2025-04-15 14:46:00,95.5200,95.4700
AMD,2025-04-15 14:47:00,95.4800,95.4600
AMD,2025-04-15 14:48:00,95.4500,95.4150
AMD,2025-04-15 14:49:00,95.4150,95.4299
AMD,2025-04-15 14:50:00,95.4100,95.4500
AMD,2025-04-15 14:51:00,95.4500,95.4400
AMD,2025-04-15 14:52:00,95.4300,95.3140
AMD,2025-04-15 14:53:00,95.3000,95.4100
AMD,2025-04-15 14:54:00,95.4200,95.4900
AMD,2025-04-15 14:55:00,95.4900,95.5201
AMD,2025-04-15 14:56:00,95.5100,95.4700
AMD,2025-04-15 14:57:00,95.4700,95.5400
AMD,2025-04-15 14:58:00,95.5316,95.5500
AMD,2025-04-15 14:59:00,95.5500,95.4830
AMD,2025-04-15 15:00:00,95.4800,95.4650
AMD,2025-04-15 15:01:00,95.4700,95.3900
AMD,2025-04-15 15:02:00,95.3900,95.3639
AMD,2025-04-15 15:03:00,95.3500,95.3250
AMD,2025-04-15 15:04:00,95.3200,95.4100
AMD,2025-04-15 15:05:00,95.3900,95.4100
AMD,2025-04-15 15:06:00,95.4000,95.4100
AMD,2025-04-15 15:07:00,95.4150,95.3500
AMD,2025-04-15 15:08:00,95.3600,95.3500
AMD,2025-04-15 15:09:00,95.3600,95.3187
AMD,2025-04-15 15:10:00,95.3200,95.3465
AMD,2025-04-15 15:11:00,95.3300,95.2800
AMD,2025-04-15 15:12:00,95.2900,95.3000
AMD,2025-04-15 15:13:00,95.3150,95.4710
AMD,2025-04-15 15:14:00,95.4800,95.4800
AMD,2025-04-15 15:15:00,95.4700,95.4500
AMD,2025-04-15 15:16:00,95.4700,95.4150
AMD,2025-04-15 15:17:00,95.4100,95.4450
AMD,2025-04-15 15:18:00,95.4447,95.3800
AMD,2025-04-15 15:19:00,95.3759,95.5400
AMD,2025-04-15 15:20:00,95.5300,95.4550
AMD,2025-04-15 15:21:00,95.4600,95.4898
AMD,2025-04-15 15:22:00,95.4800,95.5150
AMD,2025-04-15 15:23:00,95.5150,95.3595
AMD,2025-04-15 15:24:00,95.3400,95.3000
AMD,2025-04-15 15:25:00,95.2900,95.1200
AMD,2025-04-15 15:26:00,95.1199,95.1400
AMD,2025-04-15 15:27:00,95.1400,95.1100
AMD,2025-04-15 15:28:00,95.0950,95.0700
AMD,2025-04-15 15:29:00,95.0660,95.1300
AMD,2025-04-15 15:30:00,95.1200,95.2300
AMD,2025-04-15 15:31:00,95.2400,95.1900
AMD,2025-04-15 15:32:00,95.2010,95.3400
AMD,2025-04-15 15:33:00,95.3300,95.3100
AMD,2025-04-15 15:34:00,95.3000,95.2911
AMD,2025-04-15 15:35:00,95.2800,95.3200
AMD,2025-04-15 15:36:00,95.3100,95.1899
AMD,2025-04-15 15:37:00,95.1800,95.2400
AMD,2025-04-15 15:38:00,95.2432,95.2900
AMD,2025-04-15 15:39:00,95.2957,95.2500
AMD,2025-04-15 15:40:00,95.2400,95.2500
AMD,2025-04-15 15:41:00,95.2638,95.2800
AMD,2025-04-15 15:42:00,95.2900,95.2700
AMD,2025-04-15 15:43:00,95.2600,95.2900
AMD,2025-04-15 15:44:00,95.2800,95.3000
AMD,2025-04-15 15:45:00,95.2950,95.2010
AMD,2025-04-15 15:46:00,95.2100,95.0600
AMD,2025-04-15 15:47:00,95.0600,95.0700
AMD,2025-04-15 15:48:00,95.0700,94.8990
AMD,2025-04-15 15:49:00,94.9000,94.9100
AMD,2025-04-15 15:50:00,94.9300,95.0750
AMD,2025-04-15 15:51:00,95.0900,95.1600
AMD,2025-04-15 15:52:00,95.1500,95.0950
AMD,2025-04-15 15:53:00,95.0900,95.1000
AMD,2025-04-15 15:54:00,95.1091,95.1000
AMD,2025-04-15 15:55:00,95.1000,95.1100
AMD,2025-04-15 15:56:00,95.1050,95.2750
AMD,2025-04-15 15:57:00,95.2700,95.3200
AMD,2025-04-15 15:58:00,95.3200,95.2986
AMD,2025-04-15 15:59:00,95.3000,95.2250
AMD,2025-04-16 09:30:00,87.6100,88.5801
AMD,2025-04-16 09:31:00,88.6200,88.9508
AMD,2025-04-16 09:32:00,88.9500,89.4900
AMD,2025-04-16 09:33:00,89.4600,89.1535
AMD,2025-04-16 09:34:00,89.1300,89.4600
AMD,2025-04-16 09:35:00,89.4000,89.6600
AMD,2025-04-16 09:36:00,89.6400,89.6999
AMD,2025-04-16 09:37:00,89.7100,90.0400
AMD,2025-04-16 09:38:00,90.0577,90.1550
AMD,2025-04-16 09:39:00,90.1400,90.3931
AMD,2025-04-16 09:40:00,90.4000,90.0600
AMD,2025-04-16 09:41:00,90.0600,90.2500
AMD,2025-04-16 09:42:00,90.2500,90.1700
AMD,2025-04-16 09:43:00,90.1745,89.9600
AMD,2025-04-16 09:44:00,89.9600,89.8600
AMD,2025-04-16 09:45:00,89.8500,89.9300
AMD,2025-04-16 09:46:00,89.9100,90.0600
AMD,2025-04-16 09:47:00,90.0600,89.8900
AMD,2025-04-16 09:48:00,89.8950,89.9100
AMD,2025-04-16 09:49:00,89.9100,89.9700
AMD,2025-04-16 09:50:00,89.9700,90.0500
AMD,2025-04-16 09:51:00,90.0503,89.7850
AMD,2025-04-16 09:52:00,89.7600,89.7800
AMD,2025-04-16 09:53:00,89.7800,89.8000
AMD,2025-04-16 09:54:00,89.8150,89.8000
AMD,2025-04-16 09:55:00,89.8000,89.3650
AMD,2025-04-16 09:56:00,89.3560,89.6100
AMD,2025-04-16 09:57:00,89.6300,89.9599
AMD,2025-04-16 09:58:00,89.9500,89.7400
AMD,2025-04-16 09:59:00,89.7400,89.2936
AMD,2025-04-16 10:00:00,89.2700,89.3800
AMD,2025-04-16 10:01:00,89.3700,89.2200
AMD,2025-04-16 10:02:00,89.1800,89.0000
AMD,2025-04-16 10:03:00,88.9708,89.0800
AMD,2025-04-16 10:04:00,89.0700,89.0500
AMD,2025-04-16 10:05:00,89.0500,89.1899
AMD,2025-04-16 10:06:00,89.1700,89.5200
AMD,2025-04-16 10:07:00,89.5100,89.3800
AMD,2025-04-16 10:08:00,89.4000,89.3844
AMD,2025-04-16 10:09:00,89.3750,89.5450
AMD,2025-04-16 10:10:00,89.5500,89.5900
AMD,2025-04-16 10:11:00,89.5900,89.5550
AMD,2025-04-16 10:12:00,89.5550,89.3300
AMD,2025-04-16 10:13:00,89.3400,89.0750
AMD,2025-04-16 10:14:00,89.0800,89.0400
AMD,2025-04-16 10:15:00,89.0600,88.9602
AMD,2025-04-16 10:16:00,88.9600,89.0100
AMD,2025-04-16 10:17:00,89.0100,88.9280
AMD,2025-04-16 10:18:00,88.9200,88.7500
AMD,2025-04-16 10:19:00,88.7500,88.7900
AMD,2025-04-16 10:20:00,88.7850,88.9650
AMD,2025-04-16 10:21:00,88.9800,89.1650
AMD,2025-04-16 10:22:00,89.1600,89.1393
AMD,2025-04-16 10:23:00,89.1271,89.1400
AMD,2025-04-16 10:24:00,89.1400,89.3350
AMD,2025-04-16 10:25:00,89.3300,89.4512
AMD,2025-04-16 10:26:00,89.4400,89.4000
AMD,2025-04-16 10:27:00,89.3800,89.6100
AMD,2025-04-16 10:28:00,89.6150,89.6700
AMD,2025-04-16 10:29:00,89.6700,89.4900
AMD,2025-04-16 10:30:00,89.4800,89.5850
AMD,2025-04-16 10:31:00,89.5750,89.4750
AMD,2025-04-16 10:32:00,89.4750,89.4899
AMD,2025-04-16 10:33:00,89.4700,89.5100
AMD,2025-04-16 10:34:00,89.5150,89.4500
AMD,2025-04-16 10:35:00,89.4552,89.4250
AMD,2025-04-16 10:36:00,89.3990,89.2500
AMD,2025-04-16 10:37:00,89.2600,89.2200
AMD,2025-04-16 10:38:00,89.2200,89.2600
AMD,2025-04-16 10:39:00,89.2500,89.3650
AMD,2025-04-16 10:40:00,89.3700,89.4800
AMD,2025-04-16 10:41:00,89.4800,89.5650
AMD,2025-04-16 10:42:00,89.5700,89.4700
AMD,2025-04-16 10:43:00,89.4709,89.6700
AMD,2025-04-16 10:44:00,89.6750,89.5900
AMD,2025-04-16 10:45:00,89.5900,89.5500
AMD,2025-04-16 10:46:00,89.5700,89.5600
AMD,2025-04-16 10:47:00,89.5500,89.3300
AMD,2025-04-16 10:48:00,89.3300,89.2343
AMD,2025-04-16 10:49:00,89.2400,89.1422
AMD,2025-04-16 10:50:00,89.1350,89.0700
AMD,2025-04-16 10:51:00,89.0704,89.0560
AMD,2025-04-16 10:52:00,89.0500,89.1750
AMD,2025-04-16 10:53:00,89.1700,89.0350
AMD,2025-04-16 10:54:00,89.0545,88.8800
AMD,2025-04-16 10:55:00,88.8800,89.0000
AMD,2025-04-16 10:56:00,88.9900,88.8450
AMD,2025-04-16 10:57:00,88.8500,89.0300
AMD,2025-04-16 10:58:00,89.0300,89.1412
AMD,2025-04-16 10:59:00,89.1550,89.2299
AMD,2025-04-16 11:00:00,89.2300,89.3700
AMD,2025-04-16 11:01:00,89.3350,89.3100
AMD,2025-04-16 11:02:00,89.3200,89.2600
AMD,2025-04-16 11:03:00,89.2600,89.3150
AMD,2025-04-16 11:04:00,89.3001,89.2500
AMD,2025-04-16 11:05:00,89.2500,89.3500
AMD,2025-04-16 11:06:00,89.3600,89.1450
AMD,2025-04-16 11:07:00,89.1450,89.4200
AMD,2025-04-16 11:08:00,89.4250,89.4199
AMD,2025-04-16 11:09:00,89.4100,89.5437
AMD,2025-04-16 11:10:00,89.5500,89.4837
AMD,2025-04-16 11:11:00,89.4750,89.5718
AMD,2025-04-16 11:12:00,89.5600,89.7660
AMD,2025-04-16 11:13:00,89.7600,89.9900
AMD,2025-04-16 11:14:00,89.9900,89.9050
AMD,2025-04-16 11:15:00,89.9100,89.6700
AMD,2025-04-16 11:16:00,89.6837,89.5350
AMD,2025-04-16 11:17:00,89.5300,89.3600
AMD,2025-04-16 11:18:00,89.3784,89.3700
AMD,2025-04-16 11:19:00,89.3800,89.2595
AMD,2025-04-16 11:20:00,89.2500,89.3450
AMD,2025-04-16 11:21:00,89.3500,89.3900
AMD,2025-04-16 11:22:00,89.3900,89.5900
AMD,2025-04-16 11:23:00,89.5850,89.6100
AMD,2025-04-16 11:24:00,89.6100,89.7700
AMD,2025-04-16 11:25:00,89.7700,89.8500
AMD,2025-04-16 11:26:00,89.8500,89.8500
AMD,2025-04-16 11:27:00,89.8302,89.6719
AMD,2025-04-16 11:28:00,89.6700,89.7100
AMD,2025-04-16 11:29:00,89.7000,89.6600
AMD,2025-04-16 11:30:00,89.6500,89.4850
AMD,2025-04-16 11:31:00,89.4900,89.5950
AMD,2025-04-16 11:32:00,89.6150,89.6250
AMD,2025-04-16 11:33:00,89.6200,89.7300
AMD,2025-04-16 11:34:00,89.7400,89.7900
AMD,2025-04-16 11:35:00,89.7900,89.8700
AMD,2025-04-16 11:36:00,89.8747,89.6950
AMD,2025-04-16 11:37:00,89.7000,89.7400
AMD,2025-04-16 11:38:00,89.7100,89.6093
AMD,2025-04-16 11:39:00,89.6300,89.6300
AMD,2025-04-16 11:40:00,89.6200,89.5250
AMD,2025-04-16 11:41:00,89.5150,89.5300
AMD,2025-04-16 11:42:00,89.5400,89.4300
AMD,2025-04-16 11:43:00,89.4200,89.4333
AMD,2025-04-16 11:44:00,89.4253,89.4300
AMD,2025-04-16 11:45:00,89.4500,89.3550
AMD,2025-04-16 11:46:00,89.3550,89.5700
AMD,2025-04-16 11:47:00,89.5600,89.5550
AMD,2025-04-16 11:48:00,89.5500,89.4700
AMD,2025-04-16 11:49:00,89.4800,89.4100
AMD,2025-04-16 11:50:00,89.4070,89.2512
AMD,2025-04-16 11:51:00,89.2503,89.2400
AMD,2025-04-16 11:52:00,89.2303,89.2300
AMD,2025-04-16 11:53:00,89.2200,89.1500
AMD,2025-04-16 11:54:00,89.1400,89.0741
AMD,2025-04-16 11:55:00,89.0750,89.0900
AMD,2025-04-16 11:56:00,89.0898,89.1000
AMD,2025-04-16 11:57:00,89.1000,89.1050
AMD,2025-04-16 11:58:00,89.1000,88.9800
AMD,2025-04-16 11:59:00,88.9700,88.9600
AMD,2025-04-16 12:00:00,88.9850,89.0600
AMD,2025-04-16 12:01:00,89.0200,88.9900
AMD,2025-04-16 12:02:00,89.0099,88.8539
AMD,2025-04-16 12:03:00,88.8450,88.9000
AMD,2025-04-16 12:04:00,88.8900,88.8700
AMD,2025-04-16 12:05:00,88.8700,88.6250
AMD,2025-04-16 12:06:00,88.6300,88.3900
AMD,2025-04-16 12:07:00,88.3600,88.5200
AMD,2025-04-16 12:08:00,88.5139,88.6450
AMD,2025-04-16 12:09:00,88.6303,88.7450
AMD,2025-04-16 12:10:00,88.7450,88.8200
AMD,2025-04-16 12:11:00,88.8100,88.8700
AMD,2025-04-16 12:12:00,88.8800,88.7500
AMD,2025-04-16 12:13:00,88.7400,88.7186
AMD,2025-04-16 12:14:00,88.7150,88.6600
AMD,2025-04-16 12:15:00,88.6670,88.8400
AMD,2025-04-16 12:16:00,88.8400,88.6950
AMD,2025-04-16 12:17:00,88.6900,88.6800
AMD,2025-04-16 12:18:00,88.6800,88.7590
AMD,2025-04-16 12:19:00,88.7600,88.8150
AMD,2025-04-16 12:20:00,88.8100,88.6500
AMD,2025-04-16 12:21:00,88.6400,88.6350
AMD,2025-04-16 12:22:00,88.6500,88.6200
AMD,2025-04-16 12:23:00,88.6300,88.6300
AMD,2025-04-16 12:24:00,88.6400,88.8760
AMD,2025-04-16 12:25:00,88.8700,88.8800
AMD,2025-04-16 12:26:00,88.8900,88.8750
AMD,2025-04-16 12:27:00,88.8750,88.7700
AMD,2025-04-16 12:28:00,88.7779,88.7950
AMD,2025-04-16 12:29:00,88.8100,88.7750
AMD,2025-04-16 12:30:00,88.7600,88.7896
AMD,2025-04-16 12:31:00,88.7700,88.9750
AMD,2025-04-16 12:32:00,88.9788,88.8600
AMD,2025-04-16 12:33:00,88.8600,88.9000
AMD,2025-04-16 12:34:00,88.9000,88.9700
AMD,2025-04-16 12:35:00,88.9700,88.8300
AMD,2025-04-16 12:36:00,88.8600,88.8400
AMD,2025-04-16 12:37:00,88.8450,88.7900
AMD,2025-04-16 12:38:00,88.7950,88.6802
AMD,2025-04-16 12:39:00,88.6700,88.6577
AMD,2025-04-16 12:40:00,88.6450,88.5300
AMD,2025-04-16 12:41:00,88.5200,88.6350
AMD,2025-04-16 12:42:00,88.6400,88.6500
AMD,2025-04-16 12:43:00,88.6400,88.7100
AMD,2025-04-16 12:44:00,88.7150,88.7200
AMD,2025-04-16 12:45:00,88.7354,88.6500
AMD,2025-04-16 12:46:00,88.6400,88.6000
AMD,2025-04-16 12:47:00,88.6000,88.5900
AMD,2025-04-16 12:48:00,88.5800,88.5600
AMD,2025-04-16 12:49:00,88.5514,88.5300
AMD,2025-04-16 12:50:00,88.5300,88.5000
AMD,2025-04-16 12:51:00,88.5098,88.4800
AMD,2025-04-16 12:52:00,88.4800,88.3400
AMD,2025-04-16 12:53:00,88.3500,88.4200
AMD,2025-04-16 12:54:00,88.4200,88.4300
AMD,2025-04-16 12:55:00,88.4400,88.4091
AMD,2025-04-16 12:56:00,88.4050,88.2950
AMD,2025-04-16 12:57:00,88.3000,88.3370
AMD,2025-04-16 12:58:00,88.3300,88.2980
AMD,2025-04-16 12:59:00,88.2901,88.2500
AMD,2025-04-16 13:00:00,88.2700,88.3102
AMD,2025-04-16 13:01:00,88.3300,88.4150
AMD,2025-04-16 13:02:00,88.4300,88.3773
AMD,2025-04-16 13:03:00,88.3850,88.4200
AMD,2025-04-16 13:04:00,88.4200,88.4405
AMD,2025-04-16 13:05:00,88.4400,88.4520
AMD,2025-04-16 13:06:00,88.4350,88.5598
AMD,2025-04-16 13:07:00,88.5500,88.5097
AMD,2025-04-16 13:08:00,88.4800,88.4000
AMD,2025-04-16 13:09:00,88.3950,88.3490
AMD,2025-04-16 13:10:00,88.3450,88.3350
AMD,2025-04-16 13:11:00,88.3400,88.2850
AMD,2025-04-16 13:12:00,88.2850,88.2700
AMD,2025-04-16 13:13:00,88.2600,88.3140
AMD,2025-04-16 13:14:00,88.3200,88.4272
AMD,2025-04-16 13:15:00,88.4399,88.5050
AMD,2025-04-16 13:16:00,88.5050,88.5501
AMD,2025-04-16 13:17:00,88.5501,88.6100
AMD,2025-04-16 13:18:00,88.6200,88.6150
AMD,2025-04-16 13:19:00,88.6100,88.6900
AMD,2025-04-16 13:20:00,88.6900,88.6981
AMD,2025-04-16 13:21:00,88.6800,88.7900
AMD,2025-04-16 13:22:00,88.7800,88.7950
AMD,2025-04-16 13:23:00,88.7900,88.5600
AMD,2025-04-16 13:24:00,88.5400,88.6800
AMD,2025-04-16 13:25:00,88.6700,88.5460
AMD,2025-04-16 13:26:00,88.5500,88.6800
AMD,2025-04-16 13:27:00,88.6800,88.7300
AMD,2025-04-16 13:28:00,88.7500,88.7300
AMD,2025-04-16 13:29:00,88.7400,88.7900
AMD,2025-04-16 13:30:00,88.7900,88.5050
AMD,2025-04-16 13:31:00,88.4800,88.2246
AMD,2025-04-16 13:32:00,88.2090,88.3450
AMD,2025-04-16 13:33:00,88.3400,88.2500
AMD,2025-04-16 13:34:00,88.2500,88.1500
AMD,2025-04-16 13:35:00,88.1450,88.1200
AMD,2025-04-16 13:36:00,88.1200,88.1900
AMD,2025-04-16 13:37:00,88.1850,88.3200
AMD,2025-04-16 13:38:00,88.3300,88.2000
AMD,2025-04-16 13:39:00,88.2000,88.1000
AMD,2025-04-16 13:40:00,88.0850,87.8600
AMD,2025-04-16 13:41:00,87.8500,87.8350
AMD,2025-04-16 13:42:00,87.8300,87.9800
AMD,2025-04-16 13:43:00,87.9800,87.9800
AMD,2025-04-16 13:44:00,87.9600,87.8500
AMD,2025-04-16 13:45:00,87.8500,87.7150
AMD,2025-04-16 13:46:00,87.7100,87.4800
AMD,2025-04-16 13:47:00,87.4850,87.3650
AMD,2025-04-16 13:48:00,87.3600,87.5450
AMD,2025-04-16 13:49:00,87.5400,87.6000
AMD,2025-04-16 13:50:00,87.5800,87.3900
AMD,2025-04-16 13:51:00,87.3900,87.6000
AMD,2025-04-16 13:52:00,87.5800,87.7088
AMD,2025-04-16 13:53:00,87.6830,87.5800
AMD,2025-04-16 13:54:00,87.5500,87.3700
AMD,2025-04-16 13:55:00,87.3650,87.3050
AMD,2025-04-16 13:56:00,87.2950,87.1812
AMD,2025-04-16 13:57:00,87.1971,87.0500
AMD,2025-04-16 13:58:00,87.0400,87.0550
AMD,2025-04-16 13:59:00,87.0600,86.9690
AMD,2025-04-16 14:00:00,86.9600,87.2700
AMD,2025-04-16 14:01:00,87.2750,87.0500
AMD,2025-04-16 14:02:00,87.0400,87.2490
AMD,2025-04-16 14:03:00,87.2700,87.1800
AMD,2025-04-16 14:04:00,87.1700,87.2800
AMD,2025-04-16 14:05:00,87.2800,87.4400
AMD,2025-04-16 14:06:00,87.4100,87.5100
AMD,2025-04-16 14:07:00,87.5000,87.3100
AMD,2025-04-16 14:08:00,87.3200,87.2900
AMD,2025-04-16 14:09:00,87.2900,87.4850
AMD,2025-04-16 14:10:00,87.4850,87.5000
AMD,2025-04-16 14:11:00,87.5100,87.4400
AMD,2025-04-16 14:12:00,87.4400,87.4400
AMD,2025-04-16 14:13:00,87.4400,87.3747
AMD,2025-04-16 14:14:00,87.3898,87.4900
AMD,2025-04-16 14:15:00,87.5000,87.4300
AMD,2025-04-16 14:16:00,87.4300,87.3800
AMD,2025-04-16 14:17:00,87.3700,87.3100
AMD,2025-04-16 14:18:00,87.3100,87.2950
AMD,2025-04-16 14:19:00,87.2800,87.3153
AMD,2025-04-16 14:20:00,87.3050,87.2750
AMD,2025-04-16 14:21:00,87.2800,87.4700
AMD,2025-04-16 14:22:00,87.4771,87.4899
AMD,2025-04-16 14:23:00,87.4900,87.5100
AMD,2025-04-16 14:24:00,87.5300,87.5243
AMD,2025-04-16 14:25:00,87.5150,87.4900
AMD,2025-04-16 14:26:00,87.5100,87.5550
AMD,2025-04-16 14:27:00,87.5600,87.5600
AMD,2025-04-16 14:28:00,87.5700,87.4900
AMD,2025-04-16 14:29:00,87.4900,87.4700
AMD,2025-04-16 14:30:00,87.4500,87.4099
AMD,2025-04-16 14:31:00,87.4077,87.4300
AMD,2025-04-16 14:32:00,87.4300,87.4247
AMD,2025-04-16 14:33:00,87.4200,87.3200
AMD,2025-04-16 14:34:00,87.3100,87.2250
AMD,2025-04-16 14:35:00,87.2250,87.1600
AMD,2025-04-16 14:36:00,87.1678,87.1900
AMD,2025-04-16 14:37:00,87.1811,86.9500
AMD,2025-04-16 14:38:00,86.9590,86.8100
AMD,2025-04-16 14:39:00,86.8200,86.6700
AMD,2025-04-16 14:40:00,86.6800,86.6800
AMD,2025-04-16 14:41:00,86.6750,86.6800
AMD,2025-04-16 14:42:00,86.6800,86.7500
AMD,2025-04-16 14:43:00,86.7500,86.5950
AMD,2025-04-16 14:44:00,86.6060,86.6000
AMD,2025-04-16 14:45:00,86.6100,86.5300
AMD,2025-04-16 14:46:00,86.5350,86.6100
AMD,2025-04-16 14:47:00,86.6200,86.4700
AMD,2025-04-16 14:48:00,86.4750,86.5100
AMD,2025-04-16 14:49:00,86.5100,86.4400
AMD,2025-04-16 14:50:00,86.4400,86.3700
AMD,2025-04-16 14:51:00,86.3700,86.4100
AMD,2025-04-16 14:52:00,86.4100,86.3850
AMD,2025-04-16 14:53:00,86.3849,86.2900
AMD,2025-04-16 14:54:00,86.2749,86.2800
AMD,2025-04-16 14:55:00,86.2800,86.3150
AMD,2025-04-16 14:56:00,86.3150,86.3680
AMD,2025-04-16 14:57:00,86.3500,86.3475
AMD,2025-04-16 14:58:00,86.3600,86.3598
AMD,2025-04-16 14:59:00,86.3400,86.3100
AMD,2025-04-16 15:00:00,86.3150,86.4200
AMD,2025-04-16 15:01:00,86.4200,86.4450
AMD,2025-04-16 15:02:00,86.4570,86.3800
AMD,2025-04-16 15:03:00,86.3800,86.3500
AMD,2025-04-16 15:04:00,86.3500,86.1500
AMD,2025-04-16 15:05:00,86.1510,86.2150
AMD,2025-04-16 15:06:00,86.2150,86.0800
AMD,2025-04-16 15:07:00,86.0800,86.0700
AMD,2025-04-16 15:08:00,86.0511,86.0100
AMD,2025-04-16 15:09:00,86.0100,86.0092
AMD,2025-04-16 15:10:00,86.0000,85.7950
AMD,2025-04-16 15:11:00,85.7950,85.7600
AMD,2025-04-16 15:12:00,85.7500,86.0200
AMD,2025-04-16 15:13:00,86.0200,86.0798
AMD,2025-04-16 15:14:00,86.0770,85.9952
AMD,2025-04-16 15:15:00,85.9900,86.0650
AMD,2025-04-16 15:16:00,86.0700,85.9147
AMD,2025-04-16 15:17:00,85.9100,85.8601
AMD,2025-04-16 15:18:00,85.8776,85.8499
AMD,2025-04-16 15:19:00,85.8400,85.7700
AMD,2025-04-16 15:20:00,85.7650,85.7090
AMD,2025-04-16 15:21:00,85.7099,85.8650
AMD,2025-04-16 15:22:00,85.8680,85.8500
AMD,2025-04-16 15:23:00,85.8500,85.9240
AMD,2025-04-16 15:24:00,85.9150,85.7150
AMD,2025-04-16 15:25:00,85.7100,85.5330
AMD,2025-04-16 15:26:00,85.5325,85.3850
AMD,2025-04-16 15:27:00,85.3850,85.3950
AMD,2025-04-16 15:28:00,85.3801,85.3185
AMD,2025-04-16 15:29:00,85.3200,85.3300
AMD,2025-04-16 15:30:00,85.3250,85.7491
AMD,2025-04-16 15:31:00,85.7500,85.8287
AMD,2025-04-16 15:32:00,85.8250,86.2050
AMD,2025-04-16 15:33:00,86.2050,86.1700
AMD,2025-04-16 15:34:00,86.1700,86.3350
AMD,2025-04-16 15:35:00,86.3300,86.3550
AMD,2025-04-16 15:36:00,86.3500,86.0590
AMD,2025-04-16 15:37:00,86.0600,86.3100
AMD,2025-04-16 15:38:00,86.3100,86.5900
AMD,2025-04-16 15:39:00,86.5800,86.5700
AMD,2025-04-16 15:40:00,86.5700,86.6700
AMD,2025-04-16 15:41:00,86.6600,86.9900
AMD,2025-04-16 15:42:00,86.9950,86.9300
AMD,2025-04-16 15:43:00,86.9400,86.9050
AMD,2025-04-16 15:44:00,86.9050,86.8000
AMD,2025-04-16 15:45:00,86.7900,86.8950
AMD,2025-04-16 15:46:00,86.8950,86.9850
AMD,2025-04-16 15:47:00,86.9850,87.1000
AMD,2025-04-16 15:48:00,87.0900,87.2500
AMD,2025-04-16 15:49:00,87.2500,87.3698
AMD,2025-04-16 15:50:00,87.3700,87.9215
AMD,2025-04-16 15:51:00,87.9200,87.9600
AMD,2025-04-16 15:52:00,87.9500,88.0214
AMD,2025-04-16 15:53:00,88.0250,87.9450
AMD,2025-04-16 15:54:00,87.9600,88.1950
AMD,2025-04-16 15:55:00,88.1950,88.0850
AMD,2025-04-16 15:56:00,88.0800,88.0800
AMD,2025-04-16 15:57:00,88.0750,88.2499
AMD,2025-04-16 15:58:00,88.2450,88.2150
AMD,2025-04-16 15:59:00,88.2100,88.2700
AMD,2025-04-17 09:30:00,88.8400,88.6100
AMD,2025-04-17 09:31:00,88.6200,88.1150
AMD,2025-04-17 09:32:00,88.1200,88.2400
AMD,2025-04-17 09:33:00,88.2750,88.1265
AMD,2025-04-17 09:34:00,88.2052,87.9125
AMD,2025-04-17 09:35:00,87.9617,88.0560
AMD,2025-04-17 09:36:00,88.0350,87.9800
AMD,2025-04-17 09:37:00,87.9350,88.0201
AMD,2025-04-17 09:38:00,88.0200,87.8700
AMD,2025-04-17 09:39:00,87.8563,87.9050
AMD,2025-04-17 09:40:00,87.8900,88.0500
AMD,2025-04-17 09:41:00,88.0800,88.3500
AMD,2025-04-17 09:42:00,88.3550,88.1561
AMD,2025-04-17 09:43:00,88.1800,88.0900
AMD,2025-04-17 09:44:00,88.0844,88.0500
AMD,2025-04-17 09:45:00,88.0800,88.0450
AMD,2025-04-17 09:46:00,88.0680,87.8650
AMD,2025-04-17 09:47:00,87.8700,88.0700
AMD,2025-04-17 09:48:00,88.0800,88.3801
AMD,2025-04-17 09:49:00,88.3600,88.6067
AMD,2025-04-17 09:50:00,88.6300,88.9185
AMD,2025-04-17 09:51:00,88.9150,88.6600
AMD,2025-04-17 09:52:00,88.6600,88.8100
AMD,2025-04-17 09:53:00,88.8000,88.5909
AMD,2025-04-17 09:54:00,88.5850,88.7400
AMD,2025-04-17 09:55:00,88.7385,88.4529
AMD,2025-04-17 09:56:00,88.4850,88.3350
AMD,2025-04-17 09:57:00,88.3100,88.2200
AMD,2025-04-17 09:58:00,88.2400,88.3500
AMD,2025-04-17 09:59:00,88.3600,88.5100
AMD,2025-04-17 10:00:00,88.5000,88.5600
AMD,2025-04-17 10:01:00,88.5899,88.3800
AMD,2025-04-17 10:02:00,88.3900,88.4191
AMD,2025-04-17 10:03:00,88.4200,88.1265
AMD,2025-04-17 10:04:00,88.1000,87.9800
AMD,2025-04-17 10:05:00,88.0000,88.0700
AMD,2025-04-17 10:06:00,88.0750,87.8296
AMD,2025-04-17 10:07:00,87.8207,87.7200
AMD,2025-04-17 10:08:00,87.7206,88.0000
AMD,2025-04-17 10:09:00,88.0000,88.0150
AMD,2025-04-17 10:10:00,88.0050,88.0627
AMD,2025-04-17 10:11:00,88.0600,88.0850
AMD,2025-04-17 10:12:00,88.0997,87.9850
AMD,2025-04-17 10:13:00,87.9750,87.9500
AMD,2025-04-17 10:14:00,87.9700,87.9047
AMD,2025-04-17 10:15:00,87.9185,88.1000
AMD,2025-04-17 10:16:00,88.0997,87.9200
AMD,2025-04-17 10:17:00,87.8800,87.9000
AMD,2025-04-17 10:18:00,87.9000,87.7700
AMD,2025-04-17 10:19:00,87.7528,87.8400
AMD,2025-04-17 10:20:00,87.8300,87.5300
AMD,2025-04-17 10:21:00,87.5400,87.4900
AMD,2025-04-17 10:22:00,87.4850,87.5830
AMD,2025-04-17 10:23:00,87.5900,87.5300
AMD,2025-04-17 10:24:00,87.5100,87.4200
AMD,2025-04-17 10:25:00,87.4100,87.4700
AMD,2025-04-17 10:26:00,87.4699,87.3500
AMD,2025-04-17 10:27:00,87.3247,87.1800
AMD,2025-04-17 10:28:00,87.1629,87.1600
AMD,2025-04-17 10:29:00,87.1600,87.0498
AMD,2025-04-17 10:30:00,87.0500,87.0100
AMD,2025-04-17 10:31:00,87.0200,87.1800
AMD,2025-04-17 10:32:00,87.1900,87.2900
AMD,2025-04-17 10:33:00,87.2859,87.2750
AMD,2025-04-17 10:34:00,87.2800,87.1600
AMD,2025-04-17 10:35:00,87.1500,87.0550
AMD,2025-04-17 10:36:00,87.0700,86.9703
AMD,2025-04-17 10:37:00,86.9800,86.9675
AMD,2025-04-17 10:38:00,86.9900,86.8700
AMD,2025-04-17 10:39:00,86.8600,86.9200
AMD,2025-04-17 10:40:00,86.9200,87.1300
AMD,2025-04-17 10:41:00,87.1250,87.3200
AMD,2025-04-17 10:42:00,87.3350,87.3100
AMD,2025-04-17 10:43:00,87.3200,87.1300
AMD,2025-04-17 10:44:00,87.1499,87.1250
AMD,2025-04-17 10:45:00,87.1272,87.1000
AMD,2025-04-17 10:46:00,87.1000,87.3037
AMD,2025-04-17 10:47:00,87.3000,87.2299
AMD,2025-04-17 10:48:00,87.2200,87.2700
AMD,2025-04-17 10:49:00,87.2650,87.2400
AMD,2025-04-17 10:50:00,87.2400,87.3000
AMD,2025-04-17 10:51:00,87.2900,87.0449
AMD,2025-04-17 10:52:00,87.0400,87.0175
AMD,2025-04-17 10:53:00,87.0100,86.9600
AMD,2025-04-17 10:54:00,86.9600,87.1300
AMD,2025-04-17 10:55:00,87.1400,87.0100
AMD,2025-04-17 10:56:00,87.0000,86.8700
AMD,2025-04-17 10:57:00,86.8893,86.8400
AMD,2025-04-17 10:58:00,86.8450,86.8000
AMD,2025-04-17 10:59:00,86.8000,86.6500
AMD,2025-04-17 11:00:00,86.6500,86.9000
AMD,2025-04-17 11:01:00,86.9100,86.9600
AMD,2025-04-17 11:02:00,86.9600,87.0400
AMD,2025-04-17 11:03:00,87.0400,87.0400
AMD,2025-04-17 11:04:00,87.0500,87.1000
AMD,2025-04-17 11:05:00,87.1000,87.2794
AMD,2025-04-17 11:06:00,87.2800,87.5950
AMD,2025-04-17 11:07:00,87.6000,87.5800
AMD,2025-04-17 11:08:00,87.5801,87.7000
AMD,2025-04-17 11:09:00,87.7050,87.5300
AMD,2025-04-17 11:10:00,87.5400,87.6697
AMD,2025-04-17 11:11:00,87.6800,87.7100
AMD,2025-04-17 11:12:00,87.7098,87.8292
AMD,2025-04-17 11:13:00,87.8150,87.6800
AMD,2025-04-17 11:14:00,87.6800,87.7900
AMD,2025-04-17 11:15:00,87.7500,87.5600
AMD,2025-04-17 11:16:00,87.5700,87.5400
AMD,2025-04-17 11:17:00,87.5500,87.7150
AMD,2025-04-17 11:18:00,87.7297,87.8300
AMD,2025-04-17 11:19:00,87.8300,87.7600
AMD,2025-04-17 11:20:00,87.7500,87.7100
AMD,2025-04-17 11:21:00,87.7185,87.5600
AMD,2025-04-17 11:22:00,87.5600,87.5900
AMD,2025-04-17 11:23:00,87.5946,87.5800
AMD,2025-04-17 11:24:00,87.5800,87.5202
AMD,2025-04-17 11:25:00,87.5300,87.3500
AMD,2025-04-17 11:26:00,87.3700,87.3150
AMD,2025-04-17 11:27:00,87.3100,86.9900
AMD,2025-04-17 11:28:00,86.9900,86.9100
AMD,2025-04-17 11:29:00,86.9000,86.8650
AMD,2025-04-17 11:30:00,86.8700,87.0400
AMD,2025-04-17 11:31:00,87.0350,87.2200
AMD,2025-04-17 11:32:00,87.2174,87.2200
AMD,2025-04-17 11:33:00,87.2200,87.1850
AMD,2025-04-17 11:34:00,87.1850,87.1200
AMD,2025-04-17 11:35:00,87.1100,87.0000
AMD,2025-04-17 11:36:00,87.0198,86.9289
AMD,2025-04-17 11:37:00,86.9300,87.1899
AMD,2025-04-17 11:38:00,87.1900,87.0700
AMD,2025-04-17 11:39:00,87.0674,87.1600
AMD,2025-04-17 11:40:00,87.1650,87.1900
AMD,2025-04-17 11:41:00,87.1850,87.1000
AMD,2025-04-17 11:42:00,87.1100,86.9750
AMD,2025-04-17 11:43:00,86.9601,87.0730
AMD,2025-04-17 11:44:00,87.0700,87.0309
AMD,2025-04-17 11:45:00,87.0500,86.9900
AMD,2025-04-17 11:46:00,86.9915,86.9700
AMD,2025-04-17 11:47:00,86.9500,86.9850
AMD,2025-04-17 11:48:00,86.9750,87.0050
AMD,2025-04-17 11:49:00,87.0200,86.8199
AMD,2025-04-17 11:50:00,86.8200,86.8500
AMD,2025-04-17 11:51:00,86.8600,87.1503
AMD,2025-04-17 11:52:00,87.1600,87.0799
AMD,2025-04-17 11:53:00,87.0799,86.9238
AMD,2025-04-17 11:54:00,86.9000,86.8001
AMD,2025-04-17 11:55:00,86.8100,86.9600
AMD,2025-04-17 11:56:00,86.9700,86.9200
AMD,2025-04-17 11:57:00,86.9250,86.8100
AMD,2025-04-17 11:58:00,86.8100,86.8300
AMD,2025-04-17 11:59:00,86.8200,86.7101
AMD,2025-04-17 12:00:00,86.7300,86.8891
AMD,2025-04-17 12:01:00,86.8802,86.8700
AMD,2025-04-17 12:02:00,86.8700,86.8000
AMD,2025-04-17 12:03:00,86.7900,86.7464
AMD,2025-04-17 12:04:00,86.7600,86.5514
AMD,2025-04-17 12:05:00,86.5500,87.0693
AMD,2025-04-17 12:06:00,87.0300,86.8950
AMD,2025-04-17 12:07:00,86.9100,87.0800
AMD,2025-04-17 12:08:00,87.0600,87.2200
AMD,2025-04-17 12:09:00,87.2397,87.1950
AMD,2025-04-17 12:10:00,87.1900,87.0700
AMD,2025-04-17 12:11:00,87.0700,87.0800
AMD,2025-04-17 12:12:00,87.0600,86.7601
AMD,2025-04-17 12:13:00,86.7600,86.9100
AMD,2025-04-17 12:14:00,86.9250,87.0600
AMD,2025-04-17 12:15:00,87.0600,87.1250
AMD,2025-04-17 12:16:00,87.1500,87.2600
AMD,2025-04-17 12:17:00,87.2600,87.0801
AMD,2025-04-17 12:18:00,87.1000,87.1800
AMD,2025-04-17 12:19:00,87.2000,87.4200
AMD,2025-04-17 12:20:00,87.4200,87.2900
AMD,2025-04-17 12:21:00,87.3000,87.5050
AMD,2025-04-17 12:22:00,87.5150,87.3300
AMD,2025-04-17 12:23:00,87.3400,87.3950
AMD,2025-04-17 12:24:00,87.4100,87.3850
AMD,2025-04-17 12:25:00,87.3700,87.4300
AMD,2025-04-17 12:26:00,87.4400,87.5400
AMD,2025-04-17 12:27:00,87.5250,87.4650
AMD,2025-04-17 12:28:00,87.4700,87.5287
AMD,2025-04-17 12:29:00,87.5300,87.5050
AMD,2025-04-17 12:30:00,87.5100,87.4000
AMD,2025-04-17 12:31:00,87.3900,87.5200
AMD,2025-04-17 12:32:00,87.5250,87.5600
AMD,2025-04-17 12:33:00,87.5550,87.7100
AMD,2025-04-17 12:34:00,87.7100,87.6400
AMD,2025-04-17 12:35:00,87.6400,87.7300
AMD,2025-04-17 12:36:00,87.7600,87.6700
AMD,2025-04-17 12:37:00,87.6778,87.5550
AMD,2025-04-17 12:38:00,87.5700,87.5700
AMD,2025-04-17 12:39:00,87.5550,87.2800
AMD,2025-04-17 12:40:00,87.2800,87.3100
AMD,2025-04-17 12:41:00,87.3499,87.2400
AMD,2025-04-17 12:42:00,87.2400,87.1800
AMD,2025-04-17 12:43:00,87.1732,87.0000
AMD,2025-04-17 12:44:00,86.9700,87.0000
AMD,2025-04-17 12:45:00,87.0000,86.9225
AMD,2025-04-17 12:46:00,86.9200,87.2825
AMD,2025-04-17 12:47:00,87.2700,87.2550
AMD,2025-04-17 12:48:00,87.2700,87.1100
AMD,2025-04-17 12:49:00,87.1000,87.3000
AMD,2025-04-17 12:50:00,87.3000,87.4367
AMD,2025-04-17 12:51:00,87.4300,87.3300
AMD,2025-04-17 12:52:00,87.3400,87.4900
AMD,2025-04-17 12:53:00,87.5199,87.4300
AMD,2025-04-17 12:54:00,87.4200,87.3450
AMD,2025-04-17 12:55:00,87.3450,87.4550
AMD,2025-04-17 12:56:00,87.4600,87.3949
AMD,2025-04-17 12:57:00,87.3999,87.3800
AMD,2025-04-17 12:58:00,87.3700,87.4600
AMD,2025-04-17 12:59:00,87.4800,87.3598
AMD,2025-04-17 13:00:00,87.3500,87.4432
AMD,2025-04-17 13:01:00,87.4470,87.4500
AMD,2025-04-17 13:02:00,87.4264,87.4400
AMD,2025-04-17 13:03:00,87.4300,87.3800
AMD,2025-04-17 13:04:00,87.3900,87.4050
AMD,2025-04-17 13:05:00,87.4100,87.4100
AMD,2025-04-17 13:06:00,87.4196,87.3950
AMD,2025-04-17 13:07:00,87.3950,87.4763
AMD,2025-04-17 13:08:00,87.4700,87.4700
AMD,2025-04-17 13:09:00,87.4700,87.3814
AMD,2025-04-17 13:10:00,87.3900,87.4100
AMD,2025-04-17 13:11:00,87.4150,87.4300
AMD,2025-04-17 13:12:00,87.4250,87.3230
AMD,2025-04-17 13:13:00,87.3200,87.2900
AMD,2025-04-17 13:14:00,87.2800,87.2450
AMD,2025-04-17 13:15:00,87.2500,87.3200
AMD,2025-04-17 13:16:00,87.3200,87.1400
AMD,2025-04-17 13:17:00,87.1300,87.0950
AMD,2025-04-17 13:18:00,87.1000,87.0600
AMD,2025-04-17 13:19:00,87.0400,87.1655
AMD,2025-04-17 13:20:00,87.1400,87.0150
AMD,2025-04-17 13:21:00,87.0100,87.0450
AMD,2025-04-17 13:22:00,87.0399,87.0200
AMD,2025-04-17 13:23:00,87.0050,86.9200
AMD,2025-04-17 13:24:00,86.9200,86.9500
AMD,2025-04-17 13:25:00,86.9500,87.0500
AMD,2025-04-17 13:26:00,87.0600,86.8800
AMD,2025-04-17 13:27:00,86.8900,86.9516
AMD,2025-04-17 13:28:00,86.9499,86.9116
AMD,2025-04-17 13:29:00,86.8900,86.8400
AMD,2025-04-17 13:30:00,86.8500,86.8989
AMD,2025-04-17 13:31:00,86.9000,87.0900
AMD,2025-04-17 13:32:00,87.0950,87.2050
AMD,2025-04-17 13:33:00,87.2100,87.2250
AMD,2025-04-17 13:34:00,87.2250,87.2150
AMD,2025-04-17 13:35:00,87.2100,87.1350
AMD,2025-04-17 13:36:00,87.1200,87.2700
AMD,2025-04-17 13:37:00,87.2700,87.2071
AMD,2025-04-17 13:38:00,87.2000,87.2700
AMD,2025-04-17 13:39:00,87.2700,87.2600
AMD,2025-04-17 13:40:00,87.2500,87.1100
AMD,2025-04-17 13:41:00,87.1100,87.0000
AMD,2025-04-17 13:42:00,87.0011,86.8600
AMD,2025-04-17 13:43:00,86.8670,87.0350
AMD,2025-04-17 13:44:00,87.0400,87.1350
AMD,2025-04-17 13:45:00,87.1300,87.2650
AMD,2025-04-17 13:46:00,87.2700,87.4600
AMD,2025-04-17 13:47:00,87.4800,87.6400
AMD,2025-04-17 13:48:00,87.6200,87.5500
AMD,2025-04-17 13:49:00,87.5448,87.4099
AMD,2025-04-17 13:50:00,87.3900,87.4500
AMD,2025-04-17 13:51:00,87.4600,87.5350
AMD,2025-04-17 13:52:00,87.5350,87.5900
AMD,2025-04-17 13:53:00,87.5900,87.6600
AMD,2025-04-17 13:54:00,87.6620,87.5547
AMD,2025-04-17 13:55:00,87.5600,87.7150
AMD,2025-04-17 13:56:00,87.7000,87.5250
AMD,2025-04-17 13:57:00,87.5150,87.5150
AMD,2025-04-17 13:58:00,87.5000,87.5000
AMD,2025-04-17 13:59:00,87.4900,87.4902
AMD,2025-04-17 14:00:00,87.4701,87.3800
AMD,2025-04-17 14:01:00,87.4109,87.5200
AMD,2025-04-17 14:02:00,87.5350,87.5450
AMD,2025-04-17 14:03:00,87.5400,87.5000
AMD,2025-04-17 14:04:00,87.5100,87.6350
AMD,2025-04-17 14:05:00,87.6200,87.7200
AMD,2025-04-17 14:06:00,87.7250,87.6900
AMD,2025-04-17 14:07:00,87.6800,87.7400
AMD,2025-04-17 14:08:00,87.7350,87.8500
AMD,2025-04-17 14:09:00,87.8518,87.7700
AMD,2025-04-17 14:10:00,87.7636,87.8000
AMD,2025-04-17 14:11:00,87.7900,87.8200
AMD,2025-04-17 14:12:00,87.8400,87.7500
AMD,2025-04-17 14:13:00,87.7500,87.7400
AMD,2025-04-17 14:14:00,87.7300,87.7350
AMD,2025-04-17 14:15:00,87.7400,87.8900
AMD,2025-04-17 14:16:00,87.8800,87.7300
AMD,2025-04-17 14:17:00,87.7400,87.9500
AMD,2025-04-17 14:18:00,87.9400,87.8750
AMD,2025-04-17 14:19:00,87.8700,88.0000
AMD,2025-04-17 14:20:00,87.9950,88.1200
AMD,2025-04-17 14:21:00,88.1100,88.1400
AMD,2025-04-17 14:22:00,88.1400,88.1490
AMD,2025-04-17 14:23:00,88.1490,88.1700
AMD,2025-04-17 14:24:00,88.1400,88.1150
AMD,2025-04-17 14:25:00,88.1200,88.0800
AMD,2025-04-17 14:26:00,88.0850,87.9800
AMD,2025-04-17 14:27:00,87.9700,88.0000
AMD,2025-04-17 14:28:00,87.9900,88.0500
AMD,2025-04-17 14:29:00,88.0510,87.9050
AMD,2025-04-17 14:30:00,87.9100,88.0237
AMD,2025-04-17 14:31:00,88.0200,88.1700
AMD,2025-04-17 14:32:00,88.1872,88.1100
AMD,2025-04-17 14:33:00,88.1200,88.0649
AMD,2025-04-17 14:34:00,88.0700,87.9437
AMD,2025-04-17 14:35:00,87.9599,88.0500
AMD,2025-04-17 14:36:00,88.0400,87.8350
AMD,2025-04-17 14:37:00,87.8500,87.8293
AMD,2025-04-17 14:38:00,87.8300,87.8500
AMD,2025-04-17 14:39:00,87.8598,87.8550
AMD,2025-04-17 14:40:00,87.8550,87.7400
AMD,2025-04-17 14:41:00,87.7400,87.7800
AMD,2025-04-17 14:42:00,87.7900,87.7200
AMD,2025-04-17 14:43:00,87.7150,87.7450
AMD,2025-04-17 14:44:00,87.7300,87.7000
AMD,2025-04-17 14:45:00,87.6950,87.7600
AMD,2025-04-17 14:46:00,87.7550,87.6100
AMD,2025-04-17 14:47:00,87.6300,87.5700
AMD,2025-04-17 14:48:00,87.5700,87.5900
AMD,2025-04-17 14:49:00,87.5900,87.4638
AMD,2025-04-17 14:50:00,87.4600,87.3500
AMD,2025-04-17 14:51:00,87.3315,87.4200
AMD,2025-04-17 14:52:00,87.4200,87.4902
AMD,2025-04-17 14:53:00,87.5100,87.5000
AMD,2025-04-17 14:54:00,87.5000,87.3450
AMD,2025-04-17 14:55:00,87.3490,87.3693
AMD,2025-04-17 14:56:00,87.3500,87.2800
AMD,2025-04-17 14:57:00,87.2698,87.3000
AMD,2025-04-17 14:58:00,87.2950,87.2598
AMD,2025-04-17 14:59:00,87.2300,87.1100
AMD,2025-04-17 15:00:00,87.1100,87.1900
AMD,2025-04-17 15:01:00,87.2000,87.1200
AMD,2025-04-17 15:02:00,87.1200,87.0800
AMD,2025-04-17 15:03:00,87.0900,87.0950
AMD,2025-04-17 15:04:00,87.1000,87.1000
AMD,2025-04-17 15:05:00,87.1050,87.0900
AMD,2025-04-17 15:06:00,87.0900,87.1000
AMD,2025-04-17 15:07:00,87.1099,87.1700
AMD,2025-04-17 15:08:00,87.1600,87.2077
AMD,2025-04-17 15:09:00,87.2100,87.2602
AMD,2025-04-17 15:10:00,87.2600,87.2300
AMD,2025-04-17 15:11:00,87.2200,87.1500
AMD,2025-04-17 15:12:00,87.1400,87.0800
AMD,2025-04-17 15:13:00,87.0600,87.0500
AMD,2025-04-17 15:14:00,87.0501,87.0150
AMD,2025-04-17 15:15:00,87.0200,87.1000
AMD,2025-04-17 15:16:00,87.1099,86.9604
AMD,2025-04-17 15:17:00,86.9791,87.0550
AMD,2025-04-17 15:18:00,87.0400,87.0500
AMD,2025-04-17 15:19:00,87.0619,87.1095
AMD,2025-04-17 15:20:00,87.1200,87.0300
AMD,2025-04-17 15:21:00,87.0100,86.9001
AMD,2025-04-17 15:22:00,86.9000,87.0900
AMD,2025-04-17 15:23:00,87.0900,87.2700
AMD,2025-04-17 15:24:00,87.2800,87.2150
AMD,2025-04-17 15:25:00,87.2200,87.1550
AMD,2025-04-17 15:26:00,87.1688,87.2470
AMD,2025-04-17 15:27:00,87.2401,87.2599
AMD,2025-04-17 15:28:00,87.2502,87.2300
AMD,2025-04-17 15:29:00,87.2100,87.1026
AMD,2025-04-17 15:30:00,87.1000,87.2600
AMD,2025-04-17 15:31:00,87.2600,87.3586
AMD,2025-04-17 15:32:00,87.3550,87.3300
AMD,2025-04-17 15:33:00,87.3274,87.3250
AMD,2025-04-17 15:34:00,87.3000,87.3300
AMD,2025-04-17 15:35:00,87.3300,87.3200
AMD,2025-04-17 15:36:00,87.3300,87.4400
AMD,2025-04-17 15:37:00,87.4350,87.3701
AMD,2025-04-17 15:38:00,87.3850,87.4101
AMD,2025-04-17 15:39:00,87.4150,87.3900
AMD,2025-04-17 15:40:00,87.4000,87.2109
AMD,2025-04-17 15:41:00,87.2200,87.4000
AMD,2025-04-17 15:42:00,87.4000,87.4870
AMD,2025-04-17 15:43:00,87.4900,87.3900
AMD,2025-04-17 15:44:00,87.4000,87.3600
AMD,2025-04-17 15:45:00,87.3600,87.3111
AMD,2025-04-17 15:46:00,87.3300,87.1601
AMD,2025-04-17 15:47:00,87.1600,87.1300
AMD,2025-04-17 15:48:00,87.1391,87.1350
AMD,2025-04-17 15:49:00,87.1400,87.1500
AMD,2025-04-17 15:50:00,87.1300,86.9650
AMD,2025-04-17 15:51:00,86.9800,87.0500
AMD,2025-04-17 15:52:00,87.0500,87.1600
AMD,2025-04-17 15:53:00,87.1600,87.1400
AMD,2025-04-17 15:54:00,87.1400,87.5700
AMD,2025-04-17 15:55:00,87.5700,87.4650
AMD,2025-04-17 15:56:00,87.4600,87.3286
AMD,2025-04-17 15:57:00,87.3250,87.5650
AMD,2025-04-17 15:58:00,87.5600,87.5100
AMD,2025-04-17 15:59:00,87.5100,87.4300
AMD,2025-04-21 09:30:00,86.0150,85.8450
AMD,2025-04-21 09:31:00,85.8400,85.6900
AMD,2025-04-21 09:32:00,85.7300,85.8400
AMD,2025-04-21 09:33:00,85.8200,85.9001
AMD,2025-04-21 09:34:00,85.9101,85.9400
AMD,2025-04-21 09:35:00,85.9250,85.7800
AMD,2025-04-21 09:36:00,85.7700,85.5500
AMD,2025-04-21 09:37:00,85.5450,85.8600
AMD,2025-04-21 09:38:00,85.8800,85.8600
AMD,2025-04-21 09:39:00,85.8500,85.9650
AMD,2025-04-21 09:40:00,85.9900,85.6400
AMD,2025-04-21 09:41:00,85.6300,85.6000
AMD,2025-04-21 09:42:00,85.6000,85.5000
AMD,2025-04-21 09:43:00,85.4900,85.3677
AMD,2025-04-21 09:44:00,85.3606,85.1399
AMD,2025-04-21 09:45:00,85.1400,85.1200
AMD,2025-04-21 09:46:00,85.1100,85.1100
AMD,2025-04-21 09:47:00,85.1000,85.0598
AMD,2025-04-21 09:48:00,85.0550,85.4301
AMD,2025-04-21 09:49:00,85.4450,85.4920
AMD,2025-04-21 09:50:00,85.5300,85.3947
AMD,2025-04-21 09:51:00,85.3960,85.2650
AMD,2025-04-21 09:52:00,85.2650,85.1200
AMD,2025-04-21 09:53:00,85.1000,85.2150
AMD,2025-04-21 09:54:00,85.2000,85.1500
AMD,2025-04-21 09:55:00,85.1500,85.1600
AMD,2025-04-21 09:56:00,85.1650,85.0500
AMD,2025-04-21 09:57:00,85.0478,84.9650
AMD,2025-04-21 09:58:00,84.9700,84.8800
AMD,2025-04-21 09:59:00,84.8670,84.8150
AMD,2025-04-21 10:00:00,84.8200,84.6400
AMD,2025-04-21 10:01:00,84.6300,84.8500
AMD,2025-04-21 10:02:00,84.8470,84.8499
AMD,2025-04-21 10:03:00,84.8483,84.6900
AMD,2025-04-21 10:04:00,84.6900,84.8603
AMD,2025-04-21 10:05:00,84.8700,84.8600
AMD,2025-04-21 10:06:00,84.8600,84.8925
AMD,2025-04-21 10:07:00,84.8800,84.7926
AMD,2025-04-21 10:08:00,84.7850,84.8100
AMD,2025-04-21 10:09:00,84.7950,84.7796
AMD,2025-04-21 10:10:00,84.7750,84.9800
AMD,2025-04-21 10:11:00,84.9700,84.9950
AMD,2025-04-21 10:12:00,84.9860,85.0700
AMD,2025-04-21 10:13:00,85.0779,84.9850
AMD,2025-04-21 10:14:00,84.9900,85.1400
AMD,2025-04-21 10:15:00,85.1450,84.9400
AMD,2025-04-21 10:16:00,84.9300,84.6100
AMD,2025-04-21 10:17:00,84.6200,84.6686
AMD,2025-04-21 10:18:00,84.6600,84.5600
AMD,2025-04-21 10:19:00,84.5700,84.7050
AMD,2025-04-21 10:20:00,84.7100,84.7100
AMD,2025-04-21 10:21:00,84.6900,84.7500
AMD,2025-04-21 10:22:00,84.7600,84.7500
AMD,2025-04-21 10:23:00,84.7306,84.6700
AMD,2025-04-21 10:24:00,84.6800,84.7400
AMD,2025-04-21 10:25:00,84.7500,84.9899
AMD,2025-04-21 10:26:00,84.9900,84.9700
AMD,2025-04-21 10:27:00,84.9700,84.7900
AMD,2025-04-21 10:28:00,84.7900,84.7700
AMD,2025-04-21 10:29:00,84.7700,84.7750
AMD,2025-04-21 10:30:00,84.7650,84.8900
AMD,2025-04-21 10:31:00,84.8950,84.9299
AMD,2025-04-21 10:32:00,84.9200,84.9600
AMD,2025-04-21 10:33:00,84.9599,85.0888
AMD,2025-04-21 10:34:00,85.0900,85.1050
AMD,2025-04-21 10:35:00,85.1050,85.3600
AMD,2025-04-21 10:36:00,85.3750,85.5350
AMD,2025-04-21 10:37:00,85.5400,85.5500
AMD,2025-04-21 10:38:00,85.5400,85.4500
AMD,2025-04-21 10:39:00,85.4700,85.6900
AMD,2025-04-21 10:40:00,85.6900,85.7300
AMD,2025-04-21 10:41:00,85.7400,85.6913
AMD,2025-04-21 10:42:00,85.6950,85.5899
AMD,2025-04-21 10:43:00,85.5750,85.5800
AMD,2025-04-21 10:44:00,85.5800,85.5050
AMD,2025-04-21 10:45:00,85.5000,85.6600
AMD,2025-04-21 10:46:00,85.6700,85.4350
AMD,2025-04-21 10:47:00,85.4400,85.4800
AMD,2025-04-21 10:48:00,85.5100,85.3986
AMD,2025-04-21 10:49:00,85.4000,85.3499
AMD,2025-04-21 10:50:00,85.3300,85.2800
AMD,2025-04-21 10:51:00,85.2700,85.3200
AMD,2025-04-21 10:52:00,85.3100,85.2100
AMD,2025-04-21 10:53:00,85.2199,85.2250
AMD,2025-04-21 10:54:00,85.2300,85.2270
AMD,2025-04-21 10:55:00,85.2000,85.3250
AMD,2025-04-21 10:56:00,85.3374,85.3700
AMD,2025-04-21 10:57:00,85.3601,85.3200
AMD,2025-04-21 10:58:00,85.3248,85.5093
AMD,2025-04-21 10:59:00,85.4973,85.4100
AMD,2025-04-21 11:00:00,85.4300,85.4600
AMD,2025-04-21 11:01:00,85.4600,85.2138
AMD,2025-04-21 11:02:00,85.2100,85.1001
AMD,2025-04-21 11:03:00,85.1050,85.0990
AMD,2025-04-21 11:04:00,85.0983,85.1100
AMD,2025-04-21 11:05:00,85.1300,85.1500
AMD,2025-04-21 11:06:00,85.1400,85.2100
AMD,2025-04-21 11:07:00,85.2200,85.0988
AMD,2025-04-21 11:08:00,85.1100,85.0400
AMD,2025-04-21 11:09:00,85.0362,85.1300
AMD,2025-04-21 11:10:00,85.1200,85.0500
AMD,2025-04-21 11:11:00,85.0600,85.1600
AMD,2025-04-21 11:12:00,85.1400,85.0400
AMD,2025-04-21 11:13:00,85.0600,84.9750
AMD,2025-04-21 11:14:00,84.9700,84.8900
AMD,2025-04-21 11:15:00,84.8784,84.9500
AMD,2025-04-21 11:16:00,84.9500,84.9680
AMD,2025-04-21 11:17:00,84.9600,85.0100
AMD,2025-04-21 11:18:00,85.0100,85.1250
AMD,2025-04-21 11:19:00,85.1250,85.1500
AMD,2025-04-21 11:20:00,85.1500,85.0200
AMD,2025-04-21 11:21:00,85.0200,84.9700
AMD,2025-04-21 11:22:00,84.9700,84.9400
AMD,2025-04-21 11:23:00,84.9177,84.9495
AMD,2025-04-21 11:24:00,84.9600,84.8600
AMD,2025-04-21 11:25:00,84.8700,84.7800
AMD,2025-04-21 11:26:00,84.7800,84.7909
AMD,2025-04-21 11:27:00,84.8000,84.7700
AMD,2025-04-21 11:28:00,84.7700,84.6000
AMD,2025-04-21 11:29:00,84.5902,84.6400
AMD,2025-04-21 11:30:00,84.6450,84.6300
AMD,2025-04-21 11:31:00,84.6300,84.4600
AMD,2025-04-21 11:32:00,84.4600,84.4100
AMD,2025-04-21 11:33:00,84.4100,84.3700
AMD,2025-04-21 11:34:00,84.3900,84.3000
AMD,2025-04-21 11:35:00,84.3006,84.1800
AMD,2025-04-21 11:36:00,84.1800,84.1200
AMD,2025-04-21 11:37:00,84.1100,84.2350
AMD,2025-04-21 11:38:00,84.2400,84.1700
AMD,2025-04-21 11:39:00,84.1700,84.2096
AMD,2025-04-21 11:40:00,84.1900,84.2170
AMD,2025-04-21 11:41:00,84.2100,84.1691
AMD,2025-04-21 11:42:00,84.1600,84.1700
AMD,2025-04-21 11:43:00,84.1800,84.1600
AMD,2025-04-21 11:44:00,84.1400,84.0200
AMD,2025-04-21 11:45:00,84.0300,84.0500
AMD,2025-04-21 11:46:00,84.0450,84.0600
AMD,2025-04-21 11:47:00,84.0642,84.0600
AMD,2025-04-21 11:48:00,84.0600,84.0877
AMD,2025-04-21 11:49:00,84.0900,84.1900
AMD,2025-04-21 11:50:00,84.1900,84.1788
AMD,2025-04-21 11:51:00,84.1790,84.0812
AMD,2025-04-21 11:52:00,84.0800,84.1600
AMD,2025-04-21 11:53:00,84.1600,84.1200
AMD,2025-04-21 11:54:00,84.1250,84.1600
AMD,2025-04-21 11:55:00,84.1600,84.1650
AMD,2025-04-21 11:56:00,84.1700,84.1800
AMD,2025-04-21 11:57:00,84.2000,84.1200
AMD,2025-04-21 11:58:00,84.1250,84.1200
AMD,2025-04-21 11:59:00,84.1000,84.0872
AMD,2025-04-21 12:00:00,84.0800,84.2200
AMD,2025-04-21 12:01:00,84.2300,84.2450
AMD,2025-04-21 12:02:00,84.2403,84.2496
AMD,2025-04-21 12:03:00,84.2300,84.2300
AMD,2025-04-21 12:04:00,84.2200,84.2800
AMD,2025-04-21 12:05:00,84.2700,84.2776
AMD,2025-04-21 12:06:00,84.2800,84.3300
AMD,2025-04-21 12:07:00,84.3350,84.3012
AMD,2025-04-21 12:08:00,84.3100,84.3450
AMD,2025-04-21 12:09:00,84.3500,84.3400
AMD,2025-04-21 12:10:00,84.3250,84.4300
AMD,2025-04-21 12:11:00,84.4241,84.4097
AMD,2025-04-21 12:12:00,84.4000,84.4600
AMD,2025-04-21 12:13:00,84.4606,84.4900
AMD,2025-04-21 12:14:00,84.4900,84.4800
AMD,2025-04-21 12:15:00,84.4800,84.4100
AMD,2025-04-21 12:16:00,84.4100,84.3500
AMD,2025-04-21 12:17:00,84.3418,84.3800
AMD,2025-04-21 12:18:00,84.3700,84.2500
AMD,2025-04-21 12:19:00,84.2300,84.3337
AMD,2025-04-21 12:20:00,84.3399,84.4400
AMD,2025-04-21 12:21:00,84.4390,84.3302
AMD,2025-04-21 12:22:00,84.3400,84.2550
AMD,2025-04-21 12:23:00,84.2600,84.3100
AMD,2025-04-21 12:24:00,84.3299,84.3450
AMD,2025-04-21 12:25:00,84.3400,84.3500
AMD,2025-04-21 12:26:00,84.3500,84.2810
AMD,2025-04-21 12:27:00,84.2800,84.2500
AMD,2025-04-21 12:28:00,84.2500,84.2300
AMD,2025-04-21 12:29:00,84.2331,84.2000
AMD,2025-04-21 12:30:00,84.2000,84.3196
AMD,2025-04-21 12:31:00,84.3200,84.3150
AMD,2025-04-21 12:32:00,84.3200,84.4850
AMD,2025-04-21 12:33:00,84.4900,84.4300
AMD,2025-04-21 12:34:00,84.4200,84.4350
AMD,2025-04-21 12:35:00,84.4390,84.5072
AMD,2025-04-21 12:36:00,84.5100,84.6080
AMD,2025-04-21 12:37:00,84.6100,84.6500
AMD,2025-04-21 12:38:00,84.6488,84.5500
AMD,2025-04-21 12:39:00,84.5500,84.5700
AMD,2025-04-21 12:40:00,84.5900,84.6600
AMD,2025-04-21 12:41:00,84.6508,84.6348
AMD,2025-04-21 12:42:00,84.6201,84.7300
AMD,2025-04-21 12:43:00,84.7252,84.7100
AMD,2025-04-21 12:44:00,84.7000,84.7000
AMD,2025-04-21 12:45:00,84.6900,84.7500
AMD,2025-04-21 12:46:00,84.7500,84.6000
AMD,2025-04-21 12:47:00,84.6100,84.5200
AMD,2025-04-21 12:48:00,84.5100,84.4700
AMD,2025-04-21 12:49:00,84.4700,84.5500
AMD,2025-04-21 12:50:00,84.5500,84.4750
AMD,2025-04-21 12:51:00,84.4899,84.3700
AMD,2025-04-21 12:52:00,84.3500,84.3450
AMD,2025-04-21 12:53:00,84.3556,84.3050
AMD,2025-04-21 12:54:00,84.3100,84.3200
AMD,2025-04-21 12:55:00,84.3200,84.3100
AMD,2025-04-21 12:56:00,84.3000,84.2132
AMD,2025-04-21 12:57:00,84.2100,84.1300
AMD,2025-04-21 12:58:00,84.1300,84.1350
AMD,2025-04-21 12:59:00,84.1350,84.1700
AMD,2025-04-21 13:00:00,84.1650,84.2700
AMD,2025-04-21 13:01:00,84.2850,84.2600
AMD,2025-04-21 13:02:00,84.2600,84.1668
AMD,2025-04-21 13:03:00,84.1600,84.0700
AMD,2025-04-21 13:04:00,84.0605,84.1102
AMD,2025-04-21 13:05:00,84.1200,84.0700
AMD,2025-04-21 13:06:00,84.0600,84.0100
AMD,2025-04-21 13:07:00,84.0100,83.9900
AMD,2025-04-21 13:08:00,83.9900,83.9200
AMD,2025-04-21 13:09:00,83.9184,83.9600
AMD,2025-04-21 13:10:00,83.9500,83.9850
AMD,2025-04-21 13:11:00,83.9850,84.0250
AMD,2025-04-21 13:12:00,84.0302,83.9900
AMD,2025-04-21 13:13:00,83.9900,83.9402
AMD,2025-04-21 13:14:00,83.9400,83.9900
AMD,2025-04-21 13:15:00,83.9800,83.9600
AMD,2025-04-21 13:16:00,83.9650,83.9500
AMD,2025-04-21 13:17:00,83.9550,83.9900
AMD,2025-04-21 13:18:00,83.9897,83.9116
AMD,2025-04-21 13:19:00,83.9150,83.9770
AMD,2025-04-21 13:20:00,83.9800,84.0500
AMD,2025-04-21 13:21:00,84.0500,84.0550
AMD,2025-04-21 13:22:00,84.0600,84.0400
AMD,2025-04-21 13:23:00,84.0500,84.0300
AMD,2025-04-21 13:24:00,84.0350,83.9550
AMD,2025-04-21 13:25:00,83.9507,83.9042
AMD,2025-04-21 13:26:00,83.9000,83.9750
AMD,2025-04-21 13:27:00,83.9800,84.0301
AMD,2025-04-21 13:28:00,84.0400,83.9450
AMD,2025-04-21 13:29:00,83.9500,83.9480
AMD,2025-04-21 13:30:00,83.9500,84.0600
AMD,2025-04-21 13:31:00,84.0648,84.1600
AMD,2025-04-21 13:32:00,84.1600,84.1999
AMD,2025-04-21 13:33:00,84.1971,84.0700
AMD,2025-04-21 13:34:00,84.0800,84.0101
AMD,2025-04-21 13:35:00,84.0196,84.0800
AMD,2025-04-21 13:36:00,84.0800,84.1600
AMD,2025-04-21 13:37:00,84.1504,83.9950
AMD,2025-04-21 13:38:00,84.0000,83.9600
AMD,2025-04-21 13:39:00,83.9600,84.0000
AMD,2025-04-21 13:40:00,84.0100,84.0550
AMD,2025-04-21 13:41:00,84.0600,84.0700
AMD,2025-04-21 13:42:00,84.0750,84.0250
AMD,2025-04-21 13:43:00,84.0244,84.0200
AMD,2025-04-21 13:44:00,84.0200,84.0600
AMD,2025-04-21 13:45:00,84.0674,84.0700
AMD,2025-04-21 13:46:00,84.0700,84.0000
AMD,2025-04-21 13:47:00,83.9950,84.0800
AMD,2025-04-21 13:48:00,84.0800,84.0500
AMD,2025-04-21 13:49:00,84.0400,84.0000
AMD,2025-04-21 13:50:00,84.0000,84.0800
AMD,2025-04-21 13:51:00,84.0800,83.9800
AMD,2025-04-21 13:52:00,83.9700,84.0279
AMD,2025-04-21 13:53:00,84.0300,84.0000
AMD,2025-04-21 13:54:00,84.0112,84.0094
AMD,2025-04-21 13:55:00,84.0000,84.0356
AMD,2025-04-21 13:56:00,84.0388,83.9950
AMD,2025-04-21 13:57:00,83.9970,83.9750
AMD,2025-04-21 13:58:00,83.9850,83.9100
AMD,2025-04-21 13:59:00,83.9200,83.9200
AMD,2025-04-21 14:00:00,83.9200,83.8700
AMD,2025-04-21 14:01:00,83.8900,83.8250
AMD,2025-04-21 14:02:00,83.8200,83.8287
AMD,2025-04-21 14:03:00,83.8200,83.8850
AMD,2025-04-21 14:04:00,83.8800,83.8750
AMD,2025-04-21 14:05:00,83.8750,83.8600
AMD,2025-04-21 14:06:00,83.8550,84.0350
AMD,2025-04-21 14:07:00,84.0400,83.9517
AMD,2025-04-21 14:08:00,83.9600,84.0300
AMD,2025-04-21 14:09:00,84.0400,84.0300
AMD,2025-04-21 14:10:00,84.0200,83.9800
AMD,2025-04-21 14:11:00,83.9898,84.1350
AMD,2025-04-21 14:12:00,84.1353,84.1600
AMD,2025-04-21 14:13:00,84.1600,84.1250
AMD,2025-04-21 14:14:00,84.1200,84.1600
AMD,2025-04-21 14:15:00,84.1600,84.1700
AMD,2025-04-21 14:16:00,84.1689,84.2700
AMD,2025-04-21 14:17:00,84.2686,84.2500
AMD,2025-04-21 14:18:00,84.2500,84.2700
AMD,2025-04-21 14:19:00,84.2600,84.1400
AMD,2025-04-21 14:20:00,84.1300,84.0800
AMD,2025-04-21 14:21:00,84.0700,84.1550
AMD,2025-04-21 14:22:00,84.1600,84.1900
AMD,2025-04-21 14:23:00,84.1800,84.1150
AMD,2025-04-21 14:24:00,84.1200,84.1000
AMD,2025-04-21 14:25:00,84.0900,84.1100
AMD,2025-04-21 14:26:00,84.1100,84.2500
AMD,2025-04-21 14:27:00,84.2500,84.2600
AMD,2025-04-21 14:28:00,84.2600,84.2900
AMD,2025-04-21 14:29:00,84.2900,84.3200
AMD,2025-04-21 14:30:00,84.3200,84.4310
AMD,2025-04-21 14:31:00,84.4396,84.4550
AMD,2025-04-21 14:32:00,84.4600,84.3800
AMD,2025-04-21 14:33:00,84.3800,84.4700
AMD,2025-04-21 14:34:00,84.4748,84.4300
AMD,2025-04-21 14:35:00,84.4200,84.4999
AMD,2025-04-21 14:36:00,84.4900,84.3700
AMD,2025-04-21 14:37:00,84.3802,84.3874
AMD,2025-04-21 14:38:00,84.3900,84.4000
AMD,2025-04-21 14:39:00,84.3800,84.3500
AMD,2025-04-21 14:40:00,84.3500,84.2400
AMD,2025-04-21 14:41:00,84.2350,84.2600
AMD,2025-04-21 14:42:00,84.2550,84.2600
AMD,2025-04-21 14:43:00,84.2677,84.3100
AMD,2025-04-21 14:44:00,84.3200,84.4000
AMD,2025-04-21 14:45:00,84.3800,84.3799
AMD,2025-04-21 14:46:00,84.3800,84.3200
AMD,2025-04-21 14:47:00,84.3200,84.2700
AMD,2025-04-21 14:48:00,84.2700,84.2300
AMD,2025-04-21 14:49:00,84.2200,84.3071
AMD,2025-04-21 14:50:00,84.3050,84.2450
AMD,2025-04-21 14:51:00,84.2500,84.3100
AMD,2025-04-21 14:52:00,84.3088,84.2950
AMD,2025-04-21 14:53:00,84.2900,84.2650
AMD,2025-04-21 14:54:00,84.2669,84.2801
AMD,2025-04-21 14:55:00,84.2900,84.2950
AMD,2025-04-21 14:56:00,84.2950,84.3100
AMD,2025-04-21 14:57:00,84.3100,84.3400
AMD,2025-04-21 14:58:00,84.3300,84.3500
AMD,2025-04-21 14:59:00,84.3400,84.3300
AMD,2025-04-21 15:00:00,84.3200,84.5200
AMD,2025-04-21 15:01:00,84.5200,84.5600
AMD,2025-04-21 15:02:00,84.5700,84.5944
AMD,2025-04-21 15:03:00,84.5900,84.6500
AMD,2025-04-21 15:04:00,84.6500,84.6694
AMD,2025-04-21 15:05:00,84.6800,84.7086
AMD,2025-04-21 15:06:00,84.7000,84.8100
AMD,2025-04-21 15:07:00,84.8088,84.7301
AMD,2025-04-21 15:08:00,84.7200,84.6894
AMD,2025-04-21 15:09:00,84.6800,84.6000
AMD,2025-04-21 15:10:00,84.5900,84.6300
AMD,2025-04-21 15:11:00,84.6300,84.6900
AMD,2025-04-21 15:12:00,84.6800,84.7500
AMD,2025-04-21 15:13:00,84.7598,84.7190
AMD,2025-04-21 15:14:00,84.7150,84.6800
AMD,2025-04-21 15:15:00,84.6900,84.7999
AMD,2025-04-21 15:16:00,84.8000,84.7290
AMD,2025-04-21 15:17:00,84.7250,84.8300
AMD,2025-04-21 15:18:00,84.8200,84.8700
AMD,2025-04-21 15:19:00,84.8800,84.9150
AMD,2025-04-21 15:20:00,84.9150,84.9100
AMD,2025-04-21 15:21:00,84.9170,84.9200
AMD,2025-04-21 15:22:00,84.9100,84.9800
AMD,2025-04-21 15:23:00,84.9900,84.9186
AMD,2025-04-21 15:24:00,84.9200,84.9100
AMD,2025-04-21 15:25:00,84.9100,84.7800
AMD,2025-04-21 15:26:00,84.7850,84.8100
AMD,2025-04-21 15:27:00,84.8100,84.6850
AMD,2025-04-21 15:28:00,84.6900,84.6450
AMD,2025-04-21 15:29:00,84.6400,84.7000
AMD,2025-04-21 15:30:00,84.7100,84.7311
AMD,2025-04-21 15:31:00,84.7450,84.8000
AMD,2025-04-21 15:32:00,84.8100,84.8150
AMD,2025-04-21 15:33:00,84.8100,84.8756
AMD,2025-04-21 15:34:00,84.8800,84.8600
AMD,2025-04-21 15:35:00,84.8700,84.9100
AMD,2025-04-21 15:36:00,84.9050,84.9400
AMD,2025-04-21 15:37:00,84.9400,84.9000
AMD,2025-04-21 15:38:00,84.9100,85.0100
AMD,2025-04-21 15:39:00,85.0200,85.0300
AMD,2025-04-21 15:40:00,85.0300,85.1000
AMD,2025-04-21 15:41:00,85.1100,84.9800
AMD,2025-04-21 15:42:00,84.9850,85.1000
AMD,2025-04-21 15:43:00,85.1052,85.1800
AMD,2025-04-21 15:44:00,85.1900,85.1700
AMD,2025-04-21 15:45:00,85.1600,85.1800
AMD,2025-04-21 15:46:00,85.1900,85.0900
AMD,2025-04-21 15:47:00,85.1000,85.1400
AMD,2025-04-21 15:48:00,85.1306,85.2500
AMD,2025-04-21 15:49:00,85.2500,85.3400
AMD,2025-04-21 15:50:00,85.3300,85.2603
AMD,2025-04-21 15:51:00,85.2600,85.1750
AMD,2025-04-21 15:52:00,85.1750,85.1050
AMD,2025-04-21 15:53:00,85.1000,85.1700
AMD,2025-04-21 15:54:00,85.1500,85.4200
AMD,2025-04-21 15:55:00,85.4100,85.4540
AMD,2025-04-21 15:56:00,85.4489,85.5900
AMD,2025-04-21 15:57:00,85.5950,85.6585
AMD,2025-04-21 15:58:00,85.6550,85.7111
AMD,2025-04-21 15:59:00,85.7100,85.5500
AMD,2025-04-22 09:30:00,86.1200,86.0200
AMD,2025-04-22 09:31:00,86.0200,85.7968
AMD,2025-04-22 09:32:00,85.8000,85.7500
AMD,2025-04-22 09:33:00,85.7300,85.7271
AMD,2025-04-22 09:34:00,85.7200,85.5328
AMD,2025-04-22 09:35:00,85.5200,85.5800
AMD,2025-04-22 09:36:00,85.5900,85.7100
AMD,2025-04-22 09:37:00,85.7100,85.9250
AMD,2025-04-22 09:38:00,85.9200,85.7850
AMD,2025-04-22 09:39:00,85.8000,85.9650
AMD,2025-04-22 09:40:00,85.9600,85.8100
AMD,2025-04-22 09:41:00,85.8180,86.0600
AMD,2025-04-22 09:42:00,86.0700,86.0700
AMD,2025-04-22 09:43:00,86.0700,86.1300
AMD,2025-04-22 09:44:00,86.1600,86.2375
AMD,2025-04-22 09:45:00,86.2400,86.3300
AMD,2025-04-22 09:46:00,86.3612,86.3500
AMD,2025-04-22 09:47:00,86.3650,86.2800
AMD,2025-04-22 09:48:00,86.2950,86.2600
AMD,2025-04-22 09:49:00,86.2700,86.2200
AMD,2025-04-22 09:50:00,86.2100,86.1000
AMD,2025-04-22 09:51:00,86.1298,86.2050
AMD,2025-04-22 09:52:00,86.2100,85.9195
AMD,2025-04-22 09:53:00,85.9200,85.8200
AMD,2025-04-22 09:54:00,85.8200,85.8100
AMD,2025-04-22 09:55:00,85.8139,85.5700
AMD,2025-04-22 09:56:00,85.5700,85.7400
AMD,2025-04-22 09:57:00,85.7450,85.6598
AMD,2025-04-22 09:58:00,85.6500,85.7600
AMD,2025-04-22 09:59:00,85.7500,85.9300
AMD,2025-04-22 10:00:00,85.9500,85.8250
AMD,2025-04-22 10:01:00,85.8400,85.8400
AMD,2025-04-22 10:02:00,85.8400,85.8488
AMD,2025-04-22 10:03:00,85.8700,85.9050
AMD,2025-04-22 10:04:00,85.9100,85.9400
AMD,2025-04-22 10:05:00,85.9300,85.8000
AMD,2025-04-22 10:06:00,85.8000,85.9500
AMD,2025-04-22 10:07:00,85.9500,85.8354
AMD,2025-04-22 10:08:00,85.8600,85.8550
AMD,2025-04-22 10:09:00,85.8600,85.9950
AMD,2025-04-22 10:10:00,86.0000,86.2108
AMD,2025-04-22 10:11:00,86.2200,86.0300
AMD,2025-04-22 10:12:00,86.0500,85.9284
AMD,2025-04-22 10:13:00,85.9260,85.8500
AMD,2025-04-22 10:14:00,85.8588,85.8500
AMD,2025-04-22 10:15:00,85.8500,85.7300
AMD,2025-04-22 10:16:00,85.7296,85.6700
AMD,2025-04-22 10:17:00,85.6700,85.7300
AMD,2025-04-22 10:18:00,85.7200,85.6500
AMD,2025-04-22 10:19:00,85.6500,85.8100
AMD,2025-04-22 10:20:00,85.8200,85.9500
AMD,2025-04-22 10:21:00,85.9600,86.0010
AMD,2025-04-22 10:22:00,86.0100,85.9300
AMD,2025-04-22 10:23:00,85.9350,85.9700
AMD,2025-04-22 10:24:00,85.9700,85.9900
AMD,2025-04-22 10:25:00,85.9900,85.8800
AMD,2025-04-22 10:26:00,85.8500,85.7499
AMD,2025-04-22 10:27:00,85.7300,85.7650
AMD,2025-04-22 10:28:00,85.7600,85.6300
AMD,2025-04-22 10:29:00,85.6376,85.7100
AMD,2025-04-22 10:30:00,85.7100,85.6160
AMD,2025-04-22 10:31:00,85.6400,85.8902
AMD,2025-04-22 10:32:00,85.9100,85.9600
AMD,2025-04-22 10:33:00,85.9700,85.9612
AMD,2025-04-22 10:34:00,85.9650,85.9400
AMD,2025-04-22 10:35:00,85.9500,85.8199
AMD,2025-04-22 10:36:00,85.8300,85.8200
AMD,2025-04-22 10:37:00,85.8199,85.9800
AMD,2025-04-22 10:38:00,85.9887,85.9600
AMD,2025-04-22 10:39:00,85.9700,86.0500
AMD,2025-04-22 10:40:00,86.0599,85.9500
AMD,2025-04-22 10:41:00,85.9600,85.9200
AMD,2025-04-22 10:42:00,85.9200,85.9800
AMD,2025-04-22 10:43:00,85.9839,85.9100
AMD,2025-04-22 10:44:00,85.9100,85.8600
AMD,2025-04-22 10:45:00,85.8502,85.8300
AMD,2025-04-22 10:46:00,85.8300,86.0500
AMD,2025-04-22 10:47:00,86.0529,85.9900
AMD,2025-04-22 10:48:00,85.9978,86.0350
AMD,2025-04-22 10:49:00,86.0300,85.9200
AMD,2025-04-22 10:50:00,85.9200,85.9011
AMD,2025-04-22 10:51:00,85.9100,85.8200
AMD,2025-04-22 10:52:00,85.8150,85.9000
AMD,2025-04-22 10:53:00,85.9100,86.0000
AMD,2025-04-22 10:54:00,86.0119,85.9500
AMD,2025-04-22 10:55:00,85.9450,85.8800
AMD,2025-04-22 10:56:00,85.8800,85.8800
AMD,2025-04-22 10:57:00,85.8700,85.9850
AMD,2025-04-22 10:58:00,85.9899,85.8700
AMD,2025-04-22 10:59:00,85.8750,85.8800
AMD,2025-04-22 11:00:00,85.8800,86.0300
AMD,2025-04-22 11:01:00,86.0300,86.2700
AMD,2025-04-22 11:02:00,86.2704,86.3048
AMD,2025-04-22 11:03:00,86.3100,86.3850
AMD,2025-04-22 11:04:00,86.3850,86.3936
AMD,2025-04-22 11:05:00,86.4000,86.5106
AMD,2025-04-22 11:06:00,86.5200,86.4800
AMD,2025-04-22 11:07:00,86.4900,86.5250
AMD,2025-04-22 11:08:00,86.5200,86.5850
AMD,2025-04-22 11:09:00,86.5900,86.5300
AMD,2025-04-22 11:10:00,86.5300,86.5659
AMD,2025-04-22 11:11:00,86.5500,86.5500
AMD,2025-04-22 11:12:00,86.5500,86.4456
AMD,2025-04-22 11:13:00,86.4450,86.5000
AMD,2025-04-22 11:14:00,86.4950,86.5230
AMD,2025-04-22 11:15:00,86.5200,86.4000
AMD,2025-04-22 11:16:00,86.4000,86.2901
AMD,2025-04-22 11:17:00,86.3100,86.3300
AMD,2025-04-22 11:18:00,86.3200,86.2902
AMD,2025-04-22 11:19:00,86.3000,86.3700
AMD,2025-04-22 11:20:00,86.3800,86.3000
AMD,2025-04-22 11:21:00,86.2900,86.3600
AMD,2025-04-22 11:22:00,86.3700,86.3050
AMD,2025-04-22 11:23:00,86.3000,86.2500
AMD,2025-04-22 11:24:00,86.2500,86.3500
AMD,2025-04-22 11:25:00,86.3334,86.1400
AMD,2025-04-22 11:26:00,86.1500,86.1696
AMD,2025-04-22 11:27:00,86.1800,86.0600
AMD,2025-04-22 11:28:00,86.0400,86.0000
AMD,2025-04-22 11:29:00,85.9900,85.9900
AMD,2025-04-22 11:30:00,86.0000,85.9297
AMD,2025-04-22 11:31:00,85.9150,85.8600
AMD,2025-04-22 11:32:00,85.8700,85.8588
AMD,2025-04-22 11:33:00,85.8600,85.9150
AMD,2025-04-22 11:34:00,85.9150,85.9100
AMD,2025-04-22 11:35:00,85.9002,85.8900
AMD,2025-04-22 11:36:00,85.9001,85.7200
AMD,2025-04-22 11:37:00,85.7298,85.7671
AMD,2025-04-22 11:38:00,85.7600,85.8100
AMD,2025-04-22 11:39:00,85.8150,85.6180
AMD,2025-04-22 11:40:00,85.6150,85.5750
AMD,2025-04-22 11:41:00,85.5750,85.5500
AMD,2025-04-22 11:42:00,85.5500,85.4450
AMD,2025-04-22 11:43:00,85.4400,85.4678
AMD,2025-04-22 11:44:00,85.4678,85.2701
AMD,2025-04-22 11:45:00,85.2790,85.3050
AMD,2025-04-22 11:46:00,85.3099,85.2810
AMD,2025-04-22 11:47:00,85.3000,85.2200
AMD,2025-04-22 11:48:00,85.2100,85.1850
AMD,2025-04-22 11:49:00,85.1900,85.2950
AMD,2025-04-22 11:50:00,85.3000,85.3400
AMD,2025-04-22 11:51:00,85.3399,85.4200
AMD,2025-04-22 11:52:00,85.4200,85.3750
AMD,2025-04-22 11:53:00,85.3786,85.3830
AMD,2025-04-22 11:54:00,85.3750,85.5100
AMD,2025-04-22 11:55:00,85.5100,85.4900
AMD,2025-04-22 11:56:00,85.4875,85.4800
AMD,2025-04-22 11:57:00,85.4700,85.4800
AMD,2025-04-22 11:58:00,85.4900,85.5400
AMD,2025-04-22 11:59:00,85.5550,85.9100
AMD,2025-04-22 12:00:00,85.9150,86.2300
AMD,2025-04-22 12:01:00,86.2300,86.2700
AMD,2025-04-22 12:02:00,86.2800,86.3400
AMD,2025-04-22 12:03:00,86.3200,86.2150
AMD,2025-04-22 12:04:00,86.2300,86.3000
AMD,2025-04-22 12:05:00,86.3050,86.1800
AMD,2025-04-22 12:06:00,86.1801,86.3800
AMD,2025-04-22 12:07:00,86.3800,86.4200
AMD,2025-04-22 12:08:00,86.4300,86.5400
AMD,2025-04-22 12:09:00,86.5500,86.4950
AMD,2025-04-22 12:10:00,86.4900,86.4200
AMD,2025-04-22 12:11:00,86.4200,86.5450
AMD,2025-04-22 12:12:00,86.5500,86.6400
AMD,2025-04-22 12:13:00,86.6400,86.6300
AMD,2025-04-22 12:14:00,86.6450,86.6950
AMD,2025-04-22 12:15:00,86.7000,86.6850
AMD,2025-04-22 12:16:00,86.6700,86.6600
AMD,2025-04-22 12:17:00,86.6700,86.6531
AMD,2025-04-22 12:18:00,86.6400,86.6200
AMD,2025-04-22 12:19:00,86.6300,86.6900
AMD,2025-04-22 12:20:00,86.6900,86.7500
AMD,2025-04-22 12:21:00,86.7600,86.8400
AMD,2025-04-22 12:22:00,86.8300,86.8150
AMD,2025-04-22 12:23:00,86.8200,86.8200
AMD,2025-04-22 12:24:00,86.8200,86.8150
AMD,2025-04-22 12:25:00,86.8102,86.7900
AMD,2025-04-22 12:26:00,86.7900,86.8400
AMD,2025-04-22 12:27:00,86.8500,86.8171
AMD,2025-04-22 12:28:00,86.8200,86.8800
AMD,2025-04-22 12:29:00,86.8800,86.7986
AMD,2025-04-22 12:30:00,86.8000,86.8116
AMD,2025-04-22 12:31:00,86.8299,86.9000
AMD,2025-04-22 12:32:00,86.8998,87.0400
AMD,2025-04-22 12:33:00,87.0450,86.9750
AMD,2025-04-22 12:34:00,86.9900,86.9000
AMD,2025-04-22 12:35:00,86.9100,86.9800
AMD,2025-04-22 12:36:00,86.9900,86.9200
AMD,2025-04-22 12:37:00,86.9102,86.9500
AMD,2025-04-22 12:38:00,86.9550,87.0124
AMD,2025-04-22 12:39:00,87.0100,86.9800
AMD,2025-04-22 12:40:00,86.9800,86.7750
AMD,2025-04-22 12:41:00,86.7700,86.8300
AMD,2025-04-22 12:42:00,86.8300,86.9600
AMD,2025-04-22 12:43:00,86.9600,86.8750
AMD,2025-04-22 12:44:00,86.8800,86.9500
AMD,2025-04-22 12:45:00,86.9300,86.9800
AMD,2025-04-22 12:46:00,86.9850,86.9100
AMD,2025-04-22 12:47:00,86.9100,86.9300
AMD,2025-04-22 12:48:00,86.9384,86.8430
AMD,2025-04-22 12:49:00,86.8300,86.8600
AMD,2025-04-22 12:50:00,86.8700,86.7600
AMD,2025-04-22 12:51:00,86.7600,86.6200
AMD,2025-04-22 12:52:00,86.6100,86.5600
AMD,2025-04-22 12:53:00,86.5750,86.7100
AMD,2025-04-22 12:54:00,86.7000,86.7172
AMD,2025-04-22 12:55:00,86.7200,86.6900
AMD,2025-04-22 12:56:00,86.6828,86.7200
AMD,2025-04-22 12:57:00,86.7000,86.6553
AMD,2025-04-22 12:58:00,86.6400,86.6200
AMD,2025-04-22 12:59:00,86.6200,86.6300
AMD,2025-04-22 13:00:00,86.6500,86.6900
AMD,2025-04-22 13:01:00,86.7000,86.7150
AMD,2025-04-22 13:02:00,86.7100,86.7300
AMD,2025-04-22 13:03:00,86.7400,86.7600
AMD,2025-04-22 13:04:00,86.7600,86.7300
AMD,2025-04-22 13:05:00,86.7350,86.8200
AMD,2025-04-22 13:06:00,86.8300,86.7900
AMD,2025-04-22 13:07:00,86.7800,86.7300
AMD,2025-04-22 13:08:00,86.7300,87.0600
AMD,2025-04-22 13:09:00,87.0600,86.9900
AMD,2025-04-22 13:10:00,86.9900,86.6200
AMD,2025-04-22 13:11:00,86.6200,86.3404
AMD,2025-04-22 13:12:00,86.3500,86.6000
AMD,2025-04-22 13:13:00,86.5900,86.4325
AMD,2025-04-22 13:14:00,86.4150,86.3500
AMD,2025-04-22 13:15:00,86.3600,86.1000
AMD,2025-04-22 13:16:00,86.0700,86.0398
AMD,2025-04-22 13:17:00,86.0300,86.0499
AMD,2025-04-22 13:18:00,86.0462,86.0676
AMD,2025-04-22 13:19:00,86.0768,86.0600
AMD,2025-04-22 13:20:00,86.0300,85.8400
AMD,2025-04-22 13:21:00,85.8300,85.7625
AMD,2025-04-22 13:22:00,85.7597,85.7300
AMD,2025-04-22 13:23:00,85.7200,85.7200
AMD,2025-04-22 13:24:00,85.7300,85.7400
AMD,2025-04-22 13:25:00,85.7200,85.8400
AMD,2025-04-22 13:26:00,85.8500,85.9400
AMD,2025-04-22 13:27:00,85.9500,85.7550
AMD,2025-04-22 13:28:00,85.7600,85.7005
AMD,2025-04-22 13:29:00,85.6700,85.6700
AMD,2025-04-22 13:30:00,85.6800,85.6850
AMD,2025-04-22 13:31:00,85.7000,85.6300
AMD,2025-04-22 13:32:00,85.6450,85.7500
AMD,2025-04-22 13:33:00,85.7500,85.6300
AMD,2025-04-22 13:34:00,85.6440,85.7800
AMD,2025-04-22 13:35:00,85.7800,85.8300
AMD,2025-04-22 13:36:00,85.8300,86.0550
AMD,2025-04-22 13:37:00,86.0300,86.0350
AMD,2025-04-22 13:38:00,86.0400,86.0750
AMD,2025-04-22 13:39:00,86.0600,86.0100
AMD,2025-04-22 13:40:00,85.9900,85.9125
AMD,2025-04-22 13:41:00,85.9300,85.9264
AMD,2025-04-22 13:42:00,85.9100,85.7900
AMD,2025-04-22 13:43:00,85.8250,85.9296
AMD,2025-04-22 13:44:00,85.9300,86.0150
AMD,2025-04-22 13:45:00,86.0100,85.9400
AMD,2025-04-22 13:46:00,85.9322,86.0150
AMD,2025-04-22 13:47:00,86.0100,86.0050
AMD,2025-04-22 13:48:00,86.0050,85.8900
AMD,2025-04-22 13:49:00,85.8781,85.8100
AMD,2025-04-22 13:50:00,85.7888,85.8400
AMD,2025-04-22 13:51:00,85.8300,85.7000
AMD,2025-04-22 13:52:00,85.6900,85.7900
AMD,2025-04-22 13:53:00,85.7850,85.8000
AMD,2025-04-22 13:54:00,85.7950,85.9150
AMD,2025-04-22 13:55:00,85.9150,85.9200
AMD,2025-04-22 13:56:00,85.9100,85.8650
AMD,2025-04-22 13:57:00,85.8750,85.6900
AMD,2025-04-22 13:58:00,85.6900,85.8000
AMD,2025-04-22 13:59:00,85.8000,85.6700
AMD,2025-04-22 14:00:00,85.6800,85.7100
AMD,2025-04-22 14:01:00,85.7300,85.7773
AMD,2025-04-22 14:02:00,85.7700,85.8100
AMD,2025-04-22 14:03:00,85.8100,85.9350
AMD,2025-04-22 14:04:00,85.9402,86.0150
AMD,2025-04-22 14:05:00,86.0150,86.1100
AMD,2025-04-22 14:06:00,86.1100,86.1075
AMD,2025-04-22 14:07:00,86.1000,86.1890
AMD,2025-04-22 14:08:00,86.1600,85.9529
AMD,2025-04-22 14:09:00,85.9401,86.0193
AMD,2025-04-22 14:10:00,86.0138,86.0000
AMD,2025-04-22 14:11:00,86.0100,86.0000
AMD,2025-04-22 14:12:00,86.0100,86.0000
AMD,2025-04-22 14:13:00,86.0100,86.0496
AMD,2025-04-22 14:14:00,86.0400,86.0178
AMD,2025-04-22 14:15:00,86.0100,85.9700
AMD,2025-04-22 14:16:00,85.9800,85.9800
AMD,2025-04-22 14:17:00,85.9784,85.9400
AMD,2025-04-22 14:18:00,85.9471,85.8900
AMD,2025-04-22 14:19:00,85.8800,85.9725
AMD,2025-04-22 14:20:00,85.9800,85.9100
AMD,2025-04-22 14:21:00,85.9100,86.0300
AMD,2025-04-22 14:22:00,86.0221,86.0900
AMD,2025-04-22 14:23:00,86.0900,86.2200
AMD,2025-04-22 14:24:00,86.2187,86.1500
AMD,2025-04-22 14:25:00,86.1400,86.1700
AMD,2025-04-22 14:26:00,86.1700,86.1100
AMD,2025-04-22 14:27:00,86.1050,86.2450
AMD,2025-04-22 14:28:00,86.2547,86.2400
AMD,2025-04-22 14:29:00,86.2300,86.2000
AMD,2025-04-22 14:30:00,86.1926,86.1800
AMD,2025-04-22 14:31:00,86.1900,86.2100
AMD,2025-04-22 14:32:00,86.2050,86.2300
AMD,2025-04-22 14:33:00,86.2350,86.2300
AMD,2025-04-22 14:34:00,86.2250,86.2200
AMD,2025-04-22 14:35:00,86.2200,86.1850
AMD,2025-04-22 14:36:00,86.1800,86.2500
AMD,2025-04-22 14:37:00,86.2488,86.2800
AMD,2025-04-22 14:38:00,86.2800,86.1598
AMD,2025-04-22 14:39:00,86.1400,86.0900
AMD,2025-04-22 14:40:00,86.0900,86.1100
AMD,2025-04-22 14:41:00,86.1050,86.1700
AMD,2025-04-22 14:42:00,86.1800,86.1500
AMD,2025-04-22 14:43:00,86.1600,86.1800
AMD,2025-04-22 14:44:00,86.1700,86.0950
AMD,2025-04-22 14:45:00,86.1000,86.1800
AMD,2025-04-22 14:46:00,86.1900,86.2030
AMD,2025-04-22 14:47:00,86.1900,86.1900
AMD,2025-04-22 14:48:00,86.2000,86.1349
AMD,2025-04-22 14:49:00,86.1101,86.1100
AMD,2025-04-22 14:50:00,86.1100,86.1800
AMD,2025-04-22 14:51:00,86.1800,86.1400
AMD,2025-04-22 14:52:00,86.1400,86.2012
AMD,2025-04-22 14:53:00,86.2000,86.2200
AMD,2025-04-22 14:54:00,86.2200,86.2450
AMD,2025-04-22 14:55:00,86.2500,86.3501
AMD,2025-04-22 14:56:00,86.3500,86.3089
AMD,2025-04-22 14:57:00,86.3006,86.2400
AMD,2025-04-22 14:58:00,86.2450,86.2800
AMD,2025-04-22 14:59:00,86.2800,86.2800
AMD,2025-04-22 15:00:00,86.2600,86.3400
AMD,2025-04-22 15:01:00,86.3500,86.2900
AMD,2025-04-22 15:02:00,86.2800,86.3300
AMD,2025-04-22 15:03:00,86.3200,86.3200
AMD,2025-04-22 15:04:00,86.3150,86.3700
AMD,2025-04-22 15:05:00,86.3700,86.3800
AMD,2025-04-22 15:06:00,86.3950,86.3000
AMD,2025-04-22 15:07:00,86.3000,86.1850
AMD,2025-04-22 15:08:00,86.1850,86.2600
AMD,2025-04-22 15:09:00,86.2600,86.2250
AMD,2025-04-22 15:10:00,86.2350,86.2250
AMD,2025-04-22 15:11:00,86.2300,86.1500
AMD,2025-04-22 15:12:00,86.1600,86.1900
AMD,2025-04-22 15:13:00,86.2000,86.1800
AMD,2025-04-22 15:14:00,86.1729,86.1000
AMD,2025-04-22 15:15:00,86.1100,86.0500
AMD,2025-04-22 15:16:00,86.0500,86.0000
AMD,2025-04-22 15:17:00,86.0050,85.9550
AMD,2025-04-22 15:18:00,85.9450,85.8102
AMD,2025-04-22 15:19:00,85.8100,85.8104
AMD,2025-04-22 15:20:00,85.8100,85.7700
AMD,2025-04-22 15:21:00,85.7700,85.6650
AMD,2025-04-22 15:22:00,85.6650,85.6150
AMD,2025-04-22 15:23:00,85.6200,85.6100
AMD,2025-04-22 15:24:00,85.6000,85.7100
AMD,2025-04-22 15:25:00,85.7200,85.7096
AMD,2025-04-22 15:26:00,85.7100,85.5450
AMD,2025-04-22 15:27:00,85.5350,85.5384
AMD,2025-04-22 15:28:00,85.5400,85.5852
AMD,2025-04-22 15:29:00,85.5900,85.5400
AMD,2025-04-22 15:30:00,85.5500,85.5800
AMD,2025-04-22 15:31:00,85.5900,85.5700
AMD,2025-04-22 15:32:00,85.5650,85.4300
AMD,2025-04-22 15:33:00,85.4341,85.4292
AMD,2025-04-22 15:34:00,85.4100,85.3886
AMD,2025-04-22 15:35:00,85.3800,85.4200
AMD,2025-04-22 15:36:00,85.4200,85.3500
AMD,2025-04-22 15:37:00,85.3400,85.3600
AMD,2025-04-22 15:38:00,85.3650,85.2400
AMD,2025-04-22 15:39:00,85.2498,85.2150
AMD,2025-04-22 15:40:00,85.2187,85.3271
AMD,2025-04-22 15:41:00,85.3200,85.5350
AMD,2025-04-22 15:42:00,85.5400,85.7400
AMD,2025-04-22 15:43:00,85.7500,85.7900
AMD,2025-04-22 15:44:00,85.7815,85.8800
AMD,2025-04-22 15:45:00,85.8700,85.8700
AMD,2025-04-22 15:46:00,85.8800,85.8500
AMD,2025-04-22 15:47:00,85.8600,85.9200
AMD,2025-04-22 15:48:00,85.9100,85.8900
AMD,2025-04-22 15:49:00,85.9000,85.9600
AMD,2025-04-22 15:50:00,85.9500,85.8299
AMD,2025-04-22 15:51:00,85.8200,85.7150
AMD,2025-04-22 15:52:00,85.7200,85.7200
AMD,2025-04-22 15:53:00,85.7100,85.7956
AMD,2025-04-22 15:54:00,85.8000,85.9700
AMD,2025-04-22 15:55:00,85.9700,85.9187
AMD,2025-04-22 15:56:00,85.9150,86.1100
AMD,2025-04-22 15:57:00,86.1150,86.2186
AMD,2025-04-22 15:58:00,86.2100,86.2500
AMD,2025-04-22 15:59:00,86.2500,86.2050
AMD,2025-04-23 09:30:00,91.8750,91.8000
AMD,2025-04-23 09:31:00,91.8200,91.7900
AMD,2025-04-23 09:32:00,91.8000,91.9050
AMD,2025-04-23 09:33:00,91.9100,92.1600
AMD,2025-04-23 09:34:00,92.1650,92.3551
AMD,2025-04-23 09:35:00,92.3800,91.7950
AMD,2025-04-23 09:36:00,91.7900,91.4089
AMD,2025-04-23 09:37:00,91.4000,92.8938
AMD,2025-04-23 09:38:00,92.8800,92.6300
AMD,2025-04-23 09:39:00,92.6000,92.2200
AMD,2025-04-23 09:40:00,92.2100,92.4300
AMD,2025-04-23 09:41:00,92.4500,92.7700
AMD,2025-04-23 09:42:00,92.7900,92.5301
AMD,2025-04-23 09:43:00,92.5300,92.7900
AMD,2025-04-23 09:44:00,92.7950,92.6500
AMD,2025-04-23 09:45:00,92.6700,93.1300
AMD,2025-04-23 09:46:00,93.1550,93.0700
AMD,2025-04-23 09:47:00,93.0750,93.2600
AMD,2025-04-23 09:48:00,93.2800,93.3200
AMD,2025-04-23 09:49:00,93.3300,93.3000
AMD,2025-04-23 09:50:00,93.2900,93.1000
AMD,2025-04-23 09:51:00,93.1000,93.1910
AMD,2025-04-23 09:52:00,93.1994,92.9200
AMD,2025-04-23 09:53:00,92.9100,92.7200
AMD,2025-04-23 09:54:00,92.7200,92.6900
AMD,2025-04-23 09:55:00,92.6950,92.3750
AMD,2025-04-23 09:56:00,92.3500,92.6900
AMD,2025-04-23 09:57:00,92.7000,92.7800
AMD,2025-04-23 09:58:00,92.7900,92.6600
AMD,2025-04-23 09:59:00,92.6750,92.8100
AMD,2025-04-23 10:00:00,92.8000,93.1000
AMD,2025-04-23 10:01:00,93.0700,92.9500
AMD,2025-04-23 10:02:00,92.9700,92.8150
AMD,2025-04-23 10:03:00,92.8300,92.5900
AMD,2025-04-23 10:04:00,92.6100,93.0467
AMD,2025-04-23 10:05:00,93.0800,92.7850
AMD,2025-04-23 10:06:00,92.7800,92.8300
AMD,2025-04-23 10:07:00,92.8200,92.7247
AMD,2025-04-23 10:08:00,92.7350,93.0150
AMD,2025-04-23 10:09:00,93.0400,93.0800
AMD,2025-04-23 10:10:00,93.0900,93.1602
AMD,2025-04-23 10:11:00,93.1600,93.2100
AMD,2025-04-23 10:12:00,93.2300,93.2850
AMD,2025-04-23 10:13:00,93.2800,93.0000
AMD,2025-04-23 10:14:00,93.0000,93.1422
AMD,2025-04-23 10:15:00,93.1500,92.9600
AMD,2025-04-23 10:16:00,92.9700,92.9000
AMD,2025-04-23 10:17:00,92.9100,92.7100
AMD,2025-04-23 10:18:00,92.7100,92.5800
AMD,2025-04-23 10:19:00,92.5700,92.8300
AMD,2025-04-23 10:20:00,92.8200,92.7200
AMD,2025-04-23 10:21:00,92.7300,92.4450
AMD,2025-04-23 10:22:00,92.4400,92.5400
AMD,2025-04-23 10:23:00,92.5500,92.9000
AMD,2025-04-23 10:24:00,92.8850,92.9550
AMD,2025-04-23 10:25:00,92.9500,93.0300
AMD,2025-04-23 10:26:00,93.0200,93.0600
AMD,2025-04-23 10:27:00,93.0450,92.8600
AMD,2025-04-23 10:28:00,92.8505,92.8500
AMD,2025-04-23 10:29:00,92.8400,92.9200
AMD,2025-04-23 10:30:00,92.9100,92.9700
AMD,2025-04-23 10:31:00,92.9600,93.2148
AMD,2025-04-23 10:32:00,93.2100,93.1900
AMD,2025-04-23 10:33:00,93.1950,93.2350
AMD,2025-04-23 10:34:00,93.2350,93.1100
AMD,2025-04-23 10:35:00,93.1100,93.2900
AMD,2025-04-23 10:36:00,93.2700,93.2700
AMD,2025-04-23 10:37:00,93.2700,93.1584
AMD,2025-04-23 10:38:00,93.1650,93.0900
AMD,2025-04-23 10:39:00,93.1000,92.9100
AMD,2025-04-23 10:40:00,92.9100,93.0607
AMD,2025-04-23 10:41:00,93.0350,92.7800
AMD,2025-04-23 10:42:00,92.7900,92.7503
AMD,2025-04-23 10:43:00,92.7450,92.8450
AMD,2025-04-23 10:44:00,92.8400,92.7900
AMD,2025-04-23 10:45:00,92.7700,92.6150
AMD,2025-04-23 10:46:00,92.6300,92.5900
AMD,2025-04-23 10:47:00,92.5900,92.4700
AMD,2025-04-23 10:48:00,92.4600,92.6100
AMD,2025-04-23 10:49:00,92.6150,92.4650
AMD,2025-04-23 10:50:00,92.4750,92.3400
AMD,2025-04-23 10:51:00,92.3100,92.2400
AMD,2025-04-23 10:52:00,92.2201,92.2300
AMD,2025-04-23 10:53:00,92.2200,92.1450
AMD,2025-04-23 10:54:00,92.1500,92.2900
AMD,2025-04-23 10:55:00,92.2950,92.3000
AMD,2025-04-23 10:56:00,92.3150,92.3900
AMD,2025-04-23 10:57:00,92.3975,92.3350
AMD,2025-04-23 10:58:00,92.3350,92.4450
AMD,2025-04-23 10:59:00,92.4488,92.4000
AMD,2025-04-23 11:00:00,92.4100,92.3700
AMD,2025-04-23 11:01:00,92.3799,92.3131
AMD,2025-04-23 11:02:00,92.3300,92.1800
AMD,2025-04-23 11:03:00,92.2000,92.2200
AMD,2025-04-23 11:04:00,92.2150,92.4500
AMD,2025-04-23 11:05:00,92.4500,92.5800
AMD,2025-04-23 11:06:00,92.4950,92.6600
AMD,2025-04-23 11:07:00,92.6677,92.6400
AMD,2025-04-23 11:08:00,92.6400,92.6700
AMD,2025-04-23 11:09:00,92.6550,92.4550
AMD,2025-04-23 11:10:00,92.4550,92.3102
AMD,2025-04-23 11:11:00,92.3100,92.4093
AMD,2025-04-23 11:12:00,92.4000,92.3250
AMD,2025-04-23 11:13:00,92.3300,92.3000
AMD,2025-04-23 11:14:00,92.3000,92.2100
AMD,2025-04-23 11:15:00,92.2100,92.1500
AMD,2025-04-23 11:16:00,92.1400,92.0050
AMD,2025-04-23 11:17:00,92.0100,91.9700
AMD,2025-04-23 11:18:00,91.9600,92.0381
AMD,2025-04-23 11:19:00,92.0150,91.9200
AMD,2025-04-23 11:20:00,91.9150,91.8600
AMD,2025-04-23 11:21:00,91.8600,91.9295
AMD,2025-04-23 11:22:00,91.9229,92.0100
AMD,2025-04-23 11:23:00,92.0000,91.5200
AMD,2025-04-23 11:24:00,91.5000,91.6100
AMD,2025-04-23 11:25:00,91.6050,91.6050
AMD,2025-04-23 11:26:00,91.6142,91.2950
AMD,2025-04-23 11:27:00,91.3000,91.1400
AMD,2025-04-23 11:28:00,91.1608,90.9850
AMD,2025-04-23 11:29:00,90.9850,91.1000
AMD,2025-04-23 11:30:00,91.0850,91.1206
AMD,2025-04-23 11:31:00,91.1050,90.9100
AMD,2025-04-23 11:32:00,90.9076,90.7000
AMD,2025-04-23 11:33:00,90.6900,90.9450
AMD,2025-04-23 11:34:00,90.9500,91.0971
AMD,2025-04-23 11:35:00,91.1000,90.9700
AMD,2025-04-23 11:36:00,90.9928,90.9500
AMD,2025-04-23 11:37:00,90.9800,91.0500
AMD,2025-04-23 11:38:00,91.0500,91.2000
AMD,2025-04-23 11:39:00,91.1900,91.2168
AMD,2025-04-23 11:40:00,91.2000,91.3100
AMD,2025-04-23 11:41:00,91.3050,91.3400
AMD,2025-04-23 11:42:00,91.3300,91.2300
AMD,2025-04-23 11:43:00,91.2400,91.1100
AMD,2025-04-23 11:44:00,91.1200,90.9900
AMD,2025-04-23 11:45:00,90.9850,91.1150
AMD,2025-04-23 11:46:00,91.1300,90.9801
AMD,2025-04-23 11:47:00,90.9900,90.9150
AMD,2025-04-23 11:48:00,90.9230,90.6300
AMD,2025-04-23 11:49:00,90.6400,90.5800
AMD,2025-04-23 11:50:00,90.5900,90.6700
AMD,2025-04-23 11:51:00,90.7000,90.6600
AMD,2025-04-23 11:52:00,90.6350,90.4750
AMD,2025-04-23 11:53:00,90.4750,90.4750
AMD,2025-04-23 11:54:00,90.4800,90.6850
AMD,2025-04-23 11:55:00,90.7000,90.8400
AMD,2025-04-23 11:56:00,90.8600,90.8700
AMD,2025-04-23 11:57:00,90.8400,91.0332
AMD,2025-04-23 11:58:00,91.0425,91.0050
AMD,2025-04-23 11:59:00,91.0050,90.9850
AMD,2025-04-23 12:00:00,90.9900,90.9700
AMD,2025-04-23 12:01:00,90.9600,90.9250
AMD,2025-04-23 12:02:00,90.9250,90.8250
AMD,2025-04-23 12:03:00,90.8400,90.9500
AMD,2025-04-23 12:04:00,90.9600,90.9800
AMD,2025-04-23 12:05:00,90.9700,91.0650
AMD,2025-04-23 12:06:00,91.0650,90.8700
AMD,2025-04-23 12:07:00,90.8800,90.9700
AMD,2025-04-23 12:08:00,90.9400,90.8450
AMD,2025-04-23 12:09:00,90.8502,90.8500
AMD,2025-04-23 12:10:00,90.8201,91.0073
AMD,2025-04-23 12:11:00,91.0300,90.7800
AMD,2025-04-23 12:12:00,90.8000,90.6150
AMD,2025-04-23 12:13:00,90.6300,90.8299
AMD,2025-04-23 12:14:00,90.8200,90.8500
AMD,2025-04-23 12:15:00,90.8450,90.7600
AMD,2025-04-23 12:16:00,90.7500,90.7300
AMD,2025-04-23 12:17:00,90.7300,90.7000
AMD,2025-04-23 12:18:00,90.6901,90.6200
AMD,2025-04-23 12:19:00,90.6100,90.5500
AMD,2025-04-23 12:20:00,90.5450,90.6500
AMD,2025-04-23 12:21:00,90.6400,90.5700
AMD,2025-04-23 12:22:00,90.5700,90.6112
AMD,2025-04-23 12:23:00,90.6000,90.7350
AMD,2025-04-23 12:24:00,90.7350,90.7350
AMD,2025-04-23 12:25:00,90.7400,90.7800
AMD,2025-04-23 12:26:00,90.7750,90.6200
AMD,2025-04-23 12:27:00,90.6100,90.8600
AMD,2025-04-23 12:28:00,90.8700,91.1000
AMD,2025-04-23 12:29:00,91.1046,91.2102
AMD,2025-04-23 12:30:00,91.2000,91.2700
AMD,2025-04-23 12:31:00,91.2600,91.3088
AMD,2025-04-23 12:32:00,91.3200,91.3000
AMD,2025-04-23 12:33:00,91.3000,91.3350
AMD,2025-04-23 12:34:00,91.3300,91.2576
AMD,2025-04-23 12:35:00,91.2950,91.4900
AMD,2025-04-23 12:36:00,91.4900,91.5800
AMD,2025-04-23 12:37:00,91.5750,91.5500
AMD,2025-04-23 12:38:00,91.5600,91.6200
AMD,2025-04-23 12:39:00,91.6200,91.5500
AMD,2025-04-23 12:40:00,91.5450,91.5700
AMD,2025-04-23 12:41:00,91.5552,91.4500
AMD,2025-04-23 12:42:00,91.4500,91.5100
AMD,2025-04-23 12:43:00,91.5100,91.6000
AMD,2025-04-23 12:44:00,91.6100,91.5750
AMD,2025-04-23 12:45:00,91.5676,91.6100
AMD,2025-04-23 12:46:00,91.6200,91.5700
AMD,2025-04-23 12:47:00,91.5700,91.5090
AMD,2025-04-23 12:48:00,91.5100,91.3950
AMD,2025-04-23 12:49:00,91.4000,91.3000
AMD,2025-04-23 12:50:00,91.3050,91.3950
AMD,2025-04-23 12:51:00,91.4100,91.5050
AMD,2025-04-23 12:52:00,91.5100,91.5300
AMD,2025-04-23 12:53:00,91.5300,91.5700
AMD,2025-04-23 12:54:00,91.5800,91.6000
AMD,2025-04-23 12:55:00,91.5900,91.6600
AMD,2025-04-23 12:56:00,91.6500,91.7200
AMD,2025-04-23 12:57:00,91.7200,91.8932
AMD,2025-04-23 12:58:00,91.8950,91.8325
AMD,2025-04-23 12:59:00,91.8600,91.8300
AMD,2025-04-23 13:00:00,91.8300,91.5800
AMD,2025-04-23 13:01:00,91.5800,91.7053
AMD,2025-04-23 13:02:00,91.7300,91.8363
AMD,2025-04-23 13:03:00,91.8463,91.9100
AMD,2025-04-23 13:04:00,91.9150,91.9800
AMD,2025-04-23 13:05:00,91.9700,92.0000
AMD,2025-04-23 13:06:00,91.9920,92.0600
AMD,2025-04-23 13:07:00,92.0600,92.0801
AMD,2025-04-23 13:08:00,92.1000,92.1000
AMD,2025-04-23 13:09:00,92.1100,92.0850
AMD,2025-04-23 13:10:00,92.0700,92.0100
AMD,2025-04-23 13:11:00,92.0150,91.9650
AMD,2025-04-23 13:12:00,91.9500,91.9400
AMD,2025-04-23 13:13:00,91.9400,91.9400
AMD,2025-04-23 13:14:00,91.9400,91.9700
AMD,2025-04-23 13:15:00,91.9810,91.9550
AMD,2025-04-23 13:16:00,91.9496,91.9600
AMD,2025-04-23 13:17:00,91.9600,91.9799
AMD,2025-04-23 13:18:00,91.9700,91.9500
AMD,2025-04-23 13:19:00,91.9500,91.9000
AMD,2025-04-23 13:20:00,91.9200,91.9200
AMD,2025-04-23 13:21:00,91.9201,91.9300
AMD,2025-04-23 13:22:00,91.9200,91.8250
AMD,2025-04-23 13:23:00,91.8150,91.7570
AMD,2025-04-23 13:24:00,91.7500,91.8100
AMD,2025-04-23 13:25:00,91.8100,91.8400
AMD,2025-04-23 13:26:00,91.8400,91.7200
AMD,2025-04-23 13:27:00,91.7200,91.8200
AMD,2025-04-23 13:28:00,91.8100,91.7550
AMD,2025-04-23 13:29:00,91.7550,91.6350
AMD,2025-04-23 13:30:00,91.6500,91.7500
AMD,2025-04-23 13:31:00,91.7500,91.7300
AMD,2025-04-23 13:32:00,91.7200,91.7700
AMD,2025-04-23 13:33:00,91.7700,91.5900
AMD,2025-04-23 13:34:00,91.5900,91.5300
AMD,2025-04-23 13:35:00,91.5300,91.5100
AMD,2025-04-23 13:36:00,91.5150,91.5625
AMD,2025-04-23 13:37:00,91.5200,91.3150
AMD,2025-04-23 13:38:00,91.3100,91.3050
AMD,2025-04-23 13:39:00,91.3000,91.3900
AMD,2025-04-23 13:40:00,91.3900,91.4300
AMD,2025-04-23 13:41:00,91.4391,91.4400
AMD,2025-04-23 13:42:00,91.4799,91.4700
AMD,2025-04-23 13:43:00,91.4500,91.6400
AMD,2025-04-23 13:44:00,91.6500,91.7300
AMD,2025-04-23 13:45:00,91.7300,91.5539
AMD,2025-04-23 13:46:00,91.5644,91.6700
AMD,2025-04-23 13:47:00,91.6400,91.5651
AMD,2025-04-23 13:48:00,91.6100,91.5850
AMD,2025-04-23 13:49:00,91.5700,91.6700
AMD,2025-04-23 13:50:00,91.6600,91.6150
AMD,2025-04-23 13:51:00,91.6400,91.6605
AMD,2025-04-23 13:52:00,91.6600,91.6900
AMD,2025-04-23 13:53:00,91.6900,91.8200
AMD,2025-04-23 13:54:00,91.8150,91.9100
AMD,2025-04-23 13:55:00,91.9200,91.9200
AMD,2025-04-23 13:56:00,91.9300,91.9900
AMD,2025-04-23 13:57:00,91.9900,92.0500
AMD,2025-04-23 13:58:00,92.0700,92.0100
AMD,2025-04-23 13:59:00,92.0300,91.9300
AMD,2025-04-23 14:00:00,91.9100,91.9350
AMD,2025-04-23 14:01:00,91.9300,91.9900
AMD,2025-04-23 14:02:00,91.9979,91.8900
AMD,2025-04-23 14:03:00,91.8800,91.7800
AMD,2025-04-23 14:04:00,91.7600,91.9100
AMD,2025-04-23 14:05:00,91.9100,91.9594
AMD,2025-04-23 14:06:00,91.9600,91.8600
AMD,2025-04-23 14:07:00,91.8600,91.8725
AMD,2025-04-23 14:08:00,91.8700,91.9436
AMD,2025-04-23 14:09:00,91.9600,91.9300
AMD,2025-04-23 14:10:00,91.9350,91.9700
AMD,2025-04-23 14:11:00,92.0100,92.0500
AMD,2025-04-23 14:12:00,92.0571,92.0700
AMD,2025-04-23 14:13:00,92.0800,92.0650
AMD,2025-04-23 14:14:00,92.0600,92.0200
AMD,2025-04-23 14:15:00,92.0100,92.1750
AMD,2025-04-23 14:16:00,92.1644,92.1900
AMD,2025-04-23 14:17:00,92.1925,92.0950
AMD,2025-04-23 14:18:00,92.1100,92.0600
AMD,2025-04-23 14:19:00,92.0500,92.0400
AMD,2025-04-23 14:20:00,92.0300,92.1400
AMD,2025-04-23 14:21:00,92.1400,92.1800
AMD,2025-04-23 14:22:00,92.1700,92.0300
AMD,2025-04-23 14:23:00,92.0350,91.8400
AMD,2025-04-23 14:24:00,91.8400,91.8650
AMD,2025-04-23 14:25:00,91.8600,91.8700
AMD,2025-04-23 14:26:00,91.8799,91.9200
AMD,2025-04-23 14:27:00,91.9100,91.8300
AMD,2025-04-23 14:28:00,91.8200,91.7300
AMD,2025-04-23 14:29:00,91.7300,91.6950
AMD,2025-04-23 14:30:00,91.7000,91.8818
AMD,2025-04-23 14:31:00,91.8600,91.9400
AMD,2025-04-23 14:32:00,91.9400,91.9500
AMD,2025-04-23 14:33:00,91.9595,91.8650
AMD,2025-04-23 14:34:00,91.8400,91.7900
AMD,2025-04-23 14:35:00,91.8400,91.8000
AMD,2025-04-23 14:36:00,91.8100,91.7700
AMD,2025-04-23 14:37:00,91.7650,91.7200
AMD,2025-04-23 14:38:00,91.7500,91.6750
AMD,2025-04-23 14:39:00,91.6800,91.7200
AMD,2025-04-23 14:40:00,91.7200,91.6478
AMD,2025-04-23 14:41:00,91.6300,91.6000
AMD,2025-04-23 14:42:00,91.6000,91.5900
AMD,2025-04-23 14:43:00,91.5850,91.5000
AMD,2025-04-23 14:44:00,91.4900,91.3400
AMD,2025-04-23 14:45:00,91.3500,91.4300
AMD,2025-04-23 14:46:00,91.4200,91.3750
AMD,2025-04-23 14:47:00,91.3700,91.5000
AMD,2025-04-23 14:48:00,91.5300,91.5041
AMD,2025-04-23 14:49:00,91.4900,91.5250
AMD,2025-04-23 14:50:00,91.5300,91.4000
AMD,2025-04-23 14:51:00,91.4050,91.3800
AMD,2025-04-23 14:52:00,91.3700,91.4250
AMD,2025-04-23 14:53:00,91.4250,91.3800
AMD,2025-04-23 14:54:00,91.4000,91.3950
AMD,2025-04-23 14:55:00,91.3826,91.5100
AMD,2025-04-23 14:56:00,91.5100,91.6600
AMD,2025-04-23 14:57:00,91.6700,91.5775
AMD,2025-04-23 14:58:00,91.5700,91.6800
AMD,2025-04-23 14:59:00,91.6698,91.4551
AMD,2025-04-23 15:00:00,91.4699,91.4420
AMD,2025-04-23 15:01:00,91.4600,91.3100
AMD,2025-04-23 15:02:00,91.3100,91.2100
AMD,2025-04-23 15:03:00,91.1900,91.1900
AMD,2025-04-23 15:04:00,91.2000,91.1899
AMD,2025-04-23 15:05:00,91.1797,91.2100
AMD,2025-04-23 15:06:00,91.2200,91.2200
AMD,2025-04-23 15:07:00,91.2399,91.3150
AMD,2025-04-23 15:08:00,91.3171,91.3475
AMD,2025-04-23 15:09:00,91.3500,91.2250
AMD,2025-04-23 15:10:00,91.2200,91.2400
AMD,2025-04-23 15:11:00,91.2200,91.3350
AMD,2025-04-23 15:12:00,91.3100,91.2800
AMD,2025-04-23 15:13:00,91.2800,91.3200
AMD,2025-04-23 15:14:00,91.3200,91.2396
AMD,2025-04-23 15:15:00,91.2477,91.0100
AMD,2025-04-23 15:16:00,91.0110,91.0000
AMD,2025-04-23 15:17:00,91.0072,91.0088
AMD,2025-04-23 15:18:00,90.9950,90.9250
AMD,2025-04-23 15:19:00,90.9300,90.8990
AMD,2025-04-23 15:20:00,90.8900,90.8750
AMD,2025-04-23 15:21:00,90.8600,90.9500
AMD,2025-04-23 15:22:00,90.9450,90.7504
AMD,2025-04-23 15:23:00,90.7500,90.6800
AMD,2025-04-23 15:24:00,90.6800,90.6600
AMD,2025-04-23 15:25:00,90.6400,90.6400
AMD,2025-04-23 15:26:00,90.6400,90.6700
AMD,2025-04-23 15:27:00,90.6600,90.7100
AMD,2025-04-23 15:28:00,90.7100,90.6800
AMD,2025-04-23 15:29:00,90.6700,90.6850
AMD,2025-04-23 15:30:00,90.6900,90.7500
AMD,2025-04-23 15:31:00,90.7448,90.8000
AMD,2025-04-23 15:32:00,90.8000,90.7050
AMD,2025-04-23 15:33:00,90.7199,90.8150
AMD,2025-04-23 15:34:00,90.8150,90.7100
AMD,2025-04-23 15:35:00,90.6800,90.5000
AMD,2025-04-23 15:36:00,90.4900,90.3600
AMD,2025-04-23 15:37:00,90.3600,90.3200
AMD,2025-04-23 15:38:00,90.3200,90.2600
AMD,2025-04-23 15:39:00,90.2600,90.3301
AMD,2025-04-23 15:40:00,90.3300,90.4300
AMD,2025-04-23 15:41:00,90.4300,90.3600
AMD,2025-04-23 15:42:00,90.3500,90.3400
AMD,2025-04-23 15:43:00,90.3300,90.2900
AMD,2025-04-23 15:44:00,90.2900,90.2900
AMD,2025-04-23 15:45:00,90.2900,90.4400
AMD,2025-04-23 15:46:00,90.4400,90.2100
AMD,2025-04-23 15:47:00,90.2168,90.4000
AMD,2025-04-23 15:48:00,90.3900,90.4600
AMD,2025-04-23 15:49:00,90.4450,90.4400
AMD,2025-04-23 15:50:00,90.4700,90.7800
AMD,2025-04-23 15:51:00,90.7850,90.6750
AMD,2025-04-23 15:52:00,90.6600,90.7200
AMD,2025-04-23 15:53:00,90.7300,90.6500
AMD,2025-04-23 15:54:00,90.6500,90.6900
AMD,2025-04-23 15:55:00,90.7000,90.5650
AMD,2025-04-23 15:56:00,90.5700,90.4150
AMD,2025-04-23 15:57:00,90.4150,90.4500
AMD,2025-04-23 15:58:00,90.4500,90.3950
AMD,2025-04-23 15:59:00,90.4000,90.3300
AMD,2025-04-24 09:30:00,91.5900,91.1200
AMD,2025-04-24 09:31:00,91.1100,90.9750
AMD,2025-04-24 09:32:00,90.9750,90.6850
AMD,2025-04-24 09:33:00,90.6850,90.4700
AMD,2025-04-24 09:34:00,90.4500,90.6550
AMD,2025-04-24 09:35:00,90.6500,90.4350
AMD,2025-04-24 09:36:00,90.4400,90.6200
AMD,2025-04-24 09:37:00,90.6300,90.6850
AMD,2025-04-24 09:38:00,90.6950,90.6500
AMD,2025-04-24 09:39:00,90.6400,90.5750
AMD,2025-04-24 09:40:00,90.5750,90.7581
AMD,2025-04-24 09:41:00,90.7400,90.8650
AMD,2025-04-24 09:42:00,90.8650,90.7701
AMD,2025-04-24 09:43:00,90.7800,90.9700
AMD,2025-04-24 09:44:00,90.9700,91.0897
AMD,2025-04-24 09:45:00,91.0750,91.2809
AMD,2025-04-24 09:46:00,91.2800,91.2300
AMD,2025-04-24 09:47:00,91.2300,91.2300
AMD,2025-04-24 09:48:00,91.2300,91.3000
AMD,2025-04-24 09:49:00,91.3000,91.3900
AMD,2025-04-24 09:50:00,91.4000,91.5350
AMD,2025-04-24 09:51:00,91.5350,91.7633
AMD,2025-04-24 09:52:00,91.7503,91.8950
AMD,2025-04-24 09:53:00,91.8950,92.1800
AMD,2025-04-24 09:54:00,92.1730,92.1703
AMD,2025-04-24 09:55:00,92.1804,92.0308
AMD,2025-04-24 09:56:00,92.0450,92.3300
AMD,2025-04-24 09:57:00,92.3300,92.3300
AMD,2025-04-24 09:58:00,92.3397,92.3900
AMD,2025-04-24 09:59:00,92.4000,92.3800
AMD,2025-04-24 10:00:00,92.3700,92.4200
AMD,2025-04-24 10:01:00,92.4500,92.6150
AMD,2025-04-24 10:02:00,92.6346,92.5100
AMD,2025-04-24 10:03:00,92.5199,92.4650
AMD,2025-04-24 10:04:00,92.4600,92.4200
AMD,2025-04-24 10:05:00,92.4200,92.5345
AMD,2025-04-24 10:06:00,92.5400,92.7300
AMD,2025-04-24 10:07:00,92.7390,92.5750
AMD,2025-04-24 10:08:00,92.5750,92.5200
AMD,2025-04-24 10:09:00,92.5500,92.6400
AMD,2025-04-24 10:10:00,92.6350,92.4700
AMD,2025-04-24 10:11:00,92.4689,92.4000
AMD,2025-04-24 10:12:00,92.4000,92.4100
AMD,2025-04-24 10:13:00,92.4100,92.5900
AMD,2025-04-24 10:14:00,92.5950,92.5271
AMD,2025-04-24 10:15:00,92.5300,92.4900
AMD,2025-04-24 10:16:00,92.5000,92.4600
AMD,2025-04-24 10:17:00,92.4500,92.4700
AMD,2025-04-24 10:18:00,92.4892,92.4590
AMD,2025-04-24 10:19:00,92.4550,92.5400
AMD,2025-04-24 10:20:00,92.5535,92.7300
AMD,2025-04-24 10:21:00,92.7250,92.8100
AMD,2025-04-24 10:22:00,92.8099,93.0000
AMD,2025-04-24 10:23:00,93.0050,93.0200
AMD,2025-04-24 10:24:00,93.0100,92.9400
AMD,2025-04-24 10:25:00,92.9400,92.9500
AMD,2025-04-24 10:26:00,92.9421,92.9665
AMD,2025-04-24 10:27:00,92.9800,93.0701
AMD,2025-04-24 10:28:00,93.0756,93.0000
AMD,2025-04-24 10:29:00,93.0000,93.0101
AMD,2025-04-24 10:30:00,93.0100,92.9700
AMD,2025-04-24 10:31:00,92.9800,92.8550
AMD,2025-04-24 10:32:00,92.8550,92.7800
AMD,2025-04-24 10:33:00,92.7900,92.8044
AMD,2025-04-24 10:34:00,92.8044,92.8382
AMD,2025-04-24 10:35:00,92.8300,92.7801
AMD,2025-04-24 10:36:00,92.7800,92.8500
AMD,2025-04-24 10:37:00,92.8300,92.8850
AMD,2025-04-24 10:38:00,92.8850,92.7904
AMD,2025-04-24 10:39:00,92.7900,92.8700
AMD,2025-04-24 10:40:00,92.8700,93.1850
AMD,2025-04-24 10:41:00,93.1850,93.1150
AMD,2025-04-24 10:42:00,93.1100,93.1400
AMD,2025-04-24 10:43:00,93.1500,92.9100
AMD,2025-04-24 10:44:00,92.9100,92.9200
AMD,2025-04-24 10:45:00,92.9350,92.8600
AMD,2025-04-24 10:46:00,92.8800,93.0900
AMD,2025-04-24 10:47:00,93.0702,92.8800
AMD,2025-04-24 10:48:00,92.8900,92.8300
AMD,2025-04-24 10:49:00,92.8300,92.9100
AMD,2025-04-24 10:50:00,92.9150,92.8100
AMD,2025-04-24 10:51:00,92.8400,92.8100
AMD,2025-04-24 10:52:00,92.8000,92.6200
AMD,2025-04-24 10:53:00,92.6200,92.6200
AMD,2025-04-24 10:54:00,92.6200,92.6600
AMD,2025-04-24 10:55:00,92.6650,92.7600
AMD,2025-04-24 10:56:00,92.7673,92.8300
AMD,2025-04-24 10:57:00,92.8300,92.8300
AMD,2025-04-24 10:58:00,92.8300,92.8450
AMD,2025-04-24 10:59:00,92.8300,92.8700
AMD,2025-04-24 11:00:00,92.8700,92.9600
AMD,2025-04-24 11:01:00,92.9700,92.9200
AMD,2025-04-24 11:02:00,92.9300,92.8750
AMD,2025-04-24 11:03:00,92.8900,92.8450
AMD,2025-04-24 11:04:00,92.8270,93.1200
AMD,2025-04-24 11:05:00,93.1300,93.1650
AMD,2025-04-24 11:06:00,93.1800,93.2599
AMD,2025-04-24 11:07:00,93.2400,93.3105
AMD,2025-04-24 11:08:00,93.3136,93.3200
AMD,2025-04-24 11:09:00,93.3169,93.3400
AMD,2025-04-24 11:10:00,93.3549,93.2600
AMD,2025-04-24 11:11:00,93.2600,93.3600
AMD,2025-04-24 11:12:00,93.3500,93.3200
AMD,2025-04-24 11:13:00,93.3100,93.3200
AMD,2025-04-24 11:14:00,93.3372,93.3000
AMD,2025-04-24 11:15:00,93.3100,93.3198
AMD,2025-04-24 11:16:00,93.3000,93.2500
AMD,2025-04-24 11:17:00,93.2600,93.1997
AMD,2025-04-24 11:18:00,93.1800,93.1850
AMD,2025-04-24 11:19:00,93.1878,93.1300
AMD,2025-04-24 11:20:00,93.1200,93.1600
AMD,2025-04-24 11:21:00,93.1500,93.1200
AMD,2025-04-24 11:22:00,93.1400,93.0400
AMD,2025-04-24 11:23:00,93.0300,92.9490
AMD,2025-04-24 11:24:00,92.9400,92.9700
AMD,2025-04-24 11:25:00,92.9700,92.8700
AMD,2025-04-24 11:26:00,92.8899,93.0000
AMD,2025-04-24 11:27:00,93.0000,92.9400
AMD,2025-04-24 11:28:00,92.9500,92.9975
AMD,2025-04-24 11:29:00,93.0000,92.9700
AMD,2025-04-24 11:30:00,92.9700,92.8800
AMD,2025-04-24 11:31:00,92.8700,92.8900
AMD,2025-04-24 11:32:00,92.8801,92.9200
AMD,2025-04-24 11:33:00,92.9280,93.1090
AMD,2025-04-24 11:34:00,93.1130,93.1700
AMD,2025-04-24 11:35:00,93.1700,93.1400
AMD,2025-04-24 11:36:00,93.1491,93.1900
AMD,2025-04-24 11:37:00,93.1849,93.1250
AMD,2025-04-24 11:38:00,93.1450,93.2204
AMD,2025-04-24 11:39:00,93.2300,93.2400
AMD,2025-04-24 11:40:00,93.2400,93.2800
AMD,2025-04-24 11:41:00,93.2730,93.2700
AMD,2025-04-24 11:42:00,93.2700,93.2901
AMD,2025-04-24 11:43:00,93.3000,93.2250
AMD,2025-04-24 11:44:00,93.2250,93.1850
AMD,2025-04-24 11:45:00,93.1850,93.2700
AMD,2025-04-24 11:46:00,93.2800,93.3100
AMD,2025-04-24 11:47:00,93.3000,93.3400
AMD,2025-04-24 11:48:00,93.3310,93.1975
AMD,2025-04-24 11:49:00,93.1900,93.2800
AMD,2025-04-24 11:50:00,93.2700,93.1850
AMD,2025-04-24 11:51:00,93.2000,93.2201
AMD,2025-04-24 11:52:00,93.2300,93.4200
AMD,2025-04-24 11:53:00,93.4300,93.4900
AMD,2025-04-24 11:54:00,93.4800,93.4404
AMD,2025-04-24 11:55:00,93.4400,93.4920
AMD,2025-04-24 11:56:00,93.5000,93.3308
AMD,2025-04-24 11:57:00,93.3299,93.2900
AMD,2025-04-24 11:58:00,93.2700,93.2290
AMD,2025-04-24 11:59:00,93.2300,93.0900
AMD,2025-04-24 12:00:00,93.1000,93.1800
AMD,2025-04-24 12:01:00,93.1796,93.1601
AMD,2025-04-24 12:02:00,93.1700,93.2000
AMD,2025-04-24 12:03:00,93.1800,93.2768
AMD,2025-04-24 12:04:00,93.2750,93.2800
AMD,2025-04-24 12:05:00,93.2699,93.2250
AMD,2025-04-24 12:06:00,93.2250,93.2107
AMD,2025-04-24 12:07:00,93.2000,93.2600
AMD,2025-04-24 12:08:00,93.2750,93.3000
AMD,2025-04-24 12:09:00,93.3200,93.3201
AMD,2025-04-24 12:10:00,93.3100,93.3531
AMD,2025-04-24 12:11:00,93.3700,93.4400
AMD,2025-04-24 12:12:00,93.4599,93.5100
AMD,2025-04-24 12:13:00,93.5100,93.5600
AMD,2025-04-24 12:14:00,93.5500,93.5452
AMD,2025-04-24 12:15:00,93.5400,93.5400
AMD,2025-04-24 12:16:00,93.5250,93.5700
AMD,2025-04-24 12:17:00,93.5800,93.7100
AMD,2025-04-24 12:18:00,93.7000,93.6700
AMD,2025-04-24 12:19:00,93.6700,93.6800
AMD,2025-04-24 12:20:00,93.6800,93.7339
AMD,2025-04-24 12:21:00,93.7203,93.7700
AMD,2025-04-24 12:22:00,93.7700,93.8400
AMD,2025-04-24 12:23:00,93.8375,93.9300
AMD,2025-04-24 12:24:00,93.9201,93.7800
AMD,2025-04-24 12:25:00,93.7850,93.8211
AMD,2025-04-24 12:26:00,93.8300,93.8000
AMD,2025-04-24 12:27:00,93.8000,93.8300
AMD,2025-04-24 12:28:00,93.8300,93.9277
AMD,2025-04-24 12:29:00,93.9400,93.9450
AMD,2025-04-24 12:30:00,93.9203,93.9200
AMD,2025-04-24 12:31:00,93.9100,93.9050
AMD,2025-04-24 12:32:00,93.8900,94.0100
AMD,2025-04-24 12:33:00,94.0100,94.1229
AMD,2025-04-24 12:34:00,94.1300,94.2310
AMD,2025-04-24 12:35:00,94.2371,94.4050
AMD,2025-04-24 12:36:00,94.4000,94.3282
AMD,2025-04-24 12:37:00,94.3200,94.3200
AMD,2025-04-24 12:38:00,94.3100,94.2725
AMD,2025-04-24 12:39:00,94.2800,94.2366
AMD,2025-04-24 12:40:00,94.2300,94.2300
AMD,2025-04-24 12:41:00,94.2300,94.1450
AMD,2025-04-24 12:42:00,94.1450,94.2099
AMD,2025-04-24 12:43:00,94.2000,94.2400
AMD,2025-04-24 12:44:00,94.2300,94.2100
AMD,2025-04-24 12:45:00,94.2300,94.0700
AMD,2025-04-24 12:46:00,94.0700,94.2500
AMD,2025-04-24 12:47:00,94.2400,94.2600
AMD,2025-04-24 12:48:00,94.2650,94.3100
AMD,2025-04-24 12:49:00,94.2900,94.3300
AMD,2025-04-24 12:50:00,94.3400,94.3750
AMD,2025-04-24 12:51:00,94.3800,94.4300
AMD,2025-04-24 12:52:00,94.4200,94.4600
AMD,2025-04-24 12:53:00,94.4600,94.4400
AMD,2025-04-24 12:54:00,94.4350,94.4800
AMD,2025-04-24 12:55:00,94.4800,94.4750
AMD,2025-04-24 12:56:00,94.4750,94.6371
AMD,2025-04-24 12:57:00,94.6371,94.6676
AMD,2025-04-24 12:58:00,94.6600,94.7200
AMD,2025-04-24 12:59:00,94.7200,94.6200
AMD,2025-04-24 13:00:00,94.6000,94.5200
AMD,2025-04-24 13:01:00,94.5392,94.5700
AMD,2025-04-24 13:02:00,94.5600,94.5350
AMD,2025-04-24 13:03:00,94.5400,94.6500
AMD,2025-04-24 13:04:00,94.6573,94.6500
AMD,2025-04-24 13:05:00,94.6600,94.6000
AMD,2025-04-24 13:06:00,94.6000,94.4200
AMD,2025-04-24 13:07:00,94.4200,94.4600
AMD,2025-04-24 13:08:00,94.4555,94.4600
AMD,2025-04-24 13:09:00,94.4600,94.3694
AMD,2025-04-24 13:10:00,94.3600,94.4500
AMD,2025-04-24 13:11:00,94.4500,94.5000
AMD,2025-04-24 13:12:00,94.5100,94.4401
AMD,2025-04-24 13:13:00,94.4420,94.2750
AMD,2025-04-24 13:14:00,94.2800,94.3350
AMD,2025-04-24 13:15:00,94.3350,94.2450
AMD,2025-04-24 13:16:00,94.2500,94.2427
AMD,2025-04-24 13:17:00,94.2300,94.2000
AMD,2025-04-24 13:18:00,94.1800,94.0899
AMD,2025-04-24 13:19:00,94.0896,94.1300
AMD,2025-04-24 13:20:00,94.1444,94.1050
AMD,2025-04-24 13:21:00,94.1000,94.0900
AMD,2025-04-24 13:22:00,94.0800,94.3100
AMD,2025-04-24 13:23:00,94.2900,94.3000
AMD,2025-04-24 13:24:00,94.3100,94.2800
AMD,2025-04-24 13:25:00,94.2900,94.4100
AMD,2025-04-24 13:26:00,94.4200,94.3776
AMD,2025-04-24 13:27:00,94.3800,94.2700
AMD,2025-04-24 13:28:00,94.2900,94.3974
AMD,2025-04-24 13:29:00,94.3800,94.3250
AMD,2025-04-24 13:30:00,94.3200,94.4550
AMD,2025-04-24 13:31:00,94.4600,94.3600
AMD,2025-04-24 13:32:00,94.3500,94.3200
AMD,2025-04-24 13:33:00,94.3200,94.3000
AMD,2025-04-24 13:34:00,94.3175,94.2101
AMD,2025-04-24 13:35:00,94.2150,94.1959
AMD,2025-04-24 13:36:00,94.1800,94.2850
AMD,2025-04-24 13:37:00,94.2850,94.3100
AMD,2025-04-24 13:38:00,94.3100,94.3300
AMD,2025-04-24 13:39:00,94.3400,94.3000
AMD,2025-04-24 13:40:00,94.3100,94.2900
AMD,2025-04-24 13:41:00,94.2926,94.1850
AMD,2025-04-24 13:42:00,94.1700,94.1950
AMD,2025-04-24 13:43:00,94.2100,94.1700
AMD,2025-04-24 13:44:00,94.1600,94.2200
AMD,2025-04-24 13:45:00,94.2100,94.1600
AMD,2025-04-24 13:46:00,94.1600,94.2109
AMD,2025-04-24 13:47:00,94.2200,94.3400
AMD,2025-04-24 13:48:00,94.3200,94.2692
AMD,2025-04-24 13:49:00,94.2500,94.3593
AMD,2025-04-24 13:50:00,94.3390,94.4100
AMD,2025-04-24 13:51:00,94.4100,94.4401
AMD,2025-04-24 13:52:00,94.4700,94.4400
AMD,2025-04-24 13:53:00,94.4600,94.5100
AMD,2025-04-24 13:54:00,94.5200,94.5500
AMD,2025-04-24 13:55:00,94.5500,94.4600
AMD,2025-04-24 13:56:00,94.4700,94.5363
AMD,2025-04-24 13:57:00,94.5300,94.5398
AMD,2025-04-24 13:58:00,94.5400,94.6100
AMD,2025-04-24 13:59:00,94.6050,94.5836
AMD,2025-04-24 14:00:00,94.5800,94.6599
AMD,2025-04-24 14:01:00,94.6400,94.6703
AMD,2025-04-24 14:02:00,94.6850,94.5950
AMD,2025-04-24 14:03:00,94.5991,94.4800
AMD,2025-04-24 14:04:00,94.4800,94.4615
AMD,2025-04-24 14:05:00,94.4800,94.4498
AMD,2025-04-24 14:06:00,94.4300,94.4981
AMD,2025-04-24 14:07:00,94.4950,94.4200
AMD,2025-04-24 14:08:00,94.4400,94.4600
AMD,2025-04-24 14:09:00,94.4700,94.4000
AMD,2025-04-24 14:10:00,94.3950,94.3699
AMD,2025-04-24 14:11:00,94.3600,94.2700
AMD,2025-04-24 14:12:00,94.2635,94.2800
AMD,2025-04-24 14:13:00,94.2797,94.2800
AMD,2025-04-24 14:14:00,94.2796,94.2400
AMD,2025-04-24 14:15:00,94.2400,94.2900
AMD,2025-04-24 14:16:00,94.2600,94.2000
AMD,2025-04-24 14:17:00,94.1900,94.0985
AMD,2025-04-24 14:18:00,94.0900,94.2150
AMD,2025-04-24 14:19:00,94.2150,94.2600
AMD,2025-04-24 14:20:00,94.2450,94.1900
AMD,2025-04-24 14:21:00,94.1900,94.1362
AMD,2025-04-24 14:22:00,94.1400,94.1723
AMD,2025-04-24 14:23:00,94.1800,94.1402
AMD,2025-04-24 14:24:00,94.1500,94.1759
AMD,2025-04-24 14:25:00,94.1799,94.1490
AMD,2025-04-24 14:26:00,94.1398,94.1600
AMD,2025-04-24 14:27:00,94.1699,94.1200
AMD,2025-04-24 14:28:00,94.1100,94.1100
AMD,2025-04-24 14:29:00,94.1200,94.0800
AMD,2025-04-24 14:30:00,94.0764,94.1200
AMD,2025-04-24 14:31:00,94.1300,94.1600
AMD,2025-04-24 14:32:00,94.1600,94.0700
AMD,2025-04-24 14:33:00,94.0700,94.1400
AMD,2025-04-24 14:34:00,94.1500,94.1300
AMD,2025-04-24 14:35:00,94.1346,94.1410
AMD,2025-04-24 14:36:00,94.1450,94.0550
AMD,2025-04-24 14:37:00,94.0550,94.1573
AMD,2025-04-24 14:38:00,94.1512,94.2700
AMD,2025-04-24 14:39:00,94.2800,94.3300
AMD,2025-04-24 14:40:00,94.3300,94.2800
AMD,2025-04-24 14:41:00,94.2790,94.1950
AMD,2025-04-24 14:42:00,94.1600,94.2000
AMD,2025-04-24 14:43:00,94.2050,94.1752
AMD,2025-04-24 14:44:00,94.1700,94.1401
AMD,2025-04-24 14:45:00,94.1600,94.1010
AMD,2025-04-24 14:46:00,94.1100,94.2600
AMD,2025-04-24 14:47:00,94.2550,94.2300
AMD,2025-04-24 14:48:00,94.2351,94.2100
AMD,2025-04-24 14:49:00,94.2050,94.2300
AMD,2025-04-24 14:50:00,94.2250,94.2600
AMD,2025-04-24 14:51:00,94.2500,94.2050
AMD,2025-04-24 14:52:00,94.2050,94.3000
AMD,2025-04-24 14:53:00,94.2900,94.3050
AMD,2025-04-24 14:54:00,94.3100,94.2330
AMD,2025-04-24 14:55:00,94.2400,94.1800
AMD,2025-04-24 14:56:00,94.1900,94.1402
AMD,2025-04-24 14:57:00,94.1576,94.1350
AMD,2025-04-24 14:58:00,94.1300,94.0770
AMD,2025-04-24 14:59:00,94.0789,94.0301
AMD,2025-04-24 15:00:00,94.0300,94.0000
AMD,2025-04-24 15:01:00,93.9900,93.9100
AMD,2025-04-24 15:02:00,93.9000,93.9700
AMD,2025-04-24 15:03:00,93.9600,93.9100
AMD,2025-04-24 15:04:00,93.9050,93.7900
AMD,2025-04-24 15:05:00,93.7850,93.8200
AMD,2025-04-24 15:06:00,93.8296,93.7510
AMD,2025-04-24 15:07:00,93.7571,93.7150
AMD,2025-04-24 15:08:00,93.7100,93.7000
AMD,2025-04-24 15:09:00,93.7050,93.6700
AMD,2025-04-24 15:10:00,93.6700,93.5201
AMD,2025-04-24 15:11:00,93.5400,93.5550
AMD,2025-04-24 15:12:00,93.5402,93.5100
AMD,2025-04-24 15:13:00,93.5199,93.4050
AMD,2025-04-24 15:14:00,93.4200,93.5599
AMD,2025-04-24 15:15:00,93.5525,93.5500
AMD,2025-04-24 15:16:00,93.5500,93.7000
AMD,2025-04-24 15:17:00,93.7100,93.8150
AMD,2025-04-24 15:18:00,93.8200,93.8300
AMD,2025-04-24 15:19:00,93.8300,93.8888
AMD,2025-04-24 15:20:00,93.8900,93.7800
AMD,2025-04-24 15:21:00,93.7800,93.9250
AMD,2025-04-24 15:22:00,93.9250,93.9400
AMD,2025-04-24 15:23:00,93.9400,93.8800
AMD,2025-04-24 15:24:00,93.8850,93.8200
AMD,2025-04-24 15:25:00,93.8150,93.8700
AMD,2025-04-24 15:26:00,93.8700,93.8750
AMD,2025-04-24 15:27:00,93.8750,93.7900
AMD,2025-04-24 15:28:00,93.7900,93.7600
AMD,2025-04-24 15:29:00,93.7500,93.6800
AMD,2025-04-24 15:30:00,93.6900,93.6800
AMD,2025-04-24 15:31:00,93.6900,93.7500
AMD,2025-04-24 15:32:00,93.7450,93.7400
AMD,2025-04-24 15:33:00,93.7500,93.7500
AMD,2025-04-24 15:34:00,93.7550,93.7100
AMD,2025-04-24 15:35:00,93.7100,93.8950
AMD,2025-04-24 15:36:00,93.8900,93.7900
AMD,2025-04-24 15:37:00,93.7900,93.9500
AMD,2025-04-24 15:38:00,93.9500,93.9589
AMD,2025-04-24 15:39:00,93.9571,93.9787
AMD,2025-04-24 15:40:00,93.9799,93.9500
AMD,2025-04-24 15:41:00,93.9550,94.0550
AMD,2025-04-24 15:42:00,94.0500,94.1000
AMD,2025-04-24 15:43:00,94.0900,94.0200
AMD,2025-04-24 15:44:00,94.0300,94.0650
AMD,2025-04-24 15:45:00,94.0700,94.0787
AMD,2025-04-24 15:46:00,94.0750,94.0600
AMD,2025-04-24 15:47:00,94.0500,94.1250
AMD,2025-04-24 15:48:00,94.1300,94.1700
AMD,2025-04-24 15:49:00,94.1700,94.2850
AMD,2025-04-24 15:50:00,94.2900,94.2050
AMD,2025-04-24 15:51:00,94.2100,94.1300
AMD,2025-04-24 15:52:00,94.1300,94.2200
AMD,2025-04-24 15:53:00,94.2200,94.3250
AMD,2025-04-24 15:54:00,94.3250,94.1700
AMD,2025-04-24 15:55:00,94.1700,94.1801
AMD,2025-04-24 15:56:00,94.1850,94.3250
AMD,2025-04-24 15:57:00,94.3300,94.4300
AMD,2025-04-24 15:58:00,94.4300,94.4500
AMD,2025-04-24 15:59:00,94.4500,94.4300
AMD,2025-04-25 09:30:00,93.2750,93.0370
AMD,2025-04-25 09:31:00,93.0077,93.1585
AMD,2025-04-25 09:32:00,93.0968,93.0899
AMD,2025-04-25 09:33:00,93.0889,93.5700
AMD,2025-04-25 09:34:00,93.6000,93.9400
AMD,2025-04-25 09:35:00,93.9656,93.7993
AMD,2025-04-25 09:36:00,93.7700,93.8970
AMD,2025-04-25 09:37:00,93.9050,93.8450
AMD,2025-04-25 09:38:00,93.8200,93.7400
AMD,2025-04-25 09:39:00,93.7500,93.7400
AMD,2025-04-25 09:40:00,93.7500,93.8509
AMD,2025-04-25 09:41:00,93.8400,93.7500
AMD,2025-04-25 09:42:00,93.7400,93.6100
AMD,2025-04-25 09:43:00,93.6050,93.4100
AMD,2025-04-25 09:44:00,93.4200,93.5000
AMD,2025-04-25 09:45:00,93.5500,93.7000
AMD,2025-04-25 09:46:00,93.6950,93.5800
AMD,2025-04-25 09:47:00,93.5897,93.6500
AMD,2025-04-25 09:48:00,93.6300,93.6000
AMD,2025-04-25 09:49:00,93.6050,93.7226
AMD,2025-04-25 09:50:00,93.7400,93.7800
AMD,2025-04-25 09:51:00,93.7800,93.7200
AMD,2025-04-25 09:52:00,93.7200,93.6300
AMD,2025-04-25 09:53:00,93.6303,93.5000
AMD,2025-04-25 09:54:00,93.4950,93.6748
AMD,2025-04-25 09:55:00,93.6550,93.8899
AMD,2025-04-25 09:56:00,93.8800,93.8900
AMD,2025-04-25 09:57:00,93.9000,93.7196
AMD,2025-04-25 09:58:00,93.7300,93.9000
AMD,2025-04-25 09:59:00,93.8700,93.6700
AMD,2025-04-25 10:00:00,93.6900,94.0000
AMD,2025-04-25 10:01:00,94.0300,94.1606
AMD,2025-04-25 10:02:00,94.1900,94.3013
AMD,2025-04-25 10:03:00,94.3100,94.1748
AMD,2025-04-25 10:04:00,94.1950,94.1900
AMD,2025-04-25 10:05:00,94.2100,94.2350
AMD,2025-04-25 10:06:00,94.2400,94.4000
AMD,2025-04-25 10:07:00,94.4100,94.4000
AMD,2025-04-25 10:08:00,94.4180,94.5450
AMD,2025-04-25 10:09:00,94.5245,94.6600
AMD,2025-04-25 10:10:00,94.6400,94.6560
AMD,2025-04-25 10:11:00,94.6800,94.7600
AMD,2025-04-25 10:12:00,94.7650,94.8500
AMD,2025-04-25 10:13:00,94.8395,94.7300
AMD,2025-04-25 10:14:00,94.7300,94.8135
AMD,2025-04-25 10:15:00,94.7900,94.6900
AMD,2025-04-25 10:16:00,94.6900,94.6100
AMD,2025-04-25 10:17:00,94.6100,94.6991
AMD,2025-04-25 10:18:00,94.7000,94.4894
AMD,2025-04-25 10:19:00,94.4800,94.4850
AMD,2025-04-25 10:20:00,94.4900,94.5600
AMD,2025-04-25 10:21:00,94.5500,94.3900
AMD,2025-04-25 10:22:00,94.4000,94.1900
AMD,2025-04-25 10:23:00,94.1800,94.3500
AMD,2025-04-25 10:24:00,94.3300,94.3790
AMD,2025-04-25 10:25:00,94.3900,94.2700
AMD,2025-04-25 10:26:00,94.2600,94.1900
AMD,2025-04-25 10:27:00,94.1801,94.1700
AMD,2025-04-25 10:28:00,94.1500,94.0450
AMD,2025-04-25 10:29:00,94.0500,94.1600
AMD,2025-04-25 10:30:00,94.1900,94.1100
AMD,2025-04-25 10:31:00,94.1094,94.0300
AMD,2025-04-25 10:32:00,94.0350,94.1977
AMD,2025-04-25 10:33:00,94.2210,94.4800
AMD,2025-04-25 10:34:00,94.4600,94.5800
AMD,2025-04-25 10:35:00,94.6200,94.5800
AMD,2025-04-25 10:36:00,94.5900,94.6800
AMD,2025-04-25 10:37:00,94.6523,94.7800
AMD,2025-04-25 10:38:00,94.7700,94.8412
AMD,2025-04-25 10:39:00,94.8400,94.9700
AMD,2025-04-25 10:40:00,94.9500,95.1200
AMD,2025-04-25 10:41:00,95.1300,94.9900
AMD,2025-04-25 10:42:00,94.9850,94.9200
AMD,2025-04-25 10:43:00,94.9300,95.0600
AMD,2025-04-25 10:44:00,95.0500,95.1100
AMD,2025-04-25 10:45:00,95.1200,95.0500
AMD,2025-04-25 10:46:00,95.0300,94.8971
AMD,2025-04-25 10:47:00,94.9232,94.8800
AMD,2025-04-25 10:48:00,94.8845,94.8450
AMD,2025-04-25 10:49:00,94.8550,94.9850
AMD,2025-04-25 10:50:00,94.9800,94.7000
AMD,2025-04-25 10:51:00,94.7044,94.6900
AMD,2025-04-25 10:52:00,94.7000,94.7500
AMD,2025-04-25 10:53:00,94.7400,94.8650
AMD,2025-04-25 10:54:00,94.8600,94.7400
AMD,2025-04-25 10:55:00,94.7400,94.6300
AMD,2025-04-25 10:56:00,94.6800,94.4550
AMD,2025-04-25 10:57:00,94.4500,94.5299
AMD,2025-04-25 10:58:00,94.5230,94.3800
AMD,2025-04-25 10:59:00,94.4000,94.6700
AMD,2025-04-25 11:00:00,94.6600,94.4850
AMD,2025-04-25 11:01:00,94.4900,94.5837
AMD,2025-04-25 11:02:00,94.5900,94.6500
AMD,2025-04-25 11:03:00,94.6400,94.6700
AMD,2025-04-25 11:04:00,94.6500,94.8980
AMD,2025-04-25 11:05:00,94.8822,95.0100
AMD,2025-04-25 11:06:00,95.0050,94.9832
AMD,2025-04-25 11:07:00,95.0000,95.0300
AMD,2025-04-25 11:08:00,95.0300,94.9001
AMD,2025-04-25 11:09:00,94.9300,94.9200
AMD,2025-04-25 11:10:00,94.9200,94.8701
AMD,2025-04-25 11:11:00,94.8801,94.8100
AMD,2025-04-25 11:12:00,94.8100,94.7800
AMD,2025-04-25 11:13:00,94.7500,95.0700
AMD,2025-04-25 11:14:00,95.0600,94.9800
AMD,2025-04-25 11:15:00,94.9700,94.9600
AMD,2025-04-25 11:16:00,94.9600,94.8500
AMD,2025-04-25 11:17:00,94.8300,94.8563
AMD,2025-04-25 11:18:00,94.8300,94.9300
AMD,2025-04-25 11:19:00,94.9200,94.9200
AMD,2025-04-25 11:20:00,94.9200,95.1158
AMD,2025-04-25 11:21:00,95.1100,95.1900
AMD,2025-04-25 11:22:00,95.1800,95.2460
AMD,2025-04-25 11:23:00,95.2300,95.1800
AMD,2025-04-25 11:24:00,95.1815,95.1800
AMD,2025-04-25 11:25:00,95.1850,95.0650
AMD,2025-04-25 11:26:00,95.0650,95.0950
AMD,2025-04-25 11:27:00,95.0850,95.2700
AMD,2025-04-25 11:28:00,95.2800,95.0971
AMD,2025-04-25 11:29:00,95.0800,94.9700
AMD,2025-04-25 11:30:00,94.9700,95.1100
AMD,2025-04-25 11:31:00,95.1053,95.1850
AMD,2025-04-25 11:32:00,95.1700,95.1300
AMD,2025-04-25 11:33:00,95.1201,95.2550
AMD,2025-04-25 11:34:00,95.2400,95.2100
AMD,2025-04-25 11:35:00,95.1948,95.1700
AMD,2025-04-25 11:36:00,95.1500,95.1300
AMD,2025-04-25 11:37:00,95.1452,95.2000
AMD,2025-04-25 11:38:00,95.2000,95.0348
AMD,2025-04-25 11:39:00,95.0300,95.3000
AMD,2025-04-25 11:40:00,95.2900,95.4500
AMD,2025-04-25 11:41:00,95.4500,95.4899
AMD,2025-04-25 11:42:00,95.4800,95.4090
AMD,2025-04-25 11:43:00,95.4100,95.2250
AMD,2025-04-25 11:44:00,95.2300,95.1850
AMD,2025-04-25 11:45:00,95.2000,95.1800
AMD,2025-04-25 11:46:00,95.1700,95.0800
AMD,2025-04-25 11:47:00,95.0800,95.2500
AMD,2025-04-25 11:48:00,95.2500,95.2100
AMD,2025-04-25 11:49:00,95.2300,95.2904
AMD,2025-04-25 11:50:00,95.2900,95.3550
AMD,2025-04-25 11:51:00,95.3600,95.3100
AMD,2025-04-25 11:52:00,95.3100,95.3750
AMD,2025-04-25 11:53:00,95.3900,95.3600
AMD,2025-04-25 11:54:00,95.3700,95.3599
AMD,2025-04-25 11:55:00,95.3600,95.3010
AMD,2025-04-25 11:56:00,95.3200,95.3000
AMD,2025-04-25 11:57:00,95.3200,95.3100
AMD,2025-04-25 11:58:00,95.3000,95.3500
AMD,2025-04-25 11:59:00,95.3600,95.2300
AMD,2025-04-25 12:00:00,95.2500,95.2900
AMD,2025-04-25 12:01:00,95.2900,95.2600
AMD,2025-04-25 12:02:00,95.2550,95.1800
AMD,2025-04-25 12:03:00,95.1700,95.1563
AMD,2025-04-25 12:04:00,95.1400,95.1200
AMD,2025-04-25 12:05:00,95.1400,95.2600
AMD,2025-04-25 12:06:00,95.2700,95.1600
AMD,2025-04-25 12:07:00,95.1650,95.1950
AMD,2025-04-25 12:08:00,95.2200,95.2050
AMD,2025-04-25 12:09:00,95.2200,95.2000
AMD,2025-04-25 12:10:00,95.1950,95.1500
AMD,2025-04-25 12:11:00,95.1600,95.1300
AMD,2025-04-25 12:12:00,95.1400,95.3700
AMD,2025-04-25 12:13:00,95.3800,95.3700
AMD,2025-04-25 12:14:00,95.3800,95.4000
AMD,2025-04-25 12:15:00,95.4100,95.3690
AMD,2025-04-25 12:16:00,95.3706,95.4500
AMD,2025-04-25 12:17:00,95.4400,95.3700
AMD,2025-04-25 12:18:00,95.3700,95.3500
AMD,2025-04-25 12:19:00,95.3400,95.3550
AMD,2025-04-25 12:20:00,95.3600,95.4936
AMD,2025-04-25 12:21:00,95.4850,95.4800
AMD,2025-04-25 12:22:00,95.4800,95.6200
AMD,2025-04-25 12:23:00,95.6200,95.6800
AMD,2025-04-25 12:24:00,95.6900,95.7100
AMD,2025-04-25 12:25:00,95.7190,95.7599
AMD,2025-04-25 12:26:00,95.7400,95.6600
AMD,2025-04-25 12:27:00,95.6650,95.6900
AMD,2025-04-25 12:28:00,95.6850,95.7050
AMD,2025-04-25 12:29:00,95.7050,95.6290
AMD,2025-04-25 12:30:00,95.6250,95.5900
AMD,2025-04-25 12:31:00,95.5996,95.6993
AMD,2025-04-25 12:32:00,95.6900,95.8414
AMD,2025-04-25 12:33:00,95.8500,95.9000
AMD,2025-04-25 12:34:00,95.9000,95.8764
AMD,2025-04-25 12:35:00,95.8700,95.9900
AMD,2025-04-25 12:36:00,95.9800,95.9900
AMD,2025-04-25 12:37:00,95.9900,95.8500
AMD,2025-04-25 12:38:00,95.8400,95.9535
AMD,2025-04-25 12:39:00,95.9500,95.9500
AMD,2025-04-25 12:40:00,95.9480,96.0300
AMD,2025-04-25 12:41:00,96.0400,96.0400
AMD,2025-04-25 12:42:00,96.0200,96.0097
AMD,2025-04-25 12:43:00,96.0063,96.0606
AMD,2025-04-25 12:44:00,96.0600,96.0900
AMD,2025-04-25 12:45:00,96.0890,96.0600
AMD,2025-04-25 12:46:00,96.0600,96.0300
AMD,2025-04-25 12:47:00,96.0300,95.8900
AMD,2025-04-25 12:48:00,95.8750,95.9000
AMD,2025-04-25 12:49:00,95.9200,95.9388
AMD,2025-04-25 12:50:00,95.9600,95.9100
AMD,2025-04-25 12:51:00,95.9200,95.9600
AMD,2025-04-25 12:52:00,95.9500,95.9400
AMD,2025-04-25 12:53:00,95.9500,95.9300
AMD,2025-04-25 12:54:00,95.9250,95.9600
AMD,2025-04-25 12:55:00,95.9550,95.9400
AMD,2025-04-25 12:56:00,95.9400,95.9800
AMD,2025-04-25 12:57:00,95.9899,95.9500
AMD,2025-04-25 12:58:00,95.9600,95.9497
AMD,2025-04-25 12:59:00,95.9610,95.9550
AMD,2025-04-25 13:00:00,95.9450,96.0400
AMD,2025-04-25 13:01:00,96.0350,96.0300
AMD,2025-04-25 13:02:00,96.0400,96.0100
AMD,2025-04-25 13:03:00,96.0300,96.0650
AMD,2025-04-25 13:04:00,96.0601,96.1624
AMD,2025-04-25 13:05:00,96.1550,96.2309
AMD,2025-04-25 13:06:00,96.2300,96.2086
AMD,2025-04-25 13:07:00,96.2200,96.2699
AMD,2025-04-25 13:08:00,96.2600,96.2800
AMD,2025-04-25 13:09:00,96.2700,96.2300
AMD,2025-04-25 13:10:00,96.2200,96.3200
AMD,2025-04-25 13:11:00,96.3100,96.4000
AMD,2025-04-25 13:12:00,96.4200,96.3400
AMD,2025-04-25 13:13:00,96.3350,96.4800
AMD,2025-04-25 13:14:00,96.4800,96.6000
AMD,2025-04-25 13:15:00,96.5900,96.4900
AMD,2025-04-25 13:16:00,96.5000,96.5600
AMD,2025-04-25 13:17:00,96.5600,96.6600
AMD,2025-04-25 13:18:00,96.6700,96.7100
AMD,2025-04-25 13:19:00,96.7100,96.6900
AMD,2025-04-25 13:20:00,96.7000,96.7850
AMD,2025-04-25 13:21:00,96.7900,96.7900
AMD,2025-04-25 13:22:00,96.7850,96.7735
AMD,2025-04-25 13:23:00,96.7700,96.8506
AMD,2025-04-25 13:24:00,96.8600,96.8770
AMD,2025-04-25 13:25:00,96.8750,96.8907
AMD,2025-04-25 13:26:00,96.8902,96.9700
AMD,2025-04-25 13:27:00,96.9645,97.0000
AMD,2025-04-25 13:28:00,97.0100,96.9700
AMD,2025-04-25 13:29:00,96.9700,97.0510
AMD,2025-04-25 13:30:00,97.0550,96.8500
AMD,2025-04-25 13:31:00,96.8300,96.7300
AMD,2025-04-25 13:32:00,96.7285,96.8700
AMD,2025-04-25 13:33:00,96.8750,96.8400
AMD,2025-04-25 13:34:00,96.8504,96.7775
AMD,2025-04-25 13:35:00,96.7800,96.7300
AMD,2025-04-25 13:36:00,96.7500,96.7550
AMD,2025-04-25 13:37:00,96.7500,96.6700
AMD,2025-04-25 13:38:00,96.6550,96.3500
AMD,2025-04-25 13:39:00,96.3400,96.0868
AMD,2025-04-25 13:40:00,96.0997,96.0709
AMD,2025-04-25 13:41:00,96.0890,96.3000
AMD,2025-04-25 13:42:00,96.2800,96.2099
AMD,2025-04-25 13:43:00,96.1900,96.1100
AMD,2025-04-25 13:44:00,96.1190,96.2000
AMD,2025-04-25 13:45:00,96.2250,96.0400
AMD,2025-04-25 13:46:00,96.0765,96.0200
AMD,2025-04-25 13:47:00,96.0100,96.0200
AMD,2025-04-25 13:48:00,96.0200,96.0200
AMD,2025-04-25 13:49:00,96.0000,96.0900
AMD,2025-04-25 13:50:00,96.0950,95.8000
AMD,2025-04-25 13:51:00,95.7900,95.9200
AMD,2025-04-25 13:52:00,95.9100,95.7300
AMD,2025-04-25 13:53:00,95.7700,95.8300
AMD,2025-04-25 13:54:00,95.8300,95.7500
AMD,2025-04-25 13:55:00,95.7700,95.6500
AMD,2025-04-25 13:56:00,95.6600,95.6200
AMD,2025-04-25 13:57:00,95.6160,95.7391
AMD,2025-04-25 13:58:00,95.7400,95.9400
AMD,2025-04-25 13:59:00,95.9486,96.0600
AMD,2025-04-25 14:00:00,96.0500,95.9700
AMD,2025-04-25 14:01:00,95.9700,95.9350
AMD,2025-04-25 14:02:00,95.9390,96.0359
AMD,2025-04-25 14:03:00,96.0450,96.1700
AMD,2025-04-25 14:04:00,96.1700,96.0900
AMD,2025-04-25 14:05:00,96.0967,96.1200
AMD,2025-04-25 14:06:00,96.1100,96.1500
AMD,2025-04-25 14:07:00,96.1700,96.0805
AMD,2025-04-25 14:08:00,96.0999,96.1650
AMD,2025-04-25 14:09:00,96.1600,96.2300
AMD,2025-04-25 14:10:00,96.2294,96.1245
AMD,2025-04-25 14:11:00,96.1300,96.0300
AMD,2025-04-25 14:12:00,96.0255,96.0750
AMD,2025-04-25 14:13:00,96.0750,96.0000
AMD,2025-04-25 14:14:00,96.0100,95.9000
AMD,2025-04-25 14:15:00,95.9100,95.9550
AMD,2025-04-25 14:16:00,95.9600,96.0050
AMD,2025-04-25 14:17:00,96.0100,96.0790
AMD,2025-04-25 14:18:00,96.0800,96.0200
AMD,2025-04-25 14:19:00,96.0300,96.0998
AMD,2025-04-25 14:20:00,96.0800,96.0800
AMD,2025-04-25 14:21:00,96.0700,96.0900
AMD,2025-04-25 14:22:00,96.1050,96.1123
AMD,2025-04-25 14:23:00,96.1199,96.1600
AMD,2025-04-25 14:24:00,96.1600,96.1537
AMD,2025-04-25 14:25:00,96.1500,96.1428
AMD,2025-04-25 14:26:00,96.1500,96.1100
AMD,2025-04-25 14:27:00,96.1100,96.0000
AMD,2025-04-25 14:28:00,96.0000,96.1100
AMD,2025-04-25 14:29:00,96.1100,96.1100
AMD,2025-04-25 14:30:00,96.1000,96.1500
AMD,2025-04-25 14:31:00,96.1600,96.1800
AMD,2025-04-25 14:32:00,96.1896,96.2600
AMD,2025-04-25 14:33:00,96.2600,96.3000
AMD,2025-04-25 14:34:00,96.3000,96.3100
AMD,2025-04-25 14:35:00,96.3100,96.3600
AMD,2025-04-25 14:36:00,96.3396,96.3531
AMD,2025-04-25 14:37:00,96.3600,96.3588
AMD,2025-04-25 14:38:00,96.3650,96.4079
AMD,2025-04-25 14:39:00,96.4000,96.4401
AMD,2025-04-25 14:40:00,96.4500,96.5000
AMD,2025-04-25 14:41:00,96.5000,96.4150
AMD,2025-04-25 14:42:00,96.4200,96.4250
AMD,2025-04-25 14:43:00,96.4300,96.4204
AMD,2025-04-25 14:44:00,96.4400,96.4050
AMD,2025-04-25 14:45:00,96.4100,96.4150
AMD,2025-04-25 14:46:00,96.4150,96.4000
AMD,2025-04-25 14:47:00,96.4090,96.3955
AMD,2025-04-25 14:48:00,96.3950,96.5000
AMD,2025-04-25 14:49:00,96.4900,96.4750
AMD,2025-04-25 14:50:00,96.4650,96.3900
AMD,2025-04-25 14:51:00,96.3850,96.3350
AMD,2025-04-25 14:52:00,96.3350,96.2750
AMD,2025-04-25 14:53:00,96.2700,96.4310
AMD,2025-04-25 14:54:00,96.4300,96.4995
AMD,2025-04-25 14:55:00,96.4968,96.3800
AMD,2025-04-25 14:56:00,96.3850,96.2594
AMD,2025-04-25 14:57:00,96.2500,96.3100
AMD,2025-04-25 14:58:00,96.3026,96.2709
AMD,2025-04-25 14:59:00,96.2700,96.1700
AMD,2025-04-25 15:00:00,96.1700,96.2000
AMD,2025-04-25 15:01:00,96.2100,96.2500
AMD,2025-04-25 15:02:00,96.2600,96.2500
AMD,2025-04-25 15:03:00,96.2550,96.3050
AMD,2025-04-25 15:04:00,96.3000,96.3400
AMD,2025-04-25 15:05:00,96.3400,96.3680
AMD,2025-04-25 15:06:00,96.3700,96.3600
AMD,2025-04-25 15:07:00,96.3753,96.4100
AMD,2025-04-25 15:08:00,96.4000,96.3550
AMD,2025-04-25 15:09:00,96.3550,96.3900
AMD,2025-04-25 15:10:00,96.3850,96.3445
AMD,2025-04-25 15:11:00,96.3600,96.2426
AMD,2025-04-25 15:12:00,96.2350,96.2550
AMD,2025-04-25 15:13:00,96.2300,96.1600
AMD,2025-04-25 15:14:00,96.1750,96.2447
AMD,2025-04-25 15:15:00,96.2450,96.1150
AMD,2025-04-25 15:16:00,96.1050,96.2350
AMD,2025-04-25 15:17:00,96.2300,96.2800
AMD,2025-04-25 15:18:00,96.2750,96.2300
AMD,2025-04-25 15:19:00,96.2150,96.1800
AMD,2025-04-25 15:20:00,96.1850,96.2210
AMD,2025-04-25 15:21:00,96.2400,96.3500
AMD,2025-04-25 15:22:00,96.3500,96.2850
AMD,2025-04-25 15:23:00,96.3000,96.2900
AMD,2025-04-25 15:24:00,96.2950,96.3448
AMD,2025-04-25 15:25:00,96.3450,96.2150
AMD,2025-04-25 15:26:00,96.2150,96.1900
AMD,2025-04-25 15:27:00,96.2000,96.1700
AMD,2025-04-25 15:28:00,96.1750,96.0600
AMD,2025-04-25 15:29:00,96.0600,96.0900
AMD,2025-04-25 15:30:00,96.0800,95.9600
AMD,2025-04-25 15:31:00,95.9550,95.9150
AMD,2025-04-25 15:32:00,95.9100,95.9800
AMD,2025-04-25 15:33:00,95.9800,96.0274
AMD,2025-04-25 15:34:00,96.0200,96.0200
AMD,2025-04-25 15:35:00,96.0200,96.1350
AMD,2025-04-25 15:36:00,96.1350,96.1600
AMD,2025-04-25 15:37:00,96.1600,96.1200
AMD,2025-04-25 15:38:00,96.1150,96.0300
AMD,2025-04-25 15:39:00,96.0350,96.0250
AMD,2025-04-25 15:40:00,96.0200,95.9600
AMD,2025-04-25 15:41:00,95.9650,95.9600
AMD,2025-04-25 15:42:00,95.9600,96.1300
AMD,2025-04-25 15:43:00,96.1200,96.1850
AMD,2025-04-25 15:44:00,96.1850,96.1600
AMD,2025-04-25 15:45:00,96.1600,96.1650
AMD,2025-04-25 15:46:00,96.1600,96.0700
AMD,2025-04-25 15:47:00,96.0600,96.0400
AMD,2025-04-25 15:48:00,96.0350,96.1150
AMD,2025-04-25 15:49:00,96.1150,96.1200
AMD,2025-04-25 15:50:00,96.1400,96.5200
AMD,2025-04-25 15:51:00,96.5250,96.4550
AMD,2025-04-25 15:52:00,96.4500,96.5650
AMD,2025-04-25 15:53:00,96.5700,96.5950
AMD,2025-04-25 15:54:00,96.6000,96.5433
AMD,2025-04-25 15:55:00,96.5500,96.4850
AMD,2025-04-25 15:56:00,96.4900,96.5500
AMD,2025-04-25 15:57:00,96.5450,96.5900
AMD,2025-04-25 15:58:00,96.5813,96.6500
AMD,2025-04-25 15:59:00,96.6500,96.6500
