STOCK_SYMBOL,DATE_TIME,OPEN_PRICE,CLOSE_PRICE
AMZN,2025-04-14 09:30:00,186.8400,186.8300
AMZN,2025-04-14 09:31:00,186.8400,185.7700
AMZN,2025-04-14 09:32:00,185.7700,186.2550
AMZN,2025-04-14 09:33:00,186.2550,186.2800
AMZN,2025-04-14 09:34:00,186.2800,186.5076
AMZN,2025-04-14 09:35:00,186.4700,185.3400
AMZN,2025-04-14 09:36:00,185.3800,185.0400
AMZN,2025-04-14 09:37:00,185.0250,184.6000
AMZN,2025-04-14 09:38:00,184.5900,184.5300
AMZN,2025-04-14 09:39:00,184.5300,184.4200
AMZN,2025-04-14 09:40:00,184.4300,183.8900
AMZN,2025-04-14 09:41:00,183.9000,183.5700
AMZN,2025-04-14 09:42:00,183.5580,183.1100
AMZN,2025-04-14 09:43:00,183.1200,182.8600
AMZN,2025-04-14 09:44:00,182.8600,183.0300
AMZN,2025-04-14 09:45:00,183.0500,183.5800
AMZN,2025-04-14 09:46:00,183.5750,183.4700
AMZN,2025-04-14 09:47:00,183.4894,183.3150
AMZN,2025-04-14 09:48:00,183.3000,183.1050
AMZN,2025-04-14 09:49:00,183.0800,183.4987
AMZN,2025-04-14 09:50:00,183.5050,183.3550
AMZN,2025-04-14 09:51:00,183.3800,183.5450
AMZN,2025-04-14 09:52:00,183.5425,183.3800
AMZN,2025-04-14 09:53:00,183.3600,183.9800
AMZN,2025-04-14 09:54:00,183.9700,183.9900
AMZN,2025-04-14 09:55:00,184.0100,183.9199
AMZN,2025-04-14 09:56:00,183.8700,183.6900
AMZN,2025-04-14 09:57:00,183.6550,183.6401
AMZN,2025-04-14 09:58:00,183.6850,183.7900
AMZN,2025-04-14 09:59:00,183.7700,183.2800
AMZN,2025-04-14 10:00:00,183.3000,183.3317
AMZN,2025-04-14 10:01:00,183.3650,183.4200
AMZN,2025-04-14 10:02:00,183.4150,183.5477
AMZN,2025-04-14 10:03:00,183.5740,184.0000
AMZN,2025-04-14 10:04:00,184.0050,184.1001
AMZN,2025-04-14 10:05:00,184.1500,184.3350
AMZN,2025-04-14 10:06:00,184.3600,184.3200
AMZN,2025-04-14 10:07:00,184.3100,184.4500
AMZN,2025-04-14 10:08:00,184.3900,184.1483
AMZN,2025-04-14 10:09:00,184.1250,184.2400
AMZN,2025-04-14 10:10:00,184.2500,184.0350
AMZN,2025-04-14 10:11:00,184.0700,184.1000
AMZN,2025-04-14 10:12:00,184.1100,183.9700
AMZN,2025-04-14 10:13:00,183.9900,184.1000
AMZN,2025-04-14 10:14:00,184.1000,183.9500
AMZN,2025-04-14 10:15:00,183.9400,183.6600
AMZN,2025-04-14 10:16:00,183.6450,183.5250
AMZN,2025-04-14 10:17:00,183.5000,183.2900
AMZN,2025-04-14 10:18:00,183.3000,183.7000
AMZN,2025-04-14 10:19:00,183.7200,184.3700
AMZN,2025-04-14 10:20:00,184.4000,184.6601
AMZN,2025-04-14 10:21:00,184.6550,184.6700
AMZN,2025-04-14 10:22:00,184.7000,184.4850
AMZN,2025-04-14 10:23:00,184.4900,184.6200
AMZN,2025-04-14 10:24:00,184.6200,184.9098
AMZN,2025-04-14 10:25:00,184.9100,184.5397
AMZN,2025-04-14 10:26:00,184.5400,184.8850
AMZN,2025-04-14 10:27:00,184.8850,185.0000
AMZN,2025-04-14 10:28:00,185.0100,185.0004
AMZN,2025-04-14 10:29:00,185.0000,184.9800
AMZN,2025-04-14 10:30:00,185.0000,184.7200
AMZN,2025-04-14 10:31:00,184.7300,184.7800
AMZN,2025-04-14 10:32:00,184.7800,184.8200
AMZN,2025-04-14 10:33:00,184.8100,184.9700
AMZN,2025-04-14 10:34:00,184.9400,184.7200
AMZN,2025-04-14 10:35:00,184.7293,184.9100
AMZN,2025-04-14 10:36:00,184.9100,184.9200
AMZN,2025-04-14 10:37:00,184.8900,184.8700
AMZN,2025-04-14 10:38:00,184.8800,184.8600
AMZN,2025-04-14 10:39:00,184.8600,185.0000
AMZN,2025-04-14 10:40:00,185.0000,184.7700
AMZN,2025-04-14 10:41:00,184.7900,185.0350
AMZN,2025-04-14 10:42:00,185.0400,184.9750
AMZN,2025-04-14 10:43:00,184.9800,184.9750
AMZN,2025-04-14 10:44:00,184.9620,184.9600
AMZN,2025-04-14 10:45:00,185.0000,185.0850
AMZN,2025-04-14 10:46:00,185.0997,184.9150
AMZN,2025-04-14 10:47:00,184.9281,185.1800
AMZN,2025-04-14 10:48:00,185.1593,185.1425
AMZN,2025-04-14 10:49:00,185.1350,185.1000
AMZN,2025-04-14 10:50:00,185.1100,185.2600
AMZN,2025-04-14 10:51:00,185.2850,185.2800
AMZN,2025-04-14 10:52:00,185.2750,185.5307
AMZN,2025-04-14 10:53:00,185.5350,185.6100
AMZN,2025-04-14 10:54:00,185.6200,185.8902
AMZN,2025-04-14 10:55:00,185.8800,185.3300
AMZN,2025-04-14 10:56:00,185.3200,184.9850
AMZN,2025-04-14 10:57:00,184.9700,184.9450
AMZN,2025-04-14 10:58:00,184.9600,185.0278
AMZN,2025-04-14 10:59:00,185.0290,185.0300
AMZN,2025-04-14 11:00:00,185.0250,184.9200
AMZN,2025-04-14 11:01:00,184.9300,185.0191
AMZN,2025-04-14 11:02:00,185.0000,185.0100
AMZN,2025-04-14 11:03:00,185.0100,185.0200
AMZN,2025-04-14 11:04:00,185.0400,184.7900
AMZN,2025-04-14 11:05:00,184.8000,184.1700
AMZN,2025-04-14 11:06:00,184.1900,184.1300
AMZN,2025-04-14 11:07:00,184.1500,183.8600
AMZN,2025-04-14 11:08:00,183.8500,183.9400
AMZN,2025-04-14 11:09:00,183.9300,184.0300
AMZN,2025-04-14 11:10:00,184.0200,184.1808
AMZN,2025-04-14 11:11:00,184.1700,183.8600
AMZN,2025-04-14 11:12:00,183.8773,183.8200
AMZN,2025-04-14 11:13:00,183.8300,183.4132
AMZN,2025-04-14 11:14:00,183.4300,183.2900
AMZN,2025-04-14 11:15:00,183.2700,183.4800
AMZN,2025-04-14 11:16:00,183.4700,183.6799
AMZN,2025-04-14 11:17:00,183.6300,183.5500
AMZN,2025-04-14 11:18:00,183.5800,183.7600
AMZN,2025-04-14 11:19:00,183.7550,183.8350
AMZN,2025-04-14 11:20:00,183.8400,183.9400
AMZN,2025-04-14 11:21:00,183.9550,184.0400
AMZN,2025-04-14 11:22:00,184.0400,183.9000
AMZN,2025-04-14 11:23:00,183.8916,183.8800
AMZN,2025-04-14 11:24:00,183.8900,183.7200
AMZN,2025-04-14 11:25:00,183.7150,183.5100
AMZN,2025-04-14 11:26:00,183.5171,183.3000
AMZN,2025-04-14 11:27:00,183.3100,183.0350
AMZN,2025-04-14 11:28:00,183.0500,183.0401
AMZN,2025-04-14 11:29:00,183.0300,182.9500
AMZN,2025-04-14 11:30:00,182.9600,183.0100
AMZN,2025-04-14 11:31:00,183.0100,183.1400
AMZN,2025-04-14 11:32:00,183.1334,183.2553
AMZN,2025-04-14 11:33:00,183.2700,183.0800
AMZN,2025-04-14 11:34:00,183.0800,183.0100
AMZN,2025-04-14 11:35:00,183.0200,182.9050
AMZN,2025-04-14 11:36:00,182.9100,182.8700
AMZN,2025-04-14 11:37:00,182.8600,182.7250
AMZN,2025-04-14 11:38:00,182.7300,182.3500
AMZN,2025-04-14 11:39:00,182.3400,182.2798
AMZN,2025-04-14 11:40:00,182.2600,182.0400
AMZN,2025-04-14 11:41:00,182.0250,182.2900
AMZN,2025-04-14 11:42:00,182.2900,182.2400
AMZN,2025-04-14 11:43:00,182.2491,182.3850
AMZN,2025-04-14 11:44:00,182.3948,182.4900
AMZN,2025-04-14 11:45:00,182.4700,181.9800
AMZN,2025-04-14 11:46:00,181.9799,181.7500
AMZN,2025-04-14 11:47:00,181.7500,181.5600
AMZN,2025-04-14 11:48:00,181.5600,181.2000
AMZN,2025-04-14 11:49:00,181.2000,181.1237
AMZN,2025-04-14 11:50:00,181.0900,181.1500
AMZN,2025-04-14 11:51:00,181.1500,181.2600
AMZN,2025-04-14 11:52:00,181.2607,181.1150
AMZN,2025-04-14 11:53:00,181.1150,181.0800
AMZN,2025-04-14 11:54:00,181.0800,181.0710
AMZN,2025-04-14 11:55:00,181.0500,181.3800
AMZN,2025-04-14 11:56:00,181.3800,181.3700
AMZN,2025-04-14 11:57:00,181.3650,181.5200
AMZN,2025-04-14 11:58:00,181.5100,181.2950
AMZN,2025-04-14 11:59:00,181.2700,181.1550
AMZN,2025-04-14 12:00:00,181.1800,181.2000
AMZN,2025-04-14 12:01:00,181.1927,181.4400
AMZN,2025-04-14 12:02:00,181.4460,181.2700
AMZN,2025-04-14 12:03:00,181.2800,181.1450
AMZN,2025-04-14 12:04:00,181.1597,181.4500
AMZN,2025-04-14 12:05:00,181.4400,181.4501
AMZN,2025-04-14 12:06:00,181.4400,181.3500
AMZN,2025-04-14 12:07:00,181.3450,181.2300
AMZN,2025-04-14 12:08:00,181.2250,181.1600
AMZN,2025-04-14 12:09:00,181.1600,181.0000
AMZN,2025-04-14 12:10:00,181.0000,180.9050
AMZN,2025-04-14 12:11:00,180.9160,180.3400
AMZN,2025-04-14 12:12:00,180.2800,180.5300
AMZN,2025-04-14 12:13:00,180.5350,180.7025
AMZN,2025-04-14 12:14:00,180.7151,180.5350
AMZN,2025-04-14 12:15:00,180.5500,180.5200
AMZN,2025-04-14 12:16:00,180.5300,180.8200
AMZN,2025-04-14 12:17:00,180.8400,180.7199
AMZN,2025-04-14 12:18:00,180.6600,181.0010
AMZN,2025-04-14 12:19:00,181.0300,181.1875
AMZN,2025-04-14 12:20:00,181.1900,180.9700
AMZN,2025-04-14 12:21:00,181.0100,181.1650
AMZN,2025-04-14 12:22:00,181.1650,180.9700
AMZN,2025-04-14 12:23:00,180.9500,180.6530
AMZN,2025-04-14 12:24:00,180.6300,180.7243
AMZN,2025-04-14 12:25:00,180.7150,180.7279
AMZN,2025-04-14 12:26:00,180.7600,180.6900
AMZN,2025-04-14 12:27:00,180.6750,180.3950
AMZN,2025-04-14 12:28:00,180.3700,180.4700
AMZN,2025-04-14 12:29:00,180.4650,180.5700
AMZN,2025-04-14 12:30:00,180.5500,180.4700
AMZN,2025-04-14 12:31:00,180.4700,180.4400
AMZN,2025-04-14 12:32:00,180.4300,180.4400
AMZN,2025-04-14 12:33:00,180.4250,180.5250
AMZN,2025-04-14 12:34:00,180.5250,180.7000
AMZN,2025-04-14 12:35:00,180.6800,180.7900
AMZN,2025-04-14 12:36:00,180.7700,180.5400
AMZN,2025-04-14 12:37:00,180.5500,180.5850
AMZN,2025-04-14 12:38:00,180.5800,180.4477
AMZN,2025-04-14 12:39:00,180.4400,180.4000
AMZN,2025-04-14 12:40:00,180.3800,180.3550
AMZN,2025-04-14 12:41:00,180.3600,180.4100
AMZN,2025-04-14 12:42:00,180.3900,180.0700
AMZN,2025-04-14 12:43:00,180.0600,180.3000
AMZN,2025-04-14 12:44:00,180.2500,180.4469
AMZN,2025-04-14 12:45:00,180.4400,180.6050
AMZN,2025-04-14 12:46:00,180.6000,180.5200
AMZN,2025-04-14 12:47:00,180.5100,180.5200
AMZN,2025-04-14 12:48:00,180.5200,180.3900
AMZN,2025-04-14 12:49:00,180.3900,180.2600
AMZN,2025-04-14 12:50:00,180.2500,180.2025
AMZN,2025-04-14 12:51:00,180.2000,180.0900
AMZN,2025-04-14 12:52:00,180.0950,179.9800
AMZN,2025-04-14 12:53:00,179.9500,180.1100
AMZN,2025-04-14 12:54:00,180.1200,180.1500
AMZN,2025-04-14 12:55:00,180.1300,180.0800
AMZN,2025-04-14 12:56:00,180.0800,179.6620
AMZN,2025-04-14 12:57:00,179.6700,179.4700
AMZN,2025-04-14 12:58:00,179.4730,179.4104
AMZN,2025-04-14 12:59:00,179.3908,179.3350
AMZN,2025-04-14 13:00:00,179.3500,180.0655
AMZN,2025-04-14 13:01:00,180.0700,180.1700
AMZN,2025-04-14 13:02:00,180.2150,180.0596
AMZN,2025-04-14 13:03:00,180.0400,179.7900
AMZN,2025-04-14 13:04:00,179.7600,179.9482
AMZN,2025-04-14 13:05:00,179.9500,179.8100
AMZN,2025-04-14 13:06:00,179.8900,180.0399
AMZN,2025-04-14 13:07:00,180.0100,180.0144
AMZN,2025-04-14 13:08:00,180.0103,179.9800
AMZN,2025-04-14 13:09:00,179.9600,180.2073
AMZN,2025-04-14 13:10:00,180.2200,180.0200
AMZN,2025-04-14 13:11:00,180.0300,180.0000
AMZN,2025-04-14 13:12:00,180.0200,180.0000
AMZN,2025-04-14 13:13:00,180.0000,180.0200
AMZN,2025-04-14 13:14:00,180.0250,179.9500
AMZN,2025-04-14 13:15:00,179.9700,179.8500
AMZN,2025-04-14 13:16:00,179.8500,179.8200
AMZN,2025-04-14 13:17:00,179.8000,180.0100
AMZN,2025-04-14 13:18:00,180.0300,180.3800
AMZN,2025-04-14 13:19:00,180.3700,180.4071
AMZN,2025-04-14 13:20:00,180.4100,180.4500
AMZN,2025-04-14 13:21:00,180.4500,180.6000
AMZN,2025-04-14 13:22:00,180.5900,180.9600
AMZN,2025-04-14 13:23:00,180.9400,180.9700
AMZN,2025-04-14 13:24:00,180.9700,181.1200
AMZN,2025-04-14 13:25:00,181.1150,180.8100
AMZN,2025-04-14 13:26:00,180.8000,180.7800
AMZN,2025-04-14 13:27:00,180.7850,180.6900
AMZN,2025-04-14 13:28:00,180.6900,180.5100
AMZN,2025-04-14 13:29:00,180.5070,180.3800
AMZN,2025-04-14 13:30:00,180.3700,180.4005
AMZN,2025-04-14 13:31:00,180.4000,180.0934
AMZN,2025-04-14 13:32:00,180.0650,180.2900
AMZN,2025-04-14 13:33:00,180.2700,180.4600
AMZN,2025-04-14 13:34:00,180.4700,180.3600
AMZN,2025-04-14 13:35:00,180.3600,180.4847
AMZN,2025-04-14 13:36:00,180.4700,180.4950
AMZN,2025-04-14 13:37:00,180.5100,180.7400
AMZN,2025-04-14 13:38:00,180.7300,180.4983
AMZN,2025-04-14 13:39:00,180.4700,180.6900
AMZN,2025-04-14 13:40:00,180.6700,180.5900
AMZN,2025-04-14 13:41:00,180.5668,180.7150
AMZN,2025-04-14 13:42:00,180.7150,180.9850
AMZN,2025-04-14 13:43:00,180.9700,180.9800
AMZN,2025-04-14 13:44:00,180.9750,180.6400
AMZN,2025-04-14 13:45:00,180.6700,180.9000
AMZN,2025-04-14 13:46:00,180.8950,180.7650
AMZN,2025-04-14 13:47:00,180.7300,180.7150
AMZN,2025-04-14 13:48:00,180.6900,180.9630
AMZN,2025-04-14 13:49:00,180.9700,180.9799
AMZN,2025-04-14 13:50:00,180.9900,180.8900
AMZN,2025-04-14 13:51:00,180.8800,181.1700
AMZN,2025-04-14 13:52:00,181.1900,181.2500
AMZN,2025-04-14 13:53:00,181.2640,181.6600
AMZN,2025-04-14 13:54:00,181.6500,181.6155
AMZN,2025-04-14 13:55:00,181.6100,181.7700
AMZN,2025-04-14 13:56:00,181.7500,181.5200
AMZN,2025-04-14 13:57:00,181.5300,181.7800
AMZN,2025-04-14 13:58:00,181.7800,181.8200
AMZN,2025-04-14 13:59:00,181.8150,181.7804
AMZN,2025-04-14 14:00:00,181.8000,181.9800
AMZN,2025-04-14 14:01:00,181.9700,181.9200
AMZN,2025-04-14 14:02:00,181.9100,181.9800
AMZN,2025-04-14 14:03:00,181.9600,182.0100
AMZN,2025-04-14 14:04:00,182.0106,181.9401
AMZN,2025-04-14 14:05:00,181.9700,181.8450
AMZN,2025-04-14 14:06:00,181.8600,181.9600
AMZN,2025-04-14 14:07:00,181.9500,181.8800
AMZN,2025-04-14 14:08:00,181.8900,181.9550
AMZN,2025-04-14 14:09:00,181.9500,181.9746
AMZN,2025-04-14 14:10:00,181.9700,181.8100
AMZN,2025-04-14 14:11:00,181.8100,181.5850
AMZN,2025-04-14 14:12:00,181.5800,181.5900
AMZN,2025-04-14 14:13:00,181.6100,181.7050
AMZN,2025-04-14 14:14:00,181.6900,181.6784
AMZN,2025-04-14 14:15:00,181.6700,181.5799
AMZN,2025-04-14 14:16:00,181.6200,181.7502
AMZN,2025-04-14 14:17:00,181.7700,181.7700
AMZN,2025-04-14 14:18:00,181.7700,181.7700
AMZN,2025-04-14 14:19:00,181.7900,181.7500
AMZN,2025-04-14 14:20:00,181.7800,181.8900
AMZN,2025-04-14 14:21:00,181.8900,181.8200
AMZN,2025-04-14 14:22:00,181.8300,181.8650
AMZN,2025-04-14 14:23:00,181.8800,181.7700
AMZN,2025-04-14 14:24:00,181.7810,181.6837
AMZN,2025-04-14 14:25:00,181.7100,181.6853
AMZN,2025-04-14 14:26:00,181.7000,181.7400
AMZN,2025-04-14 14:27:00,181.7500,181.8100
AMZN,2025-04-14 14:28:00,181.8000,181.7501
AMZN,2025-04-14 14:29:00,181.7500,181.6800
AMZN,2025-04-14 14:30:00,181.6600,181.6500
AMZN,2025-04-14 14:31:00,181.6500,181.7700
AMZN,2025-04-14 14:32:00,181.7700,181.7523
AMZN,2025-04-14 14:33:00,181.7500,181.6250
AMZN,2025-04-14 14:34:00,181.6400,181.6900
AMZN,2025-04-14 14:35:00,181.6900,181.6950
AMZN,2025-04-14 14:36:00,181.6950,181.6700
AMZN,2025-04-14 14:37:00,181.6900,181.9500
AMZN,2025-04-14 14:38:00,181.9591,181.9500
AMZN,2025-04-14 14:39:00,181.9450,181.9500
AMZN,2025-04-14 14:40:00,181.9800,181.9900
AMZN,2025-04-14 14:41:00,182.0000,182.0000
AMZN,2025-04-14 14:42:00,182.0000,181.8957
AMZN,2025-04-14 14:43:00,181.9200,182.1400
AMZN,2025-04-14 14:44:00,182.1500,182.2300
AMZN,2025-04-14 14:45:00,182.2100,182.1800
AMZN,2025-04-14 14:46:00,182.1800,182.0780
AMZN,2025-04-14 14:47:00,182.0700,181.9800
AMZN,2025-04-14 14:48:00,181.9901,181.9600
AMZN,2025-04-14 14:49:00,181.9400,182.0000
AMZN,2025-04-14 14:50:00,182.0100,182.0650
AMZN,2025-04-14 14:51:00,182.0800,181.9600
AMZN,2025-04-14 14:52:00,181.9600,182.0900
AMZN,2025-04-14 14:53:00,182.1000,182.0500
AMZN,2025-04-14 14:54:00,182.0600,181.9740
AMZN,2025-04-14 14:55:00,181.9700,181.9650
AMZN,2025-04-14 14:56:00,181.9750,181.9900
AMZN,2025-04-14 14:57:00,181.9900,181.9050
AMZN,2025-04-14 14:58:00,181.8800,182.1150
AMZN,2025-04-14 14:59:00,182.0969,182.0700
AMZN,2025-04-14 15:00:00,182.0500,182.3100
AMZN,2025-04-14 15:01:00,182.2900,182.2671
AMZN,2025-04-14 15:02:00,182.2668,182.1760
AMZN,2025-04-14 15:03:00,182.1600,182.3100
AMZN,2025-04-14 15:04:00,182.3150,182.3735
AMZN,2025-04-14 15:05:00,182.3750,182.3640
AMZN,2025-04-14 15:06:00,182.3900,182.4900
AMZN,2025-04-14 15:07:00,182.4852,182.7500
AMZN,2025-04-14 15:08:00,182.7309,182.6150
AMZN,2025-04-14 15:09:00,182.6100,182.7400
AMZN,2025-04-14 15:10:00,182.7350,182.5650
AMZN,2025-04-14 15:11:00,182.5700,182.6150
AMZN,2025-04-14 15:12:00,182.6150,182.7300
AMZN,2025-04-14 15:13:00,182.7100,182.8200
AMZN,2025-04-14 15:14:00,182.8200,182.8850
AMZN,2025-04-14 15:15:00,182.8800,182.7650
AMZN,2025-04-14 15:16:00,182.7650,182.5710
AMZN,2025-04-14 15:17:00,182.5900,182.7450
AMZN,2025-04-14 15:18:00,182.7340,182.6650
AMZN,2025-04-14 15:19:00,182.6900,182.5600
AMZN,2025-04-14 15:20:00,182.5800,182.5300
AMZN,2025-04-14 15:21:00,182.5200,182.6800
AMZN,2025-04-14 15:22:00,182.6700,182.7300
AMZN,2025-04-14 15:23:00,182.7200,182.8000
AMZN,2025-04-14 15:24:00,182.8100,182.6400
AMZN,2025-04-14 15:25:00,182.6200,182.5000
AMZN,2025-04-14 15:26:00,182.5000,182.3392
AMZN,2025-04-14 15:27:00,182.3350,182.3500
AMZN,2025-04-14 15:28:00,182.3500,182.5602
AMZN,2025-04-14 15:29:00,182.5600,182.4150
AMZN,2025-04-14 15:30:00,182.4300,182.4250
AMZN,2025-04-14 15:31:00,182.4100,182.3200
AMZN,2025-04-14 15:32:00,182.3100,182.2750
AMZN,2025-04-14 15:33:00,182.2800,182.5400
AMZN,2025-04-14 15:34:00,182.5600,182.6950
AMZN,2025-04-14 15:35:00,182.6800,182.6800
AMZN,2025-04-14 15:36:00,182.6600,182.7218
AMZN,2025-04-14 15:37:00,182.7300,182.6500
AMZN,2025-04-14 15:38:00,182.6500,182.6950
AMZN,2025-04-14 15:39:00,182.6900,182.8100
AMZN,2025-04-14 15:40:00,182.7900,183.0350
AMZN,2025-04-14 15:41:00,183.0201,183.0900
AMZN,2025-04-14 15:42:00,183.0850,183.0190
AMZN,2025-04-14 15:43:00,183.0100,183.0100
AMZN,2025-04-14 15:44:00,183.0100,182.9000
AMZN,2025-04-14 15:45:00,182.9100,182.7700
AMZN,2025-04-14 15:46:00,182.7800,182.7150
AMZN,2025-04-14 15:47:00,182.7300,182.5050
AMZN,2025-04-14 15:48:00,182.5100,182.2700
AMZN,2025-04-14 15:49:00,182.2800,182.4700
AMZN,2025-04-14 15:50:00,182.4300,182.1000
AMZN,2025-04-14 15:51:00,182.1050,182.5150
AMZN,2025-04-14 15:52:00,182.5000,182.4800
AMZN,2025-04-14 15:53:00,182.4700,182.3800
AMZN,2025-04-14 15:54:00,182.4000,182.3500
AMZN,2025-04-14 15:55:00,182.3600,182.0850
AMZN,2025-04-14 15:56:00,182.0850,182.1250
AMZN,2025-04-14 15:57:00,182.1250,181.9000
AMZN,2025-04-14 15:58:00,181.8900,181.8600
AMZN,2025-04-14 15:59:00,181.8700,182.0600
AMZN,2025-04-15 09:30:00,181.4100,180.0900
AMZN,2025-04-15 09:31:00,180.0866,180.4600
AMZN,2025-04-15 09:32:00,180.4550,181.1400
AMZN,2025-04-15 09:33:00,181.1700,181.2925
AMZN,2025-04-15 09:34:00,181.3200,181.1600
AMZN,2025-04-15 09:35:00,181.1600,180.8900
AMZN,2025-04-15 09:36:00,180.9200,181.4350
AMZN,2025-04-15 09:37:00,181.4700,181.4450
AMZN,2025-04-15 09:38:00,181.4600,181.7300
AMZN,2025-04-15 09:39:00,181.7850,181.9450
AMZN,2025-04-15 09:40:00,181.9700,181.9400
AMZN,2025-04-15 09:41:00,181.9200,181.6950
AMZN,2025-04-15 09:42:00,181.6800,181.7870
AMZN,2025-04-15 09:43:00,181.8000,181.6400
AMZN,2025-04-15 09:44:00,181.6600,181.7400
AMZN,2025-04-15 09:45:00,181.7350,181.6000
AMZN,2025-04-15 09:46:00,181.6000,181.6800
AMZN,2025-04-15 09:47:00,181.7200,181.7350
AMZN,2025-04-15 09:48:00,181.7100,182.0700
AMZN,2025-04-15 09:49:00,182.0900,181.9400
AMZN,2025-04-15 09:50:00,181.9700,181.8484
AMZN,2025-04-15 09:51:00,181.8600,182.2200
AMZN,2025-04-15 09:52:00,182.2300,182.2500
AMZN,2025-04-15 09:53:00,182.2400,182.2800
AMZN,2025-04-15 09:54:00,182.3100,182.1391
AMZN,2025-04-15 09:55:00,182.1100,181.9850
AMZN,2025-04-15 09:56:00,181.9999,181.8500
AMZN,2025-04-15 09:57:00,181.8300,181.4800
AMZN,2025-04-15 09:58:00,181.4600,181.5600
AMZN,2025-04-15 09:59:00,181.5700,181.3800
AMZN,2025-04-15 10:00:00,181.3900,181.3000
AMZN,2025-04-15 10:01:00,181.3000,181.2899
AMZN,2025-04-15 10:02:00,181.2700,181.3150
AMZN,2025-04-15 10:03:00,181.3200,181.3300
AMZN,2025-04-15 10:04:00,181.3000,181.1250
AMZN,2025-04-15 10:05:00,181.1350,181.2900
AMZN,2025-04-15 10:06:00,181.2900,181.4500
AMZN,2025-04-15 10:07:00,181.4300,181.4890
AMZN,2025-04-15 10:08:00,181.4800,181.4000
AMZN,2025-04-15 10:09:00,181.3900,181.3400
AMZN,2025-04-15 10:10:00,181.3200,181.7300
AMZN,2025-04-15 10:11:00,181.7252,181.9999
AMZN,2025-04-15 10:12:00,181.9980,181.9787
AMZN,2025-04-15 10:13:00,181.9500,181.7600
AMZN,2025-04-15 10:14:00,181.7800,181.6200
AMZN,2025-04-15 10:15:00,181.6200,181.4600
AMZN,2025-04-15 10:16:00,181.4500,181.4080
AMZN,2025-04-15 10:17:00,181.4106,180.8300
AMZN,2025-04-15 10:18:00,180.8450,180.4300
AMZN,2025-04-15 10:19:00,180.4100,180.0300
AMZN,2025-04-15 10:20:00,179.9800,180.0850
AMZN,2025-04-15 10:21:00,180.0800,180.2750
AMZN,2025-04-15 10:22:00,180.3000,180.6000
AMZN,2025-04-15 10:23:00,180.6200,180.3200
AMZN,2025-04-15 10:24:00,180.3000,180.0850
AMZN,2025-04-15 10:25:00,180.0900,179.7700
AMZN,2025-04-15 10:26:00,179.7825,179.5200
AMZN,2025-04-15 10:27:00,179.5500,179.5300
AMZN,2025-04-15 10:28:00,179.5550,179.8700
AMZN,2025-04-15 10:29:00,179.8650,179.7907
AMZN,2025-04-15 10:30:00,179.8150,180.0100
AMZN,2025-04-15 10:31:00,180.0000,180.0500
AMZN,2025-04-15 10:32:00,180.0300,180.5000
AMZN,2025-04-15 10:33:00,180.4900,180.6950
AMZN,2025-04-15 10:34:00,180.6801,180.5408
AMZN,2025-04-15 10:35:00,180.5400,180.4000
AMZN,2025-04-15 10:36:00,180.4100,180.5405
AMZN,2025-04-15 10:37:00,180.5700,180.3100
AMZN,2025-04-15 10:38:00,180.3300,180.1886
AMZN,2025-04-15 10:39:00,180.1850,180.1900
AMZN,2025-04-15 10:40:00,180.2100,180.1822
AMZN,2025-04-15 10:41:00,180.1800,180.4300
AMZN,2025-04-15 10:42:00,180.4300,180.5800
AMZN,2025-04-15 10:43:00,180.6148,180.9000
AMZN,2025-04-15 10:44:00,180.8900,180.9400
AMZN,2025-04-15 10:45:00,180.9400,180.9600
AMZN,2025-04-15 10:46:00,180.9800,180.7852
AMZN,2025-04-15 10:47:00,180.8200,180.4750
AMZN,2025-04-15 10:48:00,180.5000,180.3800
AMZN,2025-04-15 10:49:00,180.3900,180.6100
AMZN,2025-04-15 10:50:00,180.6200,180.2004
AMZN,2025-04-15 10:51:00,180.2200,180.3650
AMZN,2025-04-15 10:52:00,180.3700,180.2800
AMZN,2025-04-15 10:53:00,180.2500,180.4200
AMZN,2025-04-15 10:54:00,180.4100,180.5400
AMZN,2025-04-15 10:55:00,180.5500,180.6000
AMZN,2025-04-15 10:56:00,180.6300,180.8100
AMZN,2025-04-15 10:57:00,180.8200,180.8600
AMZN,2025-04-15 10:58:00,180.8484,180.5200
AMZN,2025-04-15 10:59:00,180.5050,180.5400
AMZN,2025-04-15 11:00:00,180.5900,180.9700
AMZN,2025-04-15 11:01:00,180.9700,181.1000
AMZN,2025-04-15 11:02:00,181.0900,181.0750
AMZN,2025-04-15 11:03:00,181.0408,180.9033
AMZN,2025-04-15 11:04:00,180.9199,181.0200
AMZN,2025-04-15 11:05:00,181.0700,180.9700
AMZN,2025-04-15 11:06:00,180.9750,180.8000
AMZN,2025-04-15 11:07:00,180.8000,180.8980
AMZN,2025-04-15 11:08:00,180.9200,180.9000
AMZN,2025-04-15 11:09:00,180.8934,181.0200
AMZN,2025-04-15 11:10:00,181.0250,181.0660
AMZN,2025-04-15 11:11:00,181.0400,180.7650
AMZN,2025-04-15 11:12:00,180.7200,181.0600
AMZN,2025-04-15 11:13:00,181.0600,180.9800
AMZN,2025-04-15 11:14:00,181.0000,181.1200
AMZN,2025-04-15 11:15:00,181.1400,181.0700
AMZN,2025-04-15 11:16:00,181.1000,181.1100
AMZN,2025-04-15 11:17:00,181.1100,181.3200
AMZN,2025-04-15 11:18:00,181.3400,181.2050
AMZN,2025-04-15 11:19:00,181.2150,181.2600
AMZN,2025-04-15 11:20:00,181.2650,181.4550
AMZN,2025-04-15 11:21:00,181.4550,181.3300
AMZN,2025-04-15 11:22:00,181.3300,181.3700
AMZN,2025-04-15 11:23:00,181.3600,181.1300
AMZN,2025-04-15 11:24:00,181.1700,181.3500
AMZN,2025-04-15 11:25:00,181.3400,180.9050
AMZN,2025-04-15 11:26:00,180.8900,180.8892
AMZN,2025-04-15 11:27:00,180.9031,180.8850
AMZN,2025-04-15 11:28:00,180.8700,180.9450
AMZN,2025-04-15 11:29:00,180.9500,180.9550
AMZN,2025-04-15 11:30:00,180.9700,181.0500
AMZN,2025-04-15 11:31:00,181.0351,181.1650
AMZN,2025-04-15 11:32:00,181.1700,180.9300
AMZN,2025-04-15 11:33:00,180.9223,180.8050
AMZN,2025-04-15 11:34:00,180.8100,180.5400
AMZN,2025-04-15 11:35:00,180.5200,180.4797
AMZN,2025-04-15 11:36:00,180.4700,180.3100
AMZN,2025-04-15 11:37:00,180.3050,180.3200
AMZN,2025-04-15 11:38:00,180.3250,180.3100
AMZN,2025-04-15 11:39:00,180.2950,180.3700
AMZN,2025-04-15 11:40:00,180.3500,180.4000
AMZN,2025-04-15 11:41:00,180.4000,180.5000
AMZN,2025-04-15 11:42:00,180.5100,180.4600
AMZN,2025-04-15 11:43:00,180.4550,180.3900
AMZN,2025-04-15 11:44:00,180.3500,180.3100
AMZN,2025-04-15 11:45:00,180.3000,180.4400
AMZN,2025-04-15 11:46:00,180.4492,180.3650
AMZN,2025-04-15 11:47:00,180.3700,180.1700
AMZN,2025-04-15 11:48:00,180.1800,180.0300
AMZN,2025-04-15 11:49:00,180.0250,180.1201
AMZN,2025-04-15 11:50:00,180.1600,180.0400
AMZN,2025-04-15 11:51:00,180.0600,180.0502
AMZN,2025-04-15 11:52:00,180.0600,180.6300
AMZN,2025-04-15 11:53:00,180.6200,180.7308
AMZN,2025-04-15 11:54:00,180.7353,180.5800
AMZN,2025-04-15 11:55:00,180.5600,180.5700
AMZN,2025-04-15 11:56:00,180.5750,180.3300
AMZN,2025-04-15 11:57:00,180.3500,180.6700
AMZN,2025-04-15 11:58:00,180.6800,180.6656
AMZN,2025-04-15 11:59:00,180.6600,180.7300
AMZN,2025-04-15 12:00:00,180.7300,180.6900
AMZN,2025-04-15 12:01:00,180.6860,180.8000
AMZN,2025-04-15 12:02:00,180.8000,180.8050
AMZN,2025-04-15 12:03:00,180.8050,180.9253
AMZN,2025-04-15 12:04:00,180.9300,180.9300
AMZN,2025-04-15 12:05:00,180.9300,180.8709
AMZN,2025-04-15 12:06:00,180.8850,180.9800
AMZN,2025-04-15 12:07:00,180.9600,180.6900
AMZN,2025-04-15 12:08:00,180.7000,180.5600
AMZN,2025-04-15 12:09:00,180.5700,180.5400
AMZN,2025-04-15 12:10:00,180.5200,180.6700
AMZN,2025-04-15 12:11:00,180.6700,180.6100
AMZN,2025-04-15 12:12:00,180.5900,180.6399
AMZN,2025-04-15 12:13:00,180.6398,180.5700
AMZN,2025-04-15 12:14:00,180.5700,180.7350
AMZN,2025-04-15 12:15:00,180.7500,180.8900
AMZN,2025-04-15 12:16:00,180.8968,180.9400
AMZN,2025-04-15 12:17:00,180.9300,180.7300
AMZN,2025-04-15 12:18:00,180.7400,180.6500
AMZN,2025-04-15 12:19:00,180.6450,180.7350
AMZN,2025-04-15 12:20:00,180.7400,180.7101
AMZN,2025-04-15 12:21:00,180.7500,180.6650
AMZN,2025-04-15 12:22:00,180.6800,180.9075
AMZN,2025-04-15 12:23:00,180.9100,180.8871
AMZN,2025-04-15 12:24:00,180.8710,180.7950
AMZN,2025-04-15 12:25:00,180.7950,180.8800
AMZN,2025-04-15 12:26:00,180.8900,180.8900
AMZN,2025-04-15 12:27:00,180.8800,180.8550
AMZN,2025-04-15 12:28:00,180.8550,180.6100
AMZN,2025-04-15 12:29:00,180.6250,180.6400
AMZN,2025-04-15 12:30:00,180.6600,180.7000
AMZN,2025-04-15 12:31:00,180.7000,180.5200
AMZN,2025-04-15 12:32:00,180.5000,180.6100
AMZN,2025-04-15 12:33:00,180.6000,180.4400
AMZN,2025-04-15 12:34:00,180.4400,180.4500
AMZN,2025-04-15 12:35:00,180.4600,180.4900
AMZN,2025-04-15 12:36:00,180.4813,180.4400
AMZN,2025-04-15 12:37:00,180.4300,180.4250
AMZN,2025-04-15 12:38:00,180.4250,180.4700
AMZN,2025-04-15 12:39:00,180.4890,180.3201
AMZN,2025-04-15 12:40:00,180.3500,180.3477
AMZN,2025-04-15 12:41:00,180.3500,180.1500
AMZN,2025-04-15 12:42:00,180.1500,180.2526
AMZN,2025-04-15 12:43:00,180.2600,180.2400
AMZN,2025-04-15 12:44:00,180.2450,180.4650
AMZN,2025-04-15 12:45:00,180.4800,180.5450
AMZN,2025-04-15 12:46:00,180.5400,180.4700
AMZN,2025-04-15 12:47:00,180.4900,180.5100
AMZN,2025-04-15 12:48:00,180.5000,180.3500
AMZN,2025-04-15 12:49:00,180.3400,180.3500
AMZN,2025-04-15 12:50:00,180.3400,180.2200
AMZN,2025-04-15 12:51:00,180.2100,180.1600
AMZN,2025-04-15 12:52:00,180.1500,179.9393
AMZN,2025-04-15 12:53:00,179.9300,179.9300
AMZN,2025-04-15 12:54:00,179.9400,179.7400
AMZN,2025-04-15 12:55:00,179.7300,179.6100
AMZN,2025-04-15 12:56:00,179.6222,179.7800
AMZN,2025-04-15 12:57:00,179.7800,179.5700
AMZN,2025-04-15 12:58:00,179.5800,179.6258
AMZN,2025-04-15 12:59:00,179.6100,179.7550
AMZN,2025-04-15 13:00:00,179.7400,179.5700
AMZN,2025-04-15 13:01:00,179.5800,179.7500
AMZN,2025-04-15 13:02:00,179.7600,179.6700
AMZN,2025-04-15 13:03:00,179.6700,179.8800
AMZN,2025-04-15 13:04:00,179.8700,179.9700
AMZN,2025-04-15 13:05:00,179.9642,179.9800
AMZN,2025-04-15 13:06:00,179.9800,180.0400
AMZN,2025-04-15 13:07:00,180.0350,180.0068
AMZN,2025-04-15 13:08:00,180.0000,179.9750
AMZN,2025-04-15 13:09:00,179.9750,179.8400
AMZN,2025-04-15 13:10:00,179.8400,179.9600
AMZN,2025-04-15 13:11:00,179.9550,179.9047
AMZN,2025-04-15 13:12:00,179.9200,179.7200
AMZN,2025-04-15 13:13:00,179.6900,179.8000
AMZN,2025-04-15 13:14:00,179.8100,179.9400
AMZN,2025-04-15 13:15:00,179.9500,179.8300
AMZN,2025-04-15 13:16:00,179.8200,179.5750
AMZN,2025-04-15 13:17:00,179.5650,179.4300
AMZN,2025-04-15 13:18:00,179.4300,179.5146
AMZN,2025-04-15 13:19:00,179.5200,179.3500
AMZN,2025-04-15 13:20:00,179.3400,179.4650
AMZN,2025-04-15 13:21:00,179.4650,179.3300
AMZN,2025-04-15 13:22:00,179.3100,179.2360
AMZN,2025-04-15 13:23:00,179.2150,179.2300
AMZN,2025-04-15 13:24:00,179.2150,179.3300
AMZN,2025-04-15 13:25:00,179.3300,179.0400
AMZN,2025-04-15 13:26:00,179.0600,179.2800
AMZN,2025-04-15 13:27:00,179.2900,179.1900
AMZN,2025-04-15 13:28:00,179.1947,179.2312
AMZN,2025-04-15 13:29:00,179.2300,179.1248
AMZN,2025-04-15 13:30:00,179.1300,179.4600
AMZN,2025-04-15 13:31:00,179.4500,179.4300
AMZN,2025-04-15 13:32:00,179.4400,179.2800
AMZN,2025-04-15 13:33:00,179.3050,179.2600
AMZN,2025-04-15 13:34:00,179.2500,179.1900
AMZN,2025-04-15 13:35:00,179.1900,179.1600
AMZN,2025-04-15 13:36:00,179.1300,179.2050
AMZN,2025-04-15 13:37:00,179.2200,179.4500
AMZN,2025-04-15 13:38:00,179.4600,179.4980
AMZN,2025-04-15 13:39:00,179.5070,179.4700
AMZN,2025-04-15 13:40:00,179.4700,179.6400
AMZN,2025-04-15 13:41:00,179.6100,179.4300
AMZN,2025-04-15 13:42:00,179.4400,179.3900
AMZN,2025-04-15 13:43:00,179.3800,179.4300
AMZN,2025-04-15 13:44:00,179.4400,179.3200
AMZN,2025-04-15 13:45:00,179.3200,179.2650
AMZN,2025-04-15 13:46:00,179.2800,179.2300
AMZN,2025-04-15 13:47:00,179.2175,179.1800
AMZN,2025-04-15 13:48:00,179.1900,179.0700
AMZN,2025-04-15 13:49:00,179.0600,178.9700
AMZN,2025-04-15 13:50:00,178.9700,178.8000
AMZN,2025-04-15 13:51:00,178.8000,178.7000
AMZN,2025-04-15 13:52:00,178.6950,178.6300
AMZN,2025-04-15 13:53:00,178.6400,178.3650
AMZN,2025-04-15 13:54:00,178.3800,178.3500
AMZN,2025-04-15 13:55:00,178.3400,178.5000
AMZN,2025-04-15 13:56:00,178.5000,178.5959
AMZN,2025-04-15 13:57:00,178.5800,178.6600
AMZN,2025-04-15 13:58:00,178.6550,178.8600
AMZN,2025-04-15 13:59:00,178.8700,178.8600
AMZN,2025-04-15 14:00:00,178.8400,178.7900
AMZN,2025-04-15 14:01:00,178.8200,178.5590
AMZN,2025-04-15 14:02:00,178.5600,178.4800
AMZN,2025-04-15 14:03:00,178.4900,178.4450
AMZN,2025-04-15 14:04:00,178.4400,178.5800
AMZN,2025-04-15 14:05:00,178.5895,178.3200
AMZN,2025-04-15 14:06:00,178.2900,178.3000
AMZN,2025-04-15 14:07:00,178.3200,178.5200
AMZN,2025-04-15 14:08:00,178.5050,178.5200
AMZN,2025-04-15 14:09:00,178.5200,178.5716
AMZN,2025-04-15 14:10:00,178.5590,178.3900
AMZN,2025-04-15 14:11:00,178.3900,178.2800
AMZN,2025-04-15 14:12:00,178.2953,178.2700
AMZN,2025-04-15 14:13:00,178.2700,178.1600
AMZN,2025-04-15 14:14:00,178.1450,178.0500
AMZN,2025-04-15 14:15:00,178.0409,177.9590
AMZN,2025-04-15 14:16:00,177.9559,178.1514
AMZN,2025-04-15 14:17:00,178.1800,178.1500
AMZN,2025-04-15 14:18:00,178.1400,178.0700
AMZN,2025-04-15 14:19:00,178.0723,178.0600
AMZN,2025-04-15 14:20:00,178.0700,178.1200
AMZN,2025-04-15 14:21:00,178.1200,178.1853
AMZN,2025-04-15 14:22:00,178.1800,178.2900
AMZN,2025-04-15 14:23:00,178.2900,178.2600
AMZN,2025-04-15 14:24:00,178.2500,178.3050
AMZN,2025-04-15 14:25:00,178.3050,178.5100
AMZN,2025-04-15 14:26:00,178.5150,178.3500
AMZN,2025-04-15 14:27:00,178.3629,178.2300
AMZN,2025-04-15 14:28:00,178.2200,178.2600
AMZN,2025-04-15 14:29:00,178.2600,178.3531
AMZN,2025-04-15 14:30:00,178.3400,178.2200
AMZN,2025-04-15 14:31:00,178.2300,178.4400
AMZN,2025-04-15 14:32:00,178.4616,178.5700
AMZN,2025-04-15 14:33:00,178.5550,178.5782
AMZN,2025-04-15 14:34:00,178.5900,178.6600
AMZN,2025-04-15 14:35:00,178.6500,178.5600
AMZN,2025-04-15 14:36:00,178.5550,178.7700
AMZN,2025-04-15 14:37:00,178.7500,178.6900
AMZN,2025-04-15 14:38:00,178.6600,178.5500
AMZN,2025-04-15 14:39:00,178.5567,178.6000
AMZN,2025-04-15 14:40:00,178.6100,178.6600
AMZN,2025-04-15 14:41:00,178.6700,178.8800
AMZN,2025-04-15 14:42:00,178.8848,178.9152
AMZN,2025-04-15 14:43:00,178.9050,178.9600
AMZN,2025-04-15 14:44:00,178.9666,179.1300
AMZN,2025-04-15 14:45:00,179.1400,179.3100
AMZN,2025-04-15 14:46:00,179.3000,179.3000
AMZN,2025-04-15 14:47:00,179.3100,179.2800
AMZN,2025-04-15 14:48:00,179.2700,179.1300
AMZN,2025-04-15 14:49:00,179.1300,179.1100
AMZN,2025-04-15 14:50:00,179.1300,179.0600
AMZN,2025-04-15 14:51:00,179.0600,179.2000
AMZN,2025-04-15 14:52:00,179.2100,178.9800
AMZN,2025-04-15 14:53:00,179.0100,179.2300
AMZN,2025-04-15 14:54:00,179.2341,179.3000
AMZN,2025-04-15 14:55:00,179.2906,179.3100
AMZN,2025-04-15 14:56:00,179.3028,179.3000
AMZN,2025-04-15 14:57:00,179.2900,179.4370
AMZN,2025-04-15 14:58:00,179.4498,179.5200
AMZN,2025-04-15 14:59:00,179.5200,179.4250
AMZN,2025-04-15 15:00:00,179.4100,179.4300
AMZN,2025-04-15 15:01:00,179.4300,179.2300
AMZN,2025-04-15 15:02:00,179.2500,179.2000
AMZN,2025-04-15 15:03:00,179.1800,179.0400
AMZN,2025-04-15 15:04:00,179.0290,179.2200
AMZN,2025-04-15 15:05:00,179.2100,179.1900
AMZN,2025-04-15 15:06:00,179.1600,179.3450
AMZN,2025-04-15 15:07:00,179.3300,179.1900
AMZN,2025-04-15 15:08:00,179.2100,179.1600
AMZN,2025-04-15 15:09:00,179.1500,179.1400
AMZN,2025-04-15 15:10:00,179.1300,179.2402
AMZN,2025-04-15 15:11:00,179.2300,179.0606
AMZN,2025-04-15 15:12:00,179.0600,179.1150
AMZN,2025-04-15 15:13:00,179.1150,179.3200
AMZN,2025-04-15 15:14:00,179.3200,179.4200
AMZN,2025-04-15 15:15:00,179.4000,179.4700
AMZN,2025-04-15 15:16:00,179.4500,179.3800
AMZN,2025-04-15 15:17:00,179.3700,179.4200
AMZN,2025-04-15 15:18:00,179.4100,179.3650
AMZN,2025-04-15 15:19:00,179.3500,179.4264
AMZN,2025-04-15 15:20:00,179.4200,179.3300
AMZN,2025-04-15 15:21:00,179.3300,179.5200
AMZN,2025-04-15 15:22:00,179.5200,179.5100
AMZN,2025-04-15 15:23:00,179.5000,179.2600
AMZN,2025-04-15 15:24:00,179.2800,179.2500
AMZN,2025-04-15 15:25:00,179.2450,179.0802
AMZN,2025-04-15 15:26:00,179.0800,179.0553
AMZN,2025-04-15 15:27:00,179.0800,178.9500
AMZN,2025-04-15 15:28:00,178.9500,178.8300
AMZN,2025-04-15 15:29:00,178.8172,178.9900
AMZN,2025-04-15 15:30:00,179.0000,179.1500
AMZN,2025-04-15 15:31:00,179.1600,179.0799
AMZN,2025-04-15 15:32:00,179.0700,179.1900
AMZN,2025-04-15 15:33:00,179.1650,179.0600
AMZN,2025-04-15 15:34:00,179.0350,179.0150
AMZN,2025-04-15 15:35:00,179.0100,179.1400
AMZN,2025-04-15 15:36:00,179.1400,179.0400
AMZN,2025-04-15 15:37:00,179.0400,179.2500
AMZN,2025-04-15 15:38:00,179.2500,179.2050
AMZN,2025-04-15 15:39:00,179.2100,179.1500
AMZN,2025-04-15 15:40:00,179.1400,179.1700
AMZN,2025-04-15 15:41:00,179.1800,179.2000
AMZN,2025-04-15 15:42:00,179.2000,179.1300
AMZN,2025-04-15 15:43:00,179.1300,179.1800
AMZN,2025-04-15 15:44:00,179.1700,179.1500
AMZN,2025-04-15 15:45:00,179.1400,179.0500
AMZN,2025-04-15 15:46:00,179.0400,178.9614
AMZN,2025-04-15 15:47:00,178.9500,178.9010
AMZN,2025-04-15 15:48:00,178.9091,178.8800
AMZN,2025-04-15 15:49:00,178.8700,179.0900
AMZN,2025-04-15 15:50:00,179.0700,179.6200
AMZN,2025-04-15 15:51:00,179.6300,179.6800
AMZN,2025-04-15 15:52:00,179.6700,179.7500
AMZN,2025-04-15 15:53:00,179.7800,179.7800
AMZN,2025-04-15 15:54:00,179.7500,179.7200
AMZN,2025-04-15 15:55:00,179.7100,179.6200
AMZN,2025-04-15 15:56:00,179.6150,179.8336
AMZN,2025-04-15 15:57:00,179.8350,179.6850
AMZN,2025-04-15 15:58:00,179.6850,179.7500
AMZN,2025-04-15 15:59:00,179.7600,179.5800
AMZN,2025-04-16 09:30:00,176.2900,176.7900
AMZN,2025-04-16 09:31:00,176.7600,176.7750
AMZN,2025-04-16 09:32:00,176.7700,176.7700
AMZN,2025-04-16 09:33:00,176.7800,176.8899
AMZN,2025-04-16 09:34:00,176.8900,176.8600
AMZN,2025-04-16 09:35:00,176.8400,176.7000
AMZN,2025-04-16 09:36:00,176.7500,176.9400
AMZN,2025-04-16 09:37:00,176.9400,177.5500
AMZN,2025-04-16 09:38:00,177.5530,177.5200
AMZN,2025-04-16 09:39:00,177.4950,177.4000
AMZN,2025-04-16 09:40:00,177.3700,177.2450
AMZN,2025-04-16 09:41:00,177.2824,177.7603
AMZN,2025-04-16 09:42:00,177.7700,178.0302
AMZN,2025-04-16 09:43:00,177.9950,177.4300
AMZN,2025-04-16 09:44:00,177.4300,177.5100
AMZN,2025-04-16 09:45:00,177.5400,177.1250
AMZN,2025-04-16 09:46:00,177.1200,177.0500
AMZN,2025-04-16 09:47:00,177.0600,176.8950
AMZN,2025-04-16 09:48:00,176.8950,176.8700
AMZN,2025-04-16 09:49:00,176.8700,176.7181
AMZN,2025-04-16 09:50:00,176.7000,176.8783
AMZN,2025-04-16 09:51:00,176.8596,176.5400
AMZN,2025-04-16 09:52:00,176.5525,176.3670
AMZN,2025-04-16 09:53:00,176.3950,176.3932
AMZN,2025-04-16 09:54:00,176.3700,176.2600
AMZN,2025-04-16 09:55:00,176.2500,176.1750
AMZN,2025-04-16 09:56:00,176.1600,176.2900
AMZN,2025-04-16 09:57:00,176.2800,176.3660
AMZN,2025-04-16 09:58:00,176.3650,176.0900
AMZN,2025-04-16 09:59:00,176.0700,175.8400
AMZN,2025-04-16 10:00:00,175.8599,176.0450
AMZN,2025-04-16 10:01:00,176.0450,175.9500
AMZN,2025-04-16 10:02:00,175.9300,175.8150
AMZN,2025-04-16 10:03:00,175.8200,175.9900
AMZN,2025-04-16 10:04:00,175.9750,175.8900
AMZN,2025-04-16 10:05:00,175.8900,176.2600
AMZN,2025-04-16 10:06:00,176.2800,176.3200
AMZN,2025-04-16 10:07:00,176.3100,176.4700
AMZN,2025-04-16 10:08:00,176.4687,176.2900
AMZN,2025-04-16 10:09:00,176.3000,176.3300
AMZN,2025-04-16 10:10:00,176.3200,176.3400
AMZN,2025-04-16 10:11:00,176.3350,176.2100
AMZN,2025-04-16 10:12:00,176.2000,176.1600
AMZN,2025-04-16 10:13:00,176.1800,175.9946
AMZN,2025-04-16 10:14:00,175.9850,175.7900
AMZN,2025-04-16 10:15:00,175.8000,175.8900
AMZN,2025-04-16 10:16:00,175.8800,176.0650
AMZN,2025-04-16 10:17:00,176.0752,175.8300
AMZN,2025-04-16 10:18:00,175.8400,175.7200
AMZN,2025-04-16 10:19:00,175.7100,175.8901
AMZN,2025-04-16 10:20:00,175.9100,176.0930
AMZN,2025-04-16 10:21:00,176.1000,176.3400
AMZN,2025-04-16 10:22:00,176.3550,176.4000
AMZN,2025-04-16 10:23:00,176.3950,176.3150
AMZN,2025-04-16 10:24:00,176.3200,176.7200
AMZN,2025-04-16 10:25:00,176.7200,177.0000
AMZN,2025-04-16 10:26:00,176.9800,176.8400
AMZN,2025-04-16 10:27:00,176.8600,176.7600
AMZN,2025-04-16 10:28:00,176.7500,176.7500
AMZN,2025-04-16 10:29:00,176.7300,176.6500
AMZN,2025-04-16 10:30:00,176.6500,176.7300
AMZN,2025-04-16 10:31:00,176.7325,176.7200
AMZN,2025-04-16 10:32:00,176.7350,176.8793
AMZN,2025-04-16 10:33:00,176.8797,176.8900
AMZN,2025-04-16 10:34:00,176.8900,176.9650
AMZN,2025-04-16 10:35:00,176.9300,176.9500
AMZN,2025-04-16 10:36:00,176.9650,176.7550
AMZN,2025-04-16 10:37:00,176.7550,176.9250
AMZN,2025-04-16 10:38:00,176.9300,177.1200
AMZN,2025-04-16 10:39:00,177.1300,177.2700
AMZN,2025-04-16 10:40:00,177.2750,177.4200
AMZN,2025-04-16 10:41:00,177.4300,177.5100
AMZN,2025-04-16 10:42:00,177.5100,177.6000
AMZN,2025-04-16 10:43:00,177.6100,177.7100
AMZN,2025-04-16 10:44:00,177.7200,177.6200
AMZN,2025-04-16 10:45:00,177.6100,177.4950
AMZN,2025-04-16 10:46:00,177.4750,177.5000
AMZN,2025-04-16 10:47:00,177.4700,177.4600
AMZN,2025-04-16 10:48:00,177.4450,177.3297
AMZN,2025-04-16 10:49:00,177.3450,177.2000
AMZN,2025-04-16 10:50:00,177.1912,177.4350
AMZN,2025-04-16 10:51:00,177.4363,177.6400
AMZN,2025-04-16 10:52:00,177.6300,177.6400
AMZN,2025-04-16 10:53:00,177.6800,177.6200
AMZN,2025-04-16 10:54:00,177.6600,177.5500
AMZN,2025-04-16 10:55:00,177.5200,177.5700
AMZN,2025-04-16 10:56:00,177.6000,177.2900
AMZN,2025-04-16 10:57:00,177.2900,177.4400
AMZN,2025-04-16 10:58:00,177.4550,177.5050
AMZN,2025-04-16 10:59:00,177.5400,177.5600
AMZN,2025-04-16 11:00:00,177.5800,177.5300
AMZN,2025-04-16 11:01:00,177.5200,177.5000
AMZN,2025-04-16 11:02:00,177.5215,177.2650
AMZN,2025-04-16 11:03:00,177.2600,177.4000
AMZN,2025-04-16 11:04:00,177.4000,177.3450
AMZN,2025-04-16 11:05:00,177.3500,177.3950
AMZN,2025-04-16 11:06:00,177.3850,177.3900
AMZN,2025-04-16 11:07:00,177.3700,177.6400
AMZN,2025-04-16 11:08:00,177.6500,177.7901
AMZN,2025-04-16 11:09:00,177.8150,177.8757
AMZN,2025-04-16 11:10:00,177.8700,177.8350
AMZN,2025-04-16 11:11:00,177.8400,178.0300
AMZN,2025-04-16 11:12:00,178.0400,178.0500
AMZN,2025-04-16 11:13:00,178.0600,178.0050
AMZN,2025-04-16 11:14:00,178.0100,178.0000
AMZN,2025-04-16 11:15:00,178.0400,177.7650
AMZN,2025-04-16 11:16:00,177.7650,177.7650
AMZN,2025-04-16 11:17:00,177.7600,177.9300
AMZN,2025-04-16 11:18:00,177.9264,177.9950
AMZN,2025-04-16 11:19:00,178.0000,177.8300
AMZN,2025-04-16 11:20:00,177.8450,177.9200
AMZN,2025-04-16 11:21:00,177.9250,177.9737
AMZN,2025-04-16 11:22:00,177.9800,178.3700
AMZN,2025-04-16 11:23:00,178.3800,178.5300
AMZN,2025-04-16 11:24:00,178.5300,178.8568
AMZN,2025-04-16 11:25:00,178.8500,178.9600
AMZN,2025-04-16 11:26:00,178.9600,178.8350
AMZN,2025-04-16 11:27:00,178.8300,178.8100
AMZN,2025-04-16 11:28:00,178.8338,178.6900
AMZN,2025-04-16 11:29:00,178.6900,178.6767
AMZN,2025-04-16 11:30:00,178.6800,178.5150
AMZN,2025-04-16 11:31:00,178.5191,178.5400
AMZN,2025-04-16 11:32:00,178.5503,178.6300
AMZN,2025-04-16 11:33:00,178.6100,178.5926
AMZN,2025-04-16 11:34:00,178.6000,178.5000
AMZN,2025-04-16 11:35:00,178.5200,178.5300
AMZN,2025-04-16 11:36:00,178.5290,178.4600
AMZN,2025-04-16 11:37:00,178.4675,178.4500
AMZN,2025-04-16 11:38:00,178.4640,178.2600
AMZN,2025-04-16 11:39:00,178.2650,178.2200
AMZN,2025-04-16 11:40:00,178.2100,178.1600
AMZN,2025-04-16 11:41:00,178.1500,178.0600
AMZN,2025-04-16 11:42:00,178.0400,177.9900
AMZN,2025-04-16 11:43:00,177.9950,177.9900
AMZN,2025-04-16 11:44:00,177.9750,177.9000
AMZN,2025-04-16 11:45:00,177.9100,177.6950
AMZN,2025-04-16 11:46:00,177.7000,177.7600
AMZN,2025-04-16 11:47:00,177.7600,177.4198
AMZN,2025-04-16 11:48:00,177.4100,177.3700
AMZN,2025-04-16 11:49:00,177.3700,177.3200
AMZN,2025-04-16 11:50:00,177.3150,177.3500
AMZN,2025-04-16 11:51:00,177.3500,177.3300
AMZN,2025-04-16 11:52:00,177.3100,177.2500
AMZN,2025-04-16 11:53:00,177.2500,177.1912
AMZN,2025-04-16 11:54:00,177.1800,177.1450
AMZN,2025-04-16 11:55:00,177.1500,177.1500
AMZN,2025-04-16 11:56:00,177.1500,177.1050
AMZN,2025-04-16 11:57:00,177.1050,177.1800
AMZN,2025-04-16 11:58:00,177.1700,176.9000
AMZN,2025-04-16 11:59:00,176.8900,176.9000
AMZN,2025-04-16 12:00:00,176.9200,176.9300
AMZN,2025-04-16 12:01:00,176.9350,177.0300
AMZN,2025-04-16 12:02:00,177.0400,177.0014
AMZN,2025-04-16 12:03:00,176.9800,177.1599
AMZN,2025-04-16 12:04:00,177.1450,177.1700
AMZN,2025-04-16 12:05:00,177.1652,176.9200
AMZN,2025-04-16 12:06:00,176.9100,176.7900
AMZN,2025-04-16 12:07:00,176.7800,176.9250
AMZN,2025-04-16 12:08:00,176.9597,176.9600
AMZN,2025-04-16 12:09:00,176.9599,177.1200
AMZN,2025-04-16 12:10:00,177.1300,177.2000
AMZN,2025-04-16 12:11:00,177.2100,177.2250
AMZN,2025-04-16 12:12:00,177.2103,177.0100
AMZN,2025-04-16 12:13:00,177.0148,176.9198
AMZN,2025-04-16 12:14:00,176.9200,176.9900
AMZN,2025-04-16 12:15:00,177.0000,177.0050
AMZN,2025-04-16 12:16:00,177.0100,176.9700
AMZN,2025-04-16 12:17:00,176.9900,176.9736
AMZN,2025-04-16 12:18:00,176.9600,176.9300
AMZN,2025-04-16 12:19:00,176.9400,177.0100
AMZN,2025-04-16 12:20:00,177.0100,176.9800
AMZN,2025-04-16 12:21:00,176.9922,176.8100
AMZN,2025-04-16 12:22:00,176.8300,176.7150
AMZN,2025-04-16 12:23:00,176.7101,176.7050
AMZN,2025-04-16 12:24:00,176.7100,176.9534
AMZN,2025-04-16 12:25:00,176.9500,177.0100
AMZN,2025-04-16 12:26:00,177.0100,177.0300
AMZN,2025-04-16 12:27:00,177.0250,176.8625
AMZN,2025-04-16 12:28:00,176.8550,176.9000
AMZN,2025-04-16 12:29:00,176.8803,176.8300
AMZN,2025-04-16 12:30:00,176.8200,176.7538
AMZN,2025-04-16 12:31:00,176.7500,176.9400
AMZN,2025-04-16 12:32:00,176.9300,176.8300
AMZN,2025-04-16 12:33:00,176.8400,176.8700
AMZN,2025-04-16 12:34:00,176.8700,177.0500
AMZN,2025-04-16 12:35:00,177.0500,176.7400
AMZN,2025-04-16 12:36:00,176.7400,176.5600
AMZN,2025-04-16 12:37:00,176.5750,176.5800
AMZN,2025-04-16 12:38:00,176.5750,176.4168
AMZN,2025-04-16 12:39:00,176.4100,176.4600
AMZN,2025-04-16 12:40:00,176.4650,176.3700
AMZN,2025-04-16 12:41:00,176.3600,176.5600
AMZN,2025-04-16 12:42:00,176.5600,176.7400
AMZN,2025-04-16 12:43:00,176.7500,176.7850
AMZN,2025-04-16 12:44:00,176.7850,176.8600
AMZN,2025-04-16 12:45:00,176.8750,176.6600
AMZN,2025-04-16 12:46:00,176.6500,176.6500
AMZN,2025-04-16 12:47:00,176.6588,176.6826
AMZN,2025-04-16 12:48:00,176.6850,176.6800
AMZN,2025-04-16 12:49:00,176.6800,176.6100
AMZN,2025-04-16 12:50:00,176.6100,176.6200
AMZN,2025-04-16 12:51:00,176.6000,176.6800
AMZN,2025-04-16 12:52:00,176.7000,176.5850
AMZN,2025-04-16 12:53:00,176.6071,176.7700
AMZN,2025-04-16 12:54:00,176.7800,176.8000
AMZN,2025-04-16 12:55:00,176.7950,176.8300
AMZN,2025-04-16 12:56:00,176.8300,176.8100
AMZN,2025-04-16 12:57:00,176.8100,176.7296
AMZN,2025-04-16 12:58:00,176.7150,176.7000
AMZN,2025-04-16 12:59:00,176.7150,176.6400
AMZN,2025-04-16 13:00:00,176.6300,176.6800
AMZN,2025-04-16 13:01:00,176.6750,176.8000
AMZN,2025-04-16 13:02:00,176.7800,176.7450
AMZN,2025-04-16 13:03:00,176.7400,176.7390
AMZN,2025-04-16 13:04:00,176.7450,176.6000
AMZN,2025-04-16 13:05:00,176.5800,176.5722
AMZN,2025-04-16 13:06:00,176.5495,176.6500
AMZN,2025-04-16 13:07:00,176.6500,176.5900
AMZN,2025-04-16 13:08:00,176.5900,176.5300
AMZN,2025-04-16 13:09:00,176.5200,176.4067
AMZN,2025-04-16 13:10:00,176.4100,176.4250
AMZN,2025-04-16 13:11:00,176.4300,176.3650
AMZN,2025-04-16 13:12:00,176.3600,176.3050
AMZN,2025-04-16 13:13:00,176.3100,176.2960
AMZN,2025-04-16 13:14:00,176.3100,176.3200
AMZN,2025-04-16 13:15:00,176.3200,176.5300
AMZN,2025-04-16 13:16:00,176.5400,176.6600
AMZN,2025-04-16 13:17:00,176.6600,176.7650
AMZN,2025-04-16 13:18:00,176.7773,176.8100
AMZN,2025-04-16 13:19:00,176.8100,176.7366
AMZN,2025-04-16 13:20:00,176.7300,176.6900
AMZN,2025-04-16 13:21:00,176.7000,176.8500
AMZN,2025-04-16 13:22:00,176.8350,176.7900
AMZN,2025-04-16 13:23:00,176.7949,176.3600
AMZN,2025-04-16 13:24:00,176.3700,176.4000
AMZN,2025-04-16 13:25:00,176.4000,176.4300
AMZN,2025-04-16 13:26:00,176.4108,176.5100
AMZN,2025-04-16 13:27:00,176.5200,176.6368
AMZN,2025-04-16 13:28:00,176.6400,176.5700
AMZN,2025-04-16 13:29:00,176.6000,176.6902
AMZN,2025-04-16 13:30:00,176.6900,176.1950
AMZN,2025-04-16 13:31:00,176.1825,175.5700
AMZN,2025-04-16 13:32:00,175.5400,175.7000
AMZN,2025-04-16 13:33:00,175.6600,175.4594
AMZN,2025-04-16 13:34:00,175.4400,175.3300
AMZN,2025-04-16 13:35:00,175.3200,175.3600
AMZN,2025-04-16 13:36:00,175.3600,175.4081
AMZN,2025-04-16 13:37:00,175.4000,175.4300
AMZN,2025-04-16 13:38:00,175.4200,175.2700
AMZN,2025-04-16 13:39:00,175.2300,174.9900
AMZN,2025-04-16 13:40:00,175.0000,174.6200
AMZN,2025-04-16 13:41:00,174.6100,174.5100
AMZN,2025-04-16 13:42:00,174.5100,174.7854
AMZN,2025-04-16 13:43:00,174.8050,174.6721
AMZN,2025-04-16 13:44:00,174.6900,174.5100
AMZN,2025-04-16 13:45:00,174.5100,174.2000
AMZN,2025-04-16 13:46:00,174.1950,174.1900
AMZN,2025-04-16 13:47:00,174.1800,173.8400
AMZN,2025-04-16 13:48:00,173.8300,174.0500
AMZN,2025-04-16 13:49:00,174.0150,174.0290
AMZN,2025-04-16 13:50:00,174.0300,173.8235
AMZN,2025-04-16 13:51:00,173.8150,174.0550
AMZN,2025-04-16 13:52:00,174.0300,174.2350
AMZN,2025-04-16 13:53:00,174.2799,173.9300
AMZN,2025-04-16 13:54:00,173.9000,173.6912
AMZN,2025-04-16 13:55:00,173.6900,173.5900
AMZN,2025-04-16 13:56:00,173.5950,173.4600
AMZN,2025-04-16 13:57:00,173.4594,173.1000
AMZN,2025-04-16 13:58:00,173.0800,173.2500
AMZN,2025-04-16 13:59:00,173.2300,173.1200
AMZN,2025-04-16 14:00:00,173.1000,173.5300
AMZN,2025-04-16 14:01:00,173.5600,173.2800
AMZN,2025-04-16 14:02:00,173.2850,173.1500
AMZN,2025-04-16 14:03:00,173.1550,173.3500
AMZN,2025-04-16 14:04:00,173.3500,173.1250
AMZN,2025-04-16 14:05:00,173.1300,173.0600
AMZN,2025-04-16 14:06:00,173.0401,173.0550
AMZN,2025-04-16 14:07:00,173.0550,172.9650
AMZN,2025-04-16 14:08:00,172.9600,172.8000
AMZN,2025-04-16 14:09:00,172.8050,173.0750
AMZN,2025-04-16 14:10:00,173.1100,173.1200
AMZN,2025-04-16 14:11:00,173.1200,173.0600
AMZN,2025-04-16 14:12:00,173.0900,172.9500
AMZN,2025-04-16 14:13:00,172.9500,172.7250
AMZN,2025-04-16 14:14:00,172.7200,172.8250
AMZN,2025-04-16 14:15:00,172.8400,172.6400
AMZN,2025-04-16 14:16:00,172.6600,172.5650
AMZN,2025-04-16 14:17:00,172.5800,172.4150
AMZN,2025-04-16 14:18:00,172.4140,172.5100
AMZN,2025-04-16 14:19:00,172.5200,172.5950
AMZN,2025-04-16 14:20:00,172.6000,172.6100
AMZN,2025-04-16 14:21:00,172.6200,172.9300
AMZN,2025-04-16 14:22:00,172.8100,172.8600
AMZN,2025-04-16 14:23:00,172.8700,173.2300
AMZN,2025-04-16 14:24:00,173.2360,173.0800
AMZN,2025-04-16 14:25:00,173.0600,173.2099
AMZN,2025-04-16 14:26:00,173.1950,173.2700
AMZN,2025-04-16 14:27:00,173.2800,173.3700
AMZN,2025-04-16 14:28:00,173.3600,173.1150
AMZN,2025-04-16 14:29:00,173.1150,173.3000
AMZN,2025-04-16 14:30:00,173.2900,173.1400
AMZN,2025-04-16 14:31:00,173.1400,173.0950
AMZN,2025-04-16 14:32:00,173.1000,173.1600
AMZN,2025-04-16 14:33:00,173.1700,173.0572
AMZN,2025-04-16 14:34:00,173.0600,173.0400
AMZN,2025-04-16 14:35:00,173.0200,172.9150
AMZN,2025-04-16 14:36:00,172.9200,172.9700
AMZN,2025-04-16 14:37:00,172.9700,172.7300
AMZN,2025-04-16 14:38:00,172.7350,172.4750
AMZN,2025-04-16 14:39:00,172.4600,172.4900
AMZN,2025-04-16 14:40:00,172.5000,172.6272
AMZN,2025-04-16 14:41:00,172.6150,172.5500
AMZN,2025-04-16 14:42:00,172.5550,172.7900
AMZN,2025-04-16 14:43:00,172.7900,172.4900
AMZN,2025-04-16 14:44:00,172.4900,172.4750
AMZN,2025-04-16 14:45:00,172.4800,172.3200
AMZN,2025-04-16 14:46:00,172.3200,172.4950
AMZN,2025-04-16 14:47:00,172.5000,172.5600
AMZN,2025-04-16 14:48:00,172.5500,172.5088
AMZN,2025-04-16 14:49:00,172.4800,172.3600
AMZN,2025-04-16 14:50:00,172.3468,172.1800
AMZN,2025-04-16 14:51:00,172.1800,172.3300
AMZN,2025-04-16 14:52:00,172.3250,172.2200
AMZN,2025-04-16 14:53:00,172.2200,172.1000
AMZN,2025-04-16 14:54:00,172.1000,172.1050
AMZN,2025-04-16 14:55:00,172.1200,172.3500
AMZN,2025-04-16 14:56:00,172.3200,172.4050
AMZN,2025-04-16 14:57:00,172.3990,172.3601
AMZN,2025-04-16 14:58:00,172.3800,172.1834
AMZN,2025-04-16 14:59:00,172.1690,172.1100
AMZN,2025-04-16 15:00:00,172.1200,172.3600
AMZN,2025-04-16 15:01:00,172.3550,172.3350
AMZN,2025-04-16 15:02:00,172.3200,172.1200
AMZN,2025-04-16 15:03:00,172.1100,171.9900
AMZN,2025-04-16 15:04:00,171.9995,171.8700
AMZN,2025-04-16 15:05:00,171.8700,172.0800
AMZN,2025-04-16 15:06:00,172.0604,171.8600
AMZN,2025-04-16 15:07:00,171.8683,171.8700
AMZN,2025-04-16 15:08:00,171.8600,171.7600
AMZN,2025-04-16 15:09:00,171.7600,171.8900
AMZN,2025-04-16 15:10:00,171.8900,171.6700
AMZN,2025-04-16 15:11:00,171.6750,171.6200
AMZN,2025-04-16 15:12:00,171.6400,172.0598
AMZN,2025-04-16 15:13:00,172.0600,172.0450
AMZN,2025-04-16 15:14:00,172.0600,171.9050
AMZN,2025-04-16 15:15:00,171.8900,172.0975
AMZN,2025-04-16 15:16:00,172.1000,171.8550
AMZN,2025-04-16 15:17:00,171.8450,171.9484
AMZN,2025-04-16 15:18:00,171.9200,171.8421
AMZN,2025-04-16 15:19:00,171.8400,171.7700
AMZN,2025-04-16 15:20:00,171.7600,171.7200
AMZN,2025-04-16 15:21:00,171.7190,171.7000
AMZN,2025-04-16 15:22:00,171.7000,171.8800
AMZN,2025-04-16 15:23:00,171.8900,171.7600
AMZN,2025-04-16 15:24:00,171.7500,171.6300
AMZN,2025-04-16 15:25:00,171.6330,171.5300
AMZN,2025-04-16 15:26:00,171.5300,171.4750
AMZN,2025-04-16 15:27:00,171.4750,171.4800
AMZN,2025-04-16 15:28:00,171.4650,171.4800
AMZN,2025-04-16 15:29:00,171.4800,171.6200
AMZN,2025-04-16 15:30:00,171.6300,171.9300
AMZN,2025-04-16 15:31:00,171.9200,171.8150
AMZN,2025-04-16 15:32:00,171.8200,172.1600
AMZN,2025-04-16 15:33:00,172.1600,172.1200
AMZN,2025-04-16 15:34:00,172.1200,172.1900
AMZN,2025-04-16 15:35:00,172.1900,172.2250
AMZN,2025-04-16 15:36:00,172.2200,172.0600
AMZN,2025-04-16 15:37:00,172.0350,172.0000
AMZN,2025-04-16 15:38:00,172.0000,172.2100
AMZN,2025-04-16 15:39:00,172.2000,172.3700
AMZN,2025-04-16 15:40:00,172.3650,172.3350
AMZN,2025-04-16 15:41:00,172.3300,172.5300
AMZN,2025-04-16 15:42:00,172.5250,172.5100
AMZN,2025-04-16 15:43:00,172.5000,172.7200
AMZN,2025-04-16 15:44:00,172.7100,172.5800
AMZN,2025-04-16 15:45:00,172.5700,172.8307
AMZN,2025-04-16 15:46:00,172.8300,172.7250
AMZN,2025-04-16 15:47:00,172.7500,172.7750
AMZN,2025-04-16 15:48:00,172.7750,172.8900
AMZN,2025-04-16 15:49:00,172.8600,172.8100
AMZN,2025-04-16 15:50:00,172.8500,173.8269
AMZN,2025-04-16 15:51:00,173.8400,174.0300
AMZN,2025-04-16 15:52:00,174.0100,174.3300
AMZN,2025-04-16 15:53:00,174.3350,174.1498
AMZN,2025-04-16 15:54:00,174.1500,174.5450
AMZN,2025-04-16 15:55:00,174.5300,174.6100
AMZN,2025-04-16 15:56:00,174.6100,174.8200
AMZN,2025-04-16 15:57:00,174.8400,174.9300
AMZN,2025-04-16 15:58:00,174.9400,174.9600
AMZN,2025-04-16 15:59:00,174.9500,174.3900
AMZN,2025-04-17 09:30:00,176.0000,175.5000
AMZN,2025-04-17 09:31:00,175.5000,175.6699
AMZN,2025-04-17 09:32:00,175.6300,175.1700
AMZN,2025-04-17 09:33:00,175.1550,174.5000
AMZN,2025-04-17 09:34:00,174.5450,173.9996
AMZN,2025-04-17 09:35:00,173.9600,173.6000
AMZN,2025-04-17 09:36:00,173.6350,173.5590
AMZN,2025-04-17 09:37:00,173.5650,173.4200
AMZN,2025-04-17 09:38:00,173.4500,173.6150
AMZN,2025-04-17 09:39:00,173.6150,173.6528
AMZN,2025-04-17 09:40:00,173.6400,173.6100
AMZN,2025-04-17 09:41:00,173.6100,174.1400
AMZN,2025-04-17 09:42:00,174.1306,173.9850
AMZN,2025-04-17 09:43:00,174.0000,174.2900
AMZN,2025-04-17 09:44:00,174.3100,174.2000
AMZN,2025-04-17 09:45:00,174.2200,174.5100
AMZN,2025-04-17 09:46:00,174.5100,174.1200
AMZN,2025-04-17 09:47:00,174.0960,174.1850
AMZN,2025-04-17 09:48:00,174.1900,174.2600
AMZN,2025-04-17 09:49:00,174.2300,174.4850
AMZN,2025-04-17 09:50:00,174.4900,175.0050
AMZN,2025-04-17 09:51:00,175.0150,175.0703
AMZN,2025-04-17 09:52:00,175.0700,175.0900
AMZN,2025-04-17 09:53:00,175.1100,174.9800
AMZN,2025-04-17 09:54:00,174.9600,175.0500
AMZN,2025-04-17 09:55:00,175.0200,175.0100
AMZN,2025-04-17 09:56:00,174.9700,174.8000
AMZN,2025-04-17 09:57:00,174.7800,174.7550
AMZN,2025-04-17 09:58:00,174.7700,174.5700
AMZN,2025-04-17 09:59:00,174.5500,174.8200
AMZN,2025-04-17 10:00:00,174.8100,174.9000
AMZN,2025-04-17 10:01:00,174.9100,175.3100
AMZN,2025-04-17 10:02:00,175.3200,174.8700
AMZN,2025-04-17 10:03:00,174.8800,174.4993
AMZN,2025-04-17 10:04:00,174.4650,174.5561
AMZN,2025-04-17 10:05:00,174.5700,174.6600
AMZN,2025-04-17 10:06:00,174.6800,174.1700
AMZN,2025-04-17 10:07:00,174.1300,173.9300
AMZN,2025-04-17 10:08:00,173.9400,173.8950
AMZN,2025-04-17 10:09:00,173.9000,173.9350
AMZN,2025-04-17 10:10:00,173.9450,174.0321
AMZN,2025-04-17 10:11:00,174.0400,174.0800
AMZN,2025-04-17 10:12:00,174.0600,174.3290
AMZN,2025-04-17 10:13:00,174.3159,173.9900
AMZN,2025-04-17 10:14:00,173.9850,173.9300
AMZN,2025-04-17 10:15:00,173.9100,174.0000
AMZN,2025-04-17 10:16:00,173.9900,173.8050
AMZN,2025-04-17 10:17:00,173.7900,173.7715
AMZN,2025-04-17 10:18:00,173.8100,173.5927
AMZN,2025-04-17 10:19:00,173.5850,173.6800
AMZN,2025-04-17 10:20:00,173.6700,173.4500
AMZN,2025-04-17 10:21:00,173.4600,173.5048
AMZN,2025-04-17 10:22:00,173.5000,173.7000
AMZN,2025-04-17 10:23:00,173.7100,173.5050
AMZN,2025-04-17 10:24:00,173.5050,173.1900
AMZN,2025-04-17 10:25:00,173.1600,173.2000
AMZN,2025-04-17 10:26:00,173.2000,173.3700
AMZN,2025-04-17 10:27:00,173.3862,173.0450
AMZN,2025-04-17 10:28:00,173.0700,173.0400
AMZN,2025-04-17 10:29:00,173.0597,172.9000
AMZN,2025-04-17 10:30:00,172.8950,172.9100
AMZN,2025-04-17 10:31:00,172.9300,172.9841
AMZN,2025-04-17 10:32:00,172.9200,173.2950
AMZN,2025-04-17 10:33:00,173.2900,173.1900
AMZN,2025-04-17 10:34:00,173.2000,173.1360
AMZN,2025-04-17 10:35:00,173.1000,173.0300
AMZN,2025-04-17 10:36:00,173.0000,172.9300
AMZN,2025-04-17 10:37:00,172.9300,172.8650
AMZN,2025-04-17 10:38:00,172.9000,172.6768
AMZN,2025-04-17 10:39:00,172.6400,172.9100
AMZN,2025-04-17 10:40:00,172.9300,173.0601
AMZN,2025-04-17 10:41:00,173.0900,173.2100
AMZN,2025-04-17 10:42:00,173.2200,173.2550
AMZN,2025-04-17 10:43:00,173.2600,173.2300
AMZN,2025-04-17 10:44:00,173.2400,173.4200
AMZN,2025-04-17 10:45:00,173.4150,173.2050
AMZN,2025-04-17 10:46:00,173.2050,173.1700
AMZN,2025-04-17 10:47:00,173.1850,173.1250
AMZN,2025-04-17 10:48:00,173.1250,173.1300
AMZN,2025-04-17 10:49:00,173.1000,173.1200
AMZN,2025-04-17 10:50:00,173.1200,173.1000
AMZN,2025-04-17 10:51:00,173.0950,172.8300
AMZN,2025-04-17 10:52:00,172.8200,172.6800
AMZN,2025-04-17 10:53:00,172.6700,172.8700
AMZN,2025-04-17 10:54:00,172.8500,173.0450
AMZN,2025-04-17 10:55:00,173.0500,173.0950
AMZN,2025-04-17 10:56:00,173.0800,173.0600
AMZN,2025-04-17 10:57:00,173.0689,173.2698
AMZN,2025-04-17 10:58:00,173.2650,173.1500
AMZN,2025-04-17 10:59:00,173.1200,172.9100
AMZN,2025-04-17 11:00:00,172.9300,173.1700
AMZN,2025-04-17 11:01:00,173.1700,173.0600
AMZN,2025-04-17 11:02:00,173.0550,172.9985
AMZN,2025-04-17 11:03:00,172.9950,172.9800
AMZN,2025-04-17 11:04:00,173.0000,173.1000
AMZN,2025-04-17 11:05:00,173.1200,173.5201
AMZN,2025-04-17 11:06:00,173.5400,174.1000
AMZN,2025-04-17 11:07:00,174.1350,174.2000
AMZN,2025-04-17 11:08:00,174.1815,174.1400
AMZN,2025-04-17 11:09:00,174.1325,174.1100
AMZN,2025-04-17 11:10:00,174.0700,174.1600
AMZN,2025-04-17 11:11:00,174.1600,174.0800
AMZN,2025-04-17 11:12:00,174.0600,174.1500
AMZN,2025-04-17 11:13:00,174.1500,174.0900
AMZN,2025-04-17 11:14:00,174.1000,174.0750
AMZN,2025-04-17 11:15:00,174.0600,173.7700
AMZN,2025-04-17 11:16:00,173.7900,173.6200
AMZN,2025-04-17 11:17:00,173.6300,173.7353
AMZN,2025-04-17 11:18:00,173.7400,173.8200
AMZN,2025-04-17 11:19:00,173.8300,173.6462
AMZN,2025-04-17 11:20:00,173.6400,173.5000
AMZN,2025-04-17 11:21:00,173.4950,173.3100
AMZN,2025-04-17 11:22:00,173.3150,173.3900
AMZN,2025-04-17 11:23:00,173.3800,173.4100
AMZN,2025-04-17 11:24:00,173.4078,173.4900
AMZN,2025-04-17 11:25:00,173.4501,173.4900
AMZN,2025-04-17 11:26:00,173.4900,173.4600
AMZN,2025-04-17 11:27:00,173.4600,173.2600
AMZN,2025-04-17 11:28:00,173.2500,173.2300
AMZN,2025-04-17 11:29:00,173.2200,173.3400
AMZN,2025-04-17 11:30:00,173.3500,173.5450
AMZN,2025-04-17 11:31:00,173.5500,173.6800
AMZN,2025-04-17 11:32:00,173.6800,173.6200
AMZN,2025-04-17 11:33:00,173.6100,173.6900
AMZN,2025-04-17 11:34:00,173.6900,173.6000
AMZN,2025-04-17 11:35:00,173.5900,173.4726
AMZN,2025-04-17 11:36:00,173.4800,173.4350
AMZN,2025-04-17 11:37:00,173.4400,173.9200
AMZN,2025-04-17 11:38:00,173.9150,173.5750
AMZN,2025-04-17 11:39:00,173.5800,173.6636
AMZN,2025-04-17 11:40:00,173.6600,173.7350
AMZN,2025-04-17 11:41:00,173.7350,173.7250
AMZN,2025-04-17 11:42:00,173.7326,173.5600
AMZN,2025-04-17 11:43:00,173.5700,173.6700
AMZN,2025-04-17 11:44:00,173.6700,173.5899
AMZN,2025-04-17 11:45:00,173.6000,173.4900
AMZN,2025-04-17 11:46:00,173.5300,173.6700
AMZN,2025-04-17 11:47:00,173.6588,173.7500
AMZN,2025-04-17 11:48:00,173.7600,173.7500
AMZN,2025-04-17 11:49:00,173.7550,173.5000
AMZN,2025-04-17 11:50:00,173.5100,173.4400
AMZN,2025-04-17 11:51:00,173.4459,173.8300
AMZN,2025-04-17 11:52:00,173.8400,173.6700
AMZN,2025-04-17 11:53:00,173.6700,173.4400
AMZN,2025-04-17 11:54:00,173.4600,173.3650
AMZN,2025-04-17 11:55:00,173.3800,173.5400
AMZN,2025-04-17 11:56:00,173.5400,173.6150
AMZN,2025-04-17 11:57:00,173.6300,173.4100
AMZN,2025-04-17 11:58:00,173.4100,173.5000
AMZN,2025-04-17 11:59:00,173.5000,173.4400
AMZN,2025-04-17 12:00:00,173.4400,173.5850
AMZN,2025-04-17 12:01:00,173.5850,173.6200
AMZN,2025-04-17 12:02:00,173.6200,173.6100
AMZN,2025-04-17 12:03:00,173.5900,173.4900
AMZN,2025-04-17 12:04:00,173.5012,173.4000
AMZN,2025-04-17 12:05:00,173.3800,173.8600
AMZN,2025-04-17 12:06:00,173.8480,173.7000
AMZN,2025-04-17 12:07:00,173.6900,173.7905
AMZN,2025-04-17 12:08:00,173.7900,174.0100
AMZN,2025-04-17 12:09:00,174.0000,173.9299
AMZN,2025-04-17 12:10:00,173.9000,173.6400
AMZN,2025-04-17 12:11:00,173.6100,173.5600
AMZN,2025-04-17 12:12:00,173.5800,173.1900
AMZN,2025-04-17 12:13:00,173.1900,173.3700
AMZN,2025-04-17 12:14:00,173.3650,173.6600
AMZN,2025-04-17 12:15:00,173.6400,173.7000
AMZN,2025-04-17 12:16:00,173.6700,173.8800
AMZN,2025-04-17 12:17:00,173.9100,173.7600
AMZN,2025-04-17 12:18:00,173.7600,173.8600
AMZN,2025-04-17 12:19:00,173.8800,174.1400
AMZN,2025-04-17 12:20:00,174.1300,173.9200
AMZN,2025-04-17 12:21:00,173.9150,174.0706
AMZN,2025-04-17 12:22:00,174.0800,173.8006
AMZN,2025-04-17 12:23:00,173.8200,173.7900
AMZN,2025-04-17 12:24:00,173.7900,173.8300
AMZN,2025-04-17 12:25:00,173.8300,173.8730
AMZN,2025-04-17 12:26:00,173.8800,173.8200
AMZN,2025-04-17 12:27:00,173.8250,173.9400
AMZN,2025-04-17 12:28:00,173.9444,174.0449
AMZN,2025-04-17 12:29:00,174.0300,173.8500
AMZN,2025-04-17 12:30:00,173.8300,173.4771
AMZN,2025-04-17 12:31:00,173.4800,173.7050
AMZN,2025-04-17 12:32:00,173.7050,173.6850
AMZN,2025-04-17 12:33:00,173.6850,173.7500
AMZN,2025-04-17 12:34:00,173.7700,173.6800
AMZN,2025-04-17 12:35:00,173.6650,173.6450
AMZN,2025-04-17 12:36:00,173.6450,173.4750
AMZN,2025-04-17 12:37:00,173.4800,173.3200
AMZN,2025-04-17 12:38:00,173.3400,173.3050
AMZN,2025-04-17 12:39:00,173.2700,173.1000
AMZN,2025-04-17 12:40:00,173.1100,173.0400
AMZN,2025-04-17 12:41:00,173.0500,172.9178
AMZN,2025-04-17 12:42:00,172.9300,172.8400
AMZN,2025-04-17 12:43:00,172.8500,172.5200
AMZN,2025-04-17 12:44:00,172.5250,172.4600
AMZN,2025-04-17 12:45:00,172.4674,172.3500
AMZN,2025-04-17 12:46:00,172.3600,172.8626
AMZN,2025-04-17 12:47:00,172.8600,172.9900
AMZN,2025-04-17 12:48:00,173.0000,172.8012
AMZN,2025-04-17 12:49:00,172.8150,172.9900
AMZN,2025-04-17 12:50:00,172.9872,173.2500
AMZN,2025-04-17 12:51:00,173.2450,173.1800
AMZN,2025-04-17 12:52:00,173.1650,173.3999
AMZN,2025-04-17 12:53:00,173.3900,173.3550
AMZN,2025-04-17 12:54:00,173.3550,173.2700
AMZN,2025-04-17 12:55:00,173.2750,173.3200
AMZN,2025-04-17 12:56:00,173.3300,173.4200
AMZN,2025-04-17 12:57:00,173.4200,173.4200
AMZN,2025-04-17 12:58:00,173.4250,173.5665
AMZN,2025-04-17 12:59:00,173.5797,173.4500
AMZN,2025-04-17 13:00:00,173.4400,173.6400
AMZN,2025-04-17 13:01:00,173.6400,173.6900
AMZN,2025-04-17 13:02:00,173.6900,173.6600
AMZN,2025-04-17 13:03:00,173.7000,173.5100
AMZN,2025-04-17 13:04:00,173.5100,173.5400
AMZN,2025-04-17 13:05:00,173.5200,173.4400
AMZN,2025-04-17 13:06:00,173.4526,173.4200
AMZN,2025-04-17 13:07:00,173.4200,173.5500
AMZN,2025-04-17 13:08:00,173.5600,173.5900
AMZN,2025-04-17 13:09:00,173.5700,173.4750
AMZN,2025-04-17 13:10:00,173.4850,173.3900
AMZN,2025-04-17 13:11:00,173.3800,173.1368
AMZN,2025-04-17 13:12:00,173.1300,173.1100
AMZN,2025-04-17 13:13:00,173.1200,173.1050
AMZN,2025-04-17 13:14:00,173.1050,172.9700
AMZN,2025-04-17 13:15:00,172.9800,173.0700
AMZN,2025-04-17 13:16:00,173.0600,172.9400
AMZN,2025-04-17 13:17:00,172.9400,172.9300
AMZN,2025-04-17 13:18:00,172.9499,173.0300
AMZN,2025-04-17 13:19:00,173.0300,173.0850
AMZN,2025-04-17 13:20:00,173.0800,173.0400
AMZN,2025-04-17 13:21:00,173.0400,173.0900
AMZN,2025-04-17 13:22:00,173.0770,173.0700
AMZN,2025-04-17 13:23:00,173.0500,173.0300
AMZN,2025-04-17 13:24:00,173.0250,173.0850
AMZN,2025-04-17 13:25:00,173.0900,173.2500
AMZN,2025-04-17 13:26:00,173.2500,173.0600
AMZN,2025-04-17 13:27:00,173.0650,173.2000
AMZN,2025-04-17 13:28:00,173.1850,173.2000
AMZN,2025-04-17 13:29:00,173.1700,173.0950
AMZN,2025-04-17 13:30:00,173.1000,173.1819
AMZN,2025-04-17 13:31:00,173.1900,173.2800
AMZN,2025-04-17 13:32:00,173.2650,173.2900
AMZN,2025-04-17 13:33:00,173.2950,173.4000
AMZN,2025-04-17 13:34:00,173.4000,173.3600
AMZN,2025-04-17 13:35:00,173.3690,173.2900
AMZN,2025-04-17 13:36:00,173.3000,173.4700
AMZN,2025-04-17 13:37:00,173.4700,173.3700
AMZN,2025-04-17 13:38:00,173.4000,173.4250
AMZN,2025-04-17 13:39:00,173.4300,173.6100
AMZN,2025-04-17 13:40:00,173.6050,173.4950
AMZN,2025-04-17 13:41:00,173.5050,173.4700
AMZN,2025-04-17 13:42:00,173.4600,173.3100
AMZN,2025-04-17 13:43:00,173.2900,173.4000
AMZN,2025-04-17 13:44:00,173.4000,173.4300
AMZN,2025-04-17 13:45:00,173.4100,173.4850
AMZN,2025-04-17 13:46:00,173.5050,173.7700
AMZN,2025-04-17 13:47:00,173.7800,173.8600
AMZN,2025-04-17 13:48:00,173.8650,173.6600
AMZN,2025-04-17 13:49:00,173.6600,173.5250
AMZN,2025-04-17 13:50:00,173.5145,173.7086
AMZN,2025-04-17 13:51:00,173.7000,173.7150
AMZN,2025-04-17 13:52:00,173.7050,173.7300
AMZN,2025-04-17 13:53:00,173.7250,173.7902
AMZN,2025-04-17 13:54:00,173.7800,173.6400
AMZN,2025-04-17 13:55:00,173.6200,173.8600
AMZN,2025-04-17 13:56:00,173.8400,173.5950
AMZN,2025-04-17 13:57:00,173.5950,173.6600
AMZN,2025-04-17 13:58:00,173.6600,173.5100
AMZN,2025-04-17 13:59:00,173.5000,173.4450
AMZN,2025-04-17 14:00:00,173.4550,173.4600
AMZN,2025-04-17 14:01:00,173.4600,173.4550
AMZN,2025-04-17 14:02:00,173.4550,173.4700
AMZN,2025-04-17 14:03:00,173.4700,173.4600
AMZN,2025-04-17 14:04:00,173.4600,173.6513
AMZN,2025-04-17 14:05:00,173.6400,173.6300
AMZN,2025-04-17 14:06:00,173.6400,173.5900
AMZN,2025-04-17 14:07:00,173.6000,173.6200
AMZN,2025-04-17 14:08:00,173.6250,173.7600
AMZN,2025-04-17 14:09:00,173.7700,173.7110
AMZN,2025-04-17 14:10:00,173.7100,173.6968
AMZN,2025-04-17 14:11:00,173.6972,173.6299
AMZN,2025-04-17 14:12:00,173.6300,173.5100
AMZN,2025-04-17 14:13:00,173.5200,173.3600
AMZN,2025-04-17 14:14:00,173.3400,173.3600
AMZN,2025-04-17 14:15:00,173.3600,173.3500
AMZN,2025-04-17 14:16:00,173.3400,173.3200
AMZN,2025-04-17 14:17:00,173.3300,173.7300
AMZN,2025-04-17 14:18:00,173.7300,173.6500
AMZN,2025-04-17 14:19:00,173.6500,173.8702
AMZN,2025-04-17 14:20:00,173.8700,173.9800
AMZN,2025-04-17 14:21:00,173.9873,173.9616
AMZN,2025-04-17 14:22:00,173.9700,174.1494
AMZN,2025-04-17 14:23:00,174.1500,174.1350
AMZN,2025-04-17 14:24:00,174.1400,174.1550
AMZN,2025-04-17 14:25:00,174.1616,174.1700
AMZN,2025-04-17 14:26:00,174.1950,174.0700
AMZN,2025-04-17 14:27:00,174.0500,174.1150
AMZN,2025-04-17 14:28:00,174.1100,174.2650
AMZN,2025-04-17 14:29:00,174.2750,174.2000
AMZN,2025-04-17 14:30:00,174.2200,174.2800
AMZN,2025-04-17 14:31:00,174.2700,174.5400
AMZN,2025-04-17 14:32:00,174.5500,174.4700
AMZN,2025-04-17 14:33:00,174.4700,174.5000
AMZN,2025-04-17 14:34:00,174.5000,174.2850
AMZN,2025-04-17 14:35:00,174.3000,174.3850
AMZN,2025-04-17 14:36:00,174.3800,174.2450
AMZN,2025-04-17 14:37:00,174.2596,174.2850
AMZN,2025-04-17 14:38:00,174.2850,174.3950
AMZN,2025-04-17 14:39:00,174.4100,174.4650
AMZN,2025-04-17 14:40:00,174.4374,174.3300
AMZN,2025-04-17 14:41:00,174.3300,174.3550
AMZN,2025-04-17 14:42:00,174.3500,174.1000
AMZN,2025-04-17 14:43:00,174.0900,174.2050
AMZN,2025-04-17 14:44:00,174.2000,174.1400
AMZN,2025-04-17 14:45:00,174.1500,174.2500
AMZN,2025-04-17 14:46:00,174.2500,174.1300
AMZN,2025-04-17 14:47:00,174.1500,173.9200
AMZN,2025-04-17 14:48:00,173.9200,173.8861
AMZN,2025-04-17 14:49:00,173.8929,173.5800
AMZN,2025-04-17 14:50:00,173.6000,173.2935
AMZN,2025-04-17 14:51:00,173.3100,173.5075
AMZN,2025-04-17 14:52:00,173.5000,173.7800
AMZN,2025-04-17 14:53:00,173.7700,173.7400
AMZN,2025-04-17 14:54:00,173.7210,173.4489
AMZN,2025-04-17 14:55:00,173.4400,173.3900
AMZN,2025-04-17 14:56:00,173.3950,173.3500
AMZN,2025-04-17 14:57:00,173.3000,173.3300
AMZN,2025-04-17 14:58:00,173.3300,173.3800
AMZN,2025-04-17 14:59:00,173.3885,173.2721
AMZN,2025-04-17 15:00:00,173.2600,173.3700
AMZN,2025-04-17 15:01:00,173.3500,173.2450
AMZN,2025-04-17 15:02:00,173.2400,173.2900
AMZN,2025-04-17 15:03:00,173.3000,173.3500
AMZN,2025-04-17 15:04:00,173.3550,173.3750
AMZN,2025-04-17 15:05:00,173.3400,173.2700
AMZN,2025-04-17 15:06:00,173.2650,173.3150
AMZN,2025-04-17 15:07:00,173.3300,173.3900
AMZN,2025-04-17 15:08:00,173.3950,173.4450
AMZN,2025-04-17 15:09:00,173.4400,173.4100
AMZN,2025-04-17 15:10:00,173.3900,173.3300
AMZN,2025-04-17 15:11:00,173.3400,173.2900
AMZN,2025-04-17 15:12:00,173.2600,173.1700
AMZN,2025-04-17 15:13:00,173.1600,173.0600
AMZN,2025-04-17 15:14:00,173.0600,172.9650
AMZN,2025-04-17 15:15:00,172.9600,172.9650
AMZN,2025-04-17 15:16:00,172.9650,172.7000
AMZN,2025-04-17 15:17:00,172.7100,172.7900
AMZN,2025-04-17 15:18:00,172.7810,172.7200
AMZN,2025-04-17 15:19:00,172.7300,172.8900
AMZN,2025-04-17 15:20:00,172.8900,172.6626
AMZN,2025-04-17 15:21:00,172.6650,172.5500
AMZN,2025-04-17 15:22:00,172.5400,172.6000
AMZN,2025-04-17 15:23:00,172.6300,172.8600
AMZN,2025-04-17 15:24:00,172.8600,172.7500
AMZN,2025-04-17 15:25:00,172.7589,172.6900
AMZN,2025-04-17 15:26:00,172.6900,172.7900
AMZN,2025-04-17 15:27:00,172.8000,172.8800
AMZN,2025-04-17 15:28:00,172.8750,172.7400
AMZN,2025-04-17 15:29:00,172.7100,172.5700
AMZN,2025-04-17 15:30:00,172.5800,172.7400
AMZN,2025-04-17 15:31:00,172.7500,172.8600
AMZN,2025-04-17 15:32:00,172.8600,172.6700
AMZN,2025-04-17 15:33:00,172.6800,172.6500
AMZN,2025-04-17 15:34:00,172.6500,172.6800
AMZN,2025-04-17 15:35:00,172.6800,172.8050
AMZN,2025-04-17 15:36:00,172.8000,172.8700
AMZN,2025-04-17 15:37:00,172.8500,172.7500
AMZN,2025-04-17 15:38:00,172.7400,172.8450
AMZN,2025-04-17 15:39:00,172.8400,172.7750
AMZN,2025-04-17 15:40:00,172.7750,172.5900
AMZN,2025-04-17 15:41:00,172.5859,172.6300
AMZN,2025-04-17 15:42:00,172.6400,172.8600
AMZN,2025-04-17 15:43:00,172.8600,172.7450
AMZN,2025-04-17 15:44:00,172.7400,172.7410
AMZN,2025-04-17 15:45:00,172.7500,172.5950
AMZN,2025-04-17 15:46:00,172.6000,172.4100
AMZN,2025-04-17 15:47:00,172.4100,172.3650
AMZN,2025-04-17 15:48:00,172.3600,172.3600
AMZN,2025-04-17 15:49:00,172.3500,172.2800
AMZN,2025-04-17 15:50:00,172.2700,172.0800
AMZN,2025-04-17 15:51:00,172.0900,172.1100
AMZN,2025-04-17 15:52:00,172.1000,172.1700
AMZN,2025-04-17 15:53:00,172.1550,172.1750
AMZN,2025-04-17 15:54:00,172.1800,172.4400
AMZN,2025-04-17 15:55:00,172.4600,172.4283
AMZN,2025-04-17 15:56:00,172.4250,172.5300
AMZN,2025-04-17 15:57:00,172.5300,172.5450
AMZN,2025-04-17 15:58:00,172.5500,172.5600
AMZN,2025-04-17 15:59:00,172.5500,172.5900
AMZN,2025-04-21 09:30:00,169.6000,169.2300
AMZN,2025-04-21 09:31:00,169.1860,169.0600
AMZN,2025-04-21 09:32:00,169.0900,168.9700
AMZN,2025-04-21 09:33:00,168.9500,168.9850
AMZN,2025-04-21 09:34:00,168.9850,169.0200
AMZN,2025-04-21 09:35:00,169.0400,168.6500
AMZN,2025-04-21 09:36:00,168.6450,168.6801
AMZN,2025-04-21 09:37:00,168.7186,168.5350
AMZN,2025-04-21 09:38:00,168.5300,168.0400
AMZN,2025-04-21 09:39:00,168.0400,168.5800
AMZN,2025-04-21 09:40:00,168.5650,168.7249
AMZN,2025-04-21 09:41:00,168.7150,168.4900
AMZN,2025-04-21 09:42:00,168.5200,168.3400
AMZN,2025-04-21 09:43:00,168.3350,168.1750
AMZN,2025-04-21 09:44:00,168.1650,167.9650
AMZN,2025-04-21 09:45:00,167.9600,167.8300
AMZN,2025-04-21 09:46:00,167.8400,167.5000
AMZN,2025-04-21 09:47:00,167.4812,167.5212
AMZN,2025-04-21 09:48:00,167.5250,167.9100
AMZN,2025-04-21 09:49:00,167.9500,167.8500
AMZN,2025-04-21 09:50:00,167.8950,167.9100
AMZN,2025-04-21 09:51:00,167.9150,167.7512
AMZN,2025-04-21 09:52:00,167.7650,167.6100
AMZN,2025-04-21 09:53:00,167.6000,167.3150
AMZN,2025-04-21 09:54:00,167.3200,167.2650
AMZN,2025-04-21 09:55:00,167.2500,167.3079
AMZN,2025-04-21 09:56:00,167.3300,166.9900
AMZN,2025-04-21 09:57:00,167.0000,167.3250
AMZN,2025-04-21 09:58:00,167.3100,167.1700
AMZN,2025-04-21 09:59:00,167.1550,167.1000
AMZN,2025-04-21 10:00:00,167.0750,166.7792
AMZN,2025-04-21 10:01:00,166.7600,166.7250
AMZN,2025-04-21 10:02:00,166.7300,166.6900
AMZN,2025-04-21 10:03:00,166.6800,166.5800
AMZN,2025-04-21 10:04:00,166.5915,166.5653
AMZN,2025-04-21 10:05:00,166.5885,166.5350
AMZN,2025-04-21 10:06:00,166.5200,166.2500
AMZN,2025-04-21 10:07:00,166.2400,166.2500
AMZN,2025-04-21 10:08:00,166.2400,166.0000
AMZN,2025-04-21 10:09:00,166.0014,166.0450
AMZN,2025-04-21 10:10:00,166.0400,166.4150
AMZN,2025-04-21 10:11:00,166.4221,166.5300
AMZN,2025-04-21 10:12:00,166.5200,166.5500
AMZN,2025-04-21 10:13:00,166.5600,166.6000
AMZN,2025-04-21 10:14:00,166.6100,166.6000
AMZN,2025-04-21 10:15:00,166.6100,166.7500
AMZN,2025-04-21 10:16:00,166.7300,166.4500
AMZN,2025-04-21 10:17:00,166.4350,166.6400
AMZN,2025-04-21 10:18:00,166.6450,166.2600
AMZN,2025-04-21 10:19:00,166.2700,166.3100
AMZN,2025-04-21 10:20:00,166.3000,166.4001
AMZN,2025-04-21 10:21:00,166.3800,166.0400
AMZN,2025-04-21 10:22:00,166.0500,165.9000
AMZN,2025-04-21 10:23:00,165.9150,166.0203
AMZN,2025-04-21 10:24:00,166.0350,166.1500
AMZN,2025-04-21 10:25:00,166.1400,166.4450
AMZN,2025-04-21 10:26:00,166.4400,166.4400
AMZN,2025-04-21 10:27:00,166.4300,166.1600
AMZN,2025-04-21 10:28:00,166.1600,166.1700
AMZN,2025-04-21 10:29:00,166.1500,166.1400
AMZN,2025-04-21 10:30:00,166.1400,166.3900
AMZN,2025-04-21 10:31:00,166.3700,166.0600
AMZN,2025-04-21 10:32:00,166.0400,166.0900
AMZN,2025-04-21 10:33:00,166.0850,166.0550
AMZN,2025-04-21 10:34:00,166.0600,166.0400
AMZN,2025-04-21 10:35:00,166.0300,166.3900
AMZN,2025-04-21 10:36:00,166.3900,166.6000
AMZN,2025-04-21 10:37:00,166.6000,166.5801
AMZN,2025-04-21 10:38:00,166.5800,166.5611
AMZN,2025-04-21 10:39:00,166.5750,166.7352
AMZN,2025-04-21 10:40:00,166.7301,166.9150
AMZN,2025-04-21 10:41:00,166.9150,166.8900
AMZN,2025-04-21 10:42:00,166.9000,166.7900
AMZN,2025-04-21 10:43:00,166.7700,166.7300
AMZN,2025-04-21 10:44:00,166.7300,166.6100
AMZN,2025-04-21 10:45:00,166.6200,166.9376
AMZN,2025-04-21 10:46:00,166.9300,166.7600
AMZN,2025-04-21 10:47:00,166.7500,166.7800
AMZN,2025-04-21 10:48:00,166.8000,166.6150
AMZN,2025-04-21 10:49:00,166.6000,166.5800
AMZN,2025-04-21 10:50:00,166.5700,166.8150
AMZN,2025-04-21 10:51:00,166.8100,166.7100
AMZN,2025-04-21 10:52:00,166.7180,166.6600
AMZN,2025-04-21 10:53:00,166.6500,166.8660
AMZN,2025-04-21 10:54:00,166.8750,167.0519
AMZN,2025-04-21 10:55:00,167.0300,167.1550
AMZN,2025-04-21 10:56:00,167.1600,167.2800
AMZN,2025-04-21 10:57:00,167.2800,167.2002
AMZN,2025-04-21 10:58:00,167.2100,167.3200
AMZN,2025-04-21 10:59:00,167.3200,167.2700
AMZN,2025-04-21 11:00:00,167.2550,167.3265
AMZN,2025-04-21 11:01:00,167.3205,167.0750
AMZN,2025-04-21 11:02:00,167.0450,166.9400
AMZN,2025-04-21 11:03:00,166.9300,166.8700
AMZN,2025-04-21 11:04:00,166.8800,167.2700
AMZN,2025-04-21 11:05:00,167.2700,167.3000
AMZN,2025-04-21 11:06:00,167.2800,167.2800
AMZN,2025-04-21 11:07:00,167.3000,167.0050
AMZN,2025-04-21 11:08:00,167.0050,167.1800
AMZN,2025-04-21 11:09:00,167.1900,167.4000
AMZN,2025-04-21 11:10:00,167.4050,167.4750
AMZN,2025-04-21 11:11:00,167.4750,167.4050
AMZN,2025-04-21 11:12:00,167.4200,167.2500
AMZN,2025-04-21 11:13:00,167.2563,167.0600
AMZN,2025-04-21 11:14:00,167.0750,166.9350
AMZN,2025-04-21 11:15:00,166.9300,167.0700
AMZN,2025-04-21 11:16:00,167.0750,167.0875
AMZN,2025-04-21 11:17:00,167.1000,167.0900
AMZN,2025-04-21 11:18:00,167.1000,167.2350
AMZN,2025-04-21 11:19:00,167.2500,167.0500
AMZN,2025-04-21 11:20:00,167.0500,166.9350
AMZN,2025-04-21 11:21:00,166.9300,166.7150
AMZN,2025-04-21 11:22:00,166.7200,166.6150
AMZN,2025-04-21 11:23:00,166.6100,166.7600
AMZN,2025-04-21 11:24:00,166.7600,166.6500
AMZN,2025-04-21 11:25:00,166.6481,166.6400
AMZN,2025-04-21 11:26:00,166.6400,166.4500
AMZN,2025-04-21 11:27:00,166.4700,166.5250
AMZN,2025-04-21 11:28:00,166.5400,166.5298
AMZN,2025-04-21 11:29:00,166.5150,166.8200
AMZN,2025-04-21 11:30:00,166.8150,166.8800
AMZN,2025-04-21 11:31:00,166.8650,166.7300
AMZN,2025-04-21 11:32:00,166.7300,166.7400
AMZN,2025-04-21 11:33:00,166.7400,166.7710
AMZN,2025-04-21 11:34:00,166.7700,166.6850
AMZN,2025-04-21 11:35:00,166.6900,166.9001
AMZN,2025-04-21 11:36:00,166.9000,166.8500
AMZN,2025-04-21 11:37:00,166.8530,166.8900
AMZN,2025-04-21 11:38:00,166.8800,166.8388
AMZN,2025-04-21 11:39:00,166.8300,166.7617
AMZN,2025-04-21 11:40:00,166.7450,166.7700
AMZN,2025-04-21 11:41:00,166.7600,166.7100
AMZN,2025-04-21 11:42:00,166.7000,166.7100
AMZN,2025-04-21 11:43:00,166.7000,166.6500
AMZN,2025-04-21 11:44:00,166.6500,166.5600
AMZN,2025-04-21 11:45:00,166.5600,166.3299
AMZN,2025-04-21 11:46:00,166.2950,166.2900
AMZN,2025-04-21 11:47:00,166.2800,166.1856
AMZN,2025-04-21 11:48:00,166.1850,166.1400
AMZN,2025-04-21 11:49:00,166.1543,166.3900
AMZN,2025-04-21 11:50:00,166.4000,166.3100
AMZN,2025-04-21 11:51:00,166.3100,166.3901
AMZN,2025-04-21 11:52:00,166.3950,166.4200
AMZN,2025-04-21 11:53:00,166.4100,166.4226
AMZN,2025-04-21 11:54:00,166.4262,166.3600
AMZN,2025-04-21 11:55:00,166.3800,166.3100
AMZN,2025-04-21 11:56:00,166.3100,166.2750
AMZN,2025-04-21 11:57:00,166.2800,166.4400
AMZN,2025-04-21 11:58:00,166.4500,166.5400
AMZN,2025-04-21 11:59:00,166.5400,166.4700
AMZN,2025-04-21 12:00:00,166.4600,166.8044
AMZN,2025-04-21 12:01:00,166.8200,166.9800
AMZN,2025-04-21 12:02:00,167.0000,166.8850
AMZN,2025-04-21 12:03:00,166.8750,166.9272
AMZN,2025-04-21 12:04:00,166.9000,166.9750
AMZN,2025-04-21 12:05:00,166.9600,167.0000
AMZN,2025-04-21 12:06:00,166.9950,167.0300
AMZN,2025-04-21 12:07:00,167.0300,166.9215
AMZN,2025-04-21 12:08:00,166.9230,166.9400
AMZN,2025-04-21 12:09:00,166.9200,167.0700
AMZN,2025-04-21 12:10:00,167.0797,167.0250
AMZN,2025-04-21 12:11:00,167.0300,166.9700
AMZN,2025-04-21 12:12:00,166.9600,166.9700
AMZN,2025-04-21 12:13:00,166.9700,166.9300
AMZN,2025-04-21 12:14:00,166.9200,166.8980
AMZN,2025-04-21 12:15:00,166.9050,166.8450
AMZN,2025-04-21 12:16:00,166.8537,166.7650
AMZN,2025-04-21 12:17:00,166.7599,166.8503
AMZN,2025-04-21 12:18:00,166.8600,166.5250
AMZN,2025-04-21 12:19:00,166.5100,166.5200
AMZN,2025-04-21 12:20:00,166.5100,166.6403
AMZN,2025-04-21 12:21:00,166.6400,166.4550
AMZN,2025-04-21 12:22:00,166.4550,166.4950
AMZN,2025-04-21 12:23:00,166.5000,166.5950
AMZN,2025-04-21 12:24:00,166.5950,166.6200
AMZN,2025-04-21 12:25:00,166.6242,166.5800
AMZN,2025-04-21 12:26:00,166.5900,166.5500
AMZN,2025-04-21 12:27:00,166.5400,166.4950
AMZN,2025-04-21 12:28:00,166.5000,166.5000
AMZN,2025-04-21 12:29:00,166.5000,166.5300
AMZN,2025-04-21 12:30:00,166.5150,166.7350
AMZN,2025-04-21 12:31:00,166.7497,166.9299
AMZN,2025-04-21 12:32:00,166.9050,166.9407
AMZN,2025-04-21 12:33:00,166.9573,166.9400
AMZN,2025-04-21 12:34:00,166.9457,166.8800
AMZN,2025-04-21 12:35:00,166.8800,166.9100
AMZN,2025-04-21 12:36:00,166.9100,167.0395
AMZN,2025-04-21 12:37:00,167.0300,167.0250
AMZN,2025-04-21 12:38:00,167.0100,166.9650
AMZN,2025-04-21 12:39:00,166.9700,166.9200
AMZN,2025-04-21 12:40:00,166.9300,166.9800
AMZN,2025-04-21 12:41:00,166.9600,166.9100
AMZN,2025-04-21 12:42:00,166.9100,166.9400
AMZN,2025-04-21 12:43:00,166.9400,167.0800
AMZN,2025-04-21 12:44:00,167.0500,167.0300
AMZN,2025-04-21 12:45:00,167.0300,167.0000
AMZN,2025-04-21 12:46:00,167.0000,166.8700
AMZN,2025-04-21 12:47:00,166.8800,166.8300
AMZN,2025-04-21 12:48:00,166.8300,166.8500
AMZN,2025-04-21 12:49:00,166.8500,166.7800
AMZN,2025-04-21 12:50:00,166.7800,166.7000
AMZN,2025-04-21 12:51:00,166.7000,166.6800
AMZN,2025-04-21 12:52:00,166.6700,166.7100
AMZN,2025-04-21 12:53:00,166.7100,166.5900
AMZN,2025-04-21 12:54:00,166.6000,166.5700
AMZN,2025-04-21 12:55:00,166.5800,166.5300
AMZN,2025-04-21 12:56:00,166.5200,166.4805
AMZN,2025-04-21 12:57:00,166.4900,166.4700
AMZN,2025-04-21 12:58:00,166.4800,166.3900
AMZN,2025-04-21 12:59:00,166.3928,166.3500
AMZN,2025-04-21 13:00:00,166.3401,166.2950
AMZN,2025-04-21 13:01:00,166.2950,166.2200
AMZN,2025-04-21 13:02:00,166.2200,166.0300
AMZN,2025-04-21 13:03:00,166.0400,165.9874
AMZN,2025-04-21 13:04:00,165.9900,165.9101
AMZN,2025-04-21 13:05:00,165.9100,165.9750
AMZN,2025-04-21 13:06:00,165.9700,165.9929
AMZN,2025-04-21 13:07:00,165.9800,166.1050
AMZN,2025-04-21 13:08:00,166.1155,166.0800
AMZN,2025-04-21 13:09:00,166.0800,166.0666
AMZN,2025-04-21 13:10:00,166.0650,166.0150
AMZN,2025-04-21 13:11:00,166.0100,166.0298
AMZN,2025-04-21 13:12:00,166.0200,166.0211
AMZN,2025-04-21 13:13:00,166.0300,165.9800
AMZN,2025-04-21 13:14:00,165.9700,165.8997
AMZN,2025-04-21 13:15:00,165.8991,165.8950
AMZN,2025-04-21 13:16:00,165.8950,165.8790
AMZN,2025-04-21 13:17:00,165.8700,165.8400
AMZN,2025-04-21 13:18:00,165.8400,165.8200
AMZN,2025-04-21 13:19:00,165.8250,165.9550
AMZN,2025-04-21 13:20:00,165.9300,166.0400
AMZN,2025-04-21 13:21:00,166.0250,165.9500
AMZN,2025-04-21 13:22:00,165.9500,165.9919
AMZN,2025-04-21 13:23:00,165.9900,166.0700
AMZN,2025-04-21 13:24:00,166.0650,165.7550
AMZN,2025-04-21 13:25:00,165.7500,165.6600
AMZN,2025-04-21 13:26:00,165.6500,165.7200
AMZN,2025-04-21 13:27:00,165.7300,165.8500
AMZN,2025-04-21 13:28:00,165.8550,165.6200
AMZN,2025-04-21 13:29:00,165.6300,165.6400
AMZN,2025-04-21 13:30:00,165.6200,165.7000
AMZN,2025-04-21 13:31:00,165.6950,165.7450
AMZN,2025-04-21 13:32:00,165.7800,165.8100
AMZN,2025-04-21 13:33:00,165.8300,165.6400
AMZN,2025-04-21 13:34:00,165.6450,165.6150
AMZN,2025-04-21 13:35:00,165.6300,165.6900
AMZN,2025-04-21 13:36:00,165.6900,165.8800
AMZN,2025-04-21 13:37:00,165.8900,165.6850
AMZN,2025-04-21 13:38:00,165.6700,165.6300
AMZN,2025-04-21 13:39:00,165.6300,165.6400
AMZN,2025-04-21 13:40:00,165.6301,165.7100
AMZN,2025-04-21 13:41:00,165.7150,165.7200
AMZN,2025-04-21 13:42:00,165.7100,165.6600
AMZN,2025-04-21 13:43:00,165.6500,165.6478
AMZN,2025-04-21 13:44:00,165.6450,165.7300
AMZN,2025-04-21 13:45:00,165.7300,165.6801
AMZN,2025-04-21 13:46:00,165.7000,165.6700
AMZN,2025-04-21 13:47:00,165.6800,165.7700
AMZN,2025-04-21 13:48:00,165.7750,165.7700
AMZN,2025-04-21 13:49:00,165.7750,165.6150
AMZN,2025-04-21 13:50:00,165.6200,165.7250
AMZN,2025-04-21 13:51:00,165.7200,165.5000
AMZN,2025-04-21 13:52:00,165.5200,165.5500
AMZN,2025-04-21 13:53:00,165.5430,165.5800
AMZN,2025-04-21 13:54:00,165.5800,165.6150
AMZN,2025-04-21 13:55:00,165.5900,165.6267
AMZN,2025-04-21 13:56:00,165.6102,165.5285
AMZN,2025-04-21 13:57:00,165.5200,165.5500
AMZN,2025-04-21 13:58:00,165.5600,165.5100
AMZN,2025-04-21 13:59:00,165.5100,165.5300
AMZN,2025-04-21 14:00:00,165.5300,165.6100
AMZN,2025-04-21 14:01:00,165.6000,165.5700
AMZN,2025-04-21 14:02:00,165.5700,165.6100
AMZN,2025-04-21 14:03:00,165.6050,165.6158
AMZN,2025-04-21 14:04:00,165.6100,165.5588
AMZN,2025-04-21 14:05:00,165.5600,165.5600
AMZN,2025-04-21 14:06:00,165.5500,165.7800
AMZN,2025-04-21 14:07:00,165.7750,165.6100
AMZN,2025-04-21 14:08:00,165.6378,165.7100
AMZN,2025-04-21 14:09:00,165.7150,165.6800
AMZN,2025-04-21 14:10:00,165.6700,165.5935
AMZN,2025-04-21 14:11:00,165.5900,165.7550
AMZN,2025-04-21 14:12:00,165.7400,165.7200
AMZN,2025-04-21 14:13:00,165.7300,165.6905
AMZN,2025-04-21 14:14:00,165.6800,165.8300
AMZN,2025-04-21 14:15:00,165.8200,165.8550
AMZN,2025-04-21 14:16:00,165.8700,165.9550
AMZN,2025-04-21 14:17:00,165.9650,166.0297
AMZN,2025-04-21 14:18:00,166.0100,166.1250
AMZN,2025-04-21 14:19:00,166.1103,165.9600
AMZN,2025-04-21 14:20:00,165.9450,165.9083
AMZN,2025-04-21 14:21:00,165.9050,165.9800
AMZN,2025-04-21 14:22:00,165.9600,165.9100
AMZN,2025-04-21 14:23:00,165.9000,165.8250
AMZN,2025-04-21 14:24:00,165.8250,165.8200
AMZN,2025-04-21 14:25:00,165.8200,165.8400
AMZN,2025-04-21 14:26:00,165.8400,165.9250
AMZN,2025-04-21 14:27:00,165.9250,165.8900
AMZN,2025-04-21 14:28:00,165.8900,165.9187
AMZN,2025-04-21 14:29:00,165.9100,165.9290
AMZN,2025-04-21 14:30:00,165.9150,166.0000
AMZN,2025-04-21 14:31:00,166.0100,166.0300
AMZN,2025-04-21 14:32:00,166.0200,165.8950
AMZN,2025-04-21 14:33:00,165.9000,165.9100
AMZN,2025-04-21 14:34:00,165.9200,165.8550
AMZN,2025-04-21 14:35:00,165.8600,165.9800
AMZN,2025-04-21 14:36:00,166.0000,165.8700
AMZN,2025-04-21 14:37:00,165.8860,165.8700
AMZN,2025-04-21 14:38:00,165.8600,165.9700
AMZN,2025-04-21 14:39:00,165.9650,166.0700
AMZN,2025-04-21 14:40:00,166.0806,165.9500
AMZN,2025-04-21 14:41:00,165.9500,165.9572
AMZN,2025-04-21 14:42:00,165.9500,165.8850
AMZN,2025-04-21 14:43:00,165.8850,165.7600
AMZN,2025-04-21 14:44:00,165.7600,165.7300
AMZN,2025-04-21 14:45:00,165.7200,165.7350
AMZN,2025-04-21 14:46:00,165.7500,165.7000
AMZN,2025-04-21 14:47:00,165.7000,165.5700
AMZN,2025-04-21 14:48:00,165.5700,165.5600
AMZN,2025-04-21 14:49:00,165.5700,165.6000
AMZN,2025-04-21 14:50:00,165.6000,165.4900
AMZN,2025-04-21 14:51:00,165.4850,165.5000
AMZN,2025-04-21 14:52:00,165.5050,165.3400
AMZN,2025-04-21 14:53:00,165.3400,165.3350
AMZN,2025-04-21 14:54:00,165.3350,165.3500
AMZN,2025-04-21 14:55:00,165.3488,165.4200
AMZN,2025-04-21 14:56:00,165.4120,165.4588
AMZN,2025-04-21 14:57:00,165.4700,165.4000
AMZN,2025-04-21 14:58:00,165.4100,165.3900
AMZN,2025-04-21 14:59:00,165.3844,165.4000
AMZN,2025-04-21 15:00:00,165.3900,165.4600
AMZN,2025-04-21 15:01:00,165.4700,165.5700
AMZN,2025-04-21 15:02:00,165.5600,165.6400
AMZN,2025-04-21 15:03:00,165.6300,165.6900
AMZN,2025-04-21 15:04:00,165.6980,165.7500
AMZN,2025-04-21 15:05:00,165.7700,165.8150
AMZN,2025-04-21 15:06:00,165.8150,165.8700
AMZN,2025-04-21 15:07:00,165.8799,165.8200
AMZN,2025-04-21 15:08:00,165.8100,165.8500
AMZN,2025-04-21 15:09:00,165.8450,165.8400
AMZN,2025-04-21 15:10:00,165.8300,165.8200
AMZN,2025-04-21 15:11:00,165.8100,165.8800
AMZN,2025-04-21 15:12:00,165.8726,165.8800
AMZN,2025-04-21 15:13:00,165.8800,165.8800
AMZN,2025-04-21 15:14:00,165.8700,165.8250
AMZN,2025-04-21 15:15:00,165.8000,165.8800
AMZN,2025-04-21 15:16:00,165.8750,165.7800
AMZN,2025-04-21 15:17:00,165.7767,165.9000
AMZN,2025-04-21 15:18:00,165.9099,165.9500
AMZN,2025-04-21 15:19:00,165.9450,166.0000
AMZN,2025-04-21 15:20:00,165.9901,166.1200
AMZN,2025-04-21 15:21:00,166.1200,166.1500
AMZN,2025-04-21 15:22:00,166.1488,166.2263
AMZN,2025-04-21 15:23:00,166.2200,166.0388
AMZN,2025-04-21 15:24:00,166.0301,166.0500
AMZN,2025-04-21 15:25:00,166.0400,166.0000
AMZN,2025-04-21 15:26:00,166.0098,165.9900
AMZN,2025-04-21 15:27:00,165.9710,165.8600
AMZN,2025-04-21 15:28:00,165.8600,165.7662
AMZN,2025-04-21 15:29:00,165.7800,165.8550
AMZN,2025-04-21 15:30:00,165.8500,165.8750
AMZN,2025-04-21 15:31:00,165.8900,165.9900
AMZN,2025-04-21 15:32:00,166.0000,166.0300
AMZN,2025-04-21 15:33:00,166.0100,165.9950
AMZN,2025-04-21 15:34:00,166.0000,165.9600
AMZN,2025-04-21 15:35:00,165.9600,166.0800
AMZN,2025-04-21 15:36:00,166.0789,166.2000
AMZN,2025-04-21 15:37:00,166.2100,166.3900
AMZN,2025-04-21 15:38:00,166.4000,166.3780
AMZN,2025-04-21 15:39:00,166.3700,166.2892
AMZN,2025-04-21 15:40:00,166.3000,166.3400
AMZN,2025-04-21 15:41:00,166.3600,166.3150
AMZN,2025-04-21 15:42:00,166.3150,166.3300
AMZN,2025-04-21 15:43:00,166.3400,166.5100
AMZN,2025-04-21 15:44:00,166.5200,166.5988
AMZN,2025-04-21 15:45:00,166.5900,166.7700
AMZN,2025-04-21 15:46:00,166.7800,166.7550
AMZN,2025-04-21 15:47:00,166.7600,166.7800
AMZN,2025-04-21 15:48:00,166.7800,167.0100
AMZN,2025-04-21 15:49:00,167.0000,167.0200
AMZN,2025-04-21 15:50:00,167.0200,167.0355
AMZN,2025-04-21 15:51:00,167.0300,167.1000
AMZN,2025-04-21 15:52:00,167.1000,166.9700
AMZN,2025-04-21 15:53:00,166.9800,167.0050
AMZN,2025-04-21 15:54:00,166.9900,167.3400
AMZN,2025-04-21 15:55:00,167.3300,167.4100
AMZN,2025-04-21 15:56:00,167.4200,167.3800
AMZN,2025-04-21 15:57:00,167.3700,167.6200
AMZN,2025-04-21 15:58:00,167.6100,167.6050
AMZN,2025-04-21 15:59:00,167.6000,167.3100
AMZN,2025-04-22 09:30:00,169.8450,170.0600
AMZN,2025-04-22 09:31:00,170.0600,170.0300
AMZN,2025-04-22 09:32:00,170.0100,170.0600
AMZN,2025-04-22 09:33:00,170.0800,169.8000
AMZN,2025-04-22 09:34:00,169.8000,169.5900
AMZN,2025-04-22 09:35:00,169.6500,169.6150
AMZN,2025-04-22 09:36:00,169.6300,169.9797
AMZN,2025-04-22 09:37:00,169.9650,170.0950
AMZN,2025-04-22 09:38:00,170.1000,169.7200
AMZN,2025-04-22 09:39:00,169.7850,170.2200
AMZN,2025-04-22 09:40:00,170.2300,170.1650
AMZN,2025-04-22 09:41:00,170.1650,170.6350
AMZN,2025-04-22 09:42:00,170.6200,170.6519
AMZN,2025-04-22 09:43:00,170.6700,170.6100
AMZN,2025-04-22 09:44:00,170.6250,170.6600
AMZN,2025-04-22 09:45:00,170.6600,170.9600
AMZN,2025-04-22 09:46:00,170.9700,170.9900
AMZN,2025-04-22 09:47:00,171.0000,170.7800
AMZN,2025-04-22 09:48:00,170.7700,170.5950
AMZN,2025-04-22 09:49:00,170.6200,170.8400
AMZN,2025-04-22 09:50:00,170.8000,170.7899
AMZN,2025-04-22 09:51:00,170.7850,170.5700
AMZN,2025-04-22 09:52:00,170.5700,170.5200
AMZN,2025-04-22 09:53:00,170.5100,170.6550
AMZN,2025-04-22 09:54:00,170.6400,170.7400
AMZN,2025-04-22 09:55:00,170.7300,170.5898
AMZN,2025-04-22 09:56:00,170.5900,170.6876
AMZN,2025-04-22 09:57:00,170.6700,170.6400
AMZN,2025-04-22 09:58:00,170.6500,170.8950
AMZN,2025-04-22 09:59:00,170.8977,170.9599
AMZN,2025-04-22 10:00:00,170.9700,170.9650
AMZN,2025-04-22 10:01:00,170.9800,170.9200
AMZN,2025-04-22 10:02:00,170.9300,170.9444
AMZN,2025-04-22 10:03:00,170.9385,170.8900
AMZN,2025-04-22 10:04:00,170.8800,171.1200
AMZN,2025-04-22 10:05:00,171.1100,171.1250
AMZN,2025-04-22 10:06:00,171.1250,171.5400
AMZN,2025-04-22 10:07:00,171.5500,171.6400
AMZN,2025-04-22 10:08:00,171.6200,171.7750
AMZN,2025-04-22 10:09:00,171.7700,171.9395
AMZN,2025-04-22 10:10:00,171.9250,171.9600
AMZN,2025-04-22 10:11:00,171.9650,172.0300
AMZN,2025-04-22 10:12:00,172.0300,171.8396
AMZN,2025-04-22 10:13:00,171.8400,171.6750
AMZN,2025-04-22 10:14:00,171.6998,171.5900
AMZN,2025-04-22 10:15:00,171.5900,171.5400
AMZN,2025-04-22 10:16:00,171.5200,171.3397
AMZN,2025-04-22 10:17:00,171.3300,171.4700
AMZN,2025-04-22 10:18:00,171.4611,171.6400
AMZN,2025-04-22 10:19:00,171.6200,171.6000
AMZN,2025-04-22 10:20:00,171.6300,171.7700
AMZN,2025-04-22 10:21:00,171.7900,171.9700
AMZN,2025-04-22 10:22:00,171.9800,171.8798
AMZN,2025-04-22 10:23:00,171.8750,171.7600
AMZN,2025-04-22 10:24:00,171.7550,171.9600
AMZN,2025-04-22 10:25:00,171.9550,171.8900
AMZN,2025-04-22 10:26:00,171.9000,171.7900
AMZN,2025-04-22 10:27:00,171.7800,171.7550
AMZN,2025-04-22 10:28:00,171.7400,171.7003
AMZN,2025-04-22 10:29:00,171.7100,171.9500
AMZN,2025-04-22 10:30:00,171.9450,171.6100
AMZN,2025-04-22 10:31:00,171.6100,171.6998
AMZN,2025-04-22 10:32:00,171.7200,171.8900
AMZN,2025-04-22 10:33:00,171.8750,171.9300
AMZN,2025-04-22 10:34:00,171.9200,172.0700
AMZN,2025-04-22 10:35:00,172.0600,171.8900
AMZN,2025-04-22 10:36:00,171.9056,172.1932
AMZN,2025-04-22 10:37:00,172.1950,172.2750
AMZN,2025-04-22 10:38:00,172.2900,172.2600
AMZN,2025-04-22 10:39:00,172.2625,172.3550
AMZN,2025-04-22 10:40:00,172.3600,172.2300
AMZN,2025-04-22 10:41:00,172.2350,172.3100
AMZN,2025-04-22 10:42:00,172.2900,172.4700
AMZN,2025-04-22 10:43:00,172.4661,172.3600
AMZN,2025-04-22 10:44:00,172.3600,172.3350
AMZN,2025-04-22 10:45:00,172.3200,172.3200
AMZN,2025-04-22 10:46:00,172.3189,172.4650
AMZN,2025-04-22 10:47:00,172.4800,172.4784
AMZN,2025-04-22 10:48:00,172.4733,172.5550
AMZN,2025-04-22 10:49:00,172.5270,172.4000
AMZN,2025-04-22 10:50:00,172.3800,172.3500
AMZN,2025-04-22 10:51:00,172.3500,172.1625
AMZN,2025-04-22 10:52:00,172.1700,172.2200
AMZN,2025-04-22 10:53:00,172.2200,172.3750
AMZN,2025-04-22 10:54:00,172.3750,172.3750
AMZN,2025-04-22 10:55:00,172.3700,172.4700
AMZN,2025-04-22 10:56:00,172.4650,172.5100
AMZN,2025-04-22 10:57:00,172.5000,172.8650
AMZN,2025-04-22 10:58:00,172.8512,172.8350
AMZN,2025-04-22 10:59:00,172.8500,172.8700
AMZN,2025-04-22 11:00:00,172.8700,172.9450
AMZN,2025-04-22 11:01:00,172.9500,173.0600
AMZN,2025-04-22 11:02:00,173.0426,173.0550
AMZN,2025-04-22 11:03:00,173.0600,172.9300
AMZN,2025-04-22 11:04:00,172.9600,173.2550
AMZN,2025-04-22 11:05:00,173.2600,173.4000
AMZN,2025-04-22 11:06:00,173.3850,173.4400
AMZN,2025-04-22 11:07:00,173.4550,173.4800
AMZN,2025-04-22 11:08:00,173.4700,173.5200
AMZN,2025-04-22 11:09:00,173.5200,173.4700
AMZN,2025-04-22 11:10:00,173.4800,173.4200
AMZN,2025-04-22 11:11:00,173.4100,173.5550
AMZN,2025-04-22 11:12:00,173.5500,173.4450
AMZN,2025-04-22 11:13:00,173.4500,173.6250
AMZN,2025-04-22 11:14:00,173.6173,173.7600
AMZN,2025-04-22 11:15:00,173.7600,173.7750
AMZN,2025-04-22 11:16:00,173.7744,173.7900
AMZN,2025-04-22 11:17:00,173.8000,174.0200
AMZN,2025-04-22 11:18:00,174.0200,174.0880
AMZN,2025-04-22 11:19:00,174.0800,174.1100
AMZN,2025-04-22 11:20:00,174.1190,173.8700
AMZN,2025-04-22 11:21:00,173.8600,173.8350
AMZN,2025-04-22 11:22:00,173.8300,173.8000
AMZN,2025-04-22 11:23:00,173.8000,174.0499
AMZN,2025-04-22 11:24:00,174.0350,173.9800
AMZN,2025-04-22 11:25:00,173.9702,174.0500
AMZN,2025-04-22 11:26:00,174.0400,174.2250
AMZN,2025-04-22 11:27:00,174.2250,174.1200
AMZN,2025-04-22 11:28:00,174.1350,173.9669
AMZN,2025-04-22 11:29:00,173.9700,173.9200
AMZN,2025-04-22 11:30:00,173.9200,173.5454
AMZN,2025-04-22 11:31:00,173.5516,173.3800
AMZN,2025-04-22 11:32:00,173.3900,173.3000
AMZN,2025-04-22 11:33:00,173.3200,173.2300
AMZN,2025-04-22 11:34:00,173.2050,173.1800
AMZN,2025-04-22 11:35:00,173.1800,173.0100
AMZN,2025-04-22 11:36:00,173.0200,172.7500
AMZN,2025-04-22 11:37:00,172.7400,172.5900
AMZN,2025-04-22 11:38:00,172.5900,172.5850
AMZN,2025-04-22 11:39:00,172.5800,172.6000
AMZN,2025-04-22 11:40:00,172.6000,172.3400
AMZN,2025-04-22 11:41:00,172.3400,172.1950
AMZN,2025-04-22 11:42:00,172.2100,172.1200
AMZN,2025-04-22 11:43:00,172.1100,172.0700
AMZN,2025-04-22 11:44:00,172.0558,172.1171
AMZN,2025-04-22 11:45:00,172.1250,172.2000
AMZN,2025-04-22 11:46:00,172.2100,172.4000
AMZN,2025-04-22 11:47:00,172.4100,172.3800
AMZN,2025-04-22 11:48:00,172.3800,172.4400
AMZN,2025-04-22 11:49:00,172.4400,172.5850
AMZN,2025-04-22 11:50:00,172.5900,172.7100
AMZN,2025-04-22 11:51:00,172.7300,172.8600
AMZN,2025-04-22 11:52:00,172.8700,172.7000
AMZN,2025-04-22 11:53:00,172.7012,172.5400
AMZN,2025-04-22 11:54:00,172.5558,172.5350
AMZN,2025-04-22 11:55:00,172.5200,172.5150
AMZN,2025-04-22 11:56:00,172.5350,172.3900
AMZN,2025-04-22 11:57:00,172.4000,172.3350
AMZN,2025-04-22 11:58:00,172.3400,172.6300
AMZN,2025-04-22 11:59:00,172.6400,173.0100
AMZN,2025-04-22 12:00:00,173.0150,173.5900
AMZN,2025-04-22 12:01:00,173.6000,173.6650
AMZN,2025-04-22 12:02:00,173.6400,173.8100
AMZN,2025-04-22 12:03:00,173.7850,173.8800
AMZN,2025-04-22 12:04:00,173.8800,174.0500
AMZN,2025-04-22 12:05:00,174.0300,174.0050
AMZN,2025-04-22 12:06:00,174.0100,174.4700
AMZN,2025-04-22 12:07:00,174.4500,174.4700
AMZN,2025-04-22 12:08:00,174.4600,174.7205
AMZN,2025-04-22 12:09:00,174.7400,174.6950
AMZN,2025-04-22 12:10:00,174.6900,175.0150
AMZN,2025-04-22 12:11:00,175.0150,175.1100
AMZN,2025-04-22 12:12:00,175.0750,175.2900
AMZN,2025-04-22 12:13:00,175.2969,175.1300
AMZN,2025-04-22 12:14:00,175.1350,175.3732
AMZN,2025-04-22 12:15:00,175.3750,175.4350
AMZN,2025-04-22 12:16:00,175.4300,175.2400
AMZN,2025-04-22 12:17:00,175.2400,175.4850
AMZN,2025-04-22 12:18:00,175.4841,175.4900
AMZN,2025-04-22 12:19:00,175.4900,175.8750
AMZN,2025-04-22 12:20:00,175.8750,176.0550
AMZN,2025-04-22 12:21:00,176.0600,176.3600
AMZN,2025-04-22 12:22:00,176.3500,176.3100
AMZN,2025-04-22 12:23:00,176.3066,176.5600
AMZN,2025-04-22 12:24:00,176.5493,176.5542
AMZN,2025-04-22 12:25:00,176.5600,176.6050
AMZN,2025-04-22 12:26:00,176.5951,176.5150
AMZN,2025-04-22 12:27:00,176.5200,176.6688
AMZN,2025-04-22 12:28:00,176.6700,176.6000
AMZN,2025-04-22 12:29:00,176.5900,176.5840
AMZN,2025-04-22 12:30:00,176.6000,176.5550
AMZN,2025-04-22 12:31:00,176.5550,176.4900
AMZN,2025-04-22 12:32:00,176.4750,176.5200
AMZN,2025-04-22 12:33:00,176.5177,176.5278
AMZN,2025-04-22 12:34:00,176.5400,176.1900
AMZN,2025-04-22 12:35:00,176.1800,176.2850
AMZN,2025-04-22 12:36:00,176.2900,176.2350
AMZN,2025-04-22 12:37:00,176.2350,175.9750
AMZN,2025-04-22 12:38:00,175.9900,175.9400
AMZN,2025-04-22 12:39:00,175.9300,175.9100
AMZN,2025-04-22 12:40:00,175.9300,175.7700
AMZN,2025-04-22 12:41:00,175.7700,175.5950
AMZN,2025-04-22 12:42:00,175.6100,175.8201
AMZN,2025-04-22 12:43:00,175.8200,175.6922
AMZN,2025-04-22 12:44:00,175.6700,175.7200
AMZN,2025-04-22 12:45:00,175.7400,175.6799
AMZN,2025-04-22 12:46:00,175.6800,175.7300
AMZN,2025-04-22 12:47:00,175.7202,175.6200
AMZN,2025-04-22 12:48:00,175.6200,175.3223
AMZN,2025-04-22 12:49:00,175.3400,175.2100
AMZN,2025-04-22 12:50:00,175.2200,175.3400
AMZN,2025-04-22 12:51:00,175.3300,175.0950
AMZN,2025-04-22 12:52:00,175.1200,174.8900
AMZN,2025-04-22 12:53:00,174.8950,175.1360
AMZN,2025-04-22 12:54:00,175.1250,175.0950
AMZN,2025-04-22 12:55:00,175.1000,175.2850
AMZN,2025-04-22 12:56:00,175.2800,175.3700
AMZN,2025-04-22 12:57:00,175.3700,175.3500
AMZN,2025-04-22 12:58:00,175.3300,175.2200
AMZN,2025-04-22 12:59:00,175.2332,175.3250
AMZN,2025-04-22 13:00:00,175.3250,175.4050
AMZN,2025-04-22 13:01:00,175.4300,175.3000
AMZN,2025-04-22 13:02:00,175.3050,175.3550
AMZN,2025-04-22 13:03:00,175.3500,175.1800
AMZN,2025-04-22 13:04:00,175.1800,175.0250
AMZN,2025-04-22 13:05:00,175.0500,175.0700
AMZN,2025-04-22 13:06:00,175.1000,175.0300
AMZN,2025-04-22 13:07:00,175.0000,174.8200
AMZN,2025-04-22 13:08:00,174.8216,175.2350
AMZN,2025-04-22 13:09:00,175.2350,175.2300
AMZN,2025-04-22 13:10:00,175.2400,174.5400
AMZN,2025-04-22 13:11:00,174.5350,174.1550
AMZN,2025-04-22 13:12:00,174.1357,174.4200
AMZN,2025-04-22 13:13:00,174.4200,174.2000
AMZN,2025-04-22 13:14:00,174.1900,174.2000
AMZN,2025-04-22 13:15:00,174.2250,173.7700
AMZN,2025-04-22 13:16:00,173.7800,173.7700
AMZN,2025-04-22 13:17:00,173.7500,173.8550
AMZN,2025-04-22 13:18:00,173.8471,174.1024
AMZN,2025-04-22 13:19:00,174.0900,173.9450
AMZN,2025-04-22 13:20:00,173.9350,173.7000
AMZN,2025-04-22 13:21:00,173.6780,173.5300
AMZN,2025-04-22 13:22:00,173.5400,173.5001
AMZN,2025-04-22 13:23:00,173.5150,173.5700
AMZN,2025-04-22 13:24:00,173.5400,173.4650
AMZN,2025-04-22 13:25:00,173.4600,173.5900
AMZN,2025-04-22 13:26:00,173.6000,173.7380
AMZN,2025-04-22 13:27:00,173.7500,173.4099
AMZN,2025-04-22 13:28:00,173.4215,173.1250
AMZN,2025-04-22 13:29:00,173.1000,173.0350
AMZN,2025-04-22 13:30:00,173.0350,173.0600
AMZN,2025-04-22 13:31:00,173.0900,173.1800
AMZN,2025-04-22 13:32:00,173.2100,173.3800
AMZN,2025-04-22 13:33:00,173.3600,173.0600
AMZN,2025-04-22 13:34:00,173.1000,173.1750
AMZN,2025-04-22 13:35:00,173.1600,173.3100
AMZN,2025-04-22 13:36:00,173.3300,173.6823
AMZN,2025-04-22 13:37:00,173.6892,173.6900
AMZN,2025-04-22 13:38:00,173.6400,173.6532
AMZN,2025-04-22 13:39:00,173.6300,173.4000
AMZN,2025-04-22 13:40:00,173.4196,173.3700
AMZN,2025-04-22 13:41:00,173.3900,173.3900
AMZN,2025-04-22 13:42:00,173.4050,173.1200
AMZN,2025-04-22 13:43:00,173.1400,173.2600
AMZN,2025-04-22 13:44:00,173.3259,173.3900
AMZN,2025-04-22 13:45:00,173.3900,173.3237
AMZN,2025-04-22 13:46:00,173.3100,173.2200
AMZN,2025-04-22 13:47:00,173.2350,173.2100
AMZN,2025-04-22 13:48:00,173.2350,173.0350
AMZN,2025-04-22 13:49:00,173.0200,172.8900
AMZN,2025-04-22 13:50:00,172.8800,172.9000
AMZN,2025-04-22 13:51:00,172.9000,172.7150
AMZN,2025-04-22 13:52:00,172.7094,172.8700
AMZN,2025-04-22 13:53:00,172.8400,172.8750
AMZN,2025-04-22 13:54:00,172.8750,173.0300
AMZN,2025-04-22 13:55:00,173.0500,173.0300
AMZN,2025-04-22 13:56:00,173.0400,173.0200
AMZN,2025-04-22 13:57:00,173.0600,172.8350
AMZN,2025-04-22 13:58:00,172.8300,173.0000
AMZN,2025-04-22 13:59:00,172.9860,172.8300
AMZN,2025-04-22 14:00:00,172.8300,172.7150
AMZN,2025-04-22 14:01:00,172.6966,172.8950
AMZN,2025-04-22 14:02:00,172.9044,173.0300
AMZN,2025-04-22 14:03:00,173.0000,173.0900
AMZN,2025-04-22 14:04:00,173.0800,173.1700
AMZN,2025-04-22 14:05:00,173.1700,173.2200
AMZN,2025-04-22 14:06:00,173.2400,173.2900
AMZN,2025-04-22 14:07:00,173.2700,173.5499
AMZN,2025-04-22 14:08:00,173.5565,173.3001
AMZN,2025-04-22 14:09:00,173.3150,173.4150
AMZN,2025-04-22 14:10:00,173.4000,173.2370
AMZN,2025-04-22 14:11:00,173.2600,173.3000
AMZN,2025-04-22 14:12:00,173.3150,173.1560
AMZN,2025-04-22 14:13:00,173.1500,173.2100
AMZN,2025-04-22 14:14:00,173.1950,173.2515
AMZN,2025-04-22 14:15:00,173.2500,173.0700
AMZN,2025-04-22 14:16:00,173.0500,172.9500
AMZN,2025-04-22 14:17:00,172.9300,172.8800
AMZN,2025-04-22 14:18:00,172.8900,172.7900
AMZN,2025-04-22 14:19:00,172.7404,172.8050
AMZN,2025-04-22 14:20:00,172.8031,172.9000
AMZN,2025-04-22 14:21:00,172.9062,173.0201
AMZN,2025-04-22 14:22:00,173.0250,173.0500
AMZN,2025-04-22 14:23:00,173.0500,173.2400
AMZN,2025-04-22 14:24:00,173.2400,173.0300
AMZN,2025-04-22 14:25:00,173.0100,173.0700
AMZN,2025-04-22 14:26:00,173.0600,173.0200
AMZN,2025-04-22 14:27:00,173.0201,173.0199
AMZN,2025-04-22 14:28:00,173.0400,172.9700
AMZN,2025-04-22 14:29:00,172.9650,173.0501
AMZN,2025-04-22 14:30:00,173.0600,173.0059
AMZN,2025-04-22 14:31:00,173.0100,172.9700
AMZN,2025-04-22 14:32:00,172.9700,173.0300
AMZN,2025-04-22 14:33:00,173.0300,172.9800
AMZN,2025-04-22 14:34:00,172.9899,173.0100
AMZN,2025-04-22 14:35:00,173.0100,172.9100
AMZN,2025-04-22 14:36:00,172.9100,173.0400
AMZN,2025-04-22 14:37:00,173.0500,173.0550
AMZN,2025-04-22 14:38:00,173.0300,172.8900
AMZN,2025-04-22 14:39:00,172.8900,172.8438
AMZN,2025-04-22 14:40:00,172.8900,172.9500
AMZN,2025-04-22 14:41:00,172.9500,172.9550
AMZN,2025-04-22 14:42:00,172.9500,173.0306
AMZN,2025-04-22 14:43:00,173.0450,173.0550
AMZN,2025-04-22 14:44:00,173.0700,172.9830
AMZN,2025-04-22 14:45:00,173.0000,173.0600
AMZN,2025-04-22 14:46:00,173.0750,173.1300
AMZN,2025-04-22 14:47:00,173.1300,173.0600
AMZN,2025-04-22 14:48:00,173.0650,173.0000
AMZN,2025-04-22 14:49:00,172.9704,173.0486
AMZN,2025-04-22 14:50:00,173.0600,173.1300
AMZN,2025-04-22 14:51:00,173.1200,173.0400
AMZN,2025-04-22 14:52:00,173.0500,173.1099
AMZN,2025-04-22 14:53:00,173.0800,173.3000
AMZN,2025-04-22 14:54:00,173.3000,173.3100
AMZN,2025-04-22 14:55:00,173.3000,173.3600
AMZN,2025-04-22 14:56:00,173.3500,173.2701
AMZN,2025-04-22 14:57:00,173.2650,173.2300
AMZN,2025-04-22 14:58:00,173.2400,173.2750
AMZN,2025-04-22 14:59:00,173.2750,173.2900
AMZN,2025-04-22 15:00:00,173.2700,173.2650
AMZN,2025-04-22 15:01:00,173.2600,173.1325
AMZN,2025-04-22 15:02:00,173.1400,173.0850
AMZN,2025-04-22 15:03:00,173.0900,173.1200
AMZN,2025-04-22 15:04:00,173.1100,173.1200
AMZN,2025-04-22 15:05:00,173.1300,173.0600
AMZN,2025-04-22 15:06:00,173.0600,172.9050
AMZN,2025-04-22 15:07:00,172.9000,172.9500
AMZN,2025-04-22 15:08:00,172.9400,172.9200
AMZN,2025-04-22 15:09:00,172.9100,172.8500
AMZN,2025-04-22 15:10:00,172.8534,172.8750
AMZN,2025-04-22 15:11:00,172.8800,172.7500
AMZN,2025-04-22 15:12:00,172.7550,172.7350
AMZN,2025-04-22 15:13:00,172.7350,172.7501
AMZN,2025-04-22 15:14:00,172.7470,172.6400
AMZN,2025-04-22 15:15:00,172.6500,172.5900
AMZN,2025-04-22 15:16:00,172.5800,172.6150
AMZN,2025-04-22 15:17:00,172.6299,172.5810
AMZN,2025-04-22 15:18:00,172.5700,172.4050
AMZN,2025-04-22 15:19:00,172.4012,172.3888
AMZN,2025-04-22 15:20:00,172.3850,172.2200
AMZN,2025-04-22 15:21:00,172.2300,172.1500
AMZN,2025-04-22 15:22:00,172.1450,172.0900
AMZN,2025-04-22 15:23:00,172.1200,172.0200
AMZN,2025-04-22 15:24:00,172.0100,172.1173
AMZN,2025-04-22 15:25:00,172.1100,172.3027
AMZN,2025-04-22 15:26:00,172.3100,172.2200
AMZN,2025-04-22 15:27:00,172.2100,172.0900
AMZN,2025-04-22 15:28:00,172.1000,172.2499
AMZN,2025-04-22 15:29:00,172.2500,172.2499
AMZN,2025-04-22 15:30:00,172.2350,172.2900
AMZN,2025-04-22 15:31:00,172.3000,172.3300
AMZN,2025-04-22 15:32:00,172.3370,172.2050
AMZN,2025-04-22 15:33:00,172.1770,172.3000
AMZN,2025-04-22 15:34:00,172.3100,172.2500
AMZN,2025-04-22 15:35:00,172.2400,172.4300
AMZN,2025-04-22 15:36:00,172.4400,172.3700
AMZN,2025-04-22 15:37:00,172.3612,172.4100
AMZN,2025-04-22 15:38:00,172.4299,172.2000
AMZN,2025-04-22 15:39:00,172.2000,172.1150
AMZN,2025-04-22 15:40:00,172.1200,172.2100
AMZN,2025-04-22 15:41:00,172.2397,172.3700
AMZN,2025-04-22 15:42:00,172.3700,172.6400
AMZN,2025-04-22 15:43:00,172.6400,172.8250
AMZN,2025-04-22 15:44:00,172.8250,172.9750
AMZN,2025-04-22 15:45:00,172.9500,173.0800
AMZN,2025-04-22 15:46:00,173.1000,173.0900
AMZN,2025-04-22 15:47:00,173.1000,173.2500
AMZN,2025-04-22 15:48:00,173.2400,173.0500
AMZN,2025-04-22 15:49:00,173.0700,173.1700
AMZN,2025-04-22 15:50:00,173.1700,172.8400
AMZN,2025-04-22 15:51:00,172.8400,172.6700
AMZN,2025-04-22 15:52:00,172.7000,172.6350
AMZN,2025-04-22 15:53:00,172.6300,172.7600
AMZN,2025-04-22 15:54:00,172.7875,173.1100
AMZN,2025-04-22 15:55:00,173.1100,172.7050
AMZN,2025-04-22 15:56:00,172.7050,173.2250
AMZN,2025-04-22 15:57:00,173.2300,173.2000
AMZN,2025-04-22 15:58:00,173.1900,173.3600
AMZN,2025-04-22 15:59:00,173.3650,173.1300
AMZN,2025-04-23 09:30:00,183.4500,184.1388
AMZN,2025-04-23 09:31:00,184.1400,184.0750
AMZN,2025-04-23 09:32:00,184.0650,184.2950
AMZN,2025-04-23 09:33:00,184.2947,185.1081
AMZN,2025-04-23 09:34:00,185.0927,184.3280
AMZN,2025-04-23 09:35:00,184.3550,184.5399
AMZN,2025-04-23 09:36:00,184.5100,183.6900
AMZN,2025-04-23 09:37:00,183.7000,185.1150
AMZN,2025-04-23 09:38:00,185.1350,184.7800
AMZN,2025-04-23 09:39:00,184.7400,183.8978
AMZN,2025-04-23 09:40:00,183.8650,184.0850
AMZN,2025-04-23 09:41:00,184.0915,184.4400
AMZN,2025-04-23 09:42:00,184.4620,184.3700
AMZN,2025-04-23 09:43:00,184.3300,184.7825
AMZN,2025-04-23 09:44:00,184.7850,184.9600
AMZN,2025-04-23 09:45:00,184.9500,185.4300
AMZN,2025-04-23 09:46:00,185.4200,185.7698
AMZN,2025-04-23 09:47:00,185.7400,185.9700
AMZN,2025-04-23 09:48:00,185.9700,185.9200
AMZN,2025-04-23 09:49:00,185.9300,186.2900
AMZN,2025-04-23 09:50:00,186.2900,186.3900
AMZN,2025-04-23 09:51:00,186.4000,186.7300
AMZN,2025-04-23 09:52:00,186.7400,185.6000
AMZN,2025-04-23 09:53:00,185.6300,185.7800
AMZN,2025-04-23 09:54:00,185.8083,185.3050
AMZN,2025-04-23 09:55:00,185.3000,184.9600
AMZN,2025-04-23 09:56:00,184.9350,185.2700
AMZN,2025-04-23 09:57:00,185.2668,185.2400
AMZN,2025-04-23 09:58:00,185.2200,185.4450
AMZN,2025-04-23 09:59:00,185.4700,185.8600
AMZN,2025-04-23 10:00:00,185.8800,185.6450
AMZN,2025-04-23 10:01:00,185.6450,185.6100
AMZN,2025-04-23 10:02:00,185.6100,185.7500
AMZN,2025-04-23 10:03:00,185.7800,185.5713
AMZN,2025-04-23 10:04:00,185.5500,185.8400
AMZN,2025-04-23 10:05:00,185.8600,185.5800
AMZN,2025-04-23 10:06:00,185.5800,185.7100
AMZN,2025-04-23 10:07:00,185.7300,185.4150
AMZN,2025-04-23 10:08:00,185.4120,186.0200
AMZN,2025-04-23 10:09:00,186.0400,185.8900
AMZN,2025-04-23 10:10:00,185.8640,185.8100
AMZN,2025-04-23 10:11:00,185.8200,185.9200
AMZN,2025-04-23 10:12:00,185.8800,186.1300
AMZN,2025-04-23 10:13:00,186.1099,185.8800
AMZN,2025-04-23 10:14:00,185.8650,185.8000
AMZN,2025-04-23 10:15:00,185.8108,185.5000
AMZN,2025-04-23 10:16:00,185.4800,185.0300
AMZN,2025-04-23 10:17:00,185.0150,184.7400
AMZN,2025-04-23 10:18:00,184.7400,184.6200
AMZN,2025-04-23 10:19:00,184.5850,184.7500
AMZN,2025-04-23 10:20:00,184.7232,184.6700
AMZN,2025-04-23 10:21:00,184.5900,184.7400
AMZN,2025-04-23 10:22:00,184.7300,185.0895
AMZN,2025-04-23 10:23:00,185.0800,185.7000
AMZN,2025-04-23 10:24:00,185.6500,185.7300
AMZN,2025-04-23 10:25:00,185.7300,185.9785
AMZN,2025-04-23 10:26:00,185.9837,186.1200
AMZN,2025-04-23 10:27:00,186.0700,186.0100
AMZN,2025-04-23 10:28:00,186.0100,186.2000
AMZN,2025-04-23 10:29:00,186.1976,186.1500
AMZN,2025-04-23 10:30:00,186.1000,186.2899
AMZN,2025-04-23 10:31:00,186.2700,186.4300
AMZN,2025-04-23 10:32:00,186.4200,186.4932
AMZN,2025-04-23 10:33:00,186.4850,186.6350
AMZN,2025-04-23 10:34:00,186.6100,186.6700
AMZN,2025-04-23 10:35:00,186.6799,186.8950
AMZN,2025-04-23 10:36:00,186.9000,187.1500
AMZN,2025-04-23 10:37:00,187.1500,187.0500
AMZN,2025-04-23 10:38:00,187.0200,187.1900
AMZN,2025-04-23 10:39:00,187.1525,187.0900
AMZN,2025-04-23 10:40:00,187.0900,187.3300
AMZN,2025-04-23 10:41:00,187.3400,186.9650
AMZN,2025-04-23 10:42:00,186.9400,186.6900
AMZN,2025-04-23 10:43:00,186.6950,186.9100
AMZN,2025-04-23 10:44:00,186.9000,186.9000
AMZN,2025-04-23 10:45:00,186.9000,187.0700
AMZN,2025-04-23 10:46:00,187.1000,186.6300
AMZN,2025-04-23 10:47:00,186.6300,186.8000
AMZN,2025-04-23 10:48:00,186.7650,186.4300
AMZN,2025-04-23 10:49:00,186.4400,186.1600
AMZN,2025-04-23 10:50:00,186.1700,185.7300
AMZN,2025-04-23 10:51:00,185.7200,185.9300
AMZN,2025-04-23 10:52:00,185.9600,185.8300
AMZN,2025-04-23 10:53:00,185.8300,185.5700
AMZN,2025-04-23 10:54:00,185.5850,185.5300
AMZN,2025-04-23 10:55:00,185.5100,185.4800
AMZN,2025-04-23 10:56:00,185.4600,185.3503
AMZN,2025-04-23 10:57:00,185.3576,185.2500
AMZN,2025-04-23 10:58:00,185.2500,185.2637
AMZN,2025-04-23 10:59:00,185.2700,185.2400
AMZN,2025-04-23 11:00:00,185.2300,185.0900
AMZN,2025-04-23 11:01:00,185.0900,184.9300
AMZN,2025-04-23 11:02:00,184.9300,184.7650
AMZN,2025-04-23 11:03:00,184.7797,184.7399
AMZN,2025-04-23 11:04:00,184.7400,185.0300
AMZN,2025-04-23 11:05:00,185.0100,184.6750
AMZN,2025-04-23 11:06:00,184.6900,184.9700
AMZN,2025-04-23 11:07:00,184.9500,184.9100
AMZN,2025-04-23 11:08:00,184.9300,184.9050
AMZN,2025-04-23 11:09:00,184.9100,184.5921
AMZN,2025-04-23 11:10:00,184.5700,184.5300
AMZN,2025-04-23 11:11:00,184.5400,184.3771
AMZN,2025-04-23 11:12:00,184.3700,184.2800
AMZN,2025-04-23 11:13:00,184.2900,184.3750
AMZN,2025-04-23 11:14:00,184.4000,184.2900
AMZN,2025-04-23 11:15:00,184.3000,184.4700
AMZN,2025-04-23 11:16:00,184.4592,184.2500
AMZN,2025-04-23 11:17:00,184.2300,184.1350
AMZN,2025-04-23 11:18:00,184.1300,184.3500
AMZN,2025-04-23 11:19:00,184.3300,184.1800
AMZN,2025-04-23 11:20:00,184.1750,184.1100
AMZN,2025-04-23 11:21:00,184.0900,184.1300
AMZN,2025-04-23 11:22:00,184.1700,184.0850
AMZN,2025-04-23 11:23:00,184.1100,183.2500
AMZN,2025-04-23 11:24:00,183.1920,183.5400
AMZN,2025-04-23 11:25:00,183.5400,183.6700
AMZN,2025-04-23 11:26:00,183.6600,183.2200
AMZN,2025-04-23 11:27:00,183.2000,183.3600
AMZN,2025-04-23 11:28:00,183.3450,183.0017
AMZN,2025-04-23 11:29:00,183.0000,183.2675
AMZN,2025-04-23 11:30:00,183.2800,183.2500
AMZN,2025-04-23 11:31:00,183.2100,182.9700
AMZN,2025-04-23 11:32:00,182.9800,182.4550
AMZN,2025-04-23 11:33:00,182.4370,182.7401
AMZN,2025-04-23 11:34:00,182.7450,183.1100
AMZN,2025-04-23 11:35:00,183.1000,182.9000
AMZN,2025-04-23 11:36:00,182.9600,182.9600
AMZN,2025-04-23 11:37:00,182.9600,183.1250
AMZN,2025-04-23 11:38:00,183.1000,183.1000
AMZN,2025-04-23 11:39:00,183.0800,183.1800
AMZN,2025-04-23 11:40:00,183.1700,183.3900
AMZN,2025-04-23 11:41:00,183.4000,183.4000
AMZN,2025-04-23 11:42:00,183.3800,183.0308
AMZN,2025-04-23 11:43:00,183.0160,182.7750
AMZN,2025-04-23 11:44:00,182.7800,182.5450
AMZN,2025-04-23 11:45:00,182.5700,182.7100
AMZN,2025-04-23 11:46:00,182.7100,182.2200
AMZN,2025-04-23 11:47:00,182.2150,182.0350
AMZN,2025-04-23 11:48:00,182.0500,181.8010
AMZN,2025-04-23 11:49:00,181.8100,181.7650
AMZN,2025-04-23 11:50:00,181.7800,182.0500
AMZN,2025-04-23 11:51:00,182.0700,181.8250
AMZN,2025-04-23 11:52:00,181.8103,181.8600
AMZN,2025-04-23 11:53:00,181.9000,181.9630
AMZN,2025-04-23 11:54:00,181.9400,182.3250
AMZN,2025-04-23 11:55:00,182.3700,182.6450
AMZN,2025-04-23 11:56:00,182.6550,182.6900
AMZN,2025-04-23 11:57:00,182.7000,182.7500
AMZN,2025-04-23 11:58:00,182.7250,182.5897
AMZN,2025-04-23 11:59:00,182.5800,182.4600
AMZN,2025-04-23 12:00:00,182.4600,182.1600
AMZN,2025-04-23 12:01:00,182.1400,182.0900
AMZN,2025-04-23 12:02:00,182.0600,181.9456
AMZN,2025-04-23 12:03:00,181.9900,182.1200
AMZN,2025-04-23 12:04:00,182.1503,182.2196
AMZN,2025-04-23 12:05:00,182.2000,182.1850
AMZN,2025-04-23 12:06:00,182.1850,181.8300
AMZN,2025-04-23 12:07:00,181.8616,181.9300
AMZN,2025-04-23 12:08:00,181.9300,181.7404
AMZN,2025-04-23 12:09:00,181.7400,181.5600
AMZN,2025-04-23 12:10:00,181.5350,181.7553
AMZN,2025-04-23 12:11:00,181.7866,181.5700
AMZN,2025-04-23 12:12:00,181.5500,181.3488
AMZN,2025-04-23 12:13:00,181.3500,181.7400
AMZN,2025-04-23 12:14:00,181.7500,181.6600
AMZN,2025-04-23 12:15:00,181.6500,181.7200
AMZN,2025-04-23 12:16:00,181.6900,181.6900
AMZN,2025-04-23 12:17:00,181.6750,181.6700
AMZN,2025-04-23 12:18:00,181.6600,181.3900
AMZN,2025-04-23 12:19:00,181.3700,181.2550
AMZN,2025-04-23 12:20:00,181.2650,181.2200
AMZN,2025-04-23 12:21:00,181.2080,181.1200
AMZN,2025-04-23 12:22:00,181.1250,181.1600
AMZN,2025-04-23 12:23:00,181.1550,181.3714
AMZN,2025-04-23 12:24:00,181.3600,181.2300
AMZN,2025-04-23 12:25:00,181.2220,181.2800
AMZN,2025-04-23 12:26:00,181.2303,181.0436
AMZN,2025-04-23 12:27:00,181.0476,181.3300
AMZN,2025-04-23 12:28:00,181.3500,181.7249
AMZN,2025-04-23 12:29:00,181.7400,181.9500
AMZN,2025-04-23 12:30:00,181.9596,182.0810
AMZN,2025-04-23 12:31:00,182.0750,182.0400
AMZN,2025-04-23 12:32:00,182.0500,181.9800
AMZN,2025-04-23 12:33:00,181.9650,182.1396
AMZN,2025-04-23 12:34:00,182.1000,182.0116
AMZN,2025-04-23 12:35:00,181.9994,182.2314
AMZN,2025-04-23 12:36:00,182.2500,182.2100
AMZN,2025-04-23 12:37:00,182.2100,182.3300
AMZN,2025-04-23 12:38:00,182.3508,182.2600
AMZN,2025-04-23 12:39:00,182.2793,181.9900
AMZN,2025-04-23 12:40:00,181.9650,181.9600
AMZN,2025-04-23 12:41:00,181.9300,181.8700
AMZN,2025-04-23 12:42:00,181.8300,181.6800
AMZN,2025-04-23 12:43:00,181.6800,181.7700
AMZN,2025-04-23 12:44:00,181.7700,181.6000
AMZN,2025-04-23 12:45:00,181.6056,181.7500
AMZN,2025-04-23 12:46:00,181.7300,181.4450
AMZN,2025-04-23 12:47:00,181.4400,181.4850
AMZN,2025-04-23 12:48:00,181.4850,181.3000
AMZN,2025-04-23 12:49:00,181.3150,181.1150
AMZN,2025-04-23 12:50:00,181.1000,181.0666
AMZN,2025-04-23 12:51:00,181.0650,181.3204
AMZN,2025-04-23 12:52:00,181.3200,181.3000
AMZN,2025-04-23 12:53:00,181.3100,181.4200
AMZN,2025-04-23 12:54:00,181.4500,181.4718
AMZN,2025-04-23 12:55:00,181.4500,181.7700
AMZN,2025-04-23 12:56:00,181.7664,181.9042
AMZN,2025-04-23 12:57:00,181.9350,182.1600
AMZN,2025-04-23 12:58:00,182.1785,182.2400
AMZN,2025-04-23 12:59:00,182.2600,182.2000
AMZN,2025-04-23 13:00:00,182.1900,181.7600
AMZN,2025-04-23 13:01:00,181.7600,181.8300
AMZN,2025-04-23 13:02:00,181.8600,181.9250
AMZN,2025-04-23 13:03:00,181.9100,181.9100
AMZN,2025-04-23 13:04:00,181.9150,181.9700
AMZN,2025-04-23 13:05:00,181.9589,182.0200
AMZN,2025-04-23 13:06:00,182.0400,182.2200
AMZN,2025-04-23 13:07:00,182.2168,182.1501
AMZN,2025-04-23 13:08:00,182.1900,182.3744
AMZN,2025-04-23 13:09:00,182.3600,182.2632
AMZN,2025-04-23 13:10:00,182.2800,182.2099
AMZN,2025-04-23 13:11:00,182.1932,182.1600
AMZN,2025-04-23 13:12:00,182.1700,182.0500
AMZN,2025-04-23 13:13:00,182.0800,182.0150
AMZN,2025-04-23 13:14:00,182.0150,182.1500
AMZN,2025-04-23 13:15:00,182.1400,182.1300
AMZN,2025-04-23 13:16:00,182.1388,182.1450
AMZN,2025-04-23 13:17:00,182.1265,182.2696
AMZN,2025-04-23 13:18:00,182.2650,182.2900
AMZN,2025-04-23 13:19:00,182.3000,182.3107
AMZN,2025-04-23 13:20:00,182.3200,182.3000
AMZN,2025-04-23 13:21:00,182.3200,182.5080
AMZN,2025-04-23 13:22:00,182.5000,182.4300
AMZN,2025-04-23 13:23:00,182.4200,182.3000
AMZN,2025-04-23 13:24:00,182.2892,182.3200
AMZN,2025-04-23 13:25:00,182.3300,182.3700
AMZN,2025-04-23 13:26:00,182.3450,182.1000
AMZN,2025-04-23 13:27:00,182.1000,182.3600
AMZN,2025-04-23 13:28:00,182.3600,182.1700
AMZN,2025-04-23 13:29:00,182.1900,181.9600
AMZN,2025-04-23 13:30:00,181.9900,181.9200
AMZN,2025-04-23 13:31:00,181.9100,181.7501
AMZN,2025-04-23 13:32:00,181.7650,181.8600
AMZN,2025-04-23 13:33:00,181.8600,181.6300
AMZN,2025-04-23 13:34:00,181.6550,181.5800
AMZN,2025-04-23 13:35:00,181.5900,181.5600
AMZN,2025-04-23 13:36:00,181.5400,181.7100
AMZN,2025-04-23 13:37:00,181.7150,181.5200
AMZN,2025-04-23 13:38:00,181.5100,181.5300
AMZN,2025-04-23 13:39:00,181.5200,181.5600
AMZN,2025-04-23 13:40:00,181.5650,181.5150
AMZN,2025-04-23 13:41:00,181.5001,181.5700
AMZN,2025-04-23 13:42:00,181.5650,181.5700
AMZN,2025-04-23 13:43:00,181.5500,181.7700
AMZN,2025-04-23 13:44:00,181.7600,181.9100
AMZN,2025-04-23 13:45:00,181.9300,181.6766
AMZN,2025-04-23 13:46:00,181.7000,181.9150
AMZN,2025-04-23 13:47:00,181.9288,181.7500
AMZN,2025-04-23 13:48:00,181.7300,181.6650
AMZN,2025-04-23 13:49:00,181.6531,181.7400
AMZN,2025-04-23 13:50:00,181.7200,181.6600
AMZN,2025-04-23 13:51:00,181.6700,181.7290
AMZN,2025-04-23 13:52:00,181.7150,181.8800
AMZN,2025-04-23 13:53:00,181.8850,182.0700
AMZN,2025-04-23 13:54:00,182.0900,182.2150
AMZN,2025-04-23 13:55:00,182.2300,182.3068
AMZN,2025-04-23 13:56:00,182.3100,182.4600
AMZN,2025-04-23 13:57:00,182.4400,182.4700
AMZN,2025-04-23 13:58:00,182.4900,182.4200
AMZN,2025-04-23 13:59:00,182.4378,182.2606
AMZN,2025-04-23 14:00:00,182.2800,182.2900
AMZN,2025-04-23 14:01:00,182.2953,182.3150
AMZN,2025-04-23 14:02:00,182.3200,182.1600
AMZN,2025-04-23 14:03:00,182.1800,181.8650
AMZN,2025-04-23 14:04:00,181.8800,182.0400
AMZN,2025-04-23 14:05:00,182.0600,182.2100
AMZN,2025-04-23 14:06:00,182.2350,182.0750
AMZN,2025-04-23 14:07:00,182.0900,182.1500
AMZN,2025-04-23 14:08:00,182.1522,182.3600
AMZN,2025-04-23 14:09:00,182.3600,182.2950
AMZN,2025-04-23 14:10:00,182.2800,182.3300
AMZN,2025-04-23 14:11:00,182.3500,182.5200
AMZN,2025-04-23 14:12:00,182.5100,182.5900
AMZN,2025-04-23 14:13:00,182.6100,182.6200
AMZN,2025-04-23 14:14:00,182.6300,182.3100
AMZN,2025-04-23 14:15:00,182.3200,182.5100
AMZN,2025-04-23 14:16:00,182.4900,182.3900
AMZN,2025-04-23 14:17:00,182.4000,182.2400
AMZN,2025-04-23 14:18:00,182.2400,182.0700
AMZN,2025-04-23 14:19:00,182.0737,182.1900
AMZN,2025-04-23 14:20:00,182.1500,182.3790
AMZN,2025-04-23 14:21:00,182.3500,182.4800
AMZN,2025-04-23 14:22:00,182.4750,182.3250
AMZN,2025-04-23 14:23:00,182.2979,181.9528
AMZN,2025-04-23 14:24:00,181.9300,182.0200
AMZN,2025-04-23 14:25:00,181.9900,181.8652
AMZN,2025-04-23 14:26:00,181.8300,181.8883
AMZN,2025-04-23 14:27:00,181.8774,181.8750
AMZN,2025-04-23 14:28:00,181.8600,181.6800
AMZN,2025-04-23 14:29:00,181.6600,181.6300
AMZN,2025-04-23 14:30:00,181.6300,181.7850
AMZN,2025-04-23 14:31:00,181.8100,182.0500
AMZN,2025-04-23 14:32:00,182.0900,182.0100
AMZN,2025-04-23 14:33:00,182.0300,181.9000
AMZN,2025-04-23 14:34:00,181.8600,181.7600
AMZN,2025-04-23 14:35:00,181.7700,181.7950
AMZN,2025-04-23 14:36:00,181.8100,181.7700
AMZN,2025-04-23 14:37:00,181.7800,181.8500
AMZN,2025-04-23 14:38:00,181.8796,181.9200
AMZN,2025-04-23 14:39:00,181.9200,181.9750
AMZN,2025-04-23 14:40:00,181.9700,181.8300
AMZN,2025-04-23 14:41:00,181.8300,181.8631
AMZN,2025-04-23 14:42:00,181.8300,181.8400
AMZN,2025-04-23 14:43:00,181.8300,181.7085
AMZN,2025-04-23 14:44:00,181.6850,181.5600
AMZN,2025-04-23 14:45:00,181.5650,181.7100
AMZN,2025-04-23 14:46:00,181.7200,181.6400
AMZN,2025-04-23 14:47:00,181.6300,181.9200
AMZN,2025-04-23 14:48:00,181.9100,181.9100
AMZN,2025-04-23 14:49:00,181.9300,181.9205
AMZN,2025-04-23 14:50:00,181.9101,181.7400
AMZN,2025-04-23 14:51:00,181.7300,181.6450
AMZN,2025-04-23 14:52:00,181.6300,181.6800
AMZN,2025-04-23 14:53:00,181.6800,181.5833
AMZN,2025-04-23 14:54:00,181.5500,181.6900
AMZN,2025-04-23 14:55:00,181.6900,181.8408
AMZN,2025-04-23 14:56:00,181.8400,182.1300
AMZN,2025-04-23 14:57:00,182.1500,182.0000
AMZN,2025-04-23 14:58:00,181.9750,182.0900
AMZN,2025-04-23 14:59:00,182.0750,181.8300
AMZN,2025-04-23 15:00:00,181.7900,181.9400
AMZN,2025-04-23 15:01:00,181.9500,181.6399
AMZN,2025-04-23 15:02:00,181.6500,181.4192
AMZN,2025-04-23 15:03:00,181.4100,181.4400
AMZN,2025-04-23 15:04:00,181.4500,181.2200
AMZN,2025-04-23 15:05:00,181.2700,181.3550
AMZN,2025-04-23 15:06:00,181.3800,181.3801
AMZN,2025-04-23 15:07:00,181.3700,181.4800
AMZN,2025-04-23 15:08:00,181.5000,181.5156
AMZN,2025-04-23 15:09:00,181.5200,181.3200
AMZN,2025-04-23 15:10:00,181.3400,181.3600
AMZN,2025-04-23 15:11:00,181.4095,181.5500
AMZN,2025-04-23 15:12:00,181.5200,181.4000
AMZN,2025-04-23 15:13:00,181.4050,181.4400
AMZN,2025-04-23 15:14:00,181.4650,181.4350
AMZN,2025-04-23 15:15:00,181.4300,181.2700
AMZN,2025-04-23 15:16:00,181.2800,181.3880
AMZN,2025-04-23 15:17:00,181.3900,181.4500
AMZN,2025-04-23 15:18:00,181.4534,181.3000
AMZN,2025-04-23 15:19:00,181.3027,181.2000
AMZN,2025-04-23 15:20:00,181.2000,181.1500
AMZN,2025-04-23 15:21:00,181.1370,181.1700
AMZN,2025-04-23 15:22:00,181.1700,180.8825
AMZN,2025-04-23 15:23:00,180.8750,180.7726
AMZN,2025-04-23 15:24:00,180.7600,180.7300
AMZN,2025-04-23 15:25:00,180.7200,180.7600
AMZN,2025-04-23 15:26:00,180.7500,180.9500
AMZN,2025-04-23 15:27:00,180.9400,181.0483
AMZN,2025-04-23 15:28:00,181.0500,180.8700
AMZN,2025-04-23 15:29:00,180.8855,180.8500
AMZN,2025-04-23 15:30:00,180.8600,180.9200
AMZN,2025-04-23 15:31:00,180.9100,181.0150
AMZN,2025-04-23 15:32:00,181.0200,180.9600
AMZN,2025-04-23 15:33:00,180.9429,181.0050
AMZN,2025-04-23 15:34:00,181.0100,180.6900
AMZN,2025-04-23 15:35:00,180.6700,180.4700
AMZN,2025-04-23 15:36:00,180.4700,180.3200
AMZN,2025-04-23 15:37:00,180.3200,180.2500
AMZN,2025-04-23 15:38:00,180.2300,180.2750
AMZN,2025-04-23 15:39:00,180.2750,180.4450
AMZN,2025-04-23 15:40:00,180.4600,180.5700
AMZN,2025-04-23 15:41:00,180.5800,180.5750
AMZN,2025-04-23 15:42:00,180.5950,180.4200
AMZN,2025-04-23 15:43:00,180.4200,180.4200
AMZN,2025-04-23 15:44:00,180.4300,180.5650
AMZN,2025-04-23 15:45:00,180.5700,180.7750
AMZN,2025-04-23 15:46:00,180.8000,180.6500
AMZN,2025-04-23 15:47:00,180.6500,180.8100
AMZN,2025-04-23 15:48:00,180.8000,180.8250
AMZN,2025-04-23 15:49:00,180.8400,180.9350
AMZN,2025-04-23 15:50:00,180.9500,181.2900
AMZN,2025-04-23 15:51:00,181.3000,181.2537
AMZN,2025-04-23 15:52:00,181.2400,181.4700
AMZN,2025-04-23 15:53:00,181.4600,181.4600
AMZN,2025-04-23 15:54:00,181.4600,181.4200
AMZN,2025-04-23 15:55:00,181.4250,181.3850
AMZN,2025-04-23 15:56:00,181.4000,181.1900
AMZN,2025-04-23 15:57:00,181.2000,181.0800
AMZN,2025-04-23 15:58:00,181.0700,181.0442
AMZN,2025-04-23 15:59:00,181.0400,180.5400
AMZN,2025-04-24 09:30:00,180.9150,180.4450
AMZN,2025-04-24 09:31:00,180.4700,181.4700
AMZN,2025-04-24 09:32:00,181.4800,181.1400
AMZN,2025-04-24 09:33:00,181.1100,181.4100
AMZN,2025-04-24 09:34:00,181.4500,181.5250
AMZN,2025-04-24 09:35:00,181.5100,180.9100
AMZN,2025-04-24 09:36:00,180.9200,180.9600
AMZN,2025-04-24 09:37:00,180.9937,180.7800
AMZN,2025-04-24 09:38:00,180.7800,181.2850
AMZN,2025-04-24 09:39:00,181.3000,181.2871
AMZN,2025-04-24 09:40:00,181.2800,181.4904
AMZN,2025-04-24 09:41:00,181.4900,181.5350
AMZN,2025-04-24 09:42:00,181.5300,181.5350
AMZN,2025-04-24 09:43:00,181.5350,181.4702
AMZN,2025-04-24 09:44:00,181.4900,181.2300
AMZN,2025-04-24 09:45:00,181.2150,181.5960
AMZN,2025-04-24 09:46:00,181.5900,182.0650
AMZN,2025-04-24 09:47:00,182.1000,182.0180
AMZN,2025-04-24 09:48:00,182.0350,181.4900
AMZN,2025-04-24 09:49:00,181.4500,181.5300
AMZN,2025-04-24 09:50:00,181.5399,181.5851
AMZN,2025-04-24 09:51:00,181.6023,181.5297
AMZN,2025-04-24 09:52:00,181.5150,181.4038
AMZN,2025-04-24 09:53:00,181.4200,181.5735
AMZN,2025-04-24 09:54:00,181.5800,181.6992
AMZN,2025-04-24 09:55:00,181.6707,181.5039
AMZN,2025-04-24 09:56:00,181.4950,181.7203
AMZN,2025-04-24 09:57:00,181.7500,182.2200
AMZN,2025-04-24 09:58:00,182.2300,182.3800
AMZN,2025-04-24 09:59:00,182.3600,182.5050
AMZN,2025-04-24 10:00:00,182.5100,182.8000
AMZN,2025-04-24 10:01:00,182.7900,183.0699
AMZN,2025-04-24 10:02:00,183.0650,182.7500
AMZN,2025-04-24 10:03:00,182.7494,182.4800
AMZN,2025-04-24 10:04:00,182.5000,182.1460
AMZN,2025-04-24 10:05:00,182.1800,182.1800
AMZN,2025-04-24 10:06:00,182.1999,182.2650
AMZN,2025-04-24 10:07:00,182.2450,182.5500
AMZN,2025-04-24 10:08:00,182.5700,182.6600
AMZN,2025-04-24 10:09:00,182.6550,182.6150
AMZN,2025-04-24 10:10:00,182.6150,182.2650
AMZN,2025-04-24 10:11:00,182.2650,182.1800
AMZN,2025-04-24 10:12:00,182.1800,182.0900
AMZN,2025-04-24 10:13:00,182.1000,182.4250
AMZN,2025-04-24 10:14:00,182.4700,182.5350
AMZN,2025-04-24 10:15:00,182.5400,182.4900
AMZN,2025-04-24 10:16:00,182.5066,182.3700
AMZN,2025-04-24 10:17:00,182.3200,182.1990
AMZN,2025-04-24 10:18:00,182.2088,182.4000
AMZN,2025-04-24 10:19:00,182.3850,182.5900
AMZN,2025-04-24 10:20:00,182.5800,182.7350
AMZN,2025-04-24 10:21:00,182.7300,182.6600
AMZN,2025-04-24 10:22:00,182.6900,182.8850
AMZN,2025-04-24 10:23:00,182.9000,182.6624
AMZN,2025-04-24 10:24:00,182.6378,182.6850
AMZN,2025-04-24 10:25:00,182.7000,182.8900
AMZN,2025-04-24 10:26:00,182.8700,183.1500
AMZN,2025-04-24 10:27:00,183.1300,183.4100
AMZN,2025-04-24 10:28:00,183.4000,183.5898
AMZN,2025-04-24 10:29:00,183.5700,183.7250
AMZN,2025-04-24 10:30:00,183.7200,183.7057
AMZN,2025-04-24 10:31:00,183.7599,183.5000
AMZN,2025-04-24 10:32:00,183.4950,183.6900
AMZN,2025-04-24 10:33:00,183.6950,183.6600
AMZN,2025-04-24 10:34:00,183.6500,183.9101
AMZN,2025-04-24 10:35:00,183.9250,184.0157
AMZN,2025-04-24 10:36:00,184.0200,184.1100
AMZN,2025-04-24 10:37:00,184.1250,184.3303
AMZN,2025-04-24 10:38:00,184.3350,184.1000
AMZN,2025-04-24 10:39:00,184.0600,184.1100
AMZN,2025-04-24 10:40:00,184.1150,184.4250
AMZN,2025-04-24 10:41:00,184.4250,184.2350
AMZN,2025-04-24 10:42:00,184.2200,183.8800
AMZN,2025-04-24 10:43:00,183.9000,183.7350
AMZN,2025-04-24 10:44:00,183.7400,183.5000
AMZN,2025-04-24 10:45:00,183.5100,183.6600
AMZN,2025-04-24 10:46:00,183.6400,183.9000
AMZN,2025-04-24 10:47:00,183.8800,183.6300
AMZN,2025-04-24 10:48:00,183.6350,183.6950
AMZN,2025-04-24 10:49:00,183.6924,184.1100
AMZN,2025-04-24 10:50:00,184.1200,184.2400
AMZN,2025-04-24 10:51:00,184.2550,184.2100
AMZN,2025-04-24 10:52:00,184.2100,183.9150
AMZN,2025-04-24 10:53:00,183.9000,184.1600
AMZN,2025-04-24 10:54:00,184.1492,184.2800
AMZN,2025-04-24 10:55:00,184.2802,184.3500
AMZN,2025-04-24 10:56:00,184.3550,184.3250
AMZN,2025-04-24 10:57:00,184.3250,184.4700
AMZN,2025-04-24 10:58:00,184.4812,184.2000
AMZN,2025-04-24 10:59:00,184.1900,184.2100
AMZN,2025-04-24 11:00:00,184.2100,184.3650
AMZN,2025-04-24 11:01:00,184.3800,184.2600
AMZN,2025-04-24 11:02:00,184.2750,184.2700
AMZN,2025-04-24 11:03:00,184.2550,184.2150
AMZN,2025-04-24 11:04:00,184.2100,184.5250
AMZN,2025-04-24 11:05:00,184.5400,184.5500
AMZN,2025-04-24 11:06:00,184.5587,184.5433
AMZN,2025-04-24 11:07:00,184.5300,184.6300
AMZN,2025-04-24 11:08:00,184.6150,184.7850
AMZN,2025-04-24 11:09:00,184.7700,184.7300
AMZN,2025-04-24 11:10:00,184.7350,184.6550
AMZN,2025-04-24 11:11:00,184.6500,184.7600
AMZN,2025-04-24 11:12:00,184.7700,184.6001
AMZN,2025-04-24 11:13:00,184.6000,184.8100
AMZN,2025-04-24 11:14:00,184.8200,184.7650
AMZN,2025-04-24 11:15:00,184.7500,184.7100
AMZN,2025-04-24 11:16:00,184.6720,184.6850
AMZN,2025-04-24 11:17:00,184.6900,184.8800
AMZN,2025-04-24 11:18:00,184.8700,184.8650
AMZN,2025-04-24 11:19:00,184.8700,184.5450
AMZN,2025-04-24 11:20:00,184.5300,184.6400
AMZN,2025-04-24 11:21:00,184.6400,184.6920
AMZN,2025-04-24 11:22:00,184.7100,184.4900
AMZN,2025-04-24 11:23:00,184.4800,184.3750
AMZN,2025-04-24 11:24:00,184.3650,184.5200
AMZN,2025-04-24 11:25:00,184.5300,184.5550
AMZN,2025-04-24 11:26:00,184.5700,184.6500
AMZN,2025-04-24 11:27:00,184.6600,184.5050
AMZN,2025-04-24 11:28:00,184.4965,184.5000
AMZN,2025-04-24 11:29:00,184.5000,184.3832
AMZN,2025-04-24 11:30:00,184.3800,184.2803
AMZN,2025-04-24 11:31:00,184.2600,184.3100
AMZN,2025-04-24 11:32:00,184.3169,184.2900
AMZN,2025-04-24 11:33:00,184.2800,184.2100
AMZN,2025-04-24 11:34:00,184.2200,184.3969
AMZN,2025-04-24 11:35:00,184.3850,184.4710
AMZN,2025-04-24 11:36:00,184.4750,184.4300
AMZN,2025-04-24 11:37:00,184.4500,184.4000
AMZN,2025-04-24 11:38:00,184.4000,184.6800
AMZN,2025-04-24 11:39:00,184.6600,184.5800
AMZN,2025-04-24 11:40:00,184.5900,184.5500
AMZN,2025-04-24 11:41:00,184.5474,184.5800
AMZN,2025-04-24 11:42:00,184.5900,184.3900
AMZN,2025-04-24 11:43:00,184.3900,184.3300
AMZN,2025-04-24 11:44:00,184.3350,184.3300
AMZN,2025-04-24 11:45:00,184.3400,184.3497
AMZN,2025-04-24 11:46:00,184.3500,184.6200
AMZN,2025-04-24 11:47:00,184.6103,184.5200
AMZN,2025-04-24 11:48:00,184.5300,184.4400
AMZN,2025-04-24 11:49:00,184.4600,184.6100
AMZN,2025-04-24 11:50:00,184.6050,184.3600
AMZN,2025-04-24 11:51:00,184.3400,184.3500
AMZN,2025-04-24 11:52:00,184.3400,184.5700
AMZN,2025-04-24 11:53:00,184.5600,184.8400
AMZN,2025-04-24 11:54:00,184.8400,184.9550
AMZN,2025-04-24 11:55:00,184.9600,185.1600
AMZN,2025-04-24 11:56:00,185.1650,184.8197
AMZN,2025-04-24 11:57:00,184.8000,184.7200
AMZN,2025-04-24 11:58:00,184.7300,184.6900
AMZN,2025-04-24 11:59:00,184.6850,184.4750
AMZN,2025-04-24 12:00:00,184.4900,184.5550
AMZN,2025-04-24 12:01:00,184.5600,184.5500
AMZN,2025-04-24 12:02:00,184.5200,184.6600
AMZN,2025-04-24 12:03:00,184.6200,184.6532
AMZN,2025-04-24 12:04:00,184.6400,184.7560
AMZN,2025-04-24 12:05:00,184.7432,184.6300
AMZN,2025-04-24 12:06:00,184.6465,184.5299
AMZN,2025-04-24 12:07:00,184.5297,184.3100
AMZN,2025-04-24 12:08:00,184.3100,184.2300
AMZN,2025-04-24 12:09:00,184.2500,184.1997
AMZN,2025-04-24 12:10:00,184.1700,184.2972
AMZN,2025-04-24 12:11:00,184.3000,184.4100
AMZN,2025-04-24 12:12:00,184.4199,184.6100
AMZN,2025-04-24 12:13:00,184.6100,184.7400
AMZN,2025-04-24 12:14:00,184.7300,184.6499
AMZN,2025-04-24 12:15:00,184.6500,184.8296
AMZN,2025-04-24 12:16:00,184.8100,184.9100
AMZN,2025-04-24 12:17:00,184.9042,185.0301
AMZN,2025-04-24 12:18:00,185.0400,185.0100
AMZN,2025-04-24 12:19:00,185.0100,184.9138
AMZN,2025-04-24 12:20:00,184.9200,184.9200
AMZN,2025-04-24 12:21:00,184.9265,184.8950
AMZN,2025-04-24 12:22:00,184.9000,184.9500
AMZN,2025-04-24 12:23:00,184.9500,185.1000
AMZN,2025-04-24 12:24:00,185.1100,184.8600
AMZN,2025-04-24 12:25:00,184.8791,184.9150
AMZN,2025-04-24 12:26:00,184.9297,184.8000
AMZN,2025-04-24 12:27:00,184.7900,184.8150
AMZN,2025-04-24 12:28:00,184.8150,185.0600
AMZN,2025-04-24 12:29:00,185.0600,185.0300
AMZN,2025-04-24 12:30:00,185.0200,185.0625
AMZN,2025-04-24 12:31:00,185.0700,185.0650
AMZN,2025-04-24 12:32:00,185.0500,185.1200
AMZN,2025-04-24 12:33:00,185.1008,185.0900
AMZN,2025-04-24 12:34:00,185.1100,185.1300
AMZN,2025-04-24 12:35:00,185.1514,185.2500
AMZN,2025-04-24 12:36:00,185.2600,185.4191
AMZN,2025-04-24 12:37:00,185.4100,185.4110
AMZN,2025-04-24 12:38:00,185.4100,185.3500
AMZN,2025-04-24 12:39:00,185.3500,185.3700
AMZN,2025-04-24 12:40:00,185.3500,185.2500
AMZN,2025-04-24 12:41:00,185.2400,185.1200
AMZN,2025-04-24 12:42:00,185.1399,185.2300
AMZN,2025-04-24 12:43:00,185.2300,185.2450
AMZN,2025-04-24 12:44:00,185.2200,185.1600
AMZN,2025-04-24 12:45:00,185.1800,184.9800
AMZN,2025-04-24 12:46:00,184.9650,185.0500
AMZN,2025-04-24 12:47:00,185.0500,185.1384
AMZN,2025-04-24 12:48:00,185.1450,185.2100
AMZN,2025-04-24 12:49:00,185.2200,185.1333
AMZN,2025-04-24 12:50:00,185.1500,185.1100
AMZN,2025-04-24 12:51:00,185.1400,185.1400
AMZN,2025-04-24 12:52:00,185.1600,185.1100
AMZN,2025-04-24 12:53:00,185.1100,184.9703
AMZN,2025-04-24 12:54:00,184.9800,184.9850
AMZN,2025-04-24 12:55:00,184.9900,185.1615
AMZN,2025-04-24 12:56:00,185.1699,185.2903
AMZN,2025-04-24 12:57:00,185.3100,185.5400
AMZN,2025-04-24 12:58:00,185.5499,185.6450
AMZN,2025-04-24 12:59:00,185.6300,185.4650
AMZN,2025-04-24 13:00:00,185.4800,185.2700
AMZN,2025-04-24 13:01:00,185.2900,185.1500
AMZN,2025-04-24 13:02:00,185.1600,185.1900
AMZN,2025-04-24 13:03:00,185.2000,185.2900
AMZN,2025-04-24 13:04:00,185.2800,185.1750
AMZN,2025-04-24 13:05:00,185.1750,185.1759
AMZN,2025-04-24 13:06:00,185.1700,185.0700
AMZN,2025-04-24 13:07:00,185.0300,185.1499
AMZN,2025-04-24 13:08:00,185.1600,185.1600
AMZN,2025-04-24 13:09:00,185.1680,184.9650
AMZN,2025-04-24 13:10:00,184.9850,185.0250
AMZN,2025-04-24 13:11:00,185.0250,185.0950
AMZN,2025-04-24 13:12:00,185.0950,185.2600
AMZN,2025-04-24 13:13:00,185.2500,185.2700
AMZN,2025-04-24 13:14:00,185.2700,185.3200
AMZN,2025-04-24 13:15:00,185.3386,185.2150
AMZN,2025-04-24 13:16:00,185.2550,185.0100
AMZN,2025-04-24 13:17:00,185.0192,184.9100
AMZN,2025-04-24 13:18:00,184.9100,184.7200
AMZN,2025-04-24 13:19:00,184.7100,184.7694
AMZN,2025-04-24 13:20:00,184.7796,184.7650
AMZN,2025-04-24 13:21:00,184.7500,184.8800
AMZN,2025-04-24 13:22:00,184.8600,185.0600
AMZN,2025-04-24 13:23:00,185.0626,185.1338
AMZN,2025-04-24 13:24:00,185.1100,185.1700
AMZN,2025-04-24 13:25:00,185.1800,185.3600
AMZN,2025-04-24 13:26:00,185.3800,185.4251
AMZN,2025-04-24 13:27:00,185.4300,185.3100
AMZN,2025-04-24 13:28:00,185.3350,185.3778
AMZN,2025-04-24 13:29:00,185.3791,185.3000
AMZN,2025-04-24 13:30:00,185.3100,185.5398
AMZN,2025-04-24 13:31:00,185.5400,185.3100
AMZN,2025-04-24 13:32:00,185.3300,185.1700
AMZN,2025-04-24 13:33:00,185.1703,185.0500
AMZN,2025-04-24 13:34:00,185.0400,184.8750
AMZN,2025-04-24 13:35:00,184.8750,184.8200
AMZN,2025-04-24 13:36:00,184.8500,185.0156
AMZN,2025-04-24 13:37:00,185.0200,185.0300
AMZN,2025-04-24 13:38:00,185.0300,185.0200
AMZN,2025-04-24 13:39:00,185.0200,184.9000
AMZN,2025-04-24 13:40:00,184.9485,184.8850
AMZN,2025-04-24 13:41:00,184.8600,184.7800
AMZN,2025-04-24 13:42:00,184.7800,184.8900
AMZN,2025-04-24 13:43:00,184.9004,184.9900
AMZN,2025-04-24 13:44:00,185.0000,184.9500
AMZN,2025-04-24 13:45:00,184.9600,184.7700
AMZN,2025-04-24 13:46:00,184.7700,184.9082
AMZN,2025-04-24 13:47:00,184.8900,185.0500
AMZN,2025-04-24 13:48:00,185.0350,184.8400
AMZN,2025-04-24 13:49:00,184.8654,185.1400
AMZN,2025-04-24 13:50:00,185.1500,185.1600
AMZN,2025-04-24 13:51:00,185.1500,185.2350
AMZN,2025-04-24 13:52:00,185.2500,185.2000
AMZN,2025-04-24 13:53:00,185.2000,185.2950
AMZN,2025-04-24 13:54:00,185.3098,185.4100
AMZN,2025-04-24 13:55:00,185.4100,185.2732
AMZN,2025-04-24 13:56:00,185.2600,185.4300
AMZN,2025-04-24 13:57:00,185.4372,185.3500
AMZN,2025-04-24 13:58:00,185.3700,185.4234
AMZN,2025-04-24 13:59:00,185.4200,185.3700
AMZN,2025-04-24 14:00:00,185.3300,185.4000
AMZN,2025-04-24 14:01:00,185.4100,185.5200
AMZN,2025-04-24 14:02:00,185.5400,185.4700
AMZN,2025-04-24 14:03:00,185.4600,185.3258
AMZN,2025-04-24 14:04:00,185.3100,185.2668
AMZN,2025-04-24 14:05:00,185.2600,185.4100
AMZN,2025-04-24 14:06:00,185.4247,185.5064
AMZN,2025-04-24 14:07:00,185.4800,185.5088
AMZN,2025-04-24 14:08:00,185.5163,185.5150
AMZN,2025-04-24 14:09:00,185.5400,185.4830
AMZN,2025-04-24 14:10:00,185.4700,185.3800
AMZN,2025-04-24 14:11:00,185.3648,185.3100
AMZN,2025-04-24 14:12:00,185.2900,185.3300
AMZN,2025-04-24 14:13:00,185.3156,185.3900
AMZN,2025-04-24 14:14:00,185.3800,185.4550
AMZN,2025-04-24 14:15:00,185.4550,185.6200
AMZN,2025-04-24 14:16:00,185.6150,185.7500
AMZN,2025-04-24 14:17:00,185.7400,185.4000
AMZN,2025-04-24 14:18:00,185.4000,185.5650
AMZN,2025-04-24 14:19:00,185.5800,185.5800
AMZN,2025-04-24 14:20:00,185.5800,185.6050
AMZN,2025-04-24 14:21:00,185.5900,185.6000
AMZN,2025-04-24 14:22:00,185.5900,185.6700
AMZN,2025-04-24 14:23:00,185.6600,185.6600
AMZN,2025-04-24 14:24:00,185.6700,185.7900
AMZN,2025-04-24 14:25:00,185.7850,185.9000
AMZN,2025-04-24 14:26:00,185.9000,185.9200
AMZN,2025-04-24 14:27:00,185.9300,185.9800
AMZN,2025-04-24 14:28:00,185.9700,185.8950
AMZN,2025-04-24 14:29:00,185.9100,185.8150
AMZN,2025-04-24 14:30:00,185.8192,185.9900
AMZN,2025-04-24 14:31:00,185.9900,185.9600
AMZN,2025-04-24 14:32:00,185.9700,185.8700
AMZN,2025-04-24 14:33:00,185.8600,185.8400
AMZN,2025-04-24 14:34:00,185.8500,185.8100
AMZN,2025-04-24 14:35:00,185.8100,185.9350
AMZN,2025-04-24 14:36:00,185.9300,185.9715
AMZN,2025-04-24 14:37:00,186.0000,186.0750
AMZN,2025-04-24 14:38:00,186.0800,186.0700
AMZN,2025-04-24 14:39:00,186.0600,186.1500
AMZN,2025-04-24 14:40:00,186.1400,186.0900
AMZN,2025-04-24 14:41:00,186.0800,186.0200
AMZN,2025-04-24 14:42:00,186.0150,186.1450
AMZN,2025-04-24 14:43:00,186.1300,186.1300
AMZN,2025-04-24 14:44:00,186.1100,186.0550
AMZN,2025-04-24 14:45:00,186.0600,185.9999
AMZN,2025-04-24 14:46:00,186.0000,186.1550
AMZN,2025-04-24 14:47:00,186.1550,186.2600
AMZN,2025-04-24 14:48:00,186.2680,186.3050
AMZN,2025-04-24 14:49:00,186.2950,186.3740
AMZN,2025-04-24 14:50:00,186.3700,186.5800
AMZN,2025-04-24 14:51:00,186.5700,186.3650
AMZN,2025-04-24 14:52:00,186.3800,186.4300
AMZN,2025-04-24 14:53:00,186.4200,186.4950
AMZN,2025-04-24 14:54:00,186.5000,186.4500
AMZN,2025-04-24 14:55:00,186.4450,186.2800
AMZN,2025-04-24 14:56:00,186.2783,186.1401
AMZN,2025-04-24 14:57:00,186.1500,186.0996
AMZN,2025-04-24 14:58:00,186.1100,185.9900
AMZN,2025-04-24 14:59:00,186.0100,185.9700
AMZN,2025-04-24 15:00:00,185.9700,185.8500
AMZN,2025-04-24 15:01:00,185.8499,185.7500
AMZN,2025-04-24 15:02:00,185.7626,185.7950
AMZN,2025-04-24 15:03:00,185.8000,185.8800
AMZN,2025-04-24 15:04:00,185.8800,185.6500
AMZN,2025-04-24 15:05:00,185.6600,185.6886
AMZN,2025-04-24 15:06:00,185.6850,185.5901
AMZN,2025-04-24 15:07:00,185.5900,185.6500
AMZN,2025-04-24 15:08:00,185.6400,185.7750
AMZN,2025-04-24 15:09:00,185.7504,185.6602
AMZN,2025-04-24 15:10:00,185.6700,185.6200
AMZN,2025-04-24 15:11:00,185.6300,185.7900
AMZN,2025-04-24 15:12:00,185.7900,185.6900
AMZN,2025-04-24 15:13:00,185.7100,185.5850
AMZN,2025-04-24 15:14:00,185.5800,185.7300
AMZN,2025-04-24 15:15:00,185.7300,185.7200
AMZN,2025-04-24 15:16:00,185.7100,185.7201
AMZN,2025-04-24 15:17:00,185.7250,185.9026
AMZN,2025-04-24 15:18:00,185.9099,185.8600
AMZN,2025-04-24 15:19:00,185.8579,185.8800
AMZN,2025-04-24 15:20:00,185.8726,185.7000
AMZN,2025-04-24 15:21:00,185.7065,185.9400
AMZN,2025-04-24 15:22:00,185.9350,185.9100
AMZN,2025-04-24 15:23:00,185.8900,185.7600
AMZN,2025-04-24 15:24:00,185.7600,185.6800
AMZN,2025-04-24 15:25:00,185.6950,185.7800
AMZN,2025-04-24 15:26:00,185.7700,185.8874
AMZN,2025-04-24 15:27:00,185.8700,185.8508
AMZN,2025-04-24 15:28:00,185.8500,185.6500
AMZN,2025-04-24 15:29:00,185.6400,185.5400
AMZN,2025-04-24 15:30:00,185.5400,185.5950
AMZN,2025-04-24 15:31:00,185.5950,185.7300
AMZN,2025-04-24 15:32:00,185.7207,185.7800
AMZN,2025-04-24 15:33:00,185.7800,185.7250
AMZN,2025-04-24 15:34:00,185.7300,185.6800
AMZN,2025-04-24 15:35:00,185.6700,185.9299
AMZN,2025-04-24 15:36:00,185.9250,185.8400
AMZN,2025-04-24 15:37:00,185.8300,185.9600
AMZN,2025-04-24 15:38:00,185.9579,186.0398
AMZN,2025-04-24 15:39:00,186.0300,186.0100
AMZN,2025-04-24 15:40:00,186.0050,186.0018
AMZN,2025-04-24 15:41:00,186.0100,186.0950
AMZN,2025-04-24 15:42:00,186.0900,186.2000
AMZN,2025-04-24 15:43:00,186.2050,186.1508
AMZN,2025-04-24 15:44:00,186.1600,186.2200
AMZN,2025-04-24 15:45:00,186.2250,186.2950
AMZN,2025-04-24 15:46:00,186.2950,186.3950
AMZN,2025-04-24 15:47:00,186.3900,186.3800
AMZN,2025-04-24 15:48:00,186.3900,186.4386
AMZN,2025-04-24 15:49:00,186.4300,186.5000
AMZN,2025-04-24 15:50:00,186.4900,186.5100
AMZN,2025-04-24 15:51:00,186.5200,186.2900
AMZN,2025-04-24 15:52:00,186.2800,186.4750
AMZN,2025-04-24 15:53:00,186.4700,186.3750
AMZN,2025-04-24 15:54:00,186.3700,186.4800
AMZN,2025-04-24 15:55:00,186.4700,186.4000
AMZN,2025-04-24 15:56:00,186.4050,186.4200
AMZN,2025-04-24 15:57:00,186.4250,186.6000
AMZN,2025-04-24 15:58:00,186.6000,186.5700
AMZN,2025-04-24 15:59:00,186.5700,186.4800
AMZN,2025-04-25 09:30:00,187.6200,186.6300
AMZN,2025-04-25 09:31:00,186.6400,186.6869
AMZN,2025-04-25 09:32:00,186.7000,186.2400
AMZN,2025-04-25 09:33:00,186.2750,186.7000
AMZN,2025-04-25 09:34:00,186.6900,186.9100
AMZN,2025-04-25 09:35:00,186.9400,187.0900
AMZN,2025-04-25 09:36:00,187.1050,187.6295
AMZN,2025-04-25 09:37:00,187.6350,187.5800
AMZN,2025-04-25 09:38:00,187.5700,187.5200
AMZN,2025-04-25 09:39:00,187.5200,187.3059
AMZN,2025-04-25 09:40:00,187.2800,186.9900
AMZN,2025-04-25 09:41:00,186.9408,186.8000
AMZN,2025-04-25 09:42:00,186.8100,186.4606
AMZN,2025-04-25 09:43:00,186.4600,186.4800
AMZN,2025-04-25 09:44:00,186.4900,186.3200
AMZN,2025-04-25 09:45:00,186.3250,186.7787
AMZN,2025-04-25 09:46:00,186.7700,186.5050
AMZN,2025-04-25 09:47:00,186.4500,186.4300
AMZN,2025-04-25 09:48:00,186.3800,186.4500
AMZN,2025-04-25 09:49:00,186.4200,185.9600
AMZN,2025-04-25 09:50:00,185.9900,186.3150
AMZN,2025-04-25 09:51:00,186.3400,186.1150
AMZN,2025-04-25 09:52:00,186.0650,186.0650
AMZN,2025-04-25 09:53:00,186.0400,185.7016
AMZN,2025-04-25 09:54:00,185.7400,185.5232
AMZN,2025-04-25 09:55:00,185.5500,185.8550
AMZN,2025-04-25 09:56:00,185.8550,186.0299
AMZN,2025-04-25 09:57:00,186.0100,186.1619
AMZN,2025-04-25 09:58:00,186.1500,186.2750
AMZN,2025-04-25 09:59:00,186.2500,186.2450
AMZN,2025-04-25 10:00:00,186.2700,186.8100
AMZN,2025-04-25 10:01:00,186.8181,186.7900
AMZN,2025-04-25 10:02:00,186.7900,186.8750
AMZN,2025-04-25 10:03:00,186.8700,186.7500
AMZN,2025-04-25 10:04:00,186.7800,186.8900
AMZN,2025-04-25 10:05:00,186.9100,186.9350
AMZN,2025-04-25 10:06:00,186.9600,187.0300
AMZN,2025-04-25 10:07:00,187.0450,187.3650
AMZN,2025-04-25 10:08:00,187.3850,187.6500
AMZN,2025-04-25 10:09:00,187.6300,187.7700
AMZN,2025-04-25 10:10:00,187.7899,187.7700
AMZN,2025-04-25 10:11:00,187.7700,187.6950
AMZN,2025-04-25 10:12:00,187.6600,187.8900
AMZN,2025-04-25 10:13:00,187.9000,187.6100
AMZN,2025-04-25 10:14:00,187.6050,187.7766
AMZN,2025-04-25 10:15:00,187.7700,187.5600
AMZN,2025-04-25 10:16:00,187.5550,187.3900
AMZN,2025-04-25 10:17:00,187.4016,187.8850
AMZN,2025-04-25 10:18:00,187.8701,187.7050
AMZN,2025-04-25 10:19:00,187.6700,187.5912
AMZN,2025-04-25 10:20:00,187.5800,187.1400
AMZN,2025-04-25 10:21:00,187.1600,186.6300
AMZN,2025-04-25 10:22:00,186.6600,186.3100
AMZN,2025-04-25 10:23:00,186.3200,186.6000
AMZN,2025-04-25 10:24:00,186.5500,186.7000
AMZN,2025-04-25 10:25:00,186.6800,186.5900
AMZN,2025-04-25 10:26:00,186.5700,186.3800
AMZN,2025-04-25 10:27:00,186.3750,186.4100
AMZN,2025-04-25 10:28:00,186.3950,186.2200
AMZN,2025-04-25 10:29:00,186.2200,186.2100
AMZN,2025-04-25 10:30:00,186.2300,185.8400
AMZN,2025-04-25 10:31:00,185.8600,185.6756
AMZN,2025-04-25 10:32:00,185.7100,185.8850
AMZN,2025-04-25 10:33:00,185.8850,185.9200
AMZN,2025-04-25 10:34:00,185.9400,185.8750
AMZN,2025-04-25 10:35:00,185.9000,185.9700
AMZN,2025-04-25 10:36:00,186.0200,186.1400
AMZN,2025-04-25 10:37:00,186.1350,186.3200
AMZN,2025-04-25 10:38:00,186.3200,186.4300
AMZN,2025-04-25 10:39:00,186.4450,186.5840
AMZN,2025-04-25 10:40:00,186.5900,186.8838
AMZN,2025-04-25 10:41:00,186.9000,186.9100
AMZN,2025-04-25 10:42:00,186.9000,186.9100
AMZN,2025-04-25 10:43:00,186.9000,186.9350
AMZN,2025-04-25 10:44:00,186.9500,186.9300
AMZN,2025-04-25 10:45:00,186.9200,187.1050
AMZN,2025-04-25 10:46:00,187.1100,186.9600
AMZN,2025-04-25 10:47:00,186.9550,186.9600
AMZN,2025-04-25 10:48:00,186.9500,186.9400
AMZN,2025-04-25 10:49:00,186.9500,187.0266
AMZN,2025-04-25 10:50:00,187.0338,186.7550
AMZN,2025-04-25 10:51:00,186.7550,186.7300
AMZN,2025-04-25 10:52:00,186.6800,186.8700
AMZN,2025-04-25 10:53:00,186.8550,187.0700
AMZN,2025-04-25 10:54:00,187.0600,187.0200
AMZN,2025-04-25 10:55:00,187.0145,186.8100
AMZN,2025-04-25 10:56:00,186.8600,186.5750
AMZN,2025-04-25 10:57:00,186.5750,186.5350
AMZN,2025-04-25 10:58:00,186.5300,186.4550
AMZN,2025-04-25 10:59:00,186.4800,186.6000
AMZN,2025-04-25 11:00:00,186.6000,186.3900
AMZN,2025-04-25 11:01:00,186.4000,186.4700
AMZN,2025-04-25 11:02:00,186.4704,186.6300
AMZN,2025-04-25 11:03:00,186.6100,186.6750
AMZN,2025-04-25 11:04:00,186.7100,186.8700
AMZN,2025-04-25 11:05:00,186.8700,187.0350
AMZN,2025-04-25 11:06:00,187.0200,186.9950
AMZN,2025-04-25 11:07:00,187.0100,186.9500
AMZN,2025-04-25 11:08:00,186.9600,186.7900
AMZN,2025-04-25 11:09:00,186.8000,186.9100
AMZN,2025-04-25 11:10:00,186.9100,187.1600
AMZN,2025-04-25 11:11:00,187.1900,187.2850
AMZN,2025-04-25 11:12:00,187.2700,187.3550
AMZN,2025-04-25 11:13:00,187.3550,187.4300
AMZN,2025-04-25 11:14:00,187.4101,187.4600
AMZN,2025-04-25 11:15:00,187.4600,187.4100
AMZN,2025-04-25 11:16:00,187.4200,187.2500
AMZN,2025-04-25 11:17:00,187.2500,187.0750
AMZN,2025-04-25 11:18:00,187.0800,187.3900
AMZN,2025-04-25 11:19:00,187.3800,187.3823
AMZN,2025-04-25 11:20:00,187.3800,187.3850
AMZN,2025-04-25 11:21:00,187.3800,187.4200
AMZN,2025-04-25 11:22:00,187.4400,187.5868
AMZN,2025-04-25 11:23:00,187.5986,187.6150
AMZN,2025-04-25 11:24:00,187.6200,187.6100
AMZN,2025-04-25 11:25:00,187.6100,187.4400
AMZN,2025-04-25 11:26:00,187.4100,187.3200
AMZN,2025-04-25 11:27:00,187.3100,187.2800
AMZN,2025-04-25 11:28:00,187.3000,187.1618
AMZN,2025-04-25 11:29:00,187.1600,187.1100
AMZN,2025-04-25 11:30:00,187.1100,187.1457
AMZN,2025-04-25 11:31:00,187.1490,187.2200
AMZN,2025-04-25 11:32:00,187.2112,187.1700
AMZN,2025-04-25 11:33:00,187.1600,187.2110
AMZN,2025-04-25 11:34:00,187.1650,187.0400
AMZN,2025-04-25 11:35:00,187.0600,186.8850
AMZN,2025-04-25 11:36:00,186.8700,186.7600
AMZN,2025-04-25 11:37:00,186.7973,186.6737
AMZN,2025-04-25 11:38:00,186.6800,186.5100
AMZN,2025-04-25 11:39:00,186.4800,186.6200
AMZN,2025-04-25 11:40:00,186.5900,186.7600
AMZN,2025-04-25 11:41:00,186.7600,186.7621
AMZN,2025-04-25 11:42:00,186.7550,186.6465
AMZN,2025-04-25 11:43:00,186.6550,186.3500
AMZN,2025-04-25 11:44:00,186.3700,186.3000
AMZN,2025-04-25 11:45:00,186.3300,186.4100
AMZN,2025-04-25 11:46:00,186.4050,186.2550
AMZN,2025-04-25 11:47:00,186.2500,186.3150
AMZN,2025-04-25 11:48:00,186.3300,186.2690
AMZN,2025-04-25 11:49:00,186.2600,186.4100
AMZN,2025-04-25 11:50:00,186.4011,186.6429
AMZN,2025-04-25 11:51:00,186.6287,186.4300
AMZN,2025-04-25 11:52:00,186.4300,186.6300
AMZN,2025-04-25 11:53:00,186.6400,186.6700
AMZN,2025-04-25 11:54:00,186.7100,186.8600
AMZN,2025-04-25 11:55:00,186.8771,186.8750
AMZN,2025-04-25 11:56:00,186.8700,186.9000
AMZN,2025-04-25 11:57:00,186.9150,186.7900
AMZN,2025-04-25 11:58:00,186.7550,186.8300
AMZN,2025-04-25 11:59:00,186.8400,186.7700
AMZN,2025-04-25 12:00:00,186.7500,186.7600
AMZN,2025-04-25 12:01:00,186.7550,186.6800
AMZN,2025-04-25 12:02:00,186.6900,186.6777
AMZN,2025-04-25 12:03:00,186.6802,186.7800
AMZN,2025-04-25 12:04:00,186.8200,186.8300
AMZN,2025-04-25 12:05:00,186.8100,186.8100
AMZN,2025-04-25 12:06:00,186.8300,186.6600
AMZN,2025-04-25 12:07:00,186.6585,186.6900
AMZN,2025-04-25 12:08:00,186.7050,186.9400
AMZN,2025-04-25 12:09:00,186.9250,186.9400
AMZN,2025-04-25 12:10:00,186.9400,187.0097
AMZN,2025-04-25 12:11:00,186.9850,187.0050
AMZN,2025-04-25 12:12:00,187.0200,187.1900
AMZN,2025-04-25 12:13:00,187.2000,187.1100
AMZN,2025-04-25 12:14:00,187.1100,187.0500
AMZN,2025-04-25 12:15:00,187.0400,186.9550
AMZN,2025-04-25 12:16:00,186.9400,187.0700
AMZN,2025-04-25 12:17:00,187.0700,186.8967
AMZN,2025-04-25 12:18:00,186.8900,186.8700
AMZN,2025-04-25 12:19:00,186.8696,186.7900
AMZN,2025-04-25 12:20:00,186.7826,186.8800
AMZN,2025-04-25 12:21:00,186.8700,186.9400
AMZN,2025-04-25 12:22:00,186.9400,187.1600
AMZN,2025-04-25 12:23:00,187.1600,187.3500
AMZN,2025-04-25 12:24:00,187.3675,187.3500
AMZN,2025-04-25 12:25:00,187.3400,187.4400
AMZN,2025-04-25 12:26:00,187.4200,187.4500
AMZN,2025-04-25 12:27:00,187.4400,187.5645
AMZN,2025-04-25 12:28:00,187.5400,187.5150
AMZN,2025-04-25 12:29:00,187.5000,187.5650
AMZN,2025-04-25 12:30:00,187.5750,187.5200
AMZN,2025-04-25 12:31:00,187.5150,187.5800
AMZN,2025-04-25 12:32:00,187.5618,187.6800
AMZN,2025-04-25 12:33:00,187.6900,187.6782
AMZN,2025-04-25 12:34:00,187.6700,187.7050
AMZN,2025-04-25 12:35:00,187.7300,187.7765
AMZN,2025-04-25 12:36:00,187.7650,187.6500
AMZN,2025-04-25 12:37:00,187.6600,187.5400
AMZN,2025-04-25 12:38:00,187.5500,187.6350
AMZN,2025-04-25 12:39:00,187.6597,187.6900
AMZN,2025-04-25 12:40:00,187.7200,187.7200
AMZN,2025-04-25 12:41:00,187.7400,187.7200
AMZN,2025-04-25 12:42:00,187.7199,187.7250
AMZN,2025-04-25 12:43:00,187.7200,187.8100
AMZN,2025-04-25 12:44:00,187.7900,187.9553
AMZN,2025-04-25 12:45:00,187.9593,187.7800
AMZN,2025-04-25 12:46:00,187.7900,187.7500
AMZN,2025-04-25 12:47:00,187.7572,187.5200
AMZN,2025-04-25 12:48:00,187.5150,187.6600
AMZN,2025-04-25 12:49:00,187.6750,187.7500
AMZN,2025-04-25 12:50:00,187.7500,187.7300
AMZN,2025-04-25 12:51:00,187.7300,187.7850
AMZN,2025-04-25 12:52:00,187.7700,187.7900
AMZN,2025-04-25 12:53:00,187.7900,187.7504
AMZN,2025-04-25 12:54:00,187.7900,187.9650
AMZN,2025-04-25 12:55:00,187.9500,187.8700
AMZN,2025-04-25 12:56:00,187.8700,187.9100
AMZN,2025-04-25 12:57:00,187.9200,187.9150
AMZN,2025-04-25 12:58:00,187.9300,187.9500
AMZN,2025-04-25 12:59:00,187.9542,187.8500
AMZN,2025-04-25 13:00:00,187.8300,187.8825
AMZN,2025-04-25 13:01:00,187.8900,187.9310
AMZN,2025-04-25 13:02:00,187.9400,187.9300
AMZN,2025-04-25 13:03:00,187.9200,187.9427
AMZN,2025-04-25 13:04:00,187.9200,187.9950
AMZN,2025-04-25 13:05:00,188.0100,188.1700
AMZN,2025-04-25 13:06:00,188.1750,188.0750
AMZN,2025-04-25 13:07:00,188.0700,188.2727
AMZN,2025-04-25 13:08:00,188.2700,188.2500
AMZN,2025-04-25 13:09:00,188.2600,188.3550
AMZN,2025-04-25 13:10:00,188.3500,188.2188
AMZN,2025-04-25 13:11:00,188.1950,188.2100
AMZN,2025-04-25 13:12:00,188.1948,188.1150
AMZN,2025-04-25 13:13:00,188.1200,188.1200
AMZN,2025-04-25 13:14:00,188.1250,188.2750
AMZN,2025-04-25 13:15:00,188.2400,188.1900
AMZN,2025-04-25 13:16:00,188.1900,188.2750
AMZN,2025-04-25 13:17:00,188.2600,188.3700
AMZN,2025-04-25 13:18:00,188.3800,188.3950
AMZN,2025-04-25 13:19:00,188.4000,188.4600
AMZN,2025-04-25 13:20:00,188.4700,188.6200
AMZN,2025-04-25 13:21:00,188.6150,188.5200
AMZN,2025-04-25 13:22:00,188.5350,188.5000
AMZN,2025-04-25 13:23:00,188.5066,188.5782
AMZN,2025-04-25 13:24:00,188.5800,188.6599
AMZN,2025-04-25 13:25:00,188.6500,188.6200
AMZN,2025-04-25 13:26:00,188.6090,188.6900
AMZN,2025-04-25 13:27:00,188.6900,188.7550
AMZN,2025-04-25 13:28:00,188.7550,188.6700
AMZN,2025-04-25 13:29:00,188.6791,188.6600
AMZN,2025-04-25 13:30:00,188.6500,188.3600
AMZN,2025-04-25 13:31:00,188.3450,188.3092
AMZN,2025-04-25 13:32:00,188.3400,188.5474
AMZN,2025-04-25 13:33:00,188.5500,188.5901
AMZN,2025-04-25 13:34:00,188.6000,188.4602
AMZN,2025-04-25 13:35:00,188.4800,188.4300
AMZN,2025-04-25 13:36:00,188.4400,188.5500
AMZN,2025-04-25 13:37:00,188.5300,188.5200
AMZN,2025-04-25 13:38:00,188.5250,188.0900
AMZN,2025-04-25 13:39:00,188.1300,188.0700
AMZN,2025-04-25 13:40:00,188.1100,188.1800
AMZN,2025-04-25 13:41:00,188.1400,188.4508
AMZN,2025-04-25 13:42:00,188.4700,188.2800
AMZN,2025-04-25 13:43:00,188.2700,188.1200
AMZN,2025-04-25 13:44:00,188.1150,188.1800
AMZN,2025-04-25 13:45:00,188.2200,187.9059
AMZN,2025-04-25 13:46:00,187.9200,187.8200
AMZN,2025-04-25 13:47:00,187.8100,187.7500
AMZN,2025-04-25 13:48:00,187.7600,187.6741
AMZN,2025-04-25 13:49:00,187.6600,187.7500
AMZN,2025-04-25 13:50:00,187.7300,187.3500
AMZN,2025-04-25 13:51:00,187.3025,187.5200
AMZN,2025-04-25 13:52:00,187.5520,187.1000
AMZN,2025-04-25 13:53:00,187.0800,187.3700
AMZN,2025-04-25 13:54:00,187.3400,187.3400
AMZN,2025-04-25 13:55:00,187.3422,187.2450
AMZN,2025-04-25 13:56:00,187.2600,187.3500
AMZN,2025-04-25 13:57:00,187.3300,187.3250
AMZN,2025-04-25 13:58:00,187.3300,187.5100
AMZN,2025-04-25 13:59:00,187.5250,187.5900
AMZN,2025-04-25 14:00:00,187.6000,187.5540
AMZN,2025-04-25 14:01:00,187.5400,187.4900
AMZN,2025-04-25 14:02:00,187.4900,187.6400
AMZN,2025-04-25 14:03:00,187.6600,187.8600
AMZN,2025-04-25 14:04:00,187.8600,187.8150
AMZN,2025-04-25 14:05:00,187.8150,187.8050
AMZN,2025-04-25 14:06:00,187.8000,188.0150
AMZN,2025-04-25 14:07:00,188.0300,187.9050
AMZN,2025-04-25 14:08:00,187.9200,188.0400
AMZN,2025-04-25 14:09:00,188.0600,188.1700
AMZN,2025-04-25 14:10:00,188.1500,188.1275
AMZN,2025-04-25 14:11:00,188.1500,188.2550
AMZN,2025-04-25 14:12:00,188.2550,188.3432
AMZN,2025-04-25 14:13:00,188.3200,188.2923
AMZN,2025-04-25 14:14:00,188.3226,188.2947
AMZN,2025-04-25 14:15:00,188.3000,188.3600
AMZN,2025-04-25 14:16:00,188.3750,188.3900
AMZN,2025-04-25 14:17:00,188.4000,188.4200
AMZN,2025-04-25 14:18:00,188.4100,188.4900
AMZN,2025-04-25 14:19:00,188.4711,188.4900
AMZN,2025-04-25 14:20:00,188.4900,188.4667
AMZN,2025-04-25 14:21:00,188.4600,188.5900
AMZN,2025-04-25 14:22:00,188.5850,188.6900
AMZN,2025-04-25 14:23:00,188.6700,188.7400
AMZN,2025-04-25 14:24:00,188.7500,188.7050
AMZN,2025-04-25 14:25:00,188.6950,188.8200
AMZN,2025-04-25 14:26:00,188.8400,188.8218
AMZN,2025-04-25 14:27:00,188.8200,188.7550
AMZN,2025-04-25 14:28:00,188.7500,188.8200
AMZN,2025-04-25 14:29:00,188.8200,188.7715
AMZN,2025-04-25 14:30:00,188.7800,188.8250
AMZN,2025-04-25 14:31:00,188.8300,188.8600
AMZN,2025-04-25 14:32:00,188.8800,188.9700
AMZN,2025-04-25 14:33:00,188.9750,188.8950
AMZN,2025-04-25 14:34:00,188.9100,188.9800
AMZN,2025-04-25 14:35:00,188.9750,189.1100
AMZN,2025-04-25 14:36:00,189.1050,189.1101
AMZN,2025-04-25 14:37:00,189.1100,189.1400
AMZN,2025-04-25 14:38:00,189.1400,189.1250
AMZN,2025-04-25 14:39:00,189.1400,189.1600
AMZN,2025-04-25 14:40:00,189.1600,189.2400
AMZN,2025-04-25 14:41:00,189.2500,189.3650
AMZN,2025-04-25 14:42:00,189.3650,189.4100
AMZN,2025-04-25 14:43:00,189.4100,189.5500
AMZN,2025-04-25 14:44:00,189.5500,189.5500
AMZN,2025-04-25 14:45:00,189.5500,189.5000
AMZN,2025-04-25 14:46:00,189.5200,189.6700
AMZN,2025-04-25 14:47:00,189.6800,189.6300
AMZN,2025-04-25 14:48:00,189.6296,189.5350
AMZN,2025-04-25 14:49:00,189.5350,189.5850
AMZN,2025-04-25 14:50:00,189.5834,189.4565
AMZN,2025-04-25 14:51:00,189.4550,189.2774
AMZN,2025-04-25 14:52:00,189.2900,189.1800
AMZN,2025-04-25 14:53:00,189.1700,189.4500
AMZN,2025-04-25 14:54:00,189.4650,189.6500
AMZN,2025-04-25 14:55:00,189.6400,189.5450
AMZN,2025-04-25 14:56:00,189.5460,189.3600
AMZN,2025-04-25 14:57:00,189.3500,189.4200
AMZN,2025-04-25 14:58:00,189.4100,189.5112
AMZN,2025-04-25 14:59:00,189.5200,189.4800
AMZN,2025-04-25 15:00:00,189.4700,189.4850
AMZN,2025-04-25 15:01:00,189.5000,189.6050
AMZN,2025-04-25 15:02:00,189.6100,189.6700
AMZN,2025-04-25 15:03:00,189.6651,189.8450
AMZN,2025-04-25 15:04:00,189.8500,189.7994
AMZN,2025-04-25 15:05:00,189.7900,189.7500
AMZN,2025-04-25 15:06:00,189.7450,189.8400
AMZN,2025-04-25 15:07:00,189.8500,189.8100
AMZN,2025-04-25 15:08:00,189.8050,189.5744
AMZN,2025-04-25 15:09:00,189.5700,189.5900
AMZN,2025-04-25 15:10:00,189.5896,189.6000
AMZN,2025-04-25 15:11:00,189.6000,189.3300
AMZN,2025-04-25 15:12:00,189.3250,189.3350
AMZN,2025-04-25 15:13:00,189.3500,189.3390
AMZN,2025-04-25 15:14:00,189.3400,189.4200
AMZN,2025-04-25 15:15:00,189.4000,189.2600
AMZN,2025-04-25 15:16:00,189.2400,189.4550
AMZN,2025-04-25 15:17:00,189.4550,189.5016
AMZN,2025-04-25 15:18:00,189.5000,189.4700
AMZN,2025-04-25 15:19:00,189.4700,189.4000
AMZN,2025-04-25 15:20:00,189.4100,189.5650
AMZN,2025-04-25 15:21:00,189.5500,189.7300
AMZN,2025-04-25 15:22:00,189.7300,189.7600
AMZN,2025-04-25 15:23:00,189.7600,189.7100
AMZN,2025-04-25 15:24:00,189.7000,189.6800
AMZN,2025-04-25 15:25:00,189.6800,189.5850
AMZN,2025-04-25 15:26:00,189.5850,189.5600
AMZN,2025-04-25 15:27:00,189.5700,189.6000
AMZN,2025-04-25 15:28:00,189.5900,189.3200
AMZN,2025-04-25 15:29:00,189.3150,189.3850
AMZN,2025-04-25 15:30:00,189.3650,189.2900
AMZN,2025-04-25 15:31:00,189.3025,189.3750
AMZN,2025-04-25 15:32:00,189.4000,189.3950
AMZN,2025-04-25 15:33:00,189.3900,189.4150
AMZN,2025-04-25 15:34:00,189.4200,189.4500
AMZN,2025-04-25 15:35:00,189.4500,189.3400
AMZN,2025-04-25 15:36:00,189.3200,189.1000
AMZN,2025-04-25 15:37:00,189.0800,189.0750
AMZN,2025-04-25 15:38:00,189.0700,189.0100
AMZN,2025-04-25 15:39:00,189.0121,188.9196
AMZN,2025-04-25 15:40:00,188.9000,188.8600
AMZN,2025-04-25 15:41:00,188.8600,188.7200
AMZN,2025-04-25 15:42:00,188.7400,188.9951
AMZN,2025-04-25 15:43:00,189.0100,188.9800
AMZN,2025-04-25 15:44:00,188.9801,188.9000
AMZN,2025-04-25 15:45:00,188.9150,188.8599
AMZN,2025-04-25 15:46:00,188.8700,188.7000
AMZN,2025-04-25 15:47:00,188.6900,188.6700
AMZN,2025-04-25 15:48:00,188.6750,188.8450
AMZN,2025-04-25 15:49:00,188.8500,188.8250
AMZN,2025-04-25 15:50:00,188.8500,189.1200
AMZN,2025-04-25 15:51:00,189.1300,189.0800
AMZN,2025-04-25 15:52:00,189.0650,189.2500
AMZN,2025-04-25 15:53:00,189.2500,189.3050
AMZN,2025-04-25 15:54:00,189.3050,189.2350
AMZN,2025-04-25 15:55:00,189.2500,189.0800
AMZN,2025-04-25 15:56:00,189.0900,189.1450
AMZN,2025-04-25 15:57:00,189.1500,189.0806
AMZN,2025-04-25 15:58:00,189.0900,189.0450
AMZN,2025-04-25 15:59:00,189.0500,188.9500
