STOCK_SYMBOL,DATE_TIME,OPEN_PRICE,CLOSE_PRICE
GOOGL,2025-04-14 09:30:00,159.9950,159.9500
GOOGL,2025-04-14 09:31:00,159.9450,160.1050
GOOGL,2025-04-14 09:32:00,160.1000,160.7800
GOOGL,2025-04-14 09:33:00,160.7400,160.7250
GOOGL,2025-04-14 09:34:00,160.7700,160.6500
GOOGL,2025-04-14 09:35:00,160.6500,160.4100
GOOGL,2025-04-14 09:36:00,160.4400,160.0900
GOOGL,2025-04-14 09:37:00,160.0900,159.8790
GOOGL,2025-04-14 09:38:00,159.8850,159.7890
GOOGL,2025-04-14 09:39:00,159.7800,159.7950
GOOGL,2025-04-14 09:40:00,159.8100,159.6550
GOOGL,2025-04-14 09:41:00,159.6512,159.5837
GOOGL,2025-04-14 09:42:00,159.5700,159.7520
GOOGL,2025-04-14 09:43:00,159.7500,159.3100
GOOGL,2025-04-14 09:44:00,159.3050,159.6790
GOOGL,2025-04-14 09:45:00,159.6750,159.8000
GOOGL,2025-04-14 09:46:00,159.7950,159.6900
GOOGL,2025-04-14 09:47:00,159.6800,159.9700
GOOGL,2025-04-14 09:48:00,159.9850,160.2210
GOOGL,2025-04-14 09:49:00,160.2400,160.3100
GOOGL,2025-04-14 09:50:00,160.3000,160.3601
GOOGL,2025-04-14 09:51:00,160.3800,160.2750
GOOGL,2025-04-14 09:52:00,160.2500,160.2500
GOOGL,2025-04-14 09:53:00,160.2000,160.6700
GOOGL,2025-04-14 09:54:00,160.6550,160.7750
GOOGL,2025-04-14 09:55:00,160.7850,160.8350
GOOGL,2025-04-14 09:56:00,160.8250,160.6000
GOOGL,2025-04-14 09:57:00,160.5900,160.6100
GOOGL,2025-04-14 09:58:00,160.6150,160.5092
GOOGL,2025-04-14 09:59:00,160.5100,160.3000
GOOGL,2025-04-14 10:00:00,160.3000,160.4200
GOOGL,2025-04-14 10:01:00,160.4350,160.3650
GOOGL,2025-04-14 10:02:00,160.3800,160.6200
GOOGL,2025-04-14 10:03:00,160.6200,161.0800
GOOGL,2025-04-14 10:04:00,161.1100,161.0550
GOOGL,2025-04-14 10:05:00,161.0700,161.1100
GOOGL,2025-04-14 10:06:00,161.1100,160.9300
GOOGL,2025-04-14 10:07:00,160.9200,161.1600
GOOGL,2025-04-14 10:08:00,161.1750,161.1050
GOOGL,2025-04-14 10:09:00,161.1094,160.9900
GOOGL,2025-04-14 10:10:00,160.9950,160.9150
GOOGL,2025-04-14 10:11:00,160.9200,160.7400
GOOGL,2025-04-14 10:12:00,160.7500,160.7850
GOOGL,2025-04-14 10:13:00,160.8100,160.8950
GOOGL,2025-04-14 10:14:00,160.9200,160.6300
GOOGL,2025-04-14 10:15:00,160.6320,160.5600
GOOGL,2025-04-14 10:16:00,160.5450,160.4300
GOOGL,2025-04-14 10:17:00,160.4300,160.5400
GOOGL,2025-04-14 10:18:00,160.5450,160.8400
GOOGL,2025-04-14 10:19:00,160.8500,160.9400
GOOGL,2025-04-14 10:20:00,160.9700,160.9800
GOOGL,2025-04-14 10:21:00,160.9800,160.9300
GOOGL,2025-04-14 10:22:00,160.9400,160.9200
GOOGL,2025-04-14 10:23:00,160.9200,160.8600
GOOGL,2025-04-14 10:24:00,160.8785,161.0000
GOOGL,2025-04-14 10:25:00,161.0200,160.9300
GOOGL,2025-04-14 10:26:00,160.9300,161.0500
GOOGL,2025-04-14 10:27:00,161.0600,161.1677
GOOGL,2025-04-14 10:28:00,161.1700,161.2700
GOOGL,2025-04-14 10:29:00,161.2806,161.1200
GOOGL,2025-04-14 10:30:00,161.1300,160.9600
GOOGL,2025-04-14 10:31:00,161.0000,161.2200
GOOGL,2025-04-14 10:32:00,161.2100,161.1500
GOOGL,2025-04-14 10:33:00,161.1590,161.2400
GOOGL,2025-04-14 10:34:00,161.2450,161.1100
GOOGL,2025-04-14 10:35:00,161.1010,161.1662
GOOGL,2025-04-14 10:36:00,161.1800,161.1102
GOOGL,2025-04-14 10:37:00,161.1050,161.1750
GOOGL,2025-04-14 10:38:00,161.1750,161.2900
GOOGL,2025-04-14 10:39:00,161.2900,161.3798
GOOGL,2025-04-14 10:40:00,161.3900,161.2400
GOOGL,2025-04-14 10:41:00,161.2550,161.4300
GOOGL,2025-04-14 10:42:00,161.4500,161.5000
GOOGL,2025-04-14 10:43:00,161.5001,161.4500
GOOGL,2025-04-14 10:44:00,161.4300,161.3600
GOOGL,2025-04-14 10:45:00,161.3600,161.4600
GOOGL,2025-04-14 10:46:00,161.4700,161.1950
GOOGL,2025-04-14 10:47:00,161.2000,161.3700
GOOGL,2025-04-14 10:48:00,161.3800,161.2800
GOOGL,2025-04-14 10:49:00,161.2700,161.2800
GOOGL,2025-04-14 10:50:00,161.2800,161.3700
GOOGL,2025-04-14 10:51:00,161.3900,161.3700
GOOGL,2025-04-14 10:52:00,161.3750,161.5300
GOOGL,2025-04-14 10:53:00,161.5400,161.5700
GOOGL,2025-04-14 10:54:00,161.5800,161.7000
GOOGL,2025-04-14 10:55:00,161.6900,161.4950
GOOGL,2025-04-14 10:56:00,161.4900,161.2100
GOOGL,2025-04-14 10:57:00,161.2000,161.2043
GOOGL,2025-04-14 10:58:00,161.2100,161.1800
GOOGL,2025-04-14 10:59:00,161.1800,161.1500
GOOGL,2025-04-14 11:00:00,161.1500,161.0771
GOOGL,2025-04-14 11:01:00,161.0800,161.0850
GOOGL,2025-04-14 11:02:00,161.0700,160.9900
GOOGL,2025-04-14 11:03:00,161.0000,160.9602
GOOGL,2025-04-14 11:04:00,160.9800,160.8600
GOOGL,2025-04-14 11:05:00,160.8500,160.7400
GOOGL,2025-04-14 11:06:00,160.7500,160.6600
GOOGL,2025-04-14 11:07:00,160.6900,160.5700
GOOGL,2025-04-14 11:08:00,160.5700,160.6000
GOOGL,2025-04-14 11:09:00,160.6000,160.5599
GOOGL,2025-04-14 11:10:00,160.5500,160.6300
GOOGL,2025-04-14 11:11:00,160.6400,160.5900
GOOGL,2025-04-14 11:12:00,160.5800,160.4350
GOOGL,2025-04-14 11:13:00,160.4350,160.2959
GOOGL,2025-04-14 11:14:00,160.2900,160.3400
GOOGL,2025-04-14 11:15:00,160.3500,160.4200
GOOGL,2025-04-14 11:16:00,160.4200,160.4000
GOOGL,2025-04-14 11:17:00,160.3850,160.3400
GOOGL,2025-04-14 11:18:00,160.3300,160.4100
GOOGL,2025-04-14 11:19:00,160.4100,160.6050
GOOGL,2025-04-14 11:20:00,160.6150,160.5200
GOOGL,2025-04-14 11:21:00,160.5200,160.5900
GOOGL,2025-04-14 11:22:00,160.6000,160.7380
GOOGL,2025-04-14 11:23:00,160.7200,160.6400
GOOGL,2025-04-14 11:24:00,160.6450,160.5350
GOOGL,2025-04-14 11:25:00,160.5300,160.3700
GOOGL,2025-04-14 11:26:00,160.3700,160.3300
GOOGL,2025-04-14 11:27:00,160.3300,160.1000
GOOGL,2025-04-14 11:28:00,160.1000,159.9800
GOOGL,2025-04-14 11:29:00,159.9700,159.8000
GOOGL,2025-04-14 11:30:00,159.8200,159.8800
GOOGL,2025-04-14 11:31:00,159.8864,159.9500
GOOGL,2025-04-14 11:32:00,159.9450,160.0300
GOOGL,2025-04-14 11:33:00,160.0400,159.9990
GOOGL,2025-04-14 11:34:00,159.9900,159.9600
GOOGL,2025-04-14 11:35:00,159.9600,159.8100
GOOGL,2025-04-14 11:36:00,159.8300,159.8200
GOOGL,2025-04-14 11:37:00,159.8100,159.6000
GOOGL,2025-04-14 11:38:00,159.6100,159.3800
GOOGL,2025-04-14 11:39:00,159.3794,159.3100
GOOGL,2025-04-14 11:40:00,159.3000,159.2250
GOOGL,2025-04-14 11:41:00,159.2350,159.2700
GOOGL,2025-04-14 11:42:00,159.2600,159.2210
GOOGL,2025-04-14 11:43:00,159.2306,159.2700
GOOGL,2025-04-14 11:44:00,159.2600,159.5250
GOOGL,2025-04-14 11:45:00,159.5200,159.1999
GOOGL,2025-04-14 11:46:00,159.1750,158.9300
GOOGL,2025-04-14 11:47:00,158.9300,158.8800
GOOGL,2025-04-14 11:48:00,158.8672,158.6800
GOOGL,2025-04-14 11:49:00,158.6800,158.5850
GOOGL,2025-04-14 11:50:00,158.5800,158.5250
GOOGL,2025-04-14 11:51:00,158.5200,158.5600
GOOGL,2025-04-14 11:52:00,158.5500,158.4500
GOOGL,2025-04-14 11:53:00,158.4500,158.7000
GOOGL,2025-04-14 11:54:00,158.7100,158.6500
GOOGL,2025-04-14 11:55:00,158.6100,158.7900
GOOGL,2025-04-14 11:56:00,158.8100,158.8600
GOOGL,2025-04-14 11:57:00,158.8650,158.9900
GOOGL,2025-04-14 11:58:00,158.9800,158.7900
GOOGL,2025-04-14 11:59:00,158.7900,158.6350
GOOGL,2025-04-14 12:00:00,158.6300,158.7644
GOOGL,2025-04-14 12:01:00,158.7800,158.9800
GOOGL,2025-04-14 12:02:00,158.9800,158.8700
GOOGL,2025-04-14 12:03:00,158.8800,158.7150
GOOGL,2025-04-14 12:04:00,158.7100,158.8900
GOOGL,2025-04-14 12:05:00,158.9000,158.8200
GOOGL,2025-04-14 12:06:00,158.8176,158.7200
GOOGL,2025-04-14 12:07:00,158.7300,158.7200
GOOGL,2025-04-14 12:08:00,158.7108,158.6850
GOOGL,2025-04-14 12:09:00,158.6700,158.5100
GOOGL,2025-04-14 12:10:00,158.5250,158.3323
GOOGL,2025-04-14 12:11:00,158.3350,157.9000
GOOGL,2025-04-14 12:12:00,157.8750,158.1000
GOOGL,2025-04-14 12:13:00,158.1100,158.2200
GOOGL,2025-04-14 12:14:00,158.2300,158.1650
GOOGL,2025-04-14 12:15:00,158.1800,158.2350
GOOGL,2025-04-14 12:16:00,158.2400,158.3400
GOOGL,2025-04-14 12:17:00,158.3300,158.1800
GOOGL,2025-04-14 12:18:00,158.1800,158.3150
GOOGL,2025-04-14 12:19:00,158.3400,158.6500
GOOGL,2025-04-14 12:20:00,158.6599,158.4300
GOOGL,2025-04-14 12:21:00,158.4400,158.7600
GOOGL,2025-04-14 12:22:00,158.7600,158.5800
GOOGL,2025-04-14 12:23:00,158.5700,158.3400
GOOGL,2025-04-14 12:24:00,158.3250,158.4000
GOOGL,2025-04-14 12:25:00,158.4300,158.3000
GOOGL,2025-04-14 12:26:00,158.3250,158.2300
GOOGL,2025-04-14 12:27:00,158.2200,157.9900
GOOGL,2025-04-14 12:28:00,158.0000,158.0850
GOOGL,2025-04-14 12:29:00,158.0700,158.1600
GOOGL,2025-04-14 12:30:00,158.1500,158.2300
GOOGL,2025-04-14 12:31:00,158.2100,158.4950
GOOGL,2025-04-14 12:32:00,158.4800,158.4650
GOOGL,2025-04-14 12:33:00,158.4750,158.5750
GOOGL,2025-04-14 12:34:00,158.5900,158.6500
GOOGL,2025-04-14 12:35:00,158.6400,158.6950
GOOGL,2025-04-14 12:36:00,158.7400,158.6700
GOOGL,2025-04-14 12:37:00,158.6800,158.6800
GOOGL,2025-04-14 12:38:00,158.6100,158.5700
GOOGL,2025-04-14 12:39:00,158.5800,158.5300
GOOGL,2025-04-14 12:40:00,158.5200,158.5100
GOOGL,2025-04-14 12:41:00,158.5300,158.4925
GOOGL,2025-04-14 12:42:00,158.4850,158.3100
GOOGL,2025-04-14 12:43:00,158.2850,158.4300
GOOGL,2025-04-14 12:44:00,158.3900,158.5300
GOOGL,2025-04-14 12:45:00,158.5250,158.5800
GOOGL,2025-04-14 12:46:00,158.5550,158.6300
GOOGL,2025-04-14 12:47:00,158.6100,158.5900
GOOGL,2025-04-14 12:48:00,158.6100,158.5000
GOOGL,2025-04-14 12:49:00,158.4900,158.3800
GOOGL,2025-04-14 12:50:00,158.3700,158.2250
GOOGL,2025-04-14 12:51:00,158.2000,158.0850
GOOGL,2025-04-14 12:52:00,158.0850,158.0700
GOOGL,2025-04-14 12:53:00,158.0500,158.1900
GOOGL,2025-04-14 12:54:00,158.2050,158.1800
GOOGL,2025-04-14 12:55:00,158.2050,158.1600
GOOGL,2025-04-14 12:56:00,158.1700,157.8800
GOOGL,2025-04-14 12:57:00,157.8900,157.8500
GOOGL,2025-04-14 12:58:00,157.8300,157.6700
GOOGL,2025-04-14 12:59:00,157.6700,157.6550
GOOGL,2025-04-14 13:00:00,157.6650,158.0450
GOOGL,2025-04-14 13:01:00,158.0600,158.1850
GOOGL,2025-04-14 13:02:00,158.2050,158.1200
GOOGL,2025-04-14 13:03:00,158.1200,157.9000
GOOGL,2025-04-14 13:04:00,157.8900,158.0300
GOOGL,2025-04-14 13:05:00,158.0400,157.9800
GOOGL,2025-04-14 13:06:00,158.0000,158.0400
GOOGL,2025-04-14 13:07:00,157.9700,157.9000
GOOGL,2025-04-14 13:08:00,157.9000,157.9500
GOOGL,2025-04-14 13:09:00,157.9200,158.1000
GOOGL,2025-04-14 13:10:00,158.1006,158.0600
GOOGL,2025-04-14 13:11:00,158.0700,158.1908
GOOGL,2025-04-14 13:12:00,158.2050,158.2473
GOOGL,2025-04-14 13:13:00,158.2100,158.3200
GOOGL,2025-04-14 13:14:00,158.2900,158.1700
GOOGL,2025-04-14 13:15:00,158.1800,158.0850
GOOGL,2025-04-14 13:16:00,158.0600,158.0000
GOOGL,2025-04-14 13:17:00,157.9900,158.2300
GOOGL,2025-04-14 13:18:00,158.2300,158.5050
GOOGL,2025-04-14 13:19:00,158.5100,158.5700
GOOGL,2025-04-14 13:20:00,158.5800,158.6992
GOOGL,2025-04-14 13:21:00,158.7000,158.8550
GOOGL,2025-04-14 13:22:00,158.8500,158.9300
GOOGL,2025-04-14 13:23:00,158.9200,158.9100
GOOGL,2025-04-14 13:24:00,158.9100,159.0100
GOOGL,2025-04-14 13:25:00,159.0050,158.8999
GOOGL,2025-04-14 13:26:00,158.8772,158.8200
GOOGL,2025-04-14 13:27:00,158.8193,158.7150
GOOGL,2025-04-14 13:28:00,158.7300,158.5950
GOOGL,2025-04-14 13:29:00,158.5950,158.5000
GOOGL,2025-04-14 13:30:00,158.4800,158.5000
GOOGL,2025-04-14 13:31:00,158.4900,158.1850
GOOGL,2025-04-14 13:32:00,158.1900,158.3900
GOOGL,2025-04-14 13:33:00,158.4000,158.5200
GOOGL,2025-04-14 13:34:00,158.5200,158.4600
GOOGL,2025-04-14 13:35:00,158.4601,158.5400
GOOGL,2025-04-14 13:36:00,158.5400,158.4100
GOOGL,2025-04-14 13:37:00,158.4200,158.5850
GOOGL,2025-04-14 13:38:00,158.5800,158.4650
GOOGL,2025-04-14 13:39:00,158.4700,158.4950
GOOGL,2025-04-14 13:40:00,158.5000,158.4100
GOOGL,2025-04-14 13:41:00,158.4200,158.5150
GOOGL,2025-04-14 13:42:00,158.5098,158.7600
GOOGL,2025-04-14 13:43:00,158.7500,158.7178
GOOGL,2025-04-14 13:44:00,158.7200,158.5150
GOOGL,2025-04-14 13:45:00,158.5200,158.5900
GOOGL,2025-04-14 13:46:00,158.5900,158.4800
GOOGL,2025-04-14 13:47:00,158.4350,158.3000
GOOGL,2025-04-14 13:48:00,158.3450,158.5400
GOOGL,2025-04-14 13:49:00,158.5500,158.5950
GOOGL,2025-04-14 13:50:00,158.5700,158.5900
GOOGL,2025-04-14 13:51:00,158.6250,158.7900
GOOGL,2025-04-14 13:52:00,158.8000,158.9200
GOOGL,2025-04-14 13:53:00,158.9150,159.1300
GOOGL,2025-04-14 13:54:00,159.1300,159.1118
GOOGL,2025-04-14 13:55:00,159.1200,159.1000
GOOGL,2025-04-14 13:56:00,159.1008,159.0800
GOOGL,2025-04-14 13:57:00,159.0750,159.2465
GOOGL,2025-04-14 13:58:00,159.2500,159.2650
GOOGL,2025-04-14 13:59:00,159.2600,159.2000
GOOGL,2025-04-14 14:00:00,159.1900,159.3000
GOOGL,2025-04-14 14:01:00,159.2950,159.4100
GOOGL,2025-04-14 14:02:00,159.4200,159.3850
GOOGL,2025-04-14 14:03:00,159.3800,159.4700
GOOGL,2025-04-14 14:04:00,159.4650,159.4150
GOOGL,2025-04-14 14:05:00,159.4150,159.3200
GOOGL,2025-04-14 14:06:00,159.3300,159.4400
GOOGL,2025-04-14 14:07:00,159.4400,159.3300
GOOGL,2025-04-14 14:08:00,159.3400,159.3650
GOOGL,2025-04-14 14:09:00,159.3600,159.3000
GOOGL,2025-04-14 14:10:00,159.3000,159.2300
GOOGL,2025-04-14 14:11:00,159.2200,159.1150
GOOGL,2025-04-14 14:12:00,159.0900,159.1600
GOOGL,2025-04-14 14:13:00,159.1700,159.1900
GOOGL,2025-04-14 14:14:00,159.1800,159.1917
GOOGL,2025-04-14 14:15:00,159.1900,159.1600
GOOGL,2025-04-14 14:16:00,159.1700,159.2700
GOOGL,2025-04-14 14:17:00,159.2650,159.3100
GOOGL,2025-04-14 14:18:00,159.3000,159.2600
GOOGL,2025-04-14 14:19:00,159.2600,159.3100
GOOGL,2025-04-14 14:20:00,159.3200,159.4800
GOOGL,2025-04-14 14:21:00,159.4760,159.4750
GOOGL,2025-04-14 14:22:00,159.4900,159.5950
GOOGL,2025-04-14 14:23:00,159.5850,159.5670
GOOGL,2025-04-14 14:24:00,159.5800,159.5100
GOOGL,2025-04-14 14:25:00,159.5500,159.5000
GOOGL,2025-04-14 14:26:00,159.4800,159.5250
GOOGL,2025-04-14 14:27:00,159.5400,159.6101
GOOGL,2025-04-14 14:28:00,159.6200,159.6100
GOOGL,2025-04-14 14:29:00,159.6100,159.5200
GOOGL,2025-04-14 14:30:00,159.5200,159.5100
GOOGL,2025-04-14 14:31:00,159.5150,159.6435
GOOGL,2025-04-14 14:32:00,159.6500,159.7000
GOOGL,2025-04-14 14:33:00,159.7100,159.6200
GOOGL,2025-04-14 14:34:00,159.6300,159.7000
GOOGL,2025-04-14 14:35:00,159.7100,159.7350
GOOGL,2025-04-14 14:36:00,159.7300,159.6000
GOOGL,2025-04-14 14:37:00,159.6200,159.7174
GOOGL,2025-04-14 14:38:00,159.7075,159.6700
GOOGL,2025-04-14 14:39:00,159.6600,159.6200
GOOGL,2025-04-14 14:40:00,159.6300,159.6900
GOOGL,2025-04-14 14:41:00,159.7100,159.8150
GOOGL,2025-04-14 14:42:00,159.8150,159.8250
GOOGL,2025-04-14 14:43:00,159.8300,159.8316
GOOGL,2025-04-14 14:44:00,159.8600,159.9178
GOOGL,2025-04-14 14:45:00,159.9100,159.8300
GOOGL,2025-04-14 14:46:00,159.8200,159.7300
GOOGL,2025-04-14 14:47:00,159.7310,159.6800
GOOGL,2025-04-14 14:48:00,159.6700,159.6600
GOOGL,2025-04-14 14:49:00,159.6600,159.7000
GOOGL,2025-04-14 14:50:00,159.7100,159.7400
GOOGL,2025-04-14 14:51:00,159.7400,159.6050
GOOGL,2025-04-14 14:52:00,159.6100,159.7000
GOOGL,2025-04-14 14:53:00,159.6805,159.6847
GOOGL,2025-04-14 14:54:00,159.6800,159.6700
GOOGL,2025-04-14 14:55:00,159.6700,159.6300
GOOGL,2025-04-14 14:56:00,159.6400,159.7300
GOOGL,2025-04-14 14:57:00,159.7201,159.6800
GOOGL,2025-04-14 14:58:00,159.6800,159.7650
GOOGL,2025-04-14 14:59:00,159.7700,159.7150
GOOGL,2025-04-14 15:00:00,159.7100,159.8450
GOOGL,2025-04-14 15:01:00,159.8350,159.8000
GOOGL,2025-04-14 15:02:00,159.8200,159.7500
GOOGL,2025-04-14 15:03:00,159.7500,159.8600
GOOGL,2025-04-14 15:04:00,159.8800,159.9136
GOOGL,2025-04-14 15:05:00,159.9150,159.9100
GOOGL,2025-04-14 15:06:00,159.9200,159.9701
GOOGL,2025-04-14 15:07:00,159.9800,160.1000
GOOGL,2025-04-14 15:08:00,160.1100,160.1276
GOOGL,2025-04-14 15:09:00,160.1150,160.1400
GOOGL,2025-04-14 15:10:00,160.1400,160.0800
GOOGL,2025-04-14 15:11:00,160.0700,160.1700
GOOGL,2025-04-14 15:12:00,160.1650,160.2500
GOOGL,2025-04-14 15:13:00,160.2500,160.3300
GOOGL,2025-04-14 15:14:00,160.3300,160.3700
GOOGL,2025-04-14 15:15:00,160.3700,160.2300
GOOGL,2025-04-14 15:16:00,160.2300,160.1090
GOOGL,2025-04-14 15:17:00,160.1000,160.2159
GOOGL,2025-04-14 15:18:00,160.1900,160.1300
GOOGL,2025-04-14 15:19:00,160.1227,160.0850
GOOGL,2025-04-14 15:20:00,160.0900,160.0900
GOOGL,2025-04-14 15:21:00,160.0850,160.2200
GOOGL,2025-04-14 15:22:00,160.2200,160.1400
GOOGL,2025-04-14 15:23:00,160.1300,160.1800
GOOGL,2025-04-14 15:24:00,160.1800,160.2300
GOOGL,2025-04-14 15:25:00,160.2075,160.0800
GOOGL,2025-04-14 15:26:00,160.0900,159.9700
GOOGL,2025-04-14 15:27:00,159.9400,160.0500
GOOGL,2025-04-14 15:28:00,160.0500,160.0700
GOOGL,2025-04-14 15:29:00,160.0800,159.9850
GOOGL,2025-04-14 15:30:00,159.9850,159.9700
GOOGL,2025-04-14 15:31:00,159.9700,160.0000
GOOGL,2025-04-14 15:32:00,160.0144,159.9600
GOOGL,2025-04-14 15:33:00,159.9600,160.0539
GOOGL,2025-04-14 15:34:00,160.0472,160.0943
GOOGL,2025-04-14 15:35:00,160.0900,160.0300
GOOGL,2025-04-14 15:36:00,160.0300,160.0500
GOOGL,2025-04-14 15:37:00,160.0400,159.9950
GOOGL,2025-04-14 15:38:00,159.9900,159.9900
GOOGL,2025-04-14 15:39:00,159.9900,160.0500
GOOGL,2025-04-14 15:40:00,160.0500,160.1600
GOOGL,2025-04-14 15:41:00,160.1600,160.1075
GOOGL,2025-04-14 15:42:00,160.1200,160.1000
GOOGL,2025-04-14 15:43:00,160.1100,160.1300
GOOGL,2025-04-14 15:44:00,160.1250,159.9700
GOOGL,2025-04-14 15:45:00,159.9600,159.8800
GOOGL,2025-04-14 15:46:00,159.8750,159.9000
GOOGL,2025-04-14 15:47:00,159.8900,159.8000
GOOGL,2025-04-14 15:48:00,159.8000,159.7200
GOOGL,2025-04-14 15:49:00,159.7300,159.7800
GOOGL,2025-04-14 15:50:00,159.7300,159.3800
GOOGL,2025-04-14 15:51:00,159.3700,159.6300
GOOGL,2025-04-14 15:52:00,159.6400,159.5400
GOOGL,2025-04-14 15:53:00,159.5300,159.4100
GOOGL,2025-04-14 15:54:00,159.4150,159.2700
GOOGL,2025-04-14 15:55:00,159.2600,158.9000
GOOGL,2025-04-14 15:56:00,158.9200,158.9400
GOOGL,2025-04-14 15:57:00,158.9400,158.8300
GOOGL,2025-04-14 15:58:00,158.8300,158.9000
GOOGL,2025-04-14 15:59:00,158.9000,159.1100
GOOGL,2025-04-15 09:30:00,159.1250,158.7734
GOOGL,2025-04-15 09:31:00,158.7400,159.4700
GOOGL,2025-04-15 09:32:00,159.4650,159.5000
GOOGL,2025-04-15 09:33:00,159.5150,159.2800
GOOGL,2025-04-15 09:34:00,159.2700,158.6800
GOOGL,2025-04-15 09:35:00,158.6800,158.2500
GOOGL,2025-04-15 09:36:00,158.2450,157.9900
GOOGL,2025-04-15 09:37:00,158.0000,158.0500
GOOGL,2025-04-15 09:38:00,158.1000,158.4600
GOOGL,2025-04-15 09:39:00,158.4300,158.6750
GOOGL,2025-04-15 09:40:00,158.6750,158.7200
GOOGL,2025-04-15 09:41:00,158.7125,158.8650
GOOGL,2025-04-15 09:42:00,158.8671,158.9300
GOOGL,2025-04-15 09:43:00,158.9100,158.8300
GOOGL,2025-04-15 09:44:00,158.8400,158.7150
GOOGL,2025-04-15 09:45:00,158.7200,158.3600
GOOGL,2025-04-15 09:46:00,158.3600,158.5600
GOOGL,2025-04-15 09:47:00,158.5500,158.4900
GOOGL,2025-04-15 09:48:00,158.5000,158.8750
GOOGL,2025-04-15 09:49:00,158.8900,158.8800
GOOGL,2025-04-15 09:50:00,158.8650,158.7700
GOOGL,2025-04-15 09:51:00,158.7850,159.0300
GOOGL,2025-04-15 09:52:00,159.0400,158.8750
GOOGL,2025-04-15 09:53:00,158.8700,158.9400
GOOGL,2025-04-15 09:54:00,158.9400,158.9928
GOOGL,2025-04-15 09:55:00,159.0000,158.8975
GOOGL,2025-04-15 09:56:00,158.9050,158.7900
GOOGL,2025-04-15 09:57:00,158.7900,158.6100
GOOGL,2025-04-15 09:58:00,158.6200,158.4100
GOOGL,2025-04-15 09:59:00,158.4000,158.2200
GOOGL,2025-04-15 10:00:00,158.2200,158.0700
GOOGL,2025-04-15 10:01:00,158.0650,157.9888
GOOGL,2025-04-15 10:02:00,158.0000,158.2850
GOOGL,2025-04-15 10:03:00,158.2800,158.2500
GOOGL,2025-04-15 10:04:00,158.2600,158.2100
GOOGL,2025-04-15 10:05:00,158.2350,158.3550
GOOGL,2025-04-15 10:06:00,158.3600,158.3900
GOOGL,2025-04-15 10:07:00,158.3950,158.3400
GOOGL,2025-04-15 10:08:00,158.3300,158.2559
GOOGL,2025-04-15 10:09:00,158.2300,157.9900
GOOGL,2025-04-15 10:10:00,157.9700,158.1000
GOOGL,2025-04-15 10:11:00,158.1000,158.3000
GOOGL,2025-04-15 10:12:00,158.2800,158.3200
GOOGL,2025-04-15 10:13:00,158.3100,158.2100
GOOGL,2025-04-15 10:14:00,158.2100,157.9000
GOOGL,2025-04-15 10:15:00,157.9100,157.9500
GOOGL,2025-04-15 10:16:00,157.9606,157.9150
GOOGL,2025-04-15 10:17:00,157.9600,157.5400
GOOGL,2025-04-15 10:18:00,157.5550,157.3600
GOOGL,2025-04-15 10:19:00,157.3250,157.1000
GOOGL,2025-04-15 10:20:00,157.0850,157.2050
GOOGL,2025-04-15 10:21:00,157.1950,157.4400
GOOGL,2025-04-15 10:22:00,157.4799,157.6000
GOOGL,2025-04-15 10:23:00,157.6200,157.3700
GOOGL,2025-04-15 10:24:00,157.3600,157.2200
GOOGL,2025-04-15 10:25:00,157.2250,157.0650
GOOGL,2025-04-15 10:26:00,157.1050,156.8900
GOOGL,2025-04-15 10:27:00,156.8900,156.9000
GOOGL,2025-04-15 10:28:00,156.9151,157.1400
GOOGL,2025-04-15 10:29:00,157.1400,157.0850
GOOGL,2025-04-15 10:30:00,157.0800,157.2900
GOOGL,2025-04-15 10:31:00,157.2950,157.2572
GOOGL,2025-04-15 10:32:00,157.2500,157.5200
GOOGL,2025-04-15 10:33:00,157.5100,157.5900
GOOGL,2025-04-15 10:34:00,157.6000,157.6200
GOOGL,2025-04-15 10:35:00,157.6400,157.5600
GOOGL,2025-04-15 10:36:00,157.5800,157.6500
GOOGL,2025-04-15 10:37:00,157.6550,157.4500
GOOGL,2025-04-15 10:38:00,157.4600,157.3850
GOOGL,2025-04-15 10:39:00,157.3500,157.2183
GOOGL,2025-04-15 10:40:00,157.2300,157.2500
GOOGL,2025-04-15 10:41:00,157.2500,157.3600
GOOGL,2025-04-15 10:42:00,157.3579,157.5050
GOOGL,2025-04-15 10:43:00,157.5100,157.8050
GOOGL,2025-04-15 10:44:00,157.8000,157.8250
GOOGL,2025-04-15 10:45:00,157.8200,157.8600
GOOGL,2025-04-15 10:46:00,157.8400,157.6950
GOOGL,2025-04-15 10:47:00,157.7100,157.4350
GOOGL,2025-04-15 10:48:00,157.4374,157.3650
GOOGL,2025-04-15 10:49:00,157.3600,157.4400
GOOGL,2025-04-15 10:50:00,157.4700,157.2250
GOOGL,2025-04-15 10:51:00,157.2100,157.3100
GOOGL,2025-04-15 10:52:00,157.3450,157.2600
GOOGL,2025-04-15 10:53:00,157.2700,157.3050
GOOGL,2025-04-15 10:54:00,157.3128,157.3850
GOOGL,2025-04-15 10:55:00,157.4000,157.4300
GOOGL,2025-04-15 10:56:00,157.4300,157.5900
GOOGL,2025-04-15 10:57:00,157.6050,157.6300
GOOGL,2025-04-15 10:58:00,157.6200,157.4200
GOOGL,2025-04-15 10:59:00,157.4300,157.2500
GOOGL,2025-04-15 11:00:00,157.2600,157.4750
GOOGL,2025-04-15 11:01:00,157.4800,157.5000
GOOGL,2025-04-15 11:02:00,157.5100,157.4600
GOOGL,2025-04-15 11:03:00,157.4500,157.3950
GOOGL,2025-04-15 11:04:00,157.4297,157.3850
GOOGL,2025-04-15 11:05:00,157.3900,157.4500
GOOGL,2025-04-15 11:06:00,157.4450,157.2200
GOOGL,2025-04-15 11:07:00,157.2100,157.1500
GOOGL,2025-04-15 11:08:00,157.1500,157.1000
GOOGL,2025-04-15 11:09:00,157.1100,157.0900
GOOGL,2025-04-15 11:10:00,157.0800,157.2100
GOOGL,2025-04-15 11:11:00,157.2100,157.0350
GOOGL,2025-04-15 11:12:00,157.0300,157.2700
GOOGL,2025-04-15 11:13:00,157.2950,157.2500
GOOGL,2025-04-15 11:14:00,157.2600,157.4000
GOOGL,2025-04-15 11:15:00,157.4050,157.4150
GOOGL,2025-04-15 11:16:00,157.4300,157.4150
GOOGL,2025-04-15 11:17:00,157.4100,157.4300
GOOGL,2025-04-15 11:18:00,157.4300,157.4300
GOOGL,2025-04-15 11:19:00,157.4400,157.4500
GOOGL,2025-04-15 11:20:00,157.4800,157.5091
GOOGL,2025-04-15 11:21:00,157.5000,157.4700
GOOGL,2025-04-15 11:22:00,157.4800,157.5300
GOOGL,2025-04-15 11:23:00,157.5388,157.3750
GOOGL,2025-04-15 11:24:00,157.4000,157.4672
GOOGL,2025-04-15 11:25:00,157.4600,157.2300
GOOGL,2025-04-15 11:26:00,157.2100,157.1000
GOOGL,2025-04-15 11:27:00,157.0900,157.0700
GOOGL,2025-04-15 11:28:00,157.0700,156.9700
GOOGL,2025-04-15 11:29:00,156.9700,156.7900
GOOGL,2025-04-15 11:30:00,156.7900,156.8540
GOOGL,2025-04-15 11:31:00,156.8685,157.0600
GOOGL,2025-04-15 11:32:00,157.0650,156.9853
GOOGL,2025-04-15 11:33:00,156.9800,157.0100
GOOGL,2025-04-15 11:34:00,157.0200,156.8400
GOOGL,2025-04-15 11:35:00,156.8300,156.8700
GOOGL,2025-04-15 11:36:00,156.8750,156.6500
GOOGL,2025-04-15 11:37:00,156.6500,156.6200
GOOGL,2025-04-15 11:38:00,156.6200,156.4300
GOOGL,2025-04-15 11:39:00,156.4500,156.6112
GOOGL,2025-04-15 11:40:00,156.6200,156.7100
GOOGL,2025-04-15 11:41:00,156.6700,156.7300
GOOGL,2025-04-15 11:42:00,156.7400,156.6700
GOOGL,2025-04-15 11:43:00,156.6650,156.7150
GOOGL,2025-04-15 11:44:00,156.7200,156.6884
GOOGL,2025-04-15 11:45:00,156.6800,156.7367
GOOGL,2025-04-15 11:46:00,156.7300,156.6500
GOOGL,2025-04-15 11:47:00,156.6400,156.5700
GOOGL,2025-04-15 11:48:00,156.5700,156.4900
GOOGL,2025-04-15 11:49:00,156.4900,156.5500
GOOGL,2025-04-15 11:50:00,156.5800,156.5050
GOOGL,2025-04-15 11:51:00,156.5400,156.5050
GOOGL,2025-04-15 11:52:00,156.5100,156.8800
GOOGL,2025-04-15 11:53:00,156.8800,156.9100
GOOGL,2025-04-15 11:54:00,156.9350,156.8550
GOOGL,2025-04-15 11:55:00,156.8500,156.8300
GOOGL,2025-04-15 11:56:00,156.8196,156.6992
GOOGL,2025-04-15 11:57:00,156.6900,156.9300
GOOGL,2025-04-15 11:58:00,156.9400,156.9000
GOOGL,2025-04-15 11:59:00,156.9000,156.9350
GOOGL,2025-04-15 12:00:00,156.9300,156.8600
GOOGL,2025-04-15 12:01:00,156.8600,156.9950
GOOGL,2025-04-15 12:02:00,156.9950,157.1050
GOOGL,2025-04-15 12:03:00,157.1100,157.1000
GOOGL,2025-04-15 12:04:00,157.1000,157.1100
GOOGL,2025-04-15 12:05:00,157.1100,157.1200
GOOGL,2025-04-15 12:06:00,157.1200,157.2000
GOOGL,2025-04-15 12:07:00,157.1800,156.9510
GOOGL,2025-04-15 12:08:00,156.9300,156.8572
GOOGL,2025-04-15 12:09:00,156.8650,156.8950
GOOGL,2025-04-15 12:10:00,156.9000,156.9400
GOOGL,2025-04-15 12:11:00,156.9400,156.9200
GOOGL,2025-04-15 12:12:00,156.9100,156.8900
GOOGL,2025-04-15 12:13:00,156.9000,156.7850
GOOGL,2025-04-15 12:14:00,156.7900,156.8300
GOOGL,2025-04-15 12:15:00,156.8350,156.8706
GOOGL,2025-04-15 12:16:00,156.8750,156.8900
GOOGL,2025-04-15 12:17:00,156.9000,156.7550
GOOGL,2025-04-15 12:18:00,156.7600,156.7150
GOOGL,2025-04-15 12:19:00,156.7300,156.7200
GOOGL,2025-04-15 12:20:00,156.7200,156.6789
GOOGL,2025-04-15 12:21:00,156.6800,156.6100
GOOGL,2025-04-15 12:22:00,156.6100,156.7500
GOOGL,2025-04-15 12:23:00,156.7450,156.7450
GOOGL,2025-04-15 12:24:00,156.7400,156.8000
GOOGL,2025-04-15 12:25:00,156.8102,156.8008
GOOGL,2025-04-15 12:26:00,156.8100,156.8000
GOOGL,2025-04-15 12:27:00,156.7900,156.8700
GOOGL,2025-04-15 12:28:00,156.8700,156.6900
GOOGL,2025-04-15 12:29:00,156.7131,156.6900
GOOGL,2025-04-15 12:30:00,156.6800,156.6600
GOOGL,2025-04-15 12:31:00,156.6800,156.5600
GOOGL,2025-04-15 12:32:00,156.5500,156.6600
GOOGL,2025-04-15 12:33:00,156.6500,156.5100
GOOGL,2025-04-15 12:34:00,156.5100,156.4650
GOOGL,2025-04-15 12:35:00,156.4700,156.5300
GOOGL,2025-04-15 12:36:00,156.5250,156.6465
GOOGL,2025-04-15 12:37:00,156.6400,156.5333
GOOGL,2025-04-15 12:38:00,156.5300,156.4500
GOOGL,2025-04-15 12:39:00,156.4400,156.3300
GOOGL,2025-04-15 12:40:00,156.3200,156.4486
GOOGL,2025-04-15 12:41:00,156.4200,156.2600
GOOGL,2025-04-15 12:42:00,156.2632,156.3453
GOOGL,2025-04-15 12:43:00,156.3500,156.3650
GOOGL,2025-04-15 12:44:00,156.3700,156.5000
GOOGL,2025-04-15 12:45:00,156.4940,156.5750
GOOGL,2025-04-15 12:46:00,156.5750,156.5900
GOOGL,2025-04-15 12:47:00,156.6000,156.5850
GOOGL,2025-04-15 12:48:00,156.5800,156.4183
GOOGL,2025-04-15 12:49:00,156.4100,156.3700
GOOGL,2025-04-15 12:50:00,156.3700,156.2700
GOOGL,2025-04-15 12:51:00,156.2700,156.1689
GOOGL,2025-04-15 12:52:00,156.1700,156.0305
GOOGL,2025-04-15 12:53:00,156.0300,156.0600
GOOGL,2025-04-15 12:54:00,156.0500,155.9585
GOOGL,2025-04-15 12:55:00,155.9550,155.8100
GOOGL,2025-04-15 12:56:00,155.8200,155.9300
GOOGL,2025-04-15 12:57:00,155.9200,155.7400
GOOGL,2025-04-15 12:58:00,155.7400,155.8050
GOOGL,2025-04-15 12:59:00,155.8200,155.7900
GOOGL,2025-04-15 13:00:00,155.7800,155.6150
GOOGL,2025-04-15 13:01:00,155.6300,155.8000
GOOGL,2025-04-15 13:02:00,155.8100,155.8100
GOOGL,2025-04-15 13:03:00,155.8050,155.9500
GOOGL,2025-04-15 13:04:00,155.9500,155.9900
GOOGL,2025-04-15 13:05:00,155.9841,155.9715
GOOGL,2025-04-15 13:06:00,155.9800,155.9700
GOOGL,2025-04-15 13:07:00,155.9700,156.0000
GOOGL,2025-04-15 13:08:00,155.9800,155.9800
GOOGL,2025-04-15 13:09:00,155.9700,155.8650
GOOGL,2025-04-15 13:10:00,155.8800,155.9200
GOOGL,2025-04-15 13:11:00,155.9050,155.9600
GOOGL,2025-04-15 13:12:00,155.9700,155.8400
GOOGL,2025-04-15 13:13:00,155.8500,155.9200
GOOGL,2025-04-15 13:14:00,155.9100,155.8500
GOOGL,2025-04-15 13:15:00,155.8550,155.8150
GOOGL,2025-04-15 13:16:00,155.8100,155.6300
GOOGL,2025-04-15 13:17:00,155.6300,155.5000
GOOGL,2025-04-15 13:18:00,155.5000,155.5900
GOOGL,2025-04-15 13:19:00,155.5900,155.6400
GOOGL,2025-04-15 13:20:00,155.6400,155.6489
GOOGL,2025-04-15 13:21:00,155.6600,155.5700
GOOGL,2025-04-15 13:22:00,155.5600,155.4149
GOOGL,2025-04-15 13:23:00,155.4000,155.3300
GOOGL,2025-04-15 13:24:00,155.3200,155.4400
GOOGL,2025-04-15 13:25:00,155.4500,155.3242
GOOGL,2025-04-15 13:26:00,155.3350,155.5264
GOOGL,2025-04-15 13:27:00,155.5291,155.5450
GOOGL,2025-04-15 13:28:00,155.5300,155.5400
GOOGL,2025-04-15 13:29:00,155.5300,155.4800
GOOGL,2025-04-15 13:30:00,155.4700,155.7000
GOOGL,2025-04-15 13:31:00,155.6900,155.6800
GOOGL,2025-04-15 13:32:00,155.7000,155.5900
GOOGL,2025-04-15 13:33:00,155.5700,155.5900
GOOGL,2025-04-15 13:34:00,155.5850,155.5600
GOOGL,2025-04-15 13:35:00,155.5500,155.6201
GOOGL,2025-04-15 13:36:00,155.6200,155.7400
GOOGL,2025-04-15 13:37:00,155.7500,155.9000
GOOGL,2025-04-15 13:38:00,155.9100,155.9200
GOOGL,2025-04-15 13:39:00,155.9400,155.9898
GOOGL,2025-04-15 13:40:00,155.9900,156.1000
GOOGL,2025-04-15 13:41:00,156.0900,155.9000
GOOGL,2025-04-15 13:42:00,155.8900,155.8650
GOOGL,2025-04-15 13:43:00,155.8500,155.9100
GOOGL,2025-04-15 13:44:00,155.9000,155.8500
GOOGL,2025-04-15 13:45:00,155.8500,155.7100
GOOGL,2025-04-15 13:46:00,155.7150,155.7700
GOOGL,2025-04-15 13:47:00,155.7740,155.7902
GOOGL,2025-04-15 13:48:00,155.8000,155.8900
GOOGL,2025-04-15 13:49:00,155.8700,155.9000
GOOGL,2025-04-15 13:50:00,155.9040,155.8600
GOOGL,2025-04-15 13:51:00,155.8600,155.7600
GOOGL,2025-04-15 13:52:00,155.7900,155.6800
GOOGL,2025-04-15 13:53:00,155.6805,155.4200
GOOGL,2025-04-15 13:54:00,155.4200,155.4200
GOOGL,2025-04-15 13:55:00,155.4000,155.5000
GOOGL,2025-04-15 13:56:00,155.5000,155.5250
GOOGL,2025-04-15 13:57:00,155.5000,155.5700
GOOGL,2025-04-15 13:58:00,155.5750,155.7200
GOOGL,2025-04-15 13:59:00,155.7104,155.7000
GOOGL,2025-04-15 14:00:00,155.7000,155.8300
GOOGL,2025-04-15 14:01:00,155.8200,155.6745
GOOGL,2025-04-15 14:02:00,155.6730,155.6800
GOOGL,2025-04-15 14:03:00,155.6728,155.6000
GOOGL,2025-04-15 14:04:00,155.6100,155.6200
GOOGL,2025-04-15 14:05:00,155.6200,155.4700
GOOGL,2025-04-15 14:06:00,155.4700,155.5100
GOOGL,2025-04-15 14:07:00,155.5050,155.6600
GOOGL,2025-04-15 14:08:00,155.6600,155.5850
GOOGL,2025-04-15 14:09:00,155.5900,155.6600
GOOGL,2025-04-15 14:10:00,155.6642,155.5600
GOOGL,2025-04-15 14:11:00,155.5650,155.4500
GOOGL,2025-04-15 14:12:00,155.4450,155.3800
GOOGL,2025-04-15 14:13:00,155.3900,155.3100
GOOGL,2025-04-15 14:14:00,155.2990,155.2800
GOOGL,2025-04-15 14:15:00,155.3100,155.2100
GOOGL,2025-04-15 14:16:00,155.2200,155.3685
GOOGL,2025-04-15 14:17:00,155.3634,155.3700
GOOGL,2025-04-15 14:18:00,155.3775,155.3753
GOOGL,2025-04-15 14:19:00,155.3750,155.3330
GOOGL,2025-04-15 14:20:00,155.3400,155.3202
GOOGL,2025-04-15 14:21:00,155.3213,155.3500
GOOGL,2025-04-15 14:22:00,155.3550,155.5000
GOOGL,2025-04-15 14:23:00,155.4900,155.5250
GOOGL,2025-04-15 14:24:00,155.5250,155.5400
GOOGL,2025-04-15 14:25:00,155.5350,155.6800
GOOGL,2025-04-15 14:26:00,155.7000,155.6600
GOOGL,2025-04-15 14:27:00,155.6700,155.5450
GOOGL,2025-04-15 14:28:00,155.5500,155.6000
GOOGL,2025-04-15 14:29:00,155.6000,155.6500
GOOGL,2025-04-15 14:30:00,155.6400,155.6790
GOOGL,2025-04-15 14:31:00,155.6701,155.7800
GOOGL,2025-04-15 14:32:00,155.7700,155.8700
GOOGL,2025-04-15 14:33:00,155.8750,155.8300
GOOGL,2025-04-15 14:34:00,155.8200,155.8600
GOOGL,2025-04-15 14:35:00,155.8700,155.8450
GOOGL,2025-04-15 14:36:00,155.8350,155.9350
GOOGL,2025-04-15 14:37:00,155.9300,155.7606
GOOGL,2025-04-15 14:38:00,155.7300,155.7300
GOOGL,2025-04-15 14:39:00,155.7300,155.7200
GOOGL,2025-04-15 14:40:00,155.7400,155.6950
GOOGL,2025-04-15 14:41:00,155.7100,155.8600
GOOGL,2025-04-15 14:42:00,155.8700,155.8150
GOOGL,2025-04-15 14:43:00,155.8100,155.8500
GOOGL,2025-04-15 14:44:00,155.8470,155.9800
GOOGL,2025-04-15 14:45:00,155.9900,156.0050
GOOGL,2025-04-15 14:46:00,156.0100,155.9200
GOOGL,2025-04-15 14:47:00,155.9300,155.9000
GOOGL,2025-04-15 14:48:00,155.9000,155.8400
GOOGL,2025-04-15 14:49:00,155.8400,155.8300
GOOGL,2025-04-15 14:50:00,155.8400,155.8200
GOOGL,2025-04-15 14:51:00,155.8200,155.8500
GOOGL,2025-04-15 14:52:00,155.8500,155.6950
GOOGL,2025-04-15 14:53:00,155.7000,155.8200
GOOGL,2025-04-15 14:54:00,155.8100,155.8800
GOOGL,2025-04-15 14:55:00,155.8750,155.9000
GOOGL,2025-04-15 14:56:00,155.8900,155.9350
GOOGL,2025-04-15 14:57:00,155.9250,156.0300
GOOGL,2025-04-15 14:58:00,156.0300,156.0300
GOOGL,2025-04-15 14:59:00,156.0400,155.9900
GOOGL,2025-04-15 15:00:00,155.9850,155.9900
GOOGL,2025-04-15 15:01:00,155.9900,155.8776
GOOGL,2025-04-15 15:02:00,155.8850,155.8700
GOOGL,2025-04-15 15:03:00,155.8700,155.7900
GOOGL,2025-04-15 15:04:00,155.7900,155.9200
GOOGL,2025-04-15 15:05:00,155.9100,155.9200
GOOGL,2025-04-15 15:06:00,155.9000,155.9300
GOOGL,2025-04-15 15:07:00,155.9135,155.8900
GOOGL,2025-04-15 15:08:00,155.8900,155.9100
GOOGL,2025-04-15 15:09:00,155.9050,155.9100
GOOGL,2025-04-15 15:10:00,155.9100,155.9700
GOOGL,2025-04-15 15:11:00,155.9800,155.9200
GOOGL,2025-04-15 15:12:00,155.9100,155.9600
GOOGL,2025-04-15 15:13:00,155.9688,156.0734
GOOGL,2025-04-15 15:14:00,156.0900,156.1400
GOOGL,2025-04-15 15:15:00,156.1250,156.1750
GOOGL,2025-04-15 15:16:00,156.1783,156.1050
GOOGL,2025-04-15 15:17:00,156.1000,156.1750
GOOGL,2025-04-15 15:18:00,156.1800,156.1400
GOOGL,2025-04-15 15:19:00,156.1500,156.1850
GOOGL,2025-04-15 15:20:00,156.1850,156.0650
GOOGL,2025-04-15 15:21:00,156.0700,156.1300
GOOGL,2025-04-15 15:22:00,156.1350,156.1550
GOOGL,2025-04-15 15:23:00,156.1500,155.9900
GOOGL,2025-04-15 15:24:00,155.9850,155.9800
GOOGL,2025-04-15 15:25:00,155.9700,155.8600
GOOGL,2025-04-15 15:26:00,155.8500,155.7894
GOOGL,2025-04-15 15:27:00,155.7900,155.7700
GOOGL,2025-04-15 15:28:00,155.7800,155.7700
GOOGL,2025-04-15 15:29:00,155.7650,155.8484
GOOGL,2025-04-15 15:30:00,155.8550,155.8700
GOOGL,2025-04-15 15:31:00,155.8600,155.8075
GOOGL,2025-04-15 15:32:00,155.8100,155.8800
GOOGL,2025-04-15 15:33:00,155.8800,155.8500
GOOGL,2025-04-15 15:34:00,155.8450,155.7950
GOOGL,2025-04-15 15:35:00,155.7900,155.8250
GOOGL,2025-04-15 15:36:00,155.8250,155.7300
GOOGL,2025-04-15 15:37:00,155.7200,155.7600
GOOGL,2025-04-15 15:38:00,155.7500,155.7300
GOOGL,2025-04-15 15:39:00,155.7300,155.6550
GOOGL,2025-04-15 15:40:00,155.6500,155.6858
GOOGL,2025-04-15 15:41:00,155.7000,155.7097
GOOGL,2025-04-15 15:42:00,155.7050,155.7000
GOOGL,2025-04-15 15:43:00,155.6950,155.7350
GOOGL,2025-04-15 15:44:00,155.7350,155.7500
GOOGL,2025-04-15 15:45:00,155.7450,155.6900
GOOGL,2025-04-15 15:46:00,155.7000,155.6100
GOOGL,2025-04-15 15:47:00,155.6000,155.6200
GOOGL,2025-04-15 15:48:00,155.6150,155.5500
GOOGL,2025-04-15 15:49:00,155.5400,155.6250
GOOGL,2025-04-15 15:50:00,155.6300,155.9200
GOOGL,2025-04-15 15:51:00,155.9300,156.0095
GOOGL,2025-04-15 15:52:00,155.9900,156.0800
GOOGL,2025-04-15 15:53:00,156.0900,156.2200
GOOGL,2025-04-15 15:54:00,156.2200,156.2600
GOOGL,2025-04-15 15:55:00,156.2600,156.0850
GOOGL,2025-04-15 15:56:00,156.0700,156.3700
GOOGL,2025-04-15 15:57:00,156.3700,156.4500
GOOGL,2025-04-15 15:58:00,156.4500,156.4650
GOOGL,2025-04-15 15:59:00,156.4700,156.3000
GOOGL,2025-04-16 09:30:00,153.1000,153.1050
GOOGL,2025-04-16 09:31:00,153.0800,152.9500
GOOGL,2025-04-16 09:32:00,152.9700,153.1750
GOOGL,2025-04-16 09:33:00,153.2250,153.6800
GOOGL,2025-04-16 09:34:00,153.6740,153.7400
GOOGL,2025-04-16 09:35:00,153.7400,153.8350
GOOGL,2025-04-16 09:36:00,153.8250,153.5650
GOOGL,2025-04-16 09:37:00,153.5800,153.6400
GOOGL,2025-04-16 09:38:00,153.6200,153.6200
GOOGL,2025-04-16 09:39:00,153.5400,153.5100
GOOGL,2025-04-16 09:40:00,153.4500,153.3500
GOOGL,2025-04-16 09:41:00,153.3550,153.3300
GOOGL,2025-04-16 09:42:00,153.3550,153.5500
GOOGL,2025-04-16 09:43:00,153.5450,153.3300
GOOGL,2025-04-16 09:44:00,153.3400,153.2750
GOOGL,2025-04-16 09:45:00,153.3000,153.0366
GOOGL,2025-04-16 09:46:00,153.0400,153.1800
GOOGL,2025-04-16 09:47:00,153.1900,153.1750
GOOGL,2025-04-16 09:48:00,153.1700,153.4200
GOOGL,2025-04-16 09:49:00,153.4400,153.3150
GOOGL,2025-04-16 09:50:00,153.3200,153.2600
GOOGL,2025-04-16 09:51:00,153.2500,153.0005
GOOGL,2025-04-16 09:52:00,153.0200,152.9600
GOOGL,2025-04-16 09:53:00,152.9200,152.9000
GOOGL,2025-04-16 09:54:00,152.9050,152.8850
GOOGL,2025-04-16 09:55:00,152.8850,152.9650
GOOGL,2025-04-16 09:56:00,152.9500,153.1700
GOOGL,2025-04-16 09:57:00,153.1700,153.1700
GOOGL,2025-04-16 09:58:00,153.1700,153.0800
GOOGL,2025-04-16 09:59:00,153.0700,152.8800
GOOGL,2025-04-16 10:00:00,152.8700,153.1400
GOOGL,2025-04-16 10:01:00,153.1500,153.1300
GOOGL,2025-04-16 10:02:00,153.1250,153.2500
GOOGL,2025-04-16 10:03:00,153.2400,153.3500
GOOGL,2025-04-16 10:04:00,153.3500,153.4537
GOOGL,2025-04-16 10:05:00,153.4400,153.6198
GOOGL,2025-04-16 10:06:00,153.6100,153.7600
GOOGL,2025-04-16 10:07:00,153.7600,153.8900
GOOGL,2025-04-16 10:08:00,153.9000,153.8000
GOOGL,2025-04-16 10:09:00,153.8100,153.9200
GOOGL,2025-04-16 10:10:00,153.9100,154.0300
GOOGL,2025-04-16 10:11:00,154.0100,154.0000
GOOGL,2025-04-16 10:12:00,153.9850,154.0400
GOOGL,2025-04-16 10:13:00,154.0100,153.8600
GOOGL,2025-04-16 10:14:00,153.8600,153.7600
GOOGL,2025-04-16 10:15:00,153.7850,153.8100
GOOGL,2025-04-16 10:16:00,153.7900,153.8200
GOOGL,2025-04-16 10:17:00,153.8100,153.7400
GOOGL,2025-04-16 10:18:00,153.7400,153.7750
GOOGL,2025-04-16 10:19:00,153.8000,153.9500
GOOGL,2025-04-16 10:20:00,153.9400,154.1600
GOOGL,2025-04-16 10:21:00,154.1550,154.2600
GOOGL,2025-04-16 10:22:00,154.2550,154.2600
GOOGL,2025-04-16 10:23:00,154.2600,154.3100
GOOGL,2025-04-16 10:24:00,154.3150,154.4500
GOOGL,2025-04-16 10:25:00,154.4500,154.5300
GOOGL,2025-04-16 10:26:00,154.5250,154.3200
GOOGL,2025-04-16 10:27:00,154.3300,154.3200
GOOGL,2025-04-16 10:28:00,154.3500,154.4850
GOOGL,2025-04-16 10:29:00,154.4800,154.4300
GOOGL,2025-04-16 10:30:00,154.4200,154.5058
GOOGL,2025-04-16 10:31:00,154.5000,154.3874
GOOGL,2025-04-16 10:32:00,154.3900,154.4919
GOOGL,2025-04-16 10:33:00,154.4900,154.4100
GOOGL,2025-04-16 10:34:00,154.4400,154.6350
GOOGL,2025-04-16 10:35:00,154.6200,154.6500
GOOGL,2025-04-16 10:36:00,154.6600,154.4700
GOOGL,2025-04-16 10:37:00,154.4600,154.5100
GOOGL,2025-04-16 10:38:00,154.4900,154.4000
GOOGL,2025-04-16 10:39:00,154.4050,154.5550
GOOGL,2025-04-16 10:40:00,154.5490,154.6421
GOOGL,2025-04-16 10:41:00,154.6598,154.7450
GOOGL,2025-04-16 10:42:00,154.7600,154.7650
GOOGL,2025-04-16 10:43:00,154.7700,154.9500
GOOGL,2025-04-16 10:44:00,154.9400,154.8500
GOOGL,2025-04-16 10:45:00,154.8400,154.7400
GOOGL,2025-04-16 10:46:00,154.7300,154.7000
GOOGL,2025-04-16 10:47:00,154.7300,154.7100
GOOGL,2025-04-16 10:48:00,154.7000,154.5800
GOOGL,2025-04-16 10:49:00,154.5800,154.6100
GOOGL,2025-04-16 10:50:00,154.6200,154.7100
GOOGL,2025-04-16 10:51:00,154.6900,154.7600
GOOGL,2025-04-16 10:52:00,154.7600,154.8230
GOOGL,2025-04-16 10:53:00,154.8200,154.7900
GOOGL,2025-04-16 10:54:00,154.8000,154.7800
GOOGL,2025-04-16 10:55:00,154.7800,154.8700
GOOGL,2025-04-16 10:56:00,154.8500,154.6250
GOOGL,2025-04-16 10:57:00,154.6300,154.7600
GOOGL,2025-04-16 10:58:00,154.7700,154.8200
GOOGL,2025-04-16 10:59:00,154.8300,154.8573
GOOGL,2025-04-16 11:00:00,154.8600,154.8701
GOOGL,2025-04-16 11:01:00,154.8800,154.8100
GOOGL,2025-04-16 11:02:00,154.8300,154.6700
GOOGL,2025-04-16 11:03:00,154.6700,154.7700
GOOGL,2025-04-16 11:04:00,154.7700,154.7400
GOOGL,2025-04-16 11:05:00,154.7500,154.6900
GOOGL,2025-04-16 11:06:00,154.6800,154.6950
GOOGL,2025-04-16 11:07:00,154.7000,154.8500
GOOGL,2025-04-16 11:08:00,154.8450,154.8800
GOOGL,2025-04-16 11:09:00,154.8850,154.9450
GOOGL,2025-04-16 11:10:00,154.9500,154.8900
GOOGL,2025-04-16 11:11:00,154.9000,154.9800
GOOGL,2025-04-16 11:12:00,154.9750,155.0400
GOOGL,2025-04-16 11:13:00,155.0400,154.9600
GOOGL,2025-04-16 11:14:00,154.9600,154.9800
GOOGL,2025-04-16 11:15:00,155.0000,154.8700
GOOGL,2025-04-16 11:16:00,154.8600,154.8500
GOOGL,2025-04-16 11:17:00,154.8502,154.8900
GOOGL,2025-04-16 11:18:00,154.8700,155.0000
GOOGL,2025-04-16 11:19:00,155.0000,154.8700
GOOGL,2025-04-16 11:20:00,154.8800,154.9200
GOOGL,2025-04-16 11:21:00,154.9200,155.0100
GOOGL,2025-04-16 11:22:00,155.0000,155.2950
GOOGL,2025-04-16 11:23:00,155.3000,155.4500
GOOGL,2025-04-16 11:24:00,155.4400,155.6800
GOOGL,2025-04-16 11:25:00,155.7200,155.8100
GOOGL,2025-04-16 11:26:00,155.8100,155.5800
GOOGL,2025-04-16 11:27:00,155.5900,155.6100
GOOGL,2025-04-16 11:28:00,155.6100,155.4500
GOOGL,2025-04-16 11:29:00,155.4605,155.5300
GOOGL,2025-04-16 11:30:00,155.5250,155.2700
GOOGL,2025-04-16 11:31:00,155.2500,155.2400
GOOGL,2025-04-16 11:32:00,155.2550,155.4100
GOOGL,2025-04-16 11:33:00,155.4000,155.3716
GOOGL,2025-04-16 11:34:00,155.3800,155.3898
GOOGL,2025-04-16 11:35:00,155.4000,155.4300
GOOGL,2025-04-16 11:36:00,155.4350,155.3800
GOOGL,2025-04-16 11:37:00,155.3800,155.3850
GOOGL,2025-04-16 11:38:00,155.3800,155.3000
GOOGL,2025-04-16 11:39:00,155.2900,155.3600
GOOGL,2025-04-16 11:40:00,155.3450,155.2700
GOOGL,2025-04-16 11:41:00,155.2600,155.3000
GOOGL,2025-04-16 11:42:00,155.2900,155.2322
GOOGL,2025-04-16 11:43:00,155.2400,155.3300
GOOGL,2025-04-16 11:44:00,155.3200,155.2800
GOOGL,2025-04-16 11:45:00,155.2850,155.1500
GOOGL,2025-04-16 11:46:00,155.1400,155.1950
GOOGL,2025-04-16 11:47:00,155.1900,155.1200
GOOGL,2025-04-16 11:48:00,155.1100,155.0000
GOOGL,2025-04-16 11:49:00,154.9950,154.9773
GOOGL,2025-04-16 11:50:00,154.9800,154.9350
GOOGL,2025-04-16 11:51:00,154.9201,154.9600
GOOGL,2025-04-16 11:52:00,154.9550,154.9100
GOOGL,2025-04-16 11:53:00,154.9050,154.8700
GOOGL,2025-04-16 11:54:00,154.8500,154.8100
GOOGL,2025-04-16 11:55:00,154.8200,154.8250
GOOGL,2025-04-16 11:56:00,154.8250,154.7650
GOOGL,2025-04-16 11:57:00,154.7700,154.8300
GOOGL,2025-04-16 11:58:00,154.8300,154.6700
GOOGL,2025-04-16 11:59:00,154.6600,154.6100
GOOGL,2025-04-16 12:00:00,154.6200,154.6550
GOOGL,2025-04-16 12:01:00,154.6500,154.5650
GOOGL,2025-04-16 12:02:00,154.5600,154.5111
GOOGL,2025-04-16 12:03:00,154.5150,154.7150
GOOGL,2025-04-16 12:04:00,154.7000,154.7600
GOOGL,2025-04-16 12:05:00,154.7500,154.6700
GOOGL,2025-04-16 12:06:00,154.6799,154.5800
GOOGL,2025-04-16 12:07:00,154.5800,154.8000
GOOGL,2025-04-16 12:08:00,154.8050,154.8300
GOOGL,2025-04-16 12:09:00,154.8200,154.9000
GOOGL,2025-04-16 12:10:00,154.9100,154.9576
GOOGL,2025-04-16 12:11:00,154.9575,154.9600
GOOGL,2025-04-16 12:12:00,154.9700,154.7900
GOOGL,2025-04-16 12:13:00,154.8000,154.8100
GOOGL,2025-04-16 12:14:00,154.8200,154.9300
GOOGL,2025-04-16 12:15:00,154.9400,155.0150
GOOGL,2025-04-16 12:16:00,155.0200,154.9000
GOOGL,2025-04-16 12:17:00,154.9000,154.8700
GOOGL,2025-04-16 12:18:00,154.8600,154.8900
GOOGL,2025-04-16 12:19:00,154.9000,155.0000
GOOGL,2025-04-16 12:20:00,155.0000,155.0000
GOOGL,2025-04-16 12:21:00,154.9900,154.9100
GOOGL,2025-04-16 12:22:00,154.9100,154.8900
GOOGL,2025-04-16 12:23:00,154.9000,154.8500
GOOGL,2025-04-16 12:24:00,154.8400,154.9500
GOOGL,2025-04-16 12:25:00,154.9600,155.0700
GOOGL,2025-04-16 12:26:00,155.0772,155.0870
GOOGL,2025-04-16 12:27:00,155.0900,154.9600
GOOGL,2025-04-16 12:28:00,154.9700,154.9694
GOOGL,2025-04-16 12:29:00,154.9500,154.9500
GOOGL,2025-04-16 12:30:00,154.9400,154.9650
GOOGL,2025-04-16 12:31:00,154.9650,155.1400
GOOGL,2025-04-16 12:32:00,155.1300,155.0300
GOOGL,2025-04-16 12:33:00,155.0400,155.0600
GOOGL,2025-04-16 12:34:00,155.0650,155.1950
GOOGL,2025-04-16 12:35:00,155.1900,155.0150
GOOGL,2025-04-16 12:36:00,155.0100,154.9899
GOOGL,2025-04-16 12:37:00,154.9800,154.9600
GOOGL,2025-04-16 12:38:00,154.9700,154.8550
GOOGL,2025-04-16 12:39:00,154.8500,154.9100
GOOGL,2025-04-16 12:40:00,154.9050,154.7100
GOOGL,2025-04-16 12:41:00,154.7000,154.8850
GOOGL,2025-04-16 12:42:00,154.8750,154.9600
GOOGL,2025-04-16 12:43:00,154.9600,155.0400
GOOGL,2025-04-16 12:44:00,155.0440,155.1750
GOOGL,2025-04-16 12:45:00,155.1700,155.0350
GOOGL,2025-04-16 12:46:00,155.0300,154.9950
GOOGL,2025-04-16 12:47:00,154.9900,154.9850
GOOGL,2025-04-16 12:48:00,154.9850,154.9700
GOOGL,2025-04-16 12:49:00,154.9700,155.0300
GOOGL,2025-04-16 12:50:00,155.0250,155.0500
GOOGL,2025-04-16 12:51:00,155.0400,155.1050
GOOGL,2025-04-16 12:52:00,155.1290,155.0500
GOOGL,2025-04-16 12:53:00,155.0500,155.1600
GOOGL,2025-04-16 12:54:00,155.1800,155.2000
GOOGL,2025-04-16 12:55:00,155.2200,155.2550
GOOGL,2025-04-16 12:56:00,155.2400,155.1600
GOOGL,2025-04-16 12:57:00,155.1700,155.1100
GOOGL,2025-04-16 12:58:00,155.1150,155.1200
GOOGL,2025-04-16 12:59:00,155.1250,155.0800
GOOGL,2025-04-16 13:00:00,155.0700,155.1350
GOOGL,2025-04-16 13:01:00,155.1350,155.2301
GOOGL,2025-04-16 13:02:00,155.2450,155.2050
GOOGL,2025-04-16 13:03:00,155.1950,155.2050
GOOGL,2025-04-16 13:04:00,155.1900,155.0600
GOOGL,2025-04-16 13:05:00,155.0450,155.0800
GOOGL,2025-04-16 13:06:00,155.0930,155.1250
GOOGL,2025-04-16 13:07:00,155.1200,155.1000
GOOGL,2025-04-16 13:08:00,155.1100,155.0100
GOOGL,2025-04-16 13:09:00,155.0050,154.9500
GOOGL,2025-04-16 13:10:00,154.9500,154.9300
GOOGL,2025-04-16 13:11:00,154.9200,154.8600
GOOGL,2025-04-16 13:12:00,154.8550,154.8400
GOOGL,2025-04-16 13:13:00,154.8300,154.9100
GOOGL,2025-04-16 13:14:00,154.9100,154.8400
GOOGL,2025-04-16 13:15:00,154.8300,154.8910
GOOGL,2025-04-16 13:16:00,154.8910,154.9450
GOOGL,2025-04-16 13:17:00,154.9500,154.9800
GOOGL,2025-04-16 13:18:00,154.9800,155.0100
GOOGL,2025-04-16 13:19:00,155.0100,155.0050
GOOGL,2025-04-16 13:20:00,155.0050,154.8900
GOOGL,2025-04-16 13:21:00,154.8886,154.9100
GOOGL,2025-04-16 13:22:00,154.9150,154.9100
GOOGL,2025-04-16 13:23:00,154.9050,154.6650
GOOGL,2025-04-16 13:24:00,154.6600,154.7000
GOOGL,2025-04-16 13:25:00,154.7000,154.6800
GOOGL,2025-04-16 13:26:00,154.6750,154.6950
GOOGL,2025-04-16 13:27:00,154.6900,154.7600
GOOGL,2025-04-16 13:28:00,154.7600,154.7900
GOOGL,2025-04-16 13:29:00,154.8100,154.8700
GOOGL,2025-04-16 13:30:00,154.8700,154.5400
GOOGL,2025-04-16 13:31:00,154.5350,153.9700
GOOGL,2025-04-16 13:32:00,153.9600,154.0700
GOOGL,2025-04-16 13:33:00,154.0600,153.9150
GOOGL,2025-04-16 13:34:00,153.9100,153.7900
GOOGL,2025-04-16 13:35:00,153.7700,153.8750
GOOGL,2025-04-16 13:36:00,153.8600,153.8800
GOOGL,2025-04-16 13:37:00,153.8600,154.0600
GOOGL,2025-04-16 13:38:00,154.0600,153.9150
GOOGL,2025-04-16 13:39:00,153.9000,153.6500
GOOGL,2025-04-16 13:40:00,153.6700,153.3750
GOOGL,2025-04-16 13:41:00,153.3750,153.2300
GOOGL,2025-04-16 13:42:00,153.2300,153.4600
GOOGL,2025-04-16 13:43:00,153.4650,153.3900
GOOGL,2025-04-16 13:44:00,153.3900,153.3300
GOOGL,2025-04-16 13:45:00,153.3200,153.0400
GOOGL,2025-04-16 13:46:00,153.0550,153.1441
GOOGL,2025-04-16 13:47:00,153.1500,153.0200
GOOGL,2025-04-16 13:48:00,153.0110,153.0000
GOOGL,2025-04-16 13:49:00,153.0000,153.0100
GOOGL,2025-04-16 13:50:00,153.0000,152.9100
GOOGL,2025-04-16 13:51:00,152.9300,153.1800
GOOGL,2025-04-16 13:52:00,153.1700,153.4000
GOOGL,2025-04-16 13:53:00,153.4200,153.3300
GOOGL,2025-04-16 13:54:00,153.3200,153.1650
GOOGL,2025-04-16 13:55:00,153.1650,153.1400
GOOGL,2025-04-16 13:56:00,153.1200,153.0150
GOOGL,2025-04-16 13:57:00,153.0000,152.7100
GOOGL,2025-04-16 13:58:00,152.6800,152.8210
GOOGL,2025-04-16 13:59:00,152.8150,152.6950
GOOGL,2025-04-16 14:00:00,152.6800,153.2050
GOOGL,2025-04-16 14:01:00,153.2200,152.9900
GOOGL,2025-04-16 14:02:00,152.9600,153.1900
GOOGL,2025-04-16 14:03:00,153.1750,153.3000
GOOGL,2025-04-16 14:04:00,153.2800,153.2550
GOOGL,2025-04-16 14:05:00,153.2550,153.3550
GOOGL,2025-04-16 14:06:00,153.3550,153.4100
GOOGL,2025-04-16 14:07:00,153.4200,153.1300
GOOGL,2025-04-16 14:08:00,153.1500,153.0700
GOOGL,2025-04-16 14:09:00,153.0500,153.2700
GOOGL,2025-04-16 14:10:00,153.2800,153.3400
GOOGL,2025-04-16 14:11:00,153.3550,153.3800
GOOGL,2025-04-16 14:12:00,153.4150,153.4100
GOOGL,2025-04-16 14:13:00,153.4000,153.2200
GOOGL,2025-04-16 14:14:00,153.2500,153.4550
GOOGL,2025-04-16 14:15:00,153.4650,153.4000
GOOGL,2025-04-16 14:16:00,153.4000,153.1950
GOOGL,2025-04-16 14:17:00,153.1900,153.0750
GOOGL,2025-04-16 14:18:00,153.0700,153.1000
GOOGL,2025-04-16 14:19:00,153.0950,153.1300
GOOGL,2025-04-16 14:20:00,153.1350,153.0900
GOOGL,2025-04-16 14:21:00,153.0800,153.2700
GOOGL,2025-04-16 14:22:00,153.2700,153.3550
GOOGL,2025-04-16 14:23:00,153.3600,153.4850
GOOGL,2025-04-16 14:24:00,153.4850,153.4800
GOOGL,2025-04-16 14:25:00,153.4700,153.4500
GOOGL,2025-04-16 14:26:00,153.4600,153.5800
GOOGL,2025-04-16 14:27:00,153.5950,153.5550
GOOGL,2025-04-16 14:28:00,153.5600,153.4400
GOOGL,2025-04-16 14:29:00,153.4550,153.4600
GOOGL,2025-04-16 14:30:00,153.4400,153.3200
GOOGL,2025-04-16 14:31:00,153.3318,153.3050
GOOGL,2025-04-16 14:32:00,153.3100,153.2750
GOOGL,2025-04-16 14:33:00,153.2900,153.2600
GOOGL,2025-04-16 14:34:00,153.2600,153.2700
GOOGL,2025-04-16 14:35:00,153.2700,153.1700
GOOGL,2025-04-16 14:36:00,153.1600,153.2750
GOOGL,2025-04-16 14:37:00,153.2650,153.0400
GOOGL,2025-04-16 14:38:00,153.0300,152.9150
GOOGL,2025-04-16 14:39:00,152.9150,152.8600
GOOGL,2025-04-16 14:40:00,152.8700,152.9100
GOOGL,2025-04-16 14:41:00,152.9100,152.8600
GOOGL,2025-04-16 14:42:00,152.8600,152.9100
GOOGL,2025-04-16 14:43:00,152.9050,152.6900
GOOGL,2025-04-16 14:44:00,152.6850,152.7400
GOOGL,2025-04-16 14:45:00,152.7600,152.7300
GOOGL,2025-04-16 14:46:00,152.7300,152.8150
GOOGL,2025-04-16 14:47:00,152.8300,152.8400
GOOGL,2025-04-16 14:48:00,152.8500,152.9000
GOOGL,2025-04-16 14:49:00,152.8900,152.8350
GOOGL,2025-04-16 14:50:00,152.8100,152.7500
GOOGL,2025-04-16 14:51:00,152.7500,152.7750
GOOGL,2025-04-16 14:52:00,152.7700,152.7000
GOOGL,2025-04-16 14:53:00,152.7000,152.6400
GOOGL,2025-04-16 14:54:00,152.6415,152.6100
GOOGL,2025-04-16 14:55:00,152.6100,152.6700
GOOGL,2025-04-16 14:56:00,152.6625,152.6650
GOOGL,2025-04-16 14:57:00,152.6700,152.6000
GOOGL,2025-04-16 14:58:00,152.6100,152.5106
GOOGL,2025-04-16 14:59:00,152.5100,152.4200
GOOGL,2025-04-16 15:00:00,152.4200,152.3750
GOOGL,2025-04-16 15:01:00,152.3600,152.3850
GOOGL,2025-04-16 15:02:00,152.3950,152.2700
GOOGL,2025-04-16 15:03:00,152.2600,152.2400
GOOGL,2025-04-16 15:04:00,152.2410,152.0800
GOOGL,2025-04-16 15:05:00,152.0850,152.1450
GOOGL,2025-04-16 15:06:00,152.1400,151.9600
GOOGL,2025-04-16 15:07:00,151.9501,152.0100
GOOGL,2025-04-16 15:08:00,151.9800,151.8650
GOOGL,2025-04-16 15:09:00,151.8500,151.8150
GOOGL,2025-04-16 15:10:00,151.8200,151.5950
GOOGL,2025-04-16 15:11:00,151.6000,151.5800
GOOGL,2025-04-16 15:12:00,151.5800,151.8750
GOOGL,2025-04-16 15:13:00,151.8800,151.9700
GOOGL,2025-04-16 15:14:00,151.9700,151.8500
GOOGL,2025-04-16 15:15:00,151.8400,152.0100
GOOGL,2025-04-16 15:16:00,152.0000,151.8400
GOOGL,2025-04-16 15:17:00,151.8400,151.8250
GOOGL,2025-04-16 15:18:00,151.8200,151.7703
GOOGL,2025-04-16 15:19:00,151.7900,151.7200
GOOGL,2025-04-16 15:20:00,151.7100,151.6900
GOOGL,2025-04-16 15:21:00,151.6800,151.7100
GOOGL,2025-04-16 15:22:00,151.7105,151.6570
GOOGL,2025-04-16 15:23:00,151.6600,151.7800
GOOGL,2025-04-16 15:24:00,151.7700,151.6926
GOOGL,2025-04-16 15:25:00,151.7000,151.5900
GOOGL,2025-04-16 15:26:00,151.6000,151.6650
GOOGL,2025-04-16 15:27:00,151.6600,151.7000
GOOGL,2025-04-16 15:28:00,151.6924,151.6500
GOOGL,2025-04-16 15:29:00,151.6600,151.6900
GOOGL,2025-04-16 15:30:00,151.6900,152.1300
GOOGL,2025-04-16 15:31:00,152.1300,152.0200
GOOGL,2025-04-16 15:32:00,152.0299,152.2200
GOOGL,2025-04-16 15:33:00,152.2150,152.1750
GOOGL,2025-04-16 15:34:00,152.1800,152.2700
GOOGL,2025-04-16 15:35:00,152.2500,152.3700
GOOGL,2025-04-16 15:36:00,152.3600,152.1300
GOOGL,2025-04-16 15:37:00,152.1200,152.1500
GOOGL,2025-04-16 15:38:00,152.1600,152.3300
GOOGL,2025-04-16 15:39:00,152.3300,152.4200
GOOGL,2025-04-16 15:40:00,152.4400,152.5000
GOOGL,2025-04-16 15:41:00,152.4900,152.6350
GOOGL,2025-04-16 15:42:00,152.6300,152.6100
GOOGL,2025-04-16 15:43:00,152.6100,152.7100
GOOGL,2025-04-16 15:44:00,152.7000,152.6450
GOOGL,2025-04-16 15:45:00,152.6400,152.7000
GOOGL,2025-04-16 15:46:00,152.7200,152.5700
GOOGL,2025-04-16 15:47:00,152.5800,152.5750
GOOGL,2025-04-16 15:48:00,152.5700,152.5500
GOOGL,2025-04-16 15:49:00,152.5700,152.6000
GOOGL,2025-04-16 15:50:00,152.6100,153.2599
GOOGL,2025-04-16 15:51:00,153.2600,153.3350
GOOGL,2025-04-16 15:52:00,153.3400,153.4700
GOOGL,2025-04-16 15:53:00,153.4600,153.3200
GOOGL,2025-04-16 15:54:00,153.3200,153.6400
GOOGL,2025-04-16 15:55:00,153.6400,153.2700
GOOGL,2025-04-16 15:56:00,153.2700,153.3650
GOOGL,2025-04-16 15:57:00,153.3700,153.3050
GOOGL,2025-04-16 15:58:00,153.3100,153.4200
GOOGL,2025-04-16 15:59:00,153.4100,153.3200
GOOGL,2025-04-17 09:30:00,154.2900,154.2450
GOOGL,2025-04-17 09:31:00,154.2300,154.5800
GOOGL,2025-04-17 09:32:00,154.6100,154.5400
GOOGL,2025-04-17 09:33:00,154.5700,154.1800
GOOGL,2025-04-17 09:34:00,154.1900,154.2100
GOOGL,2025-04-17 09:35:00,154.2000,154.2300
GOOGL,2025-04-17 09:36:00,154.2100,154.0000
GOOGL,2025-04-17 09:37:00,154.0200,154.2400
GOOGL,2025-04-17 09:38:00,154.2100,153.8200
GOOGL,2025-04-17 09:39:00,153.7700,153.8798
GOOGL,2025-04-17 09:40:00,153.8800,153.8800
GOOGL,2025-04-17 09:41:00,153.8700,154.3000
GOOGL,2025-04-17 09:42:00,154.2900,154.1900
GOOGL,2025-04-17 09:43:00,154.1900,154.1450
GOOGL,2025-04-17 09:44:00,154.1444,154.0656
GOOGL,2025-04-17 09:45:00,154.0700,153.9400
GOOGL,2025-04-17 09:46:00,153.9200,153.5750
GOOGL,2025-04-17 09:47:00,153.5800,153.4400
GOOGL,2025-04-17 09:48:00,153.4400,153.6050
GOOGL,2025-04-17 09:49:00,153.6050,153.8300
GOOGL,2025-04-17 09:50:00,153.8300,154.0100
GOOGL,2025-04-17 09:51:00,154.0300,153.9850
GOOGL,2025-04-17 09:52:00,154.0100,154.1100
GOOGL,2025-04-17 09:53:00,154.1100,154.0200
GOOGL,2025-04-17 09:54:00,154.0100,154.0200
GOOGL,2025-04-17 09:55:00,154.0100,153.7600
GOOGL,2025-04-17 09:56:00,153.7500,153.5700
GOOGL,2025-04-17 09:57:00,153.5700,153.5500
GOOGL,2025-04-17 09:58:00,153.5300,153.6100
GOOGL,2025-04-17 09:59:00,153.6000,153.7800
GOOGL,2025-04-17 10:00:00,153.7800,153.6300
GOOGL,2025-04-17 10:01:00,153.6400,153.7500
GOOGL,2025-04-17 10:02:00,153.7400,153.6000
GOOGL,2025-04-17 10:03:00,153.6100,153.3000
GOOGL,2025-04-17 10:04:00,153.2900,153.3900
GOOGL,2025-04-17 10:05:00,153.4000,153.5700
GOOGL,2025-04-17 10:06:00,153.5750,153.2300
GOOGL,2025-04-17 10:07:00,153.2300,153.1047
GOOGL,2025-04-17 10:08:00,153.1000,153.2100
GOOGL,2025-04-17 10:09:00,153.2300,153.3500
GOOGL,2025-04-17 10:10:00,153.3400,153.4000
GOOGL,2025-04-17 10:11:00,153.4100,153.3900
GOOGL,2025-04-17 10:12:00,153.4100,153.5150
GOOGL,2025-04-17 10:13:00,153.4800,153.2750
GOOGL,2025-04-17 10:14:00,153.2900,153.2426
GOOGL,2025-04-17 10:15:00,153.2500,153.2500
GOOGL,2025-04-17 10:16:00,153.2100,153.0800
GOOGL,2025-04-17 10:17:00,153.0900,153.0100
GOOGL,2025-04-17 10:18:00,152.9870,152.9400
GOOGL,2025-04-17 10:19:00,152.9400,152.9850
GOOGL,2025-04-17 10:20:00,152.9700,152.8100
GOOGL,2025-04-17 10:21:00,152.8300,152.8200
GOOGL,2025-04-17 10:22:00,152.8600,153.0050
GOOGL,2025-04-17 10:23:00,153.0050,152.9000
GOOGL,2025-04-17 10:24:00,152.8600,152.7347
GOOGL,2025-04-17 10:25:00,152.7200,152.8000
GOOGL,2025-04-17 10:26:00,152.8000,152.9703
GOOGL,2025-04-17 10:27:00,152.9850,152.8150
GOOGL,2025-04-17 10:28:00,152.8350,152.6850
GOOGL,2025-04-17 10:29:00,152.7000,152.6300
GOOGL,2025-04-17 10:30:00,152.6600,150.8700
GOOGL,2025-04-17 10:31:00,150.8500,149.8200
GOOGL,2025-04-17 10:32:00,149.7950,150.1300
GOOGL,2025-04-17 10:33:00,150.2250,150.2600
GOOGL,2025-04-17 10:34:00,150.2600,150.3300
GOOGL,2025-04-17 10:35:00,150.2400,149.7250
GOOGL,2025-04-17 10:36:00,149.7250,150.3500
GOOGL,2025-04-17 10:37:00,150.3250,149.5300
GOOGL,2025-04-17 10:38:00,149.5400,149.0300
GOOGL,2025-04-17 10:39:00,148.9900,148.9000
GOOGL,2025-04-17 10:40:00,148.8950,149.6700
GOOGL,2025-04-17 10:41:00,149.6900,150.3200
GOOGL,2025-04-17 10:42:00,150.3400,150.1300
GOOGL,2025-04-17 10:43:00,150.1271,150.1000
GOOGL,2025-04-17 10:44:00,150.1091,150.2401
GOOGL,2025-04-17 10:45:00,150.2500,150.2400
GOOGL,2025-04-17 10:46:00,150.2400,150.1400
GOOGL,2025-04-17 10:47:00,150.1100,150.0650
GOOGL,2025-04-17 10:48:00,150.1200,150.5100
GOOGL,2025-04-17 10:49:00,150.5100,150.4700
GOOGL,2025-04-17 10:50:00,150.4650,150.5200
GOOGL,2025-04-17 10:51:00,150.5200,150.2800
GOOGL,2025-04-17 10:52:00,150.2700,150.1100
GOOGL,2025-04-17 10:53:00,150.1105,150.3000
GOOGL,2025-04-17 10:54:00,150.2200,150.5100
GOOGL,2025-04-17 10:55:00,150.5200,150.2800
GOOGL,2025-04-17 10:56:00,150.2800,150.1400
GOOGL,2025-04-17 10:57:00,150.1700,150.1550
GOOGL,2025-04-17 10:58:00,150.1550,150.2200
GOOGL,2025-04-17 10:59:00,150.2000,150.0392
GOOGL,2025-04-17 11:00:00,150.0500,150.3000
GOOGL,2025-04-17 11:01:00,150.3100,150.1500
GOOGL,2025-04-17 11:02:00,150.1600,150.3400
GOOGL,2025-04-17 11:03:00,150.3200,150.3200
GOOGL,2025-04-17 11:04:00,150.3200,150.4300
GOOGL,2025-04-17 11:05:00,150.4600,150.4850
GOOGL,2025-04-17 11:06:00,150.5000,151.0200
GOOGL,2025-04-17 11:07:00,151.0250,151.2004
GOOGL,2025-04-17 11:08:00,151.2200,151.5600
GOOGL,2025-04-17 11:09:00,151.5700,151.4800
GOOGL,2025-04-17 11:10:00,151.4750,151.7049
GOOGL,2025-04-17 11:11:00,151.6900,151.4750
GOOGL,2025-04-17 11:12:00,151.4700,151.5650
GOOGL,2025-04-17 11:13:00,151.5800,151.6800
GOOGL,2025-04-17 11:14:00,151.6600,151.7600
GOOGL,2025-04-17 11:15:00,151.7750,151.4750
GOOGL,2025-04-17 11:16:00,151.4550,151.3700
GOOGL,2025-04-17 11:17:00,151.3800,151.5886
GOOGL,2025-04-17 11:18:00,151.5900,151.6600
GOOGL,2025-04-17 11:19:00,151.6600,151.5700
GOOGL,2025-04-17 11:20:00,151.5500,151.4000
GOOGL,2025-04-17 11:21:00,151.4000,151.2100
GOOGL,2025-04-17 11:22:00,151.2300,151.1100
GOOGL,2025-04-17 11:23:00,151.1005,151.2400
GOOGL,2025-04-17 11:24:00,151.2400,151.2500
GOOGL,2025-04-17 11:25:00,151.2500,151.0600
GOOGL,2025-04-17 11:26:00,151.0500,151.0583
GOOGL,2025-04-17 11:27:00,151.0500,150.9300
GOOGL,2025-04-17 11:28:00,150.9100,150.7500
GOOGL,2025-04-17 11:29:00,150.7500,150.6900
GOOGL,2025-04-17 11:30:00,150.6800,150.9200
GOOGL,2025-04-17 11:31:00,150.9200,151.0900
GOOGL,2025-04-17 11:32:00,151.1000,151.2000
GOOGL,2025-04-17 11:33:00,151.1900,151.2800
GOOGL,2025-04-17 11:34:00,151.2850,151.1653
GOOGL,2025-04-17 11:35:00,151.1500,151.0154
GOOGL,2025-04-17 11:36:00,151.0000,150.9294
GOOGL,2025-04-17 11:37:00,150.9300,151.4050
GOOGL,2025-04-17 11:38:00,151.4200,151.1500
GOOGL,2025-04-17 11:39:00,151.1500,151.3000
GOOGL,2025-04-17 11:40:00,151.3100,151.2800
GOOGL,2025-04-17 11:41:00,151.2900,151.1600
GOOGL,2025-04-17 11:42:00,151.1500,150.9300
GOOGL,2025-04-17 11:43:00,150.9300,150.9300
GOOGL,2025-04-17 11:44:00,150.9200,150.8700
GOOGL,2025-04-17 11:45:00,150.8700,150.8100
GOOGL,2025-04-17 11:46:00,150.8200,150.9850
GOOGL,2025-04-17 11:47:00,150.9900,151.1100
GOOGL,2025-04-17 11:48:00,151.1300,151.2350
GOOGL,2025-04-17 11:49:00,151.2500,150.9800
GOOGL,2025-04-17 11:50:00,150.9900,150.9300
GOOGL,2025-04-17 11:51:00,150.9000,151.3100
GOOGL,2025-04-17 11:52:00,151.3012,151.0750
GOOGL,2025-04-17 11:53:00,151.0750,150.9200
GOOGL,2025-04-17 11:54:00,150.9100,150.8300
GOOGL,2025-04-17 11:55:00,150.8300,150.9850
GOOGL,2025-04-17 11:56:00,150.9950,150.8900
GOOGL,2025-04-17 11:57:00,150.8816,150.7300
GOOGL,2025-04-17 11:58:00,150.7150,150.6500
GOOGL,2025-04-17 11:59:00,150.6500,150.6450
GOOGL,2025-04-17 12:00:00,150.6500,150.8250
GOOGL,2025-04-17 12:01:00,150.8331,150.8300
GOOGL,2025-04-17 12:02:00,150.8500,150.7920
GOOGL,2025-04-17 12:03:00,150.7700,150.8500
GOOGL,2025-04-17 12:04:00,150.8300,150.6750
GOOGL,2025-04-17 12:05:00,150.6650,151.1300
GOOGL,2025-04-17 12:06:00,151.1200,151.0200
GOOGL,2025-04-17 12:07:00,151.0400,151.2050
GOOGL,2025-04-17 12:08:00,151.2400,151.4800
GOOGL,2025-04-17 12:09:00,151.4700,151.3450
GOOGL,2025-04-17 12:10:00,151.3500,151.1750
GOOGL,2025-04-17 12:11:00,151.1700,151.2350
GOOGL,2025-04-17 12:12:00,151.2350,150.8150
GOOGL,2025-04-17 12:13:00,150.8000,151.0345
GOOGL,2025-04-17 12:14:00,151.0300,151.3600
GOOGL,2025-04-17 12:15:00,151.3100,151.4400
GOOGL,2025-04-17 12:16:00,151.4200,151.5300
GOOGL,2025-04-17 12:17:00,151.5300,151.4150
GOOGL,2025-04-17 12:18:00,151.4200,151.5100
GOOGL,2025-04-17 12:19:00,151.5400,151.6500
GOOGL,2025-04-17 12:20:00,151.6600,151.4400
GOOGL,2025-04-17 12:21:00,151.4650,151.6100
GOOGL,2025-04-17 12:22:00,151.6100,151.3495
GOOGL,2025-04-17 12:23:00,151.3600,151.3900
GOOGL,2025-04-17 12:24:00,151.3800,151.3375
GOOGL,2025-04-17 12:25:00,151.3200,151.4200
GOOGL,2025-04-17 12:26:00,151.4100,151.4500
GOOGL,2025-04-17 12:27:00,151.4300,151.6100
GOOGL,2025-04-17 12:28:00,151.6100,151.5500
GOOGL,2025-04-17 12:29:00,151.5400,151.5550
GOOGL,2025-04-17 12:30:00,151.5400,151.3500
GOOGL,2025-04-17 12:31:00,151.3500,151.4400
GOOGL,2025-04-17 12:32:00,151.4600,151.3650
GOOGL,2025-04-17 12:33:00,151.3735,151.5900
GOOGL,2025-04-17 12:34:00,151.5800,151.5600
GOOGL,2025-04-17 12:35:00,151.5600,151.6800
GOOGL,2025-04-17 12:36:00,151.7000,151.5100
GOOGL,2025-04-17 12:37:00,151.5200,151.4300
GOOGL,2025-04-17 12:38:00,151.4300,151.3150
GOOGL,2025-04-17 12:39:00,151.3200,151.1850
GOOGL,2025-04-17 12:40:00,151.2050,151.2700
GOOGL,2025-04-17 12:41:00,151.2750,151.1300
GOOGL,2025-04-17 12:42:00,151.1350,151.1150
GOOGL,2025-04-17 12:43:00,151.1000,150.9000
GOOGL,2025-04-17 12:44:00,150.9200,150.8452
GOOGL,2025-04-17 12:45:00,150.8500,150.7450
GOOGL,2025-04-17 12:46:00,150.7600,151.0976
GOOGL,2025-04-17 12:47:00,151.0950,151.1100
GOOGL,2025-04-17 12:48:00,151.1200,151.1100
GOOGL,2025-04-17 12:49:00,151.1100,151.2250
GOOGL,2025-04-17 12:50:00,151.2300,151.3350
GOOGL,2025-04-17 12:51:00,151.3400,151.2600
GOOGL,2025-04-17 12:52:00,151.2450,151.4400
GOOGL,2025-04-17 12:53:00,151.4200,151.4000
GOOGL,2025-04-17 12:54:00,151.3800,151.4200
GOOGL,2025-04-17 12:55:00,151.4100,151.5300
GOOGL,2025-04-17 12:56:00,151.5200,151.6200
GOOGL,2025-04-17 12:57:00,151.5900,151.5850
GOOGL,2025-04-17 12:58:00,151.5800,151.7050
GOOGL,2025-04-17 12:59:00,151.6900,151.5950
GOOGL,2025-04-17 13:00:00,151.5800,151.6900
GOOGL,2025-04-17 13:01:00,151.7100,151.7700
GOOGL,2025-04-17 13:02:00,151.7500,151.6100
GOOGL,2025-04-17 13:03:00,151.6012,151.4700
GOOGL,2025-04-17 13:04:00,151.4800,151.5300
GOOGL,2025-04-17 13:05:00,151.5300,151.5100
GOOGL,2025-04-17 13:06:00,151.5199,151.4250
GOOGL,2025-04-17 13:07:00,151.4300,151.5100
GOOGL,2025-04-17 13:08:00,151.5100,151.6500
GOOGL,2025-04-17 13:09:00,151.6500,151.6201
GOOGL,2025-04-17 13:10:00,151.6400,151.6400
GOOGL,2025-04-17 13:11:00,151.6200,151.4850
GOOGL,2025-04-17 13:12:00,151.5000,151.4500
GOOGL,2025-04-17 13:13:00,151.4500,151.4700
GOOGL,2025-04-17 13:14:00,151.4800,151.3900
GOOGL,2025-04-17 13:15:00,151.4117,151.4800
GOOGL,2025-04-17 13:16:00,151.4900,151.2700
GOOGL,2025-04-17 13:17:00,151.2900,151.2550
GOOGL,2025-04-17 13:18:00,151.2800,151.2700
GOOGL,2025-04-17 13:19:00,151.2500,151.3000
GOOGL,2025-04-17 13:20:00,151.2800,151.1200
GOOGL,2025-04-17 13:21:00,151.1300,151.1800
GOOGL,2025-04-17 13:22:00,151.1700,151.1400
GOOGL,2025-04-17 13:23:00,151.1100,151.0600
GOOGL,2025-04-17 13:24:00,151.0400,151.0900
GOOGL,2025-04-17 13:25:00,151.0950,151.2200
GOOGL,2025-04-17 13:26:00,151.2300,151.0400
GOOGL,2025-04-17 13:27:00,151.0500,151.1550
GOOGL,2025-04-17 13:28:00,151.1400,151.0900
GOOGL,2025-04-17 13:29:00,151.0400,150.9900
GOOGL,2025-04-17 13:30:00,150.9900,151.0300
GOOGL,2025-04-17 13:31:00,151.0300,151.1450
GOOGL,2025-04-17 13:32:00,151.1400,151.2200
GOOGL,2025-04-17 13:33:00,151.2200,151.3126
GOOGL,2025-04-17 13:34:00,151.3200,151.3000
GOOGL,2025-04-17 13:35:00,151.3000,151.2000
GOOGL,2025-04-17 13:36:00,151.2023,151.3500
GOOGL,2025-04-17 13:37:00,151.3300,151.2500
GOOGL,2025-04-17 13:38:00,151.2600,151.3250
GOOGL,2025-04-17 13:39:00,151.3500,151.4300
GOOGL,2025-04-17 13:40:00,151.4200,151.3340
GOOGL,2025-04-17 13:41:00,151.3411,151.2600
GOOGL,2025-04-17 13:42:00,151.2587,151.2100
GOOGL,2025-04-17 13:43:00,151.1900,151.3500
GOOGL,2025-04-17 13:44:00,151.3400,151.5100
GOOGL,2025-04-17 13:45:00,151.5050,151.6450
GOOGL,2025-04-17 13:46:00,151.6900,151.8700
GOOGL,2025-04-17 13:47:00,151.8800,151.9100
GOOGL,2025-04-17 13:48:00,151.9150,151.8700
GOOGL,2025-04-17 13:49:00,151.8500,151.6503
GOOGL,2025-04-17 13:50:00,151.6700,151.7750
GOOGL,2025-04-17 13:51:00,151.7700,151.9000
GOOGL,2025-04-17 13:52:00,151.8900,151.9700
GOOGL,2025-04-17 13:53:00,151.9800,152.0750
GOOGL,2025-04-17 13:54:00,152.0400,151.9600
GOOGL,2025-04-17 13:55:00,151.9400,152.0300
GOOGL,2025-04-17 13:56:00,152.0300,151.9100
GOOGL,2025-04-17 13:57:00,151.8900,151.8900
GOOGL,2025-04-17 13:58:00,151.9100,151.8400
GOOGL,2025-04-17 13:59:00,151.8100,151.8400
GOOGL,2025-04-17 14:00:00,151.8400,151.8100
GOOGL,2025-04-17 14:01:00,151.8100,151.9000
GOOGL,2025-04-17 14:02:00,151.9000,151.8200
GOOGL,2025-04-17 14:03:00,151.8250,151.8200
GOOGL,2025-04-17 14:04:00,151.8150,152.0448
GOOGL,2025-04-17 14:05:00,152.0400,152.0600
GOOGL,2025-04-17 14:06:00,152.0600,152.0400
GOOGL,2025-04-17 14:07:00,151.9800,151.9800
GOOGL,2025-04-17 14:08:00,151.9800,152.1210
GOOGL,2025-04-17 14:09:00,152.1300,152.0700
GOOGL,2025-04-17 14:10:00,152.0700,152.0500
GOOGL,2025-04-17 14:11:00,152.0600,152.0600
GOOGL,2025-04-17 14:12:00,152.0800,151.9200
GOOGL,2025-04-17 14:13:00,151.9100,151.7900
GOOGL,2025-04-17 14:14:00,151.8100,151.7600
GOOGL,2025-04-17 14:15:00,151.7400,151.7800
GOOGL,2025-04-17 14:16:00,151.7800,151.6737
GOOGL,2025-04-17 14:17:00,151.7000,151.9550
GOOGL,2025-04-17 14:18:00,151.9558,151.8400
GOOGL,2025-04-17 14:19:00,151.8400,152.0000
GOOGL,2025-04-17 14:20:00,151.9800,152.1000
GOOGL,2025-04-17 14:21:00,152.0850,152.0500
GOOGL,2025-04-17 14:22:00,152.0500,152.0600
GOOGL,2025-04-17 14:23:00,152.0550,152.0300
GOOGL,2025-04-17 14:24:00,152.0300,151.9750
GOOGL,2025-04-17 14:25:00,151.9800,151.9500
GOOGL,2025-04-17 14:26:00,151.9502,151.8117
GOOGL,2025-04-17 14:27:00,151.7900,151.7900
GOOGL,2025-04-17 14:28:00,151.7900,151.8500
GOOGL,2025-04-17 14:29:00,151.8564,151.6800
GOOGL,2025-04-17 14:30:00,151.6800,151.7600
GOOGL,2025-04-17 14:31:00,151.7500,151.9600
GOOGL,2025-04-17 14:32:00,151.9800,151.9250
GOOGL,2025-04-17 14:33:00,151.9300,151.9696
GOOGL,2025-04-17 14:34:00,151.9689,151.7600
GOOGL,2025-04-17 14:35:00,151.7400,151.8100
GOOGL,2025-04-17 14:36:00,151.8100,151.6300
GOOGL,2025-04-17 14:37:00,151.6400,151.7174
GOOGL,2025-04-17 14:38:00,151.7200,151.8600
GOOGL,2025-04-17 14:39:00,151.8700,151.8700
GOOGL,2025-04-17 14:40:00,151.8728,151.7750
GOOGL,2025-04-17 14:41:00,151.7800,151.8100
GOOGL,2025-04-17 14:42:00,151.7950,151.7000
GOOGL,2025-04-17 14:43:00,151.7100,151.7950
GOOGL,2025-04-17 14:44:00,151.7950,151.8000
GOOGL,2025-04-17 14:45:00,151.8050,151.9800
GOOGL,2025-04-17 14:46:00,151.9900,151.8700
GOOGL,2025-04-17 14:47:00,151.9100,151.6200
GOOGL,2025-04-17 14:48:00,151.6400,151.6500
GOOGL,2025-04-17 14:49:00,151.7300,151.5200
GOOGL,2025-04-17 14:50:00,151.5500,151.4000
GOOGL,2025-04-17 14:51:00,151.4000,151.5400
GOOGL,2025-04-17 14:52:00,151.5100,151.6741
GOOGL,2025-04-17 14:53:00,151.6800,151.6400
GOOGL,2025-04-17 14:54:00,151.6550,151.5000
GOOGL,2025-04-17 14:55:00,151.4950,151.5100
GOOGL,2025-04-17 14:56:00,151.5000,151.4000
GOOGL,2025-04-17 14:57:00,151.4000,151.3750
GOOGL,2025-04-17 14:58:00,151.3700,151.3400
GOOGL,2025-04-17 14:59:00,151.3550,151.2500
GOOGL,2025-04-17 15:00:00,151.2650,151.3200
GOOGL,2025-04-17 15:01:00,151.3000,151.2000
GOOGL,2025-04-17 15:02:00,151.2050,151.2100
GOOGL,2025-04-17 15:03:00,151.2350,151.2800
GOOGL,2025-04-17 15:04:00,151.2900,151.2950
GOOGL,2025-04-17 15:05:00,151.2800,151.1950
GOOGL,2025-04-17 15:06:00,151.1900,151.1750
GOOGL,2025-04-17 15:07:00,151.1600,151.2100
GOOGL,2025-04-17 15:08:00,151.1900,151.2430
GOOGL,2025-04-17 15:09:00,151.2600,151.2605
GOOGL,2025-04-17 15:10:00,151.2600,151.2178
GOOGL,2025-04-17 15:11:00,151.2000,151.1900
GOOGL,2025-04-17 15:12:00,151.1800,151.1126
GOOGL,2025-04-17 15:13:00,151.1000,151.0700
GOOGL,2025-04-17 15:14:00,151.0600,150.9800
GOOGL,2025-04-17 15:15:00,150.9800,151.0250
GOOGL,2025-04-17 15:16:00,151.0253,150.8406
GOOGL,2025-04-17 15:17:00,150.8500,150.9400
GOOGL,2025-04-17 15:18:00,150.9400,150.9000
GOOGL,2025-04-17 15:19:00,150.9100,150.9900
GOOGL,2025-04-17 15:20:00,151.0000,150.8400
GOOGL,2025-04-17 15:21:00,150.8450,150.7350
GOOGL,2025-04-17 15:22:00,150.7300,150.9300
GOOGL,2025-04-17 15:23:00,150.9200,151.2100
GOOGL,2025-04-17 15:24:00,151.2200,151.1900
GOOGL,2025-04-17 15:25:00,151.1874,151.0900
GOOGL,2025-04-17 15:26:00,151.1000,151.2500
GOOGL,2025-04-17 15:27:00,151.2580,151.2900
GOOGL,2025-04-17 15:28:00,151.2850,151.1650
GOOGL,2025-04-17 15:29:00,151.1500,151.0650
GOOGL,2025-04-17 15:30:00,151.0700,151.2500
GOOGL,2025-04-17 15:31:00,151.2500,151.3200
GOOGL,2025-04-17 15:32:00,151.3300,151.1800
GOOGL,2025-04-17 15:33:00,151.1700,151.2072
GOOGL,2025-04-17 15:34:00,151.1800,151.2500
GOOGL,2025-04-17 15:35:00,151.2600,151.3100
GOOGL,2025-04-17 15:36:00,151.3050,151.4100
GOOGL,2025-04-17 15:37:00,151.4000,151.3150
GOOGL,2025-04-17 15:38:00,151.3100,151.3900
GOOGL,2025-04-17 15:39:00,151.4000,151.4200
GOOGL,2025-04-17 15:40:00,151.4200,151.2100
GOOGL,2025-04-17 15:41:00,151.2200,151.3600
GOOGL,2025-04-17 15:42:00,151.3600,151.4400
GOOGL,2025-04-17 15:43:00,151.4500,151.3600
GOOGL,2025-04-17 15:44:00,151.3500,151.3800
GOOGL,2025-04-17 15:45:00,151.3850,151.2400
GOOGL,2025-04-17 15:46:00,151.2600,151.0994
GOOGL,2025-04-17 15:47:00,151.0900,151.0350
GOOGL,2025-04-17 15:48:00,151.0300,150.9800
GOOGL,2025-04-17 15:49:00,150.9700,150.9200
GOOGL,2025-04-17 15:50:00,150.9200,150.6800
GOOGL,2025-04-17 15:51:00,150.6900,150.7300
GOOGL,2025-04-17 15:52:00,150.7450,150.7300
GOOGL,2025-04-17 15:53:00,150.7200,150.7900
GOOGL,2025-04-17 15:54:00,150.8000,150.9700
GOOGL,2025-04-17 15:55:00,150.9800,150.9650
GOOGL,2025-04-17 15:56:00,150.9700,150.9450
GOOGL,2025-04-17 15:57:00,150.9500,151.0400
GOOGL,2025-04-17 15:58:00,151.0400,151.1300
GOOGL,2025-04-17 15:59:00,151.1400,151.2100
GOOGL,2025-04-21 09:30:00,148.8800,148.0300
GOOGL,2025-04-21 09:31:00,148.0100,148.2900
GOOGL,2025-04-21 09:32:00,148.2200,148.3000
GOOGL,2025-04-21 09:33:00,148.3000,148.2750
GOOGL,2025-04-21 09:34:00,148.2601,148.5400
GOOGL,2025-04-21 09:35:00,148.5400,148.3700
GOOGL,2025-04-21 09:36:00,148.3554,148.3200
GOOGL,2025-04-21 09:37:00,148.3400,147.9899
GOOGL,2025-04-21 09:38:00,147.9300,148.1400
GOOGL,2025-04-21 09:39:00,148.1500,148.5300
GOOGL,2025-04-21 09:40:00,148.5400,148.5500
GOOGL,2025-04-21 09:41:00,148.5400,148.5800
GOOGL,2025-04-21 09:42:00,148.5750,148.4400
GOOGL,2025-04-21 09:43:00,148.4500,148.5600
GOOGL,2025-04-21 09:44:00,148.5700,148.2750
GOOGL,2025-04-21 09:45:00,148.2750,148.1200
GOOGL,2025-04-21 09:46:00,148.0930,147.9300
GOOGL,2025-04-21 09:47:00,147.9200,147.9800
GOOGL,2025-04-21 09:48:00,147.9700,148.2650
GOOGL,2025-04-21 09:49:00,148.2800,148.3100
GOOGL,2025-04-21 09:50:00,148.3126,148.1900
GOOGL,2025-04-21 09:51:00,148.1800,147.9450
GOOGL,2025-04-21 09:52:00,147.9500,147.8301
GOOGL,2025-04-21 09:53:00,147.8541,147.6800
GOOGL,2025-04-21 09:54:00,147.6900,147.7400
GOOGL,2025-04-21 09:55:00,147.7300,147.5500
GOOGL,2025-04-21 09:56:00,147.5500,147.4300
GOOGL,2025-04-21 09:57:00,147.4300,147.3850
GOOGL,2025-04-21 09:58:00,147.3800,147.2877
GOOGL,2025-04-21 09:59:00,147.2900,147.1100
GOOGL,2025-04-21 10:00:00,147.0800,146.8910
GOOGL,2025-04-21 10:01:00,146.9200,147.1000
GOOGL,2025-04-21 10:02:00,147.1000,147.2200
GOOGL,2025-04-21 10:03:00,147.2250,147.1000
GOOGL,2025-04-21 10:04:00,147.1000,147.2150
GOOGL,2025-04-21 10:05:00,147.1900,147.2550
GOOGL,2025-04-21 10:06:00,147.2500,147.1303
GOOGL,2025-04-21 10:07:00,147.1300,147.2300
GOOGL,2025-04-21 10:08:00,147.2200,147.3383
GOOGL,2025-04-21 10:09:00,147.3237,147.2700
GOOGL,2025-04-21 10:10:00,147.2700,147.5500
GOOGL,2025-04-21 10:11:00,147.5300,147.6900
GOOGL,2025-04-21 10:12:00,147.6800,147.7600
GOOGL,2025-04-21 10:13:00,147.7512,147.7300
GOOGL,2025-04-21 10:14:00,147.7300,147.7900
GOOGL,2025-04-21 10:15:00,147.7800,147.8150
GOOGL,2025-04-21 10:16:00,147.8000,147.6100
GOOGL,2025-04-21 10:17:00,147.6000,147.6300
GOOGL,2025-04-21 10:18:00,147.6100,147.2903
GOOGL,2025-04-21 10:19:00,147.2900,147.5050
GOOGL,2025-04-21 10:20:00,147.5000,147.4300
GOOGL,2025-04-21 10:21:00,147.4300,147.4200
GOOGL,2025-04-21 10:22:00,147.4200,147.3350
GOOGL,2025-04-21 10:23:00,147.3498,147.3212
GOOGL,2025-04-21 10:24:00,147.3250,147.4000
GOOGL,2025-04-21 10:25:00,147.4000,147.5976
GOOGL,2025-04-21 10:26:00,147.6000,147.7100
GOOGL,2025-04-21 10:27:00,147.7100,147.6150
GOOGL,2025-04-21 10:28:00,147.6000,147.6300
GOOGL,2025-04-21 10:29:00,147.6400,147.6200
GOOGL,2025-04-21 10:30:00,147.6050,147.6700
GOOGL,2025-04-21 10:31:00,147.6600,147.6200
GOOGL,2025-04-21 10:32:00,147.6000,147.6600
GOOGL,2025-04-21 10:33:00,147.6500,147.7900
GOOGL,2025-04-21 10:34:00,147.7900,147.8000
GOOGL,2025-04-21 10:35:00,147.7900,147.9650
GOOGL,2025-04-21 10:36:00,147.9800,148.0050
GOOGL,2025-04-21 10:37:00,148.0100,148.0300
GOOGL,2025-04-21 10:38:00,148.0200,147.9600
GOOGL,2025-04-21 10:39:00,147.9800,147.8750
GOOGL,2025-04-21 10:40:00,147.8600,147.9400
GOOGL,2025-04-21 10:41:00,147.9400,147.9279
GOOGL,2025-04-21 10:42:00,147.9250,147.8074
GOOGL,2025-04-21 10:43:00,147.8000,147.7500
GOOGL,2025-04-21 10:44:00,147.7600,147.5900
GOOGL,2025-04-21 10:45:00,147.5800,147.6400
GOOGL,2025-04-21 10:46:00,147.6700,147.6200
GOOGL,2025-04-21 10:47:00,147.6300,147.6800
GOOGL,2025-04-21 10:48:00,147.6800,147.6600
GOOGL,2025-04-21 10:49:00,147.6550,147.5400
GOOGL,2025-04-21 10:50:00,147.5300,147.5700
GOOGL,2025-04-21 10:51:00,147.5600,147.5400
GOOGL,2025-04-21 10:52:00,147.5400,147.4800
GOOGL,2025-04-21 10:53:00,147.4850,147.5000
GOOGL,2025-04-21 10:54:00,147.5150,147.5400
GOOGL,2025-04-21 10:55:00,147.5200,147.5101
GOOGL,2025-04-21 10:56:00,147.5100,147.5550
GOOGL,2025-04-21 10:57:00,147.5500,147.5350
GOOGL,2025-04-21 10:58:00,147.5400,147.6100
GOOGL,2025-04-21 10:59:00,147.6200,147.5900
GOOGL,2025-04-21 11:00:00,147.6000,147.6800
GOOGL,2025-04-21 11:01:00,147.6800,147.6550
GOOGL,2025-04-21 11:02:00,147.6400,147.5305
GOOGL,2025-04-21 11:03:00,147.5200,147.4531
GOOGL,2025-04-21 11:04:00,147.4600,147.5500
GOOGL,2025-04-21 11:05:00,147.5500,147.6050
GOOGL,2025-04-21 11:06:00,147.5900,147.6400
GOOGL,2025-04-21 11:07:00,147.6450,147.4800
GOOGL,2025-04-21 11:08:00,147.4800,147.5600
GOOGL,2025-04-21 11:09:00,147.5700,147.6100
GOOGL,2025-04-21 11:10:00,147.6050,147.5900
GOOGL,2025-04-21 11:11:00,147.6000,147.5200
GOOGL,2025-04-21 11:12:00,147.5300,147.5800
GOOGL,2025-04-21 11:13:00,147.5600,147.3800
GOOGL,2025-04-21 11:14:00,147.3700,147.2500
GOOGL,2025-04-21 11:15:00,147.2350,147.3500
GOOGL,2025-04-21 11:16:00,147.3450,147.3001
GOOGL,2025-04-21 11:17:00,147.3212,147.3800
GOOGL,2025-04-21 11:18:00,147.3700,147.4420
GOOGL,2025-04-21 11:19:00,147.4672,147.5250
GOOGL,2025-04-21 11:20:00,147.5316,147.4250
GOOGL,2025-04-21 11:21:00,147.4350,147.3100
GOOGL,2025-04-21 11:22:00,147.3200,147.2388
GOOGL,2025-04-21 11:23:00,147.2400,147.2700
GOOGL,2025-04-21 11:24:00,147.2800,147.1700
GOOGL,2025-04-21 11:25:00,147.1600,147.1100
GOOGL,2025-04-21 11:26:00,147.1100,147.0200
GOOGL,2025-04-21 11:27:00,147.0250,147.0700
GOOGL,2025-04-21 11:28:00,147.0800,146.9000
GOOGL,2025-04-21 11:29:00,146.9000,146.9900
GOOGL,2025-04-21 11:30:00,146.9850,146.8700
GOOGL,2025-04-21 11:31:00,146.8500,146.8200
GOOGL,2025-04-21 11:32:00,146.8400,146.7700
GOOGL,2025-04-21 11:33:00,146.7500,146.7600
GOOGL,2025-04-21 11:34:00,146.7575,146.6500
GOOGL,2025-04-21 11:35:00,146.6300,146.8050
GOOGL,2025-04-21 11:36:00,146.8000,146.8600
GOOGL,2025-04-21 11:37:00,146.8600,146.9559
GOOGL,2025-04-21 11:38:00,146.9400,146.9500
GOOGL,2025-04-21 11:39:00,146.9500,146.7700
GOOGL,2025-04-21 11:40:00,146.7700,146.6900
GOOGL,2025-04-21 11:41:00,146.6948,146.6900
GOOGL,2025-04-21 11:42:00,146.6800,146.6300
GOOGL,2025-04-21 11:43:00,146.6300,146.5200
GOOGL,2025-04-21 11:44:00,146.5290,146.4600
GOOGL,2025-04-21 11:45:00,146.4500,146.5102
GOOGL,2025-04-21 11:46:00,146.5100,146.3900
GOOGL,2025-04-21 11:47:00,146.3900,146.3800
GOOGL,2025-04-21 11:48:00,146.3700,146.3900
GOOGL,2025-04-21 11:49:00,146.3600,146.4700
GOOGL,2025-04-21 11:50:00,146.4700,146.3892
GOOGL,2025-04-21 11:51:00,146.3850,146.3900
GOOGL,2025-04-21 11:52:00,146.4100,146.4200
GOOGL,2025-04-21 11:53:00,146.4200,146.3900
GOOGL,2025-04-21 11:54:00,146.3900,146.3300
GOOGL,2025-04-21 11:55:00,146.3200,146.2900
GOOGL,2025-04-21 11:56:00,146.3000,146.3500
GOOGL,2025-04-21 11:57:00,146.3450,146.4400
GOOGL,2025-04-21 11:58:00,146.4300,146.4500
GOOGL,2025-04-21 11:59:00,146.4584,146.4000
GOOGL,2025-04-21 12:00:00,146.3950,146.5087
GOOGL,2025-04-21 12:01:00,146.5050,146.6000
GOOGL,2025-04-21 12:02:00,146.6100,146.4900
GOOGL,2025-04-21 12:03:00,146.4900,146.4300
GOOGL,2025-04-21 12:04:00,146.4300,146.4300
GOOGL,2025-04-21 12:05:00,146.4200,146.4650
GOOGL,2025-04-21 12:06:00,146.4700,146.5500
GOOGL,2025-04-21 12:07:00,146.5400,146.4200
GOOGL,2025-04-21 12:08:00,146.4250,146.4600
GOOGL,2025-04-21 12:09:00,146.4600,146.5050
GOOGL,2025-04-21 12:10:00,146.5050,146.5200
GOOGL,2025-04-21 12:11:00,146.5350,146.4600
GOOGL,2025-04-21 12:12:00,146.4675,146.5500
GOOGL,2025-04-21 12:13:00,146.5600,146.6000
GOOGL,2025-04-21 12:14:00,146.5900,146.6000
GOOGL,2025-04-21 12:15:00,146.6000,146.6450
GOOGL,2025-04-21 12:16:00,146.6400,146.6500
GOOGL,2025-04-21 12:17:00,146.6300,146.7800
GOOGL,2025-04-21 12:18:00,146.7898,146.6400
GOOGL,2025-04-21 12:19:00,146.6400,146.6400
GOOGL,2025-04-21 12:20:00,146.6300,146.7600
GOOGL,2025-04-21 12:21:00,146.7500,146.6500
GOOGL,2025-04-21 12:22:00,146.6599,146.6200
GOOGL,2025-04-21 12:23:00,146.6200,146.7000
GOOGL,2025-04-21 12:24:00,146.7100,146.7300
GOOGL,2025-04-21 12:25:00,146.7300,146.7400
GOOGL,2025-04-21 12:26:00,146.7400,146.6700
GOOGL,2025-04-21 12:27:00,146.6800,146.6800
GOOGL,2025-04-21 12:28:00,146.6867,146.7600
GOOGL,2025-04-21 12:29:00,146.7800,146.7698
GOOGL,2025-04-21 12:30:00,146.7700,146.9000
GOOGL,2025-04-21 12:31:00,146.8900,146.9300
GOOGL,2025-04-21 12:32:00,146.9400,147.0100
GOOGL,2025-04-21 12:33:00,147.0000,146.9800
GOOGL,2025-04-21 12:34:00,146.9800,146.9000
GOOGL,2025-04-21 12:35:00,146.9100,146.9500
GOOGL,2025-04-21 12:36:00,146.9400,147.0300
GOOGL,2025-04-21 12:37:00,147.0700,147.0900
GOOGL,2025-04-21 12:38:00,147.0804,147.1100
GOOGL,2025-04-21 12:39:00,147.1300,147.1076
GOOGL,2025-04-21 12:40:00,147.1000,147.1800
GOOGL,2025-04-21 12:41:00,147.1900,147.2100
GOOGL,2025-04-21 12:42:00,147.2000,147.2400
GOOGL,2025-04-21 12:43:00,147.2500,147.2550
GOOGL,2025-04-21 12:44:00,147.2500,147.2600
GOOGL,2025-04-21 12:45:00,147.2600,147.3100
GOOGL,2025-04-21 12:46:00,147.3150,147.2600
GOOGL,2025-04-21 12:47:00,147.2700,147.2100
GOOGL,2025-04-21 12:48:00,147.2200,147.1600
GOOGL,2025-04-21 12:49:00,147.1500,147.1500
GOOGL,2025-04-21 12:50:00,147.1500,147.1400
GOOGL,2025-04-21 12:51:00,147.1400,147.1200
GOOGL,2025-04-21 12:52:00,147.1000,147.0927
GOOGL,2025-04-21 12:53:00,147.1000,147.0400
GOOGL,2025-04-21 12:54:00,147.0400,147.0100
GOOGL,2025-04-21 12:55:00,147.0100,146.9500
GOOGL,2025-04-21 12:56:00,146.9500,146.9400
GOOGL,2025-04-21 12:57:00,146.9450,146.8600
GOOGL,2025-04-21 12:58:00,146.8402,146.7900
GOOGL,2025-04-21 12:59:00,146.7900,146.8050
GOOGL,2025-04-21 13:00:00,146.8000,146.9250
GOOGL,2025-04-21 13:01:00,146.9100,146.8100
GOOGL,2025-04-21 13:02:00,146.8200,146.7000
GOOGL,2025-04-21 13:03:00,146.7056,146.5600
GOOGL,2025-04-21 13:04:00,146.5600,146.5700
GOOGL,2025-04-21 13:05:00,146.5500,146.6220
GOOGL,2025-04-21 13:06:00,146.6200,146.5800
GOOGL,2025-04-21 13:07:00,146.5800,146.6300
GOOGL,2025-04-21 13:08:00,146.6486,146.5300
GOOGL,2025-04-21 13:09:00,146.5300,146.5000
GOOGL,2025-04-21 13:10:00,146.5050,146.4301
GOOGL,2025-04-21 13:11:00,146.4300,146.4750
GOOGL,2025-04-21 13:12:00,146.5000,146.5600
GOOGL,2025-04-21 13:13:00,146.5550,146.5550
GOOGL,2025-04-21 13:14:00,146.5500,146.5300
GOOGL,2025-04-21 13:15:00,146.5350,146.5400
GOOGL,2025-04-21 13:16:00,146.5500,146.5800
GOOGL,2025-04-21 13:17:00,146.5800,146.5700
GOOGL,2025-04-21 13:18:00,146.5600,146.4600
GOOGL,2025-04-21 13:19:00,146.4600,146.5500
GOOGL,2025-04-21 13:20:00,146.5500,146.6600
GOOGL,2025-04-21 13:21:00,146.6600,146.6300
GOOGL,2025-04-21 13:22:00,146.6200,146.7100
GOOGL,2025-04-21 13:23:00,146.7200,146.7850
GOOGL,2025-04-21 13:24:00,146.7800,146.5200
GOOGL,2025-04-21 13:25:00,146.5200,146.4400
GOOGL,2025-04-21 13:26:00,146.4400,146.4900
GOOGL,2025-04-21 13:27:00,146.4800,146.6100
GOOGL,2025-04-21 13:28:00,146.6100,146.4200
GOOGL,2025-04-21 13:29:00,146.4200,146.4600
GOOGL,2025-04-21 13:30:00,146.4600,146.5490
GOOGL,2025-04-21 13:31:00,146.5500,146.5500
GOOGL,2025-04-21 13:32:00,146.5700,146.5500
GOOGL,2025-04-21 13:33:00,146.5400,146.4450
GOOGL,2025-04-21 13:34:00,146.4400,146.4900
GOOGL,2025-04-21 13:35:00,146.4900,146.5100
GOOGL,2025-04-21 13:36:00,146.5100,146.6600
GOOGL,2025-04-21 13:37:00,146.6769,146.5300
GOOGL,2025-04-21 13:38:00,146.5400,146.5400
GOOGL,2025-04-21 13:39:00,146.5400,146.5100
GOOGL,2025-04-21 13:40:00,146.5200,146.5900
GOOGL,2025-04-21 13:41:00,146.5876,146.5300
GOOGL,2025-04-21 13:42:00,146.5500,146.4600
GOOGL,2025-04-21 13:43:00,146.4400,146.4600
GOOGL,2025-04-21 13:44:00,146.4600,146.6000
GOOGL,2025-04-21 13:45:00,146.5900,146.5197
GOOGL,2025-04-21 13:46:00,146.5200,146.5035
GOOGL,2025-04-21 13:47:00,146.5200,146.5338
GOOGL,2025-04-21 13:48:00,146.5400,146.5300
GOOGL,2025-04-21 13:49:00,146.5300,146.4800
GOOGL,2025-04-21 13:50:00,146.4700,146.5950
GOOGL,2025-04-21 13:51:00,146.5900,146.4550
GOOGL,2025-04-21 13:52:00,146.4600,146.3971
GOOGL,2025-04-21 13:53:00,146.4000,146.4268
GOOGL,2025-04-21 13:54:00,146.4300,146.4700
GOOGL,2025-04-21 13:55:00,146.4600,146.5000
GOOGL,2025-04-21 13:56:00,146.4893,146.4100
GOOGL,2025-04-21 13:57:00,146.4200,146.4572
GOOGL,2025-04-21 13:58:00,146.4500,146.3881
GOOGL,2025-04-21 13:59:00,146.3900,146.4650
GOOGL,2025-04-21 14:00:00,146.4800,146.3700
GOOGL,2025-04-21 14:01:00,146.3600,146.3800
GOOGL,2025-04-21 14:02:00,146.3889,146.4000
GOOGL,2025-04-21 14:03:00,146.4000,146.4800
GOOGL,2025-04-21 14:04:00,146.4650,146.4700
GOOGL,2025-04-21 14:05:00,146.4850,146.5409
GOOGL,2025-04-21 14:06:00,146.5200,146.6400
GOOGL,2025-04-21 14:07:00,146.6300,146.5200
GOOGL,2025-04-21 14:08:00,146.5200,146.6200
GOOGL,2025-04-21 14:09:00,146.6350,146.5900
GOOGL,2025-04-21 14:10:00,146.5900,146.5800
GOOGL,2025-04-21 14:11:00,146.5850,146.6950
GOOGL,2025-04-21 14:12:00,146.6900,146.7000
GOOGL,2025-04-21 14:13:00,146.6800,146.6500
GOOGL,2025-04-21 14:14:00,146.6300,146.6800
GOOGL,2025-04-21 14:15:00,146.6700,146.7000
GOOGL,2025-04-21 14:16:00,146.6900,146.7600
GOOGL,2025-04-21 14:17:00,146.7700,146.8400
GOOGL,2025-04-21 14:18:00,146.8400,146.9069
GOOGL,2025-04-21 14:19:00,146.8950,146.8100
GOOGL,2025-04-21 14:20:00,146.8100,146.7700
GOOGL,2025-04-21 14:21:00,146.7632,146.8300
GOOGL,2025-04-21 14:22:00,146.8200,146.8201
GOOGL,2025-04-21 14:23:00,146.8200,146.8200
GOOGL,2025-04-21 14:24:00,146.8180,146.8000
GOOGL,2025-04-21 14:25:00,146.7950,146.7699
GOOGL,2025-04-21 14:26:00,146.7600,146.7236
GOOGL,2025-04-21 14:27:00,146.7300,146.7850
GOOGL,2025-04-21 14:28:00,146.7850,146.7750
GOOGL,2025-04-21 14:29:00,146.7800,146.7900
GOOGL,2025-04-21 14:30:00,146.7900,146.8900
GOOGL,2025-04-21 14:31:00,146.9100,146.8750
GOOGL,2025-04-21 14:32:00,146.8787,146.8000
GOOGL,2025-04-21 14:33:00,146.7950,146.8400
GOOGL,2025-04-21 14:34:00,146.8350,146.7800
GOOGL,2025-04-21 14:35:00,146.7900,146.8125
GOOGL,2025-04-21 14:36:00,146.8147,146.6900
GOOGL,2025-04-21 14:37:00,146.6900,146.6450
GOOGL,2025-04-21 14:38:00,146.6500,146.6600
GOOGL,2025-04-21 14:39:00,146.6600,146.6672
GOOGL,2025-04-21 14:40:00,146.6700,146.5450
GOOGL,2025-04-21 14:41:00,146.5400,146.5050
GOOGL,2025-04-21 14:42:00,146.4900,146.4500
GOOGL,2025-04-21 14:43:00,146.4450,146.3300
GOOGL,2025-04-21 14:44:00,146.3400,146.3700
GOOGL,2025-04-21 14:45:00,146.3500,146.3500
GOOGL,2025-04-21 14:46:00,146.3600,146.3300
GOOGL,2025-04-21 14:47:00,146.3300,146.2627
GOOGL,2025-04-21 14:48:00,146.2700,146.3000
GOOGL,2025-04-21 14:49:00,146.3000,146.3600
GOOGL,2025-04-21 14:50:00,146.3600,146.3200
GOOGL,2025-04-21 14:51:00,146.3150,146.2850
GOOGL,2025-04-21 14:52:00,146.2850,146.1850
GOOGL,2025-04-21 14:53:00,146.1850,146.2200
GOOGL,2025-04-21 14:54:00,146.2150,146.1350
GOOGL,2025-04-21 14:55:00,146.1350,146.1700
GOOGL,2025-04-21 14:56:00,146.1700,146.2216
GOOGL,2025-04-21 14:57:00,146.2300,146.1900
GOOGL,2025-04-21 14:58:00,146.1900,146.2000
GOOGL,2025-04-21 14:59:00,146.1900,146.1600
GOOGL,2025-04-21 15:00:00,146.1400,146.3300
GOOGL,2025-04-21 15:01:00,146.3300,146.3900
GOOGL,2025-04-21 15:02:00,146.3901,146.4500
GOOGL,2025-04-21 15:03:00,146.4500,146.5000
GOOGL,2025-04-21 15:04:00,146.4874,146.4800
GOOGL,2025-04-21 15:05:00,146.5100,146.5100
GOOGL,2025-04-21 15:06:00,146.5150,146.6200
GOOGL,2025-04-21 15:07:00,146.6150,146.5900
GOOGL,2025-04-21 15:08:00,146.5900,146.6450
GOOGL,2025-04-21 15:09:00,146.6300,146.5700
GOOGL,2025-04-21 15:10:00,146.5600,146.6900
GOOGL,2025-04-21 15:11:00,146.6850,146.6900
GOOGL,2025-04-21 15:12:00,146.6800,146.6800
GOOGL,2025-04-21 15:13:00,146.6850,146.6800
GOOGL,2025-04-21 15:14:00,146.6800,146.6100
GOOGL,2025-04-21 15:15:00,146.6100,146.6250
GOOGL,2025-04-21 15:16:00,146.6247,146.6000
GOOGL,2025-04-21 15:17:00,146.5900,146.6300
GOOGL,2025-04-21 15:18:00,146.6400,146.7100
GOOGL,2025-04-21 15:19:00,146.7150,146.7100
GOOGL,2025-04-21 15:20:00,146.7100,146.8100
GOOGL,2025-04-21 15:21:00,146.8167,146.8750
GOOGL,2025-04-21 15:22:00,146.8750,146.9400
GOOGL,2025-04-21 15:23:00,146.9500,146.8500
GOOGL,2025-04-21 15:24:00,146.8350,146.8650
GOOGL,2025-04-21 15:25:00,146.8700,146.8600
GOOGL,2025-04-21 15:26:00,146.8600,146.7600
GOOGL,2025-04-21 15:27:00,146.7500,146.6800
GOOGL,2025-04-21 15:28:00,146.6900,146.6100
GOOGL,2025-04-21 15:29:00,146.6167,146.6613
GOOGL,2025-04-21 15:30:00,146.6800,146.6500
GOOGL,2025-04-21 15:31:00,146.6700,146.7300
GOOGL,2025-04-21 15:32:00,146.7400,146.8500
GOOGL,2025-04-21 15:33:00,146.8500,146.9300
GOOGL,2025-04-21 15:34:00,146.9250,146.8650
GOOGL,2025-04-21 15:35:00,146.8600,146.9800
GOOGL,2025-04-21 15:36:00,146.9800,147.0050
GOOGL,2025-04-21 15:37:00,147.0100,147.1200
GOOGL,2025-04-21 15:38:00,147.1300,147.2150
GOOGL,2025-04-21 15:39:00,147.1850,147.1800
GOOGL,2025-04-21 15:40:00,147.1900,147.2350
GOOGL,2025-04-21 15:41:00,147.2400,147.2250
GOOGL,2025-04-21 15:42:00,147.2400,147.1600
GOOGL,2025-04-21 15:43:00,147.1700,147.2400
GOOGL,2025-04-21 15:44:00,147.2400,147.2300
GOOGL,2025-04-21 15:45:00,147.2200,147.1604
GOOGL,2025-04-21 15:46:00,147.1700,147.1050
GOOGL,2025-04-21 15:47:00,147.1100,147.0600
GOOGL,2025-04-21 15:48:00,147.0600,147.1450
GOOGL,2025-04-21 15:49:00,147.1450,147.2000
GOOGL,2025-04-21 15:50:00,147.2100,147.2700
GOOGL,2025-04-21 15:51:00,147.2650,147.2850
GOOGL,2025-04-21 15:52:00,147.2600,147.1550
GOOGL,2025-04-21 15:53:00,147.1500,147.2200
GOOGL,2025-04-21 15:54:00,147.2100,147.5400
GOOGL,2025-04-21 15:55:00,147.5600,147.6650
GOOGL,2025-04-21 15:56:00,147.6600,147.7272
GOOGL,2025-04-21 15:57:00,147.7250,147.8350
GOOGL,2025-04-21 15:58:00,147.8350,147.9500
GOOGL,2025-04-21 15:59:00,147.9500,147.6500
GOOGL,2025-04-22 09:30:00,148.8900,148.7506
GOOGL,2025-04-22 09:31:00,148.7400,149.3685
GOOGL,2025-04-22 09:32:00,149.3700,149.3650
GOOGL,2025-04-22 09:33:00,149.3650,149.2300
GOOGL,2025-04-22 09:34:00,149.2141,148.9300
GOOGL,2025-04-22 09:35:00,148.9550,148.9600
GOOGL,2025-04-22 09:36:00,148.9700,149.1000
GOOGL,2025-04-22 09:37:00,149.1410,149.0350
GOOGL,2025-04-22 09:38:00,149.0500,148.6801
GOOGL,2025-04-22 09:39:00,148.6900,149.0300
GOOGL,2025-04-22 09:40:00,149.0300,149.1300
GOOGL,2025-04-22 09:41:00,149.1176,149.1750
GOOGL,2025-04-22 09:42:00,149.1700,149.0400
GOOGL,2025-04-22 09:43:00,149.0300,148.9700
GOOGL,2025-04-22 09:44:00,148.9750,149.1150
GOOGL,2025-04-22 09:45:00,149.1150,149.3300
GOOGL,2025-04-22 09:46:00,149.3400,149.4700
GOOGL,2025-04-22 09:47:00,149.4700,149.4500
GOOGL,2025-04-22 09:48:00,149.4500,149.4000
GOOGL,2025-04-22 09:49:00,149.4100,149.4400
GOOGL,2025-04-22 09:50:00,149.4300,149.4100
GOOGL,2025-04-22 09:51:00,149.4300,149.3500
GOOGL,2025-04-22 09:52:00,149.3650,149.2900
GOOGL,2025-04-22 09:53:00,149.3100,149.4400
GOOGL,2025-04-22 09:54:00,149.4400,149.5300
GOOGL,2025-04-22 09:55:00,149.5700,149.3200
GOOGL,2025-04-22 09:56:00,149.3300,149.3300
GOOGL,2025-04-22 09:57:00,149.3400,149.3300
GOOGL,2025-04-22 09:58:00,149.3400,149.5000
GOOGL,2025-04-22 09:59:00,149.5100,149.6800
GOOGL,2025-04-22 10:00:00,149.7300,149.7400
GOOGL,2025-04-22 10:01:00,149.7500,149.7778
GOOGL,2025-04-22 10:02:00,149.7600,149.7350
GOOGL,2025-04-22 10:03:00,149.7544,149.7900
GOOGL,2025-04-22 10:04:00,149.7850,149.8500
GOOGL,2025-04-22 10:05:00,149.8600,149.7200
GOOGL,2025-04-22 10:06:00,149.7100,149.9600
GOOGL,2025-04-22 10:07:00,149.9700,149.8800
GOOGL,2025-04-22 10:08:00,149.8700,149.8403
GOOGL,2025-04-22 10:09:00,149.8500,149.9650
GOOGL,2025-04-22 10:10:00,149.9800,150.0500
GOOGL,2025-04-22 10:11:00,150.0400,149.9950
GOOGL,2025-04-22 10:12:00,150.0000,149.8000
GOOGL,2025-04-22 10:13:00,149.8000,149.7150
GOOGL,2025-04-22 10:14:00,149.7100,149.6474
GOOGL,2025-04-22 10:15:00,149.6500,149.5700
GOOGL,2025-04-22 10:16:00,149.5600,149.5100
GOOGL,2025-04-22 10:17:00,149.5200,149.6900
GOOGL,2025-04-22 10:18:00,149.6900,149.7000
GOOGL,2025-04-22 10:19:00,149.7000,149.7400
GOOGL,2025-04-22 10:20:00,149.7500,149.6900
GOOGL,2025-04-22 10:21:00,149.7000,149.8450
GOOGL,2025-04-22 10:22:00,149.8500,149.7600
GOOGL,2025-04-22 10:23:00,149.7700,149.7600
GOOGL,2025-04-22 10:24:00,149.7600,149.8200
GOOGL,2025-04-22 10:25:00,149.8200,149.6450
GOOGL,2025-04-22 10:26:00,149.6600,149.6050
GOOGL,2025-04-22 10:27:00,149.6000,149.6200
GOOGL,2025-04-22 10:28:00,149.6100,149.4900
GOOGL,2025-04-22 10:29:00,149.4901,149.6510
GOOGL,2025-04-22 10:30:00,149.6400,149.4000
GOOGL,2025-04-22 10:31:00,149.4200,149.5200
GOOGL,2025-04-22 10:32:00,149.5150,149.5700
GOOGL,2025-04-22 10:33:00,149.5700,149.6800
GOOGL,2025-04-22 10:34:00,149.6701,149.7350
GOOGL,2025-04-22 10:35:00,149.7500,149.7600
GOOGL,2025-04-22 10:36:00,149.7700,149.7600
GOOGL,2025-04-22 10:37:00,149.7588,149.8674
GOOGL,2025-04-22 10:38:00,149.8800,149.9100
GOOGL,2025-04-22 10:39:00,149.9200,150.0000
GOOGL,2025-04-22 10:40:00,150.0050,150.0300
GOOGL,2025-04-22 10:41:00,150.0300,149.9553
GOOGL,2025-04-22 10:42:00,149.9500,149.8500
GOOGL,2025-04-22 10:43:00,149.8500,149.8850
GOOGL,2025-04-22 10:44:00,149.8900,149.9300
GOOGL,2025-04-22 10:45:00,149.9272,149.9600
GOOGL,2025-04-22 10:46:00,149.9500,150.1500
GOOGL,2025-04-22 10:47:00,150.1550,150.1726
GOOGL,2025-04-22 10:48:00,150.1700,150.2150
GOOGL,2025-04-22 10:49:00,150.2200,150.1400
GOOGL,2025-04-22 10:50:00,150.1500,150.0500
GOOGL,2025-04-22 10:51:00,150.0500,149.9800
GOOGL,2025-04-22 10:52:00,149.9800,150.0600
GOOGL,2025-04-22 10:53:00,150.0700,150.2900
GOOGL,2025-04-22 10:54:00,150.3000,150.4100
GOOGL,2025-04-22 10:55:00,150.4000,150.3550
GOOGL,2025-04-22 10:56:00,150.3500,150.3100
GOOGL,2025-04-22 10:57:00,150.3150,150.5700
GOOGL,2025-04-22 10:58:00,150.5600,150.4800
GOOGL,2025-04-22 10:59:00,150.4800,150.4550
GOOGL,2025-04-22 11:00:00,150.4600,150.4100
GOOGL,2025-04-22 11:01:00,150.4000,150.4100
GOOGL,2025-04-22 11:02:00,150.4150,150.3685
GOOGL,2025-04-22 11:03:00,150.3700,150.4200
GOOGL,2025-04-22 11:04:00,150.4200,150.4200
GOOGL,2025-04-22 11:05:00,150.4200,150.5300
GOOGL,2025-04-22 11:06:00,150.5390,150.5250
GOOGL,2025-04-22 11:07:00,150.5400,150.5550
GOOGL,2025-04-22 11:08:00,150.5600,150.5897
GOOGL,2025-04-22 11:09:00,150.5900,150.6924
GOOGL,2025-04-22 11:10:00,150.7000,150.6480
GOOGL,2025-04-22 11:11:00,150.6450,150.7000
GOOGL,2025-04-22 11:12:00,150.7100,150.6600
GOOGL,2025-04-22 11:13:00,150.6700,150.5600
GOOGL,2025-04-22 11:14:00,150.5723,150.5500
GOOGL,2025-04-22 11:15:00,150.5500,150.5300
GOOGL,2025-04-22 11:16:00,150.5250,150.5500
GOOGL,2025-04-22 11:17:00,150.5550,150.5750
GOOGL,2025-04-22 11:18:00,150.5750,150.6200
GOOGL,2025-04-22 11:19:00,150.6200,150.7350
GOOGL,2025-04-22 11:20:00,150.7400,150.5700
GOOGL,2025-04-22 11:21:00,150.5700,150.5900
GOOGL,2025-04-22 11:22:00,150.5800,150.6700
GOOGL,2025-04-22 11:23:00,150.6750,150.5572
GOOGL,2025-04-22 11:24:00,150.5500,150.5500
GOOGL,2025-04-22 11:25:00,150.5450,150.6800
GOOGL,2025-04-22 11:26:00,150.6800,150.7400
GOOGL,2025-04-22 11:27:00,150.7350,150.6950
GOOGL,2025-04-22 11:28:00,150.6900,150.7150
GOOGL,2025-04-22 11:29:00,150.7100,150.6600
GOOGL,2025-04-22 11:30:00,150.6650,150.5604
GOOGL,2025-04-22 11:31:00,150.5670,150.6500
GOOGL,2025-04-22 11:32:00,150.6500,150.7000
GOOGL,2025-04-22 11:33:00,150.6900,150.7400
GOOGL,2025-04-22 11:34:00,150.7500,150.7750
GOOGL,2025-04-22 11:35:00,150.7750,150.6900
GOOGL,2025-04-22 11:36:00,150.7000,150.6700
GOOGL,2025-04-22 11:37:00,150.6700,150.6700
GOOGL,2025-04-22 11:38:00,150.6550,150.6400
GOOGL,2025-04-22 11:39:00,150.6300,150.5900
GOOGL,2025-04-22 11:40:00,150.5914,150.4661
GOOGL,2025-04-22 11:41:00,150.4600,150.2900
GOOGL,2025-04-22 11:42:00,150.3000,150.1840
GOOGL,2025-04-22 11:43:00,150.1700,150.1300
GOOGL,2025-04-22 11:44:00,150.1200,150.1813
GOOGL,2025-04-22 11:45:00,150.1850,150.2489
GOOGL,2025-04-22 11:46:00,150.2450,150.3300
GOOGL,2025-04-22 11:47:00,150.3300,150.2150
GOOGL,2025-04-22 11:48:00,150.2200,150.1650
GOOGL,2025-04-22 11:49:00,150.1800,150.2600
GOOGL,2025-04-22 11:50:00,150.2500,150.3100
GOOGL,2025-04-22 11:51:00,150.3023,150.4900
GOOGL,2025-04-22 11:52:00,150.4900,150.4850
GOOGL,2025-04-22 11:53:00,150.4850,150.4900
GOOGL,2025-04-22 11:54:00,150.4999,150.4750
GOOGL,2025-04-22 11:55:00,150.4650,150.5339
GOOGL,2025-04-22 11:56:00,150.5399,150.4400
GOOGL,2025-04-22 11:57:00,150.4350,150.3800
GOOGL,2025-04-22 11:58:00,150.3900,150.5400
GOOGL,2025-04-22 11:59:00,150.5800,150.8450
GOOGL,2025-04-22 12:00:00,150.8600,151.4000
GOOGL,2025-04-22 12:01:00,151.4200,151.3100
GOOGL,2025-04-22 12:02:00,151.3100,151.2800
GOOGL,2025-04-22 12:03:00,151.3000,151.1000
GOOGL,2025-04-22 12:04:00,151.1400,151.1600
GOOGL,2025-04-22 12:05:00,151.1100,151.0999
GOOGL,2025-04-22 12:06:00,151.1000,151.3900
GOOGL,2025-04-22 12:07:00,151.4000,151.5300
GOOGL,2025-04-22 12:08:00,151.5500,151.6300
GOOGL,2025-04-22 12:09:00,151.6300,151.6050
GOOGL,2025-04-22 12:10:00,151.6100,151.5400
GOOGL,2025-04-22 12:11:00,151.5350,151.6600
GOOGL,2025-04-22 12:12:00,151.6800,151.7291
GOOGL,2025-04-22 12:13:00,151.7300,151.7058
GOOGL,2025-04-22 12:14:00,151.7100,151.7450
GOOGL,2025-04-22 12:15:00,151.7300,151.7950
GOOGL,2025-04-22 12:16:00,151.8000,151.6996
GOOGL,2025-04-22 12:17:00,151.6841,151.7500
GOOGL,2025-04-22 12:18:00,151.7372,151.7500
GOOGL,2025-04-22 12:19:00,151.7250,151.8800
GOOGL,2025-04-22 12:20:00,151.8816,151.9700
GOOGL,2025-04-22 12:21:00,151.9740,152.0300
GOOGL,2025-04-22 12:22:00,152.0500,151.9750
GOOGL,2025-04-22 12:23:00,152.0200,152.0400
GOOGL,2025-04-22 12:24:00,152.0200,152.0600
GOOGL,2025-04-22 12:25:00,152.0750,152.1000
GOOGL,2025-04-22 12:26:00,152.1100,152.1600
GOOGL,2025-04-22 12:27:00,152.1700,152.1200
GOOGL,2025-04-22 12:28:00,152.1330,152.0600
GOOGL,2025-04-22 12:29:00,152.0450,152.0550
GOOGL,2025-04-22 12:30:00,152.0700,151.9900
GOOGL,2025-04-22 12:31:00,152.0000,152.0166
GOOGL,2025-04-22 12:32:00,152.0200,152.0200
GOOGL,2025-04-22 12:33:00,152.0150,151.8700
GOOGL,2025-04-22 12:34:00,151.8700,151.7100
GOOGL,2025-04-22 12:35:00,151.7100,151.7050
GOOGL,2025-04-22 12:36:00,151.7050,151.6600
GOOGL,2025-04-22 12:37:00,151.6600,151.7502
GOOGL,2025-04-22 12:38:00,151.7500,151.7450
GOOGL,2025-04-22 12:39:00,151.7200,151.6350
GOOGL,2025-04-22 12:40:00,151.6400,151.6200
GOOGL,2025-04-22 12:41:00,151.6200,151.5790
GOOGL,2025-04-22 12:42:00,151.5710,151.6500
GOOGL,2025-04-22 12:43:00,151.6500,151.6050
GOOGL,2025-04-22 12:44:00,151.6050,151.7100
GOOGL,2025-04-22 12:45:00,151.7000,151.6200
GOOGL,2025-04-22 12:46:00,151.6300,151.5800
GOOGL,2025-04-22 12:47:00,151.5700,151.5800
GOOGL,2025-04-22 12:48:00,151.5900,151.5100
GOOGL,2025-04-22 12:49:00,151.5100,151.5750
GOOGL,2025-04-22 12:50:00,151.5800,151.6300
GOOGL,2025-04-22 12:51:00,151.6400,151.4800
GOOGL,2025-04-22 12:52:00,151.4800,151.5068
GOOGL,2025-04-22 12:53:00,151.5200,151.6700
GOOGL,2025-04-22 12:54:00,151.6700,151.6700
GOOGL,2025-04-22 12:55:00,151.6800,151.6500
GOOGL,2025-04-22 12:56:00,151.6500,151.5600
GOOGL,2025-04-22 12:57:00,151.5800,151.6000
GOOGL,2025-04-22 12:58:00,151.6000,151.5290
GOOGL,2025-04-22 12:59:00,151.5300,151.5200
GOOGL,2025-04-22 13:00:00,151.5100,151.6100
GOOGL,2025-04-22 13:01:00,151.6000,151.6200
GOOGL,2025-04-22 13:02:00,151.6285,151.6339
GOOGL,2025-04-22 13:03:00,151.6350,151.6001
GOOGL,2025-04-22 13:04:00,151.6100,151.5600
GOOGL,2025-04-22 13:05:00,151.5450,151.5628
GOOGL,2025-04-22 13:06:00,151.5600,151.4400
GOOGL,2025-04-22 13:07:00,151.4400,151.4100
GOOGL,2025-04-22 13:08:00,151.4100,151.7000
GOOGL,2025-04-22 13:09:00,151.7100,151.5600
GOOGL,2025-04-22 13:10:00,151.5000,151.1700
GOOGL,2025-04-22 13:11:00,151.1800,150.8000
GOOGL,2025-04-22 13:12:00,150.7950,151.0000
GOOGL,2025-04-22 13:13:00,151.0150,150.8100
GOOGL,2025-04-22 13:14:00,150.7600,150.7600
GOOGL,2025-04-22 13:15:00,150.7600,150.4200
GOOGL,2025-04-22 13:16:00,150.4100,150.3700
GOOGL,2025-04-22 13:17:00,150.3500,150.3400
GOOGL,2025-04-22 13:18:00,150.3400,150.4400
GOOGL,2025-04-22 13:19:00,150.4400,150.4800
GOOGL,2025-04-22 13:20:00,150.4600,150.1900
GOOGL,2025-04-22 13:21:00,150.1700,150.1100
GOOGL,2025-04-22 13:22:00,150.1100,150.0000
GOOGL,2025-04-22 13:23:00,149.9700,149.9615
GOOGL,2025-04-22 13:24:00,149.9600,149.9900
GOOGL,2025-04-22 13:25:00,149.9800,150.0500
GOOGL,2025-04-22 13:26:00,150.0700,150.2600
GOOGL,2025-04-22 13:27:00,150.2900,150.0600
GOOGL,2025-04-22 13:28:00,150.0700,149.9000
GOOGL,2025-04-22 13:29:00,149.9000,149.8200
GOOGL,2025-04-22 13:30:00,149.8150,149.7800
GOOGL,2025-04-22 13:31:00,149.7900,149.9300
GOOGL,2025-04-22 13:32:00,149.9500,150.2100
GOOGL,2025-04-22 13:33:00,150.2200,150.0700
GOOGL,2025-04-22 13:34:00,150.0400,150.1400
GOOGL,2025-04-22 13:35:00,150.1200,150.2700
GOOGL,2025-04-22 13:36:00,150.3050,150.5206
GOOGL,2025-04-22 13:37:00,150.5500,150.5450
GOOGL,2025-04-22 13:38:00,150.5300,150.5000
GOOGL,2025-04-22 13:39:00,150.4700,150.3800
GOOGL,2025-04-22 13:40:00,150.3800,150.3850
GOOGL,2025-04-22 13:41:00,150.3700,150.4050
GOOGL,2025-04-22 13:42:00,150.4000,150.2400
GOOGL,2025-04-22 13:43:00,150.2450,150.3800
GOOGL,2025-04-22 13:44:00,150.3950,150.4170
GOOGL,2025-04-22 13:45:00,150.4300,150.3100
GOOGL,2025-04-22 13:46:00,150.3100,150.3150
GOOGL,2025-04-22 13:47:00,150.3258,150.2400
GOOGL,2025-04-22 13:48:00,150.2300,150.0700
GOOGL,2025-04-22 13:49:00,150.0600,149.9300
GOOGL,2025-04-22 13:50:00,149.9400,149.9650
GOOGL,2025-04-22 13:51:00,149.9703,149.8300
GOOGL,2025-04-22 13:52:00,149.8100,149.9840
GOOGL,2025-04-22 13:53:00,149.9500,149.9900
GOOGL,2025-04-22 13:54:00,149.9900,150.1600
GOOGL,2025-04-22 13:55:00,150.1400,150.1100
GOOGL,2025-04-22 13:56:00,150.1500,150.0600
GOOGL,2025-04-22 13:57:00,150.0450,149.9013
GOOGL,2025-04-22 13:58:00,149.9250,150.0450
GOOGL,2025-04-22 13:59:00,150.0300,149.9000
GOOGL,2025-04-22 14:00:00,149.8600,149.8300
GOOGL,2025-04-22 14:01:00,149.8150,149.9400
GOOGL,2025-04-22 14:02:00,149.9210,149.9500
GOOGL,2025-04-22 14:03:00,149.9500,150.1300
GOOGL,2025-04-22 14:04:00,150.1400,150.2600
GOOGL,2025-04-22 14:05:00,150.2650,150.4050
GOOGL,2025-04-22 14:06:00,150.4400,150.4900
GOOGL,2025-04-22 14:07:00,150.4850,150.5600
GOOGL,2025-04-22 14:08:00,150.5700,150.3800
GOOGL,2025-04-22 14:09:00,150.3550,150.4700
GOOGL,2025-04-22 14:10:00,150.4600,150.4500
GOOGL,2025-04-22 14:11:00,150.4500,150.4800
GOOGL,2025-04-22 14:12:00,150.4900,150.4700
GOOGL,2025-04-22 14:13:00,150.4700,150.4800
GOOGL,2025-04-22 14:14:00,150.4700,150.5100
GOOGL,2025-04-22 14:15:00,150.5012,150.5100
GOOGL,2025-04-22 14:16:00,150.5100,150.4500
GOOGL,2025-04-22 14:17:00,150.4500,150.4250
GOOGL,2025-04-22 14:18:00,150.4201,150.3500
GOOGL,2025-04-22 14:19:00,150.3400,150.3400
GOOGL,2025-04-22 14:20:00,150.3300,150.3400
GOOGL,2025-04-22 14:21:00,150.3400,150.4500
GOOGL,2025-04-22 14:22:00,150.4500,150.4900
GOOGL,2025-04-22 14:23:00,150.4850,150.5900
GOOGL,2025-04-22 14:24:00,150.5965,150.6050
GOOGL,2025-04-22 14:25:00,150.6000,150.5800
GOOGL,2025-04-22 14:26:00,150.6000,150.6300
GOOGL,2025-04-22 14:27:00,150.6300,150.7300
GOOGL,2025-04-22 14:28:00,150.7300,150.7600
GOOGL,2025-04-22 14:29:00,150.7600,150.7500
GOOGL,2025-04-22 14:30:00,150.7500,150.8150
GOOGL,2025-04-22 14:31:00,150.8136,150.8600
GOOGL,2025-04-22 14:32:00,150.8500,150.9300
GOOGL,2025-04-22 14:33:00,150.9300,150.9000
GOOGL,2025-04-22 14:34:00,150.9000,150.9000
GOOGL,2025-04-22 14:35:00,150.9200,150.8700
GOOGL,2025-04-22 14:36:00,150.8800,150.9700
GOOGL,2025-04-22 14:37:00,150.9600,150.9800
GOOGL,2025-04-22 14:38:00,150.9900,150.8550
GOOGL,2025-04-22 14:39:00,150.8600,150.8192
GOOGL,2025-04-22 14:40:00,150.8100,150.8800
GOOGL,2025-04-22 14:41:00,150.8900,150.9400
GOOGL,2025-04-22 14:42:00,150.9364,150.9600
GOOGL,2025-04-22 14:43:00,150.9600,151.0100
GOOGL,2025-04-22 14:44:00,150.9874,150.9100
GOOGL,2025-04-22 14:45:00,150.9150,150.9500
GOOGL,2025-04-22 14:46:00,150.9500,151.1000
GOOGL,2025-04-22 14:47:00,151.0850,151.0400
GOOGL,2025-04-22 14:48:00,151.0500,151.0150
GOOGL,2025-04-22 14:49:00,151.0100,151.0400
GOOGL,2025-04-22 14:50:00,151.0500,151.2100
GOOGL,2025-04-22 14:51:00,151.2100,151.1500
GOOGL,2025-04-22 14:52:00,151.1500,151.1170
GOOGL,2025-04-22 14:53:00,151.1150,151.1405
GOOGL,2025-04-22 14:54:00,151.1350,151.1200
GOOGL,2025-04-22 14:55:00,151.1145,151.2000
GOOGL,2025-04-22 14:56:00,151.2000,151.1200
GOOGL,2025-04-22 14:57:00,151.1200,151.1000
GOOGL,2025-04-22 14:58:00,151.1100,151.1200
GOOGL,2025-04-22 14:59:00,151.1100,151.0450
GOOGL,2025-04-22 15:00:00,151.0450,151.1250
GOOGL,2025-04-22 15:01:00,151.1250,151.0500
GOOGL,2025-04-22 15:02:00,151.0300,151.0200
GOOGL,2025-04-22 15:03:00,151.0000,150.9400
GOOGL,2025-04-22 15:04:00,150.9500,151.0200
GOOGL,2025-04-22 15:05:00,151.0400,151.0700
GOOGL,2025-04-22 15:06:00,151.0800,150.9300
GOOGL,2025-04-22 15:07:00,150.9300,150.8600
GOOGL,2025-04-22 15:08:00,150.8750,150.8650
GOOGL,2025-04-22 15:09:00,150.8700,150.8000
GOOGL,2025-04-22 15:10:00,150.8000,150.8100
GOOGL,2025-04-22 15:11:00,150.8000,150.7400
GOOGL,2025-04-22 15:12:00,150.7374,150.7217
GOOGL,2025-04-22 15:13:00,150.7256,150.7300
GOOGL,2025-04-22 15:14:00,150.7300,150.6300
GOOGL,2025-04-22 15:15:00,150.6400,150.6200
GOOGL,2025-04-22 15:16:00,150.6000,150.6500
GOOGL,2025-04-22 15:17:00,150.6550,150.5500
GOOGL,2025-04-22 15:18:00,150.5300,150.3988
GOOGL,2025-04-22 15:19:00,150.4000,150.4300
GOOGL,2025-04-22 15:20:00,150.4200,150.3000
GOOGL,2025-04-22 15:21:00,150.3000,150.1700
GOOGL,2025-04-22 15:22:00,150.1500,150.0200
GOOGL,2025-04-22 15:23:00,150.0400,150.0700
GOOGL,2025-04-22 15:24:00,150.0700,150.2250
GOOGL,2025-04-22 15:25:00,150.2400,150.3050
GOOGL,2025-04-22 15:26:00,150.3100,150.1950
GOOGL,2025-04-22 15:27:00,150.1950,150.0900
GOOGL,2025-04-22 15:28:00,150.0900,150.1695
GOOGL,2025-04-22 15:29:00,150.1650,150.1300
GOOGL,2025-04-22 15:30:00,150.1300,150.1600
GOOGL,2025-04-22 15:31:00,150.1750,150.2100
GOOGL,2025-04-22 15:32:00,150.1900,150.1450
GOOGL,2025-04-22 15:33:00,150.1300,150.1600
GOOGL,2025-04-22 15:34:00,150.1550,150.2300
GOOGL,2025-04-22 15:35:00,150.2100,150.3850
GOOGL,2025-04-22 15:36:00,150.3800,150.3200
GOOGL,2025-04-22 15:37:00,150.3300,150.3500
GOOGL,2025-04-22 15:38:00,150.3500,150.2400
GOOGL,2025-04-22 15:39:00,150.2300,150.1755
GOOGL,2025-04-22 15:40:00,150.1900,150.2650
GOOGL,2025-04-22 15:41:00,150.2600,150.4100
GOOGL,2025-04-22 15:42:00,150.4100,150.5850
GOOGL,2025-04-22 15:43:00,150.6000,150.7474
GOOGL,2025-04-22 15:44:00,150.7600,150.8400
GOOGL,2025-04-22 15:45:00,150.8400,150.9800
GOOGL,2025-04-22 15:46:00,150.9900,151.0100
GOOGL,2025-04-22 15:47:00,151.0100,151.1300
GOOGL,2025-04-22 15:48:00,151.1200,151.0300
GOOGL,2025-04-22 15:49:00,151.0250,151.1100
GOOGL,2025-04-22 15:50:00,151.1000,150.9700
GOOGL,2025-04-22 15:51:00,150.9700,150.8500
GOOGL,2025-04-22 15:52:00,150.8600,150.8300
GOOGL,2025-04-22 15:53:00,150.8400,151.0550
GOOGL,2025-04-22 15:54:00,151.0600,151.2580
GOOGL,2025-04-22 15:55:00,151.3000,151.1600
GOOGL,2025-04-22 15:56:00,151.1600,151.5400
GOOGL,2025-04-22 15:57:00,151.5450,151.6450
GOOGL,2025-04-22 15:58:00,151.6400,151.7200
GOOGL,2025-04-22 15:59:00,151.7200,151.4800
GOOGL,2025-04-23 09:30:00,155.6100,155.8300
GOOGL,2025-04-23 09:31:00,155.8600,156.0500
GOOGL,2025-04-23 09:32:00,156.0800,156.3950
GOOGL,2025-04-23 09:33:00,156.3700,156.4700
GOOGL,2025-04-23 09:34:00,156.4796,156.2450
GOOGL,2025-04-23 09:35:00,156.2600,155.9600
GOOGL,2025-04-23 09:36:00,155.9900,155.5300
GOOGL,2025-04-23 09:37:00,155.5100,156.6350
GOOGL,2025-04-23 09:38:00,156.6200,156.4200
GOOGL,2025-04-23 09:39:00,156.4300,156.0500
GOOGL,2025-04-23 09:40:00,156.0100,155.9950
GOOGL,2025-04-23 09:41:00,156.0004,156.1950
GOOGL,2025-04-23 09:42:00,156.1950,155.9350
GOOGL,2025-04-23 09:43:00,155.9100,156.1000
GOOGL,2025-04-23 09:44:00,156.1300,156.2000
GOOGL,2025-04-23 09:45:00,156.1900,156.4100
GOOGL,2025-04-23 09:46:00,156.4050,156.5200
GOOGL,2025-04-23 09:47:00,156.5300,156.5492
GOOGL,2025-04-23 09:48:00,156.5600,156.5750
GOOGL,2025-04-23 09:49:00,156.5900,156.6100
GOOGL,2025-04-23 09:50:00,156.6000,156.6150
GOOGL,2025-04-23 09:51:00,156.6300,157.0400
GOOGL,2025-04-23 09:52:00,157.0400,156.5400
GOOGL,2025-04-23 09:53:00,156.5100,156.5500
GOOGL,2025-04-23 09:54:00,156.6000,156.5790
GOOGL,2025-04-23 09:55:00,156.5800,156.3600
GOOGL,2025-04-23 09:56:00,156.3500,156.5750
GOOGL,2025-04-23 09:57:00,156.5900,156.5750
GOOGL,2025-04-23 09:58:00,156.5650,156.6150
GOOGL,2025-04-23 09:59:00,156.6500,156.8950
GOOGL,2025-04-23 10:00:00,156.9100,156.7800
GOOGL,2025-04-23 10:01:00,156.7600,156.7500
GOOGL,2025-04-23 10:02:00,156.7200,156.8700
GOOGL,2025-04-23 10:03:00,156.8800,156.8300
GOOGL,2025-04-23 10:04:00,156.8500,157.0000
GOOGL,2025-04-23 10:05:00,157.0300,156.9700
GOOGL,2025-04-23 10:06:00,156.9600,157.1600
GOOGL,2025-04-23 10:07:00,157.1500,156.9550
GOOGL,2025-04-23 10:08:00,156.9700,157.3700
GOOGL,2025-04-23 10:09:00,157.3900,157.2912
GOOGL,2025-04-23 10:10:00,157.3100,157.2000
GOOGL,2025-04-23 10:11:00,157.1900,157.2700
GOOGL,2025-04-23 10:12:00,157.2800,157.3200
GOOGL,2025-04-23 10:13:00,157.3150,156.9000
GOOGL,2025-04-23 10:14:00,156.8900,156.9400
GOOGL,2025-04-23 10:15:00,156.9400,156.7700
GOOGL,2025-04-23 10:16:00,156.7600,156.6300
GOOGL,2025-04-23 10:17:00,156.6300,156.4700
GOOGL,2025-04-23 10:18:00,156.4650,156.3500
GOOGL,2025-04-23 10:19:00,156.3694,156.7000
GOOGL,2025-04-23 10:20:00,156.6800,156.5100
GOOGL,2025-04-23 10:21:00,156.4900,156.4500
GOOGL,2025-04-23 10:22:00,156.4600,156.6500
GOOGL,2025-04-23 10:23:00,156.6600,156.9100
GOOGL,2025-04-23 10:24:00,156.8900,156.8900
GOOGL,2025-04-23 10:25:00,156.8900,156.9800
GOOGL,2025-04-23 10:26:00,156.9800,157.2350
GOOGL,2025-04-23 10:27:00,157.2200,157.1000
GOOGL,2025-04-23 10:28:00,157.0900,157.1600
GOOGL,2025-04-23 10:29:00,157.1750,157.0300
GOOGL,2025-04-23 10:30:00,157.0400,157.1400
GOOGL,2025-04-23 10:31:00,157.1400,157.3500
GOOGL,2025-04-23 10:32:00,157.3400,157.1950
GOOGL,2025-04-23 10:33:00,157.1900,157.3700
GOOGL,2025-04-23 10:34:00,157.3600,157.2500
GOOGL,2025-04-23 10:35:00,157.2600,157.3300
GOOGL,2025-04-23 10:36:00,157.3400,157.4700
GOOGL,2025-04-23 10:37:00,157.4700,157.2600
GOOGL,2025-04-23 10:38:00,157.2400,157.2100
GOOGL,2025-04-23 10:39:00,157.2100,157.0600
GOOGL,2025-04-23 10:40:00,157.0700,157.1900
GOOGL,2025-04-23 10:41:00,157.1800,156.8600
GOOGL,2025-04-23 10:42:00,156.8600,156.8300
GOOGL,2025-04-23 10:43:00,156.8300,156.9600
GOOGL,2025-04-23 10:44:00,156.9600,156.9500
GOOGL,2025-04-23 10:45:00,156.9600,157.0384
GOOGL,2025-04-23 10:46:00,157.0500,157.0200
GOOGL,2025-04-23 10:47:00,157.0200,157.3000
GOOGL,2025-04-23 10:48:00,157.3000,157.2500
GOOGL,2025-04-23 10:49:00,157.2400,157.1400
GOOGL,2025-04-23 10:50:00,157.1500,156.8456
GOOGL,2025-04-23 10:51:00,156.8150,156.9650
GOOGL,2025-04-23 10:52:00,156.9650,157.0300
GOOGL,2025-04-23 10:53:00,157.0200,156.9500
GOOGL,2025-04-23 10:54:00,156.9400,157.0600
GOOGL,2025-04-23 10:55:00,157.0500,157.1450
GOOGL,2025-04-23 10:56:00,157.1500,157.0200
GOOGL,2025-04-23 10:57:00,157.0300,156.9300
GOOGL,2025-04-23 10:58:00,156.9300,156.8200
GOOGL,2025-04-23 10:59:00,156.8300,156.8300
GOOGL,2025-04-23 11:00:00,156.8400,156.6850
GOOGL,2025-04-23 11:01:00,156.6800,156.6900
GOOGL,2025-04-23 11:02:00,156.6400,156.4700
GOOGL,2025-04-23 11:03:00,156.5000,156.6050
GOOGL,2025-04-23 11:04:00,156.6100,156.7400
GOOGL,2025-04-23 11:05:00,156.7400,156.6734
GOOGL,2025-04-23 11:06:00,156.6600,156.9400
GOOGL,2025-04-23 11:07:00,156.9300,156.9595
GOOGL,2025-04-23 11:08:00,156.9600,156.9100
GOOGL,2025-04-23 11:09:00,156.9200,156.8100
GOOGL,2025-04-23 11:10:00,156.8300,156.8300
GOOGL,2025-04-23 11:11:00,156.8100,156.8500
GOOGL,2025-04-23 11:12:00,156.8400,156.8300
GOOGL,2025-04-23 11:13:00,156.8400,156.8000
GOOGL,2025-04-23 11:14:00,156.8000,156.6900
GOOGL,2025-04-23 11:15:00,156.7000,156.5900
GOOGL,2025-04-23 11:16:00,156.5900,156.3000
GOOGL,2025-04-23 11:17:00,156.2800,156.1650
GOOGL,2025-04-23 11:18:00,156.1400,156.2400
GOOGL,2025-04-23 11:19:00,156.2100,156.1100
GOOGL,2025-04-23 11:20:00,156.1100,156.1400
GOOGL,2025-04-23 11:21:00,156.1400,156.1400
GOOGL,2025-04-23 11:22:00,156.1700,156.2100
GOOGL,2025-04-23 11:23:00,156.2200,155.5100
GOOGL,2025-04-23 11:24:00,155.5000,155.6900
GOOGL,2025-04-23 11:25:00,155.6800,155.7200
GOOGL,2025-04-23 11:26:00,155.7150,155.4500
GOOGL,2025-04-23 11:27:00,155.4400,155.3100
GOOGL,2025-04-23 11:28:00,155.3150,155.0900
GOOGL,2025-04-23 11:29:00,155.0900,155.3000
GOOGL,2025-04-23 11:30:00,155.3300,155.3300
GOOGL,2025-04-23 11:31:00,155.3200,155.2700
GOOGL,2025-04-23 11:32:00,155.2700,154.8400
GOOGL,2025-04-23 11:33:00,154.8300,155.0400
GOOGL,2025-04-23 11:34:00,155.0300,155.1100
GOOGL,2025-04-23 11:35:00,155.1000,154.8700
GOOGL,2025-04-23 11:36:00,154.8899,154.9400
GOOGL,2025-04-23 11:37:00,154.9400,154.9500
GOOGL,2025-04-23 11:38:00,154.9600,155.1850
GOOGL,2025-04-23 11:39:00,155.2100,155.3700
GOOGL,2025-04-23 11:40:00,155.3700,155.3600
GOOGL,2025-04-23 11:41:00,155.3600,155.3300
GOOGL,2025-04-23 11:42:00,155.3250,155.0600
GOOGL,2025-04-23 11:43:00,155.0600,154.9000
GOOGL,2025-04-23 11:44:00,154.8900,154.8618
GOOGL,2025-04-23 11:45:00,154.8644,154.9000
GOOGL,2025-04-23 11:46:00,154.9197,154.4600
GOOGL,2025-04-23 11:47:00,154.4400,154.4300
GOOGL,2025-04-23 11:48:00,154.4100,154.1150
GOOGL,2025-04-23 11:49:00,154.1078,154.0500
GOOGL,2025-04-23 11:50:00,154.0300,154.2100
GOOGL,2025-04-23 11:51:00,154.2250,154.0700
GOOGL,2025-04-23 11:52:00,154.0700,154.0400
GOOGL,2025-04-23 11:53:00,154.0400,154.0500
GOOGL,2025-04-23 11:54:00,154.0400,154.4200
GOOGL,2025-04-23 11:55:00,154.4300,154.7900
GOOGL,2025-04-23 11:56:00,154.8050,154.7600
GOOGL,2025-04-23 11:57:00,154.7699,154.7900
GOOGL,2025-04-23 11:58:00,154.7800,154.7500
GOOGL,2025-04-23 11:59:00,154.7450,154.6800
GOOGL,2025-04-23 12:00:00,154.6900,154.4800
GOOGL,2025-04-23 12:01:00,154.4700,154.4400
GOOGL,2025-04-23 12:02:00,154.4300,154.4200
GOOGL,2025-04-23 12:03:00,154.4300,154.5500
GOOGL,2025-04-23 12:04:00,154.5600,154.6200
GOOGL,2025-04-23 12:05:00,154.6000,154.7300
GOOGL,2025-04-23 12:06:00,154.7200,154.4600
GOOGL,2025-04-23 12:07:00,154.4600,154.5300
GOOGL,2025-04-23 12:08:00,154.5200,154.3500
GOOGL,2025-04-23 12:09:00,154.3500,154.2700
GOOGL,2025-04-23 12:10:00,154.2700,154.4700
GOOGL,2025-04-23 12:11:00,154.5000,154.3200
GOOGL,2025-04-23 12:12:00,154.3100,154.1900
GOOGL,2025-04-23 12:13:00,154.1900,154.3900
GOOGL,2025-04-23 12:14:00,154.3900,154.4350
GOOGL,2025-04-23 12:15:00,154.4300,154.3600
GOOGL,2025-04-23 12:16:00,154.3450,154.4100
GOOGL,2025-04-23 12:17:00,154.3700,154.3600
GOOGL,2025-04-23 12:18:00,154.3700,154.1050
GOOGL,2025-04-23 12:19:00,154.1000,154.0300
GOOGL,2025-04-23 12:20:00,154.0200,154.0400
GOOGL,2025-04-23 12:21:00,154.0350,154.0000
GOOGL,2025-04-23 12:22:00,154.0300,154.0100
GOOGL,2025-04-23 12:23:00,154.0100,154.1800
GOOGL,2025-04-23 12:24:00,154.1772,154.1224
GOOGL,2025-04-23 12:25:00,154.1200,154.1400
GOOGL,2025-04-23 12:26:00,154.1300,153.9900
GOOGL,2025-04-23 12:27:00,153.9900,154.2000
GOOGL,2025-04-23 12:28:00,154.2100,154.5750
GOOGL,2025-04-23 12:29:00,154.6000,154.7050
GOOGL,2025-04-23 12:30:00,154.6900,154.8200
GOOGL,2025-04-23 12:31:00,154.8000,154.8300
GOOGL,2025-04-23 12:32:00,154.8300,154.7700
GOOGL,2025-04-23 12:33:00,154.7600,154.9100
GOOGL,2025-04-23 12:34:00,154.9100,154.8400
GOOGL,2025-04-23 12:35:00,154.8500,154.9700
GOOGL,2025-04-23 12:36:00,154.9800,155.0532
GOOGL,2025-04-23 12:37:00,155.0500,155.0900
GOOGL,2025-04-23 12:38:00,155.1000,155.1000
GOOGL,2025-04-23 12:39:00,155.1050,155.0700
GOOGL,2025-04-23 12:40:00,155.0600,155.0000
GOOGL,2025-04-23 12:41:00,155.0100,154.9000
GOOGL,2025-04-23 12:42:00,154.9000,154.9200
GOOGL,2025-04-23 12:43:00,154.9200,154.9600
GOOGL,2025-04-23 12:44:00,154.9700,155.0200
GOOGL,2025-04-23 12:45:00,155.0100,155.0200
GOOGL,2025-04-23 12:46:00,155.0100,154.9300
GOOGL,2025-04-23 12:47:00,154.9300,154.8800
GOOGL,2025-04-23 12:48:00,154.8800,154.7300
GOOGL,2025-04-23 12:49:00,154.7200,154.5750
GOOGL,2025-04-23 12:50:00,154.5750,154.6150
GOOGL,2025-04-23 12:51:00,154.6100,154.7600
GOOGL,2025-04-23 12:52:00,154.7600,154.8300
GOOGL,2025-04-23 12:53:00,154.8100,154.9250
GOOGL,2025-04-23 12:54:00,154.9350,154.9500
GOOGL,2025-04-23 12:55:00,154.9400,155.0700
GOOGL,2025-04-23 12:56:00,155.0800,155.2100
GOOGL,2025-04-23 12:57:00,155.2000,155.3700
GOOGL,2025-04-23 12:58:00,155.3750,155.3050
GOOGL,2025-04-23 12:59:00,155.3100,155.3126
GOOGL,2025-04-23 13:00:00,155.3100,154.9600
GOOGL,2025-04-23 13:01:00,155.0200,154.9600
GOOGL,2025-04-23 13:02:00,154.9800,155.1000
GOOGL,2025-04-23 13:03:00,155.0800,155.0800
GOOGL,2025-04-23 13:04:00,155.1100,155.1103
GOOGL,2025-04-23 13:05:00,155.1250,155.1500
GOOGL,2025-04-23 13:06:00,155.2000,155.2500
GOOGL,2025-04-23 13:07:00,155.2400,155.2600
GOOGL,2025-04-23 13:08:00,155.2700,155.3700
GOOGL,2025-04-23 13:09:00,155.3700,155.3100
GOOGL,2025-04-23 13:10:00,155.3100,155.3000
GOOGL,2025-04-23 13:11:00,155.3100,155.1900
GOOGL,2025-04-23 13:12:00,155.2000,155.2900
GOOGL,2025-04-23 13:13:00,155.2900,155.3100
GOOGL,2025-04-23 13:14:00,155.3000,155.4450
GOOGL,2025-04-23 13:15:00,155.4500,155.4827
GOOGL,2025-04-23 13:16:00,155.4800,155.6000
GOOGL,2025-04-23 13:17:00,155.6000,155.6700
GOOGL,2025-04-23 13:18:00,155.6700,155.6600
GOOGL,2025-04-23 13:19:00,155.6650,155.6547
GOOGL,2025-04-23 13:20:00,155.6500,155.6500
GOOGL,2025-04-23 13:21:00,155.6400,155.7200
GOOGL,2025-04-23 13:22:00,155.7200,155.6600
GOOGL,2025-04-23 13:23:00,155.6300,155.5700
GOOGL,2025-04-23 13:24:00,155.5700,155.6900
GOOGL,2025-04-23 13:25:00,155.6900,155.8100
GOOGL,2025-04-23 13:26:00,155.7900,155.6599
GOOGL,2025-04-23 13:27:00,155.6500,155.8200
GOOGL,2025-04-23 13:28:00,155.8200,155.7300
GOOGL,2025-04-23 13:29:00,155.7300,155.5350
GOOGL,2025-04-23 13:30:00,155.5600,155.6100
GOOGL,2025-04-23 13:31:00,155.6500,155.5700
GOOGL,2025-04-23 13:32:00,155.5700,155.6200
GOOGL,2025-04-23 13:33:00,155.6267,155.4600
GOOGL,2025-04-23 13:34:00,155.4800,155.4400
GOOGL,2025-04-23 13:35:00,155.4300,155.4100
GOOGL,2025-04-23 13:36:00,155.4000,155.4100
GOOGL,2025-04-23 13:37:00,155.4000,155.1200
GOOGL,2025-04-23 13:38:00,155.1100,155.1600
GOOGL,2025-04-23 13:39:00,155.1800,155.2000
GOOGL,2025-04-23 13:40:00,155.2000,155.2300
GOOGL,2025-04-23 13:41:00,155.2300,155.2450
GOOGL,2025-04-23 13:42:00,155.2400,155.3100
GOOGL,2025-04-23 13:43:00,155.3200,155.4400
GOOGL,2025-04-23 13:44:00,155.4300,155.5100
GOOGL,2025-04-23 13:45:00,155.5000,155.2800
GOOGL,2025-04-23 13:46:00,155.2800,155.4100
GOOGL,2025-04-23 13:47:00,155.4000,155.2700
GOOGL,2025-04-23 13:48:00,155.2800,155.1400
GOOGL,2025-04-23 13:49:00,155.1400,155.2100
GOOGL,2025-04-23 13:50:00,155.2100,155.1300
GOOGL,2025-04-23 13:51:00,155.1200,155.2312
GOOGL,2025-04-23 13:52:00,155.2200,155.3100
GOOGL,2025-04-23 13:53:00,155.3000,155.4300
GOOGL,2025-04-23 13:54:00,155.4250,155.4300
GOOGL,2025-04-23 13:55:00,155.4300,155.4900
GOOGL,2025-04-23 13:56:00,155.5000,155.5800
GOOGL,2025-04-23 13:57:00,155.5650,155.5800
GOOGL,2025-04-23 13:58:00,155.5750,155.5200
GOOGL,2025-04-23 13:59:00,155.5100,155.4200
GOOGL,2025-04-23 14:00:00,155.4200,155.4500
GOOGL,2025-04-23 14:01:00,155.4600,155.5100
GOOGL,2025-04-23 14:02:00,155.5150,155.3400
GOOGL,2025-04-23 14:03:00,155.3500,155.1150
GOOGL,2025-04-23 14:04:00,155.1000,155.3050
GOOGL,2025-04-23 14:05:00,155.3200,155.3550
GOOGL,2025-04-23 14:06:00,155.3700,155.3050
GOOGL,2025-04-23 14:07:00,155.3100,155.2750
GOOGL,2025-04-23 14:08:00,155.2800,155.4000
GOOGL,2025-04-23 14:09:00,155.3900,155.3900
GOOGL,2025-04-23 14:10:00,155.3900,155.4000
GOOGL,2025-04-23 14:11:00,155.4200,155.5600
GOOGL,2025-04-23 14:12:00,155.5700,155.6100
GOOGL,2025-04-23 14:13:00,155.6399,155.6900
GOOGL,2025-04-23 14:14:00,155.6950,155.5400
GOOGL,2025-04-23 14:15:00,155.5350,155.7500
GOOGL,2025-04-23 14:16:00,155.7450,155.7400
GOOGL,2025-04-23 14:17:00,155.7300,155.7000
GOOGL,2025-04-23 14:18:00,155.7050,155.5400
GOOGL,2025-04-23 14:19:00,155.5700,155.6500
GOOGL,2025-04-23 14:20:00,155.6400,155.8200
GOOGL,2025-04-23 14:21:00,155.8200,155.9193
GOOGL,2025-04-23 14:22:00,155.9000,155.9000
GOOGL,2025-04-23 14:23:00,155.8688,155.5500
GOOGL,2025-04-23 14:24:00,155.5400,155.5700
GOOGL,2025-04-23 14:25:00,155.5600,155.4450
GOOGL,2025-04-23 14:26:00,155.4312,155.4300
GOOGL,2025-04-23 14:27:00,155.4300,155.4250
GOOGL,2025-04-23 14:28:00,155.4200,155.3200
GOOGL,2025-04-23 14:29:00,155.3100,155.2831
GOOGL,2025-04-23 14:30:00,155.3000,155.4150
GOOGL,2025-04-23 14:31:00,155.4100,155.5800
GOOGL,2025-04-23 14:32:00,155.5700,155.5750
GOOGL,2025-04-23 14:33:00,155.6000,155.5400
GOOGL,2025-04-23 14:34:00,155.5400,155.4600
GOOGL,2025-04-23 14:35:00,155.4750,155.4600
GOOGL,2025-04-23 14:36:00,155.4700,155.4500
GOOGL,2025-04-23 14:37:00,155.4500,155.4800
GOOGL,2025-04-23 14:38:00,155.4900,155.5100
GOOGL,2025-04-23 14:39:00,155.5200,155.5800
GOOGL,2025-04-23 14:40:00,155.5900,155.5200
GOOGL,2025-04-23 14:41:00,155.5100,155.4800
GOOGL,2025-04-23 14:42:00,155.4600,155.5000
GOOGL,2025-04-23 14:43:00,155.4900,155.3803
GOOGL,2025-04-23 14:44:00,155.3800,155.2750
GOOGL,2025-04-23 14:45:00,155.2710,155.3300
GOOGL,2025-04-23 14:46:00,155.3300,155.2350
GOOGL,2025-04-23 14:47:00,155.2400,155.4300
GOOGL,2025-04-23 14:48:00,155.4200,155.5000
GOOGL,2025-04-23 14:49:00,155.5000,155.4595
GOOGL,2025-04-23 14:50:00,155.4600,155.3300
GOOGL,2025-04-23 14:51:00,155.3400,155.2700
GOOGL,2025-04-23 14:52:00,155.2700,155.3200
GOOGL,2025-04-23 14:53:00,155.3300,155.2300
GOOGL,2025-04-23 14:54:00,155.2300,155.2423
GOOGL,2025-04-23 14:55:00,155.2400,155.4100
GOOGL,2025-04-23 14:56:00,155.3800,155.6600
GOOGL,2025-04-23 14:57:00,155.6700,155.5000
GOOGL,2025-04-23 14:58:00,155.5050,155.6300
GOOGL,2025-04-23 14:59:00,155.6200,155.3736
GOOGL,2025-04-23 15:00:00,155.3800,155.4200
GOOGL,2025-04-23 15:01:00,155.4074,155.2100
GOOGL,2025-04-23 15:02:00,155.2100,155.0500
GOOGL,2025-04-23 15:03:00,155.0400,155.0800
GOOGL,2025-04-23 15:04:00,155.0800,154.9900
GOOGL,2025-04-23 15:05:00,154.9900,155.0650
GOOGL,2025-04-23 15:06:00,155.0800,155.1500
GOOGL,2025-04-23 15:07:00,155.1600,155.2300
GOOGL,2025-04-23 15:08:00,155.2300,155.2500
GOOGL,2025-04-23 15:09:00,155.2650,155.1400
GOOGL,2025-04-23 15:10:00,155.1400,155.1800
GOOGL,2025-04-23 15:11:00,155.2000,155.3000
GOOGL,2025-04-23 15:12:00,155.3000,155.1487
GOOGL,2025-04-23 15:13:00,155.1500,155.1702
GOOGL,2025-04-23 15:14:00,155.1900,155.1884
GOOGL,2025-04-23 15:15:00,155.1899,155.0550
GOOGL,2025-04-23 15:16:00,155.0600,155.0750
GOOGL,2025-04-23 15:17:00,155.0700,155.2400
GOOGL,2025-04-23 15:18:00,155.2500,155.0100
GOOGL,2025-04-23 15:19:00,155.0300,155.0800
GOOGL,2025-04-23 15:20:00,155.0700,154.9900
GOOGL,2025-04-23 15:21:00,154.9800,154.9700
GOOGL,2025-04-23 15:22:00,154.9500,154.8000
GOOGL,2025-04-23 15:23:00,154.8000,154.7600
GOOGL,2025-04-23 15:24:00,154.7500,154.7500
GOOGL,2025-04-23 15:25:00,154.7300,154.7300
GOOGL,2025-04-23 15:26:00,154.7200,154.8400
GOOGL,2025-04-23 15:27:00,154.8300,154.9400
GOOGL,2025-04-23 15:28:00,154.9400,154.8700
GOOGL,2025-04-23 15:29:00,154.8500,154.8700
GOOGL,2025-04-23 15:30:00,154.8400,154.9700
GOOGL,2025-04-23 15:31:00,154.9700,155.1700
GOOGL,2025-04-23 15:32:00,155.1800,155.0900
GOOGL,2025-04-23 15:33:00,155.0900,155.1700
GOOGL,2025-04-23 15:34:00,155.1800,154.9350
GOOGL,2025-04-23 15:35:00,154.9300,154.6350
GOOGL,2025-04-23 15:36:00,154.6400,154.5400
GOOGL,2025-04-23 15:37:00,154.5400,154.4700
GOOGL,2025-04-23 15:38:00,154.4900,154.4501
GOOGL,2025-04-23 15:39:00,154.4600,154.5732
GOOGL,2025-04-23 15:40:00,154.5900,154.7650
GOOGL,2025-04-23 15:41:00,154.7600,154.8100
GOOGL,2025-04-23 15:42:00,154.8100,154.8300
GOOGL,2025-04-23 15:43:00,154.8300,154.8450
GOOGL,2025-04-23 15:44:00,154.8500,154.8800
GOOGL,2025-04-23 15:45:00,154.8938,155.0300
GOOGL,2025-04-23 15:46:00,155.0300,154.8400
GOOGL,2025-04-23 15:47:00,154.8200,154.9300
GOOGL,2025-04-23 15:48:00,154.9200,154.9900
GOOGL,2025-04-23 15:49:00,155.0050,154.9800
GOOGL,2025-04-23 15:50:00,154.9900,155.3600
GOOGL,2025-04-23 15:51:00,155.3300,155.2800
GOOGL,2025-04-23 15:52:00,155.2700,155.5120
GOOGL,2025-04-23 15:53:00,155.5200,155.5100
GOOGL,2025-04-23 15:54:00,155.5200,155.5580
GOOGL,2025-04-23 15:55:00,155.5800,155.6400
GOOGL,2025-04-23 15:56:00,155.6400,155.5250
GOOGL,2025-04-23 15:57:00,155.5300,155.5300
GOOGL,2025-04-23 15:58:00,155.5100,155.6400
GOOGL,2025-04-23 15:59:00,155.6400,155.2700
GOOGL,2025-04-24 09:30:00,156.1500,156.7900
GOOGL,2025-04-24 09:31:00,156.7900,156.1900
GOOGL,2025-04-24 09:32:00,156.1600,156.2700
GOOGL,2025-04-24 09:33:00,156.2400,156.2350
GOOGL,2025-04-24 09:34:00,156.2350,156.3500
GOOGL,2025-04-24 09:35:00,156.3400,156.0900
GOOGL,2025-04-24 09:36:00,156.0800,156.0100
GOOGL,2025-04-24 09:37:00,156.0000,156.2750
GOOGL,2025-04-24 09:38:00,156.2999,156.4800
GOOGL,2025-04-24 09:39:00,156.4700,156.3500
GOOGL,2025-04-24 09:40:00,156.3350,156.7000
GOOGL,2025-04-24 09:41:00,156.7000,156.9445
GOOGL,2025-04-24 09:42:00,156.9350,156.6800
GOOGL,2025-04-24 09:43:00,156.6850,156.9700
GOOGL,2025-04-24 09:44:00,156.9600,156.8900
GOOGL,2025-04-24 09:45:00,156.9200,156.9700
GOOGL,2025-04-24 09:46:00,156.9750,157.0100
GOOGL,2025-04-24 09:47:00,157.0150,157.0500
GOOGL,2025-04-24 09:48:00,157.0500,156.8500
GOOGL,2025-04-24 09:49:00,156.8800,157.0900
GOOGL,2025-04-24 09:50:00,157.0950,157.1200
GOOGL,2025-04-24 09:51:00,157.1400,157.0700
GOOGL,2025-04-24 09:52:00,157.0750,157.1900
GOOGL,2025-04-24 09:53:00,157.1800,157.2600
GOOGL,2025-04-24 09:54:00,157.2442,157.3500
GOOGL,2025-04-24 09:55:00,157.3450,157.1600
GOOGL,2025-04-24 09:56:00,157.1500,157.3500
GOOGL,2025-04-24 09:57:00,157.3700,157.5600
GOOGL,2025-04-24 09:58:00,157.5600,157.7300
GOOGL,2025-04-24 09:59:00,157.7400,157.9100
GOOGL,2025-04-24 10:00:00,157.9200,158.0100
GOOGL,2025-04-24 10:01:00,158.0300,158.0400
GOOGL,2025-04-24 10:02:00,158.0750,157.8750
GOOGL,2025-04-24 10:03:00,157.8900,157.8000
GOOGL,2025-04-24 10:04:00,157.8000,157.8550
GOOGL,2025-04-24 10:05:00,157.8412,157.7400
GOOGL,2025-04-24 10:06:00,157.7350,157.7250
GOOGL,2025-04-24 10:07:00,157.7201,157.7115
GOOGL,2025-04-24 10:08:00,157.7300,157.8900
GOOGL,2025-04-24 10:09:00,157.8800,157.7300
GOOGL,2025-04-24 10:10:00,157.7200,157.4300
GOOGL,2025-04-24 10:11:00,157.4300,157.2700
GOOGL,2025-04-24 10:12:00,157.2800,157.1700
GOOGL,2025-04-24 10:13:00,157.1900,157.2000
GOOGL,2025-04-24 10:14:00,157.2100,157.3700
GOOGL,2025-04-24 10:15:00,157.3500,157.3050
GOOGL,2025-04-24 10:16:00,157.2650,157.1800
GOOGL,2025-04-24 10:17:00,157.1650,156.9900
GOOGL,2025-04-24 10:18:00,157.0000,157.1800
GOOGL,2025-04-24 10:19:00,157.1750,157.3850
GOOGL,2025-04-24 10:20:00,157.3900,157.4750
GOOGL,2025-04-24 10:21:00,157.4700,157.4400
GOOGL,2025-04-24 10:22:00,157.4250,157.6050
GOOGL,2025-04-24 10:23:00,157.6000,157.5950
GOOGL,2025-04-24 10:24:00,157.6100,157.7200
GOOGL,2025-04-24 10:25:00,157.7300,157.9300
GOOGL,2025-04-24 10:26:00,157.9000,157.7700
GOOGL,2025-04-24 10:27:00,157.7500,157.9000
GOOGL,2025-04-24 10:28:00,157.9000,157.8200
GOOGL,2025-04-24 10:29:00,157.8100,157.9100
GOOGL,2025-04-24 10:30:00,157.9100,157.9598
GOOGL,2025-04-24 10:31:00,157.9500,157.8300
GOOGL,2025-04-24 10:32:00,157.8300,157.7800
GOOGL,2025-04-24 10:33:00,157.7800,157.6850
GOOGL,2025-04-24 10:34:00,157.6900,157.8800
GOOGL,2025-04-24 10:35:00,157.8900,157.8135
GOOGL,2025-04-24 10:36:00,157.8100,157.7990
GOOGL,2025-04-24 10:37:00,157.8050,158.0550
GOOGL,2025-04-24 10:38:00,158.0500,158.0800
GOOGL,2025-04-24 10:39:00,158.0700,158.0500
GOOGL,2025-04-24 10:40:00,158.0400,158.0200
GOOGL,2025-04-24 10:41:00,158.0300,158.0100
GOOGL,2025-04-24 10:42:00,158.0100,157.9950
GOOGL,2025-04-24 10:43:00,157.9950,157.8000
GOOGL,2025-04-24 10:44:00,157.8050,157.6650
GOOGL,2025-04-24 10:45:00,157.6700,157.5400
GOOGL,2025-04-24 10:46:00,157.5500,157.6100
GOOGL,2025-04-24 10:47:00,157.6050,157.4300
GOOGL,2025-04-24 10:48:00,157.4400,157.3700
GOOGL,2025-04-24 10:49:00,157.3700,157.5300
GOOGL,2025-04-24 10:50:00,157.5650,157.4600
GOOGL,2025-04-24 10:51:00,157.4600,157.5200
GOOGL,2025-04-24 10:52:00,157.5200,157.4500
GOOGL,2025-04-24 10:53:00,157.4500,157.5600
GOOGL,2025-04-24 10:54:00,157.5400,157.6800
GOOGL,2025-04-24 10:55:00,157.6800,157.8250
GOOGL,2025-04-24 10:56:00,157.8187,157.9100
GOOGL,2025-04-24 10:57:00,157.9050,157.8750
GOOGL,2025-04-24 10:58:00,157.8700,157.8300
GOOGL,2025-04-24 10:59:00,157.8200,157.9300
GOOGL,2025-04-24 11:00:00,157.9100,157.8900
GOOGL,2025-04-24 11:01:00,157.9200,157.8500
GOOGL,2025-04-24 11:02:00,157.8500,157.7100
GOOGL,2025-04-24 11:03:00,157.7150,157.7100
GOOGL,2025-04-24 11:04:00,157.7300,158.0100
GOOGL,2025-04-24 11:05:00,158.0100,158.0400
GOOGL,2025-04-24 11:06:00,158.0500,158.0100
GOOGL,2025-04-24 11:07:00,157.9952,157.9500
GOOGL,2025-04-24 11:08:00,157.9519,157.9550
GOOGL,2025-04-24 11:09:00,157.9450,157.9800
GOOGL,2025-04-24 11:10:00,157.9900,158.1300
GOOGL,2025-04-24 11:11:00,158.1350,158.2400
GOOGL,2025-04-24 11:12:00,158.2350,158.1250
GOOGL,2025-04-24 11:13:00,158.1250,158.2800
GOOGL,2025-04-24 11:14:00,158.2800,158.3000
GOOGL,2025-04-24 11:15:00,158.2800,158.2900
GOOGL,2025-04-24 11:16:00,158.2812,158.3500
GOOGL,2025-04-24 11:17:00,158.3600,158.3750
GOOGL,2025-04-24 11:18:00,158.3700,158.2700
GOOGL,2025-04-24 11:19:00,158.2800,158.0600
GOOGL,2025-04-24 11:20:00,158.0700,157.9400
GOOGL,2025-04-24 11:21:00,157.9300,157.9200
GOOGL,2025-04-24 11:22:00,157.9300,157.9100
GOOGL,2025-04-24 11:23:00,157.9000,157.6900
GOOGL,2025-04-24 11:24:00,157.6900,157.8050
GOOGL,2025-04-24 11:25:00,157.8100,157.7900
GOOGL,2025-04-24 11:26:00,157.7900,157.8450
GOOGL,2025-04-24 11:27:00,157.8500,157.7700
GOOGL,2025-04-24 11:28:00,157.7550,157.7450
GOOGL,2025-04-24 11:29:00,157.7450,157.7500
GOOGL,2025-04-24 11:30:00,157.7500,157.6550
GOOGL,2025-04-24 11:31:00,157.6511,157.7300
GOOGL,2025-04-24 11:32:00,157.7250,157.7550
GOOGL,2025-04-24 11:33:00,157.7500,157.7550
GOOGL,2025-04-24 11:34:00,157.7600,157.9500
GOOGL,2025-04-24 11:35:00,157.9500,158.0213
GOOGL,2025-04-24 11:36:00,158.0200,158.0700
GOOGL,2025-04-24 11:37:00,158.0700,158.0350
GOOGL,2025-04-24 11:38:00,158.0400,158.1544
GOOGL,2025-04-24 11:39:00,158.1700,158.1900
GOOGL,2025-04-24 11:40:00,158.1900,158.2850
GOOGL,2025-04-24 11:41:00,158.2919,158.2600
GOOGL,2025-04-24 11:42:00,158.2400,158.0991
GOOGL,2025-04-24 11:43:00,158.0900,158.0800
GOOGL,2025-04-24 11:44:00,158.1100,157.9900
GOOGL,2025-04-24 11:45:00,157.9800,157.9300
GOOGL,2025-04-24 11:46:00,157.9500,157.9100
GOOGL,2025-04-24 11:47:00,157.9050,157.9550
GOOGL,2025-04-24 11:48:00,157.9600,157.8750
GOOGL,2025-04-24 11:49:00,157.8900,157.9500
GOOGL,2025-04-24 11:50:00,157.9500,157.8700
GOOGL,2025-04-24 11:51:00,157.8790,157.9200
GOOGL,2025-04-24 11:52:00,157.9200,158.1697
GOOGL,2025-04-24 11:53:00,158.1650,158.2600
GOOGL,2025-04-24 11:54:00,158.2400,158.2925
GOOGL,2025-04-24 11:55:00,158.3000,158.4600
GOOGL,2025-04-24 11:56:00,158.4500,158.1400
GOOGL,2025-04-24 11:57:00,158.1400,158.2000
GOOGL,2025-04-24 11:58:00,158.1800,158.1000
GOOGL,2025-04-24 11:59:00,158.1024,158.0400
GOOGL,2025-04-24 12:00:00,158.0500,158.0500
GOOGL,2025-04-24 12:01:00,158.0500,158.0200
GOOGL,2025-04-24 12:02:00,158.0000,158.0900
GOOGL,2025-04-24 12:03:00,158.0900,157.9750
GOOGL,2025-04-24 12:04:00,157.9600,158.0000
GOOGL,2025-04-24 12:05:00,157.9800,157.9100
GOOGL,2025-04-24 12:06:00,157.9200,157.9410
GOOGL,2025-04-24 12:07:00,157.9400,157.9000
GOOGL,2025-04-24 12:08:00,157.9000,157.8700
GOOGL,2025-04-24 12:09:00,157.8900,157.8200
GOOGL,2025-04-24 12:10:00,157.8000,157.8709
GOOGL,2025-04-24 12:11:00,157.8600,157.9400
GOOGL,2025-04-24 12:12:00,157.9500,158.0250
GOOGL,2025-04-24 12:13:00,158.0250,158.0600
GOOGL,2025-04-24 12:14:00,158.0550,158.0700
GOOGL,2025-04-24 12:15:00,158.0600,158.2150
GOOGL,2025-04-24 12:16:00,158.2200,158.3003
GOOGL,2025-04-24 12:17:00,158.3150,158.4800
GOOGL,2025-04-24 12:18:00,158.4900,158.5100
GOOGL,2025-04-24 12:19:00,158.5100,158.5900
GOOGL,2025-04-24 12:20:00,158.5900,158.6000
GOOGL,2025-04-24 12:21:00,158.6045,158.6700
GOOGL,2025-04-24 12:22:00,158.6700,158.6500
GOOGL,2025-04-24 12:23:00,158.6400,158.6450
GOOGL,2025-04-24 12:24:00,158.6500,158.4800
GOOGL,2025-04-24 12:25:00,158.4900,158.4450
GOOGL,2025-04-24 12:26:00,158.4412,158.3900
GOOGL,2025-04-24 12:27:00,158.3800,158.3142
GOOGL,2025-04-24 12:28:00,158.3100,158.3700
GOOGL,2025-04-24 12:29:00,158.3950,158.5200
GOOGL,2025-04-24 12:30:00,158.5150,158.4750
GOOGL,2025-04-24 12:31:00,158.4600,158.4200
GOOGL,2025-04-24 12:32:00,158.4299,158.5000
GOOGL,2025-04-24 12:33:00,158.4900,158.5100
GOOGL,2025-04-24 12:34:00,158.5100,158.5900
GOOGL,2025-04-24 12:35:00,158.5950,158.6000
GOOGL,2025-04-24 12:36:00,158.6000,158.6300
GOOGL,2025-04-24 12:37:00,158.6300,158.6800
GOOGL,2025-04-24 12:38:00,158.7000,158.6700
GOOGL,2025-04-24 12:39:00,158.6750,158.5824
GOOGL,2025-04-24 12:40:00,158.5950,158.6550
GOOGL,2025-04-24 12:41:00,158.6500,158.5200
GOOGL,2025-04-24 12:42:00,158.5300,158.5500
GOOGL,2025-04-24 12:43:00,158.5400,158.4800
GOOGL,2025-04-24 12:44:00,158.4600,158.3900
GOOGL,2025-04-24 12:45:00,158.3950,158.2700
GOOGL,2025-04-24 12:46:00,158.2700,158.3300
GOOGL,2025-04-24 12:47:00,158.3300,158.2790
GOOGL,2025-04-24 12:48:00,158.2900,158.3350
GOOGL,2025-04-24 12:49:00,158.3400,158.4136
GOOGL,2025-04-24 12:50:00,158.4300,158.5000
GOOGL,2025-04-24 12:51:00,158.5150,158.5100
GOOGL,2025-04-24 12:52:00,158.5200,158.4700
GOOGL,2025-04-24 12:53:00,158.4800,158.4550
GOOGL,2025-04-24 12:54:00,158.4550,158.5300
GOOGL,2025-04-24 12:55:00,158.5400,158.5200
GOOGL,2025-04-24 12:56:00,158.5200,158.7000
GOOGL,2025-04-24 12:57:00,158.7000,158.7400
GOOGL,2025-04-24 12:58:00,158.7450,158.7400
GOOGL,2025-04-24 12:59:00,158.7400,158.5800
GOOGL,2025-04-24 13:00:00,158.5850,158.4300
GOOGL,2025-04-24 13:01:00,158.4450,158.3750
GOOGL,2025-04-24 13:02:00,158.3999,158.4500
GOOGL,2025-04-24 13:03:00,158.4500,158.6000
GOOGL,2025-04-24 13:04:00,158.5900,158.4850
GOOGL,2025-04-24 13:05:00,158.4850,158.4900
GOOGL,2025-04-24 13:06:00,158.4900,158.3900
GOOGL,2025-04-24 13:07:00,158.4200,158.5100
GOOGL,2025-04-24 13:08:00,158.5200,158.5206
GOOGL,2025-04-24 13:09:00,158.5250,158.4200
GOOGL,2025-04-24 13:10:00,158.4300,158.4450
GOOGL,2025-04-24 13:11:00,158.4450,158.4400
GOOGL,2025-04-24 13:12:00,158.4600,158.5190
GOOGL,2025-04-24 13:13:00,158.5300,158.4450
GOOGL,2025-04-24 13:14:00,158.4600,158.4900
GOOGL,2025-04-24 13:15:00,158.4900,158.4600
GOOGL,2025-04-24 13:16:00,158.4700,158.2750
GOOGL,2025-04-24 13:17:00,158.2750,158.2550
GOOGL,2025-04-24 13:18:00,158.2600,158.2150
GOOGL,2025-04-24 13:19:00,158.2300,158.2600
GOOGL,2025-04-24 13:20:00,158.2540,158.1900
GOOGL,2025-04-24 13:21:00,158.1900,158.3100
GOOGL,2025-04-24 13:22:00,158.3100,158.4300
GOOGL,2025-04-24 13:23:00,158.4200,158.4701
GOOGL,2025-04-24 13:24:00,158.4700,158.4800
GOOGL,2025-04-24 13:25:00,158.5000,158.5600
GOOGL,2025-04-24 13:26:00,158.5800,158.5800
GOOGL,2025-04-24 13:27:00,158.5800,158.5200
GOOGL,2025-04-24 13:28:00,158.5300,158.5850
GOOGL,2025-04-24 13:29:00,158.5800,158.5400
GOOGL,2025-04-24 13:30:00,158.5500,158.7300
GOOGL,2025-04-24 13:31:00,158.7300,158.6150
GOOGL,2025-04-24 13:32:00,158.6300,158.5700
GOOGL,2025-04-24 13:33:00,158.5800,158.4900
GOOGL,2025-04-24 13:34:00,158.4870,158.4545
GOOGL,2025-04-24 13:35:00,158.4550,158.3500
GOOGL,2025-04-24 13:36:00,158.3500,158.3600
GOOGL,2025-04-24 13:37:00,158.3600,158.2900
GOOGL,2025-04-24 13:38:00,158.2832,158.3500
GOOGL,2025-04-24 13:39:00,158.3600,158.2800
GOOGL,2025-04-24 13:40:00,158.3150,158.3150
GOOGL,2025-04-24 13:41:00,158.3300,158.2200
GOOGL,2025-04-24 13:42:00,158.2300,158.2600
GOOGL,2025-04-24 13:43:00,158.2700,158.2600
GOOGL,2025-04-24 13:44:00,158.2900,158.3600
GOOGL,2025-04-24 13:45:00,158.3400,158.3200
GOOGL,2025-04-24 13:46:00,158.3294,158.3789
GOOGL,2025-04-24 13:47:00,158.3650,158.5250
GOOGL,2025-04-24 13:48:00,158.5250,158.3950
GOOGL,2025-04-24 13:49:00,158.3945,158.5150
GOOGL,2025-04-24 13:50:00,158.5100,158.5262
GOOGL,2025-04-24 13:51:00,158.5200,158.5000
GOOGL,2025-04-24 13:52:00,158.5150,158.4650
GOOGL,2025-04-24 13:53:00,158.4700,158.5500
GOOGL,2025-04-24 13:54:00,158.5400,158.6800
GOOGL,2025-04-24 13:55:00,158.6800,158.5300
GOOGL,2025-04-24 13:56:00,158.5200,158.4800
GOOGL,2025-04-24 13:57:00,158.4800,158.4100
GOOGL,2025-04-24 13:58:00,158.4400,158.4765
GOOGL,2025-04-24 13:59:00,158.4800,158.4900
GOOGL,2025-04-24 14:00:00,158.4900,158.5144
GOOGL,2025-04-24 14:01:00,158.5200,158.6100
GOOGL,2025-04-24 14:02:00,158.6150,158.5735
GOOGL,2025-04-24 14:03:00,158.5750,158.5450
GOOGL,2025-04-24 14:04:00,158.5450,158.5350
GOOGL,2025-04-24 14:05:00,158.5350,158.5750
GOOGL,2025-04-24 14:06:00,158.5700,158.7000
GOOGL,2025-04-24 14:07:00,158.7100,158.6100
GOOGL,2025-04-24 14:08:00,158.6100,158.6474
GOOGL,2025-04-24 14:09:00,158.6500,158.5400
GOOGL,2025-04-24 14:10:00,158.5400,158.4977
GOOGL,2025-04-24 14:11:00,158.5100,158.5000
GOOGL,2025-04-24 14:12:00,158.4950,158.5300
GOOGL,2025-04-24 14:13:00,158.5300,158.6200
GOOGL,2025-04-24 14:14:00,158.6337,158.6000
GOOGL,2025-04-24 14:15:00,158.6100,158.7000
GOOGL,2025-04-24 14:16:00,158.6950,158.7550
GOOGL,2025-04-24 14:17:00,158.7600,158.6200
GOOGL,2025-04-24 14:18:00,158.6200,158.7300
GOOGL,2025-04-24 14:19:00,158.7197,158.7700
GOOGL,2025-04-24 14:20:00,158.7750,158.6900
GOOGL,2025-04-24 14:21:00,158.6750,158.6600
GOOGL,2025-04-24 14:22:00,158.6658,158.7050
GOOGL,2025-04-24 14:23:00,158.7050,158.6600
GOOGL,2025-04-24 14:24:00,158.6600,158.7200
GOOGL,2025-04-24 14:25:00,158.7112,158.7200
GOOGL,2025-04-24 14:26:00,158.7000,158.7650
GOOGL,2025-04-24 14:27:00,158.7650,158.7800
GOOGL,2025-04-24 14:28:00,158.7700,158.8300
GOOGL,2025-04-24 14:29:00,158.8299,158.7650
GOOGL,2025-04-24 14:30:00,158.7700,158.9100
GOOGL,2025-04-24 14:31:00,158.9000,158.9900
GOOGL,2025-04-24 14:32:00,159.0000,158.9201
GOOGL,2025-04-24 14:33:00,158.9250,158.9900
GOOGL,2025-04-24 14:34:00,158.9800,158.9800
GOOGL,2025-04-24 14:35:00,158.9850,158.8900
GOOGL,2025-04-24 14:36:00,158.8800,158.9200
GOOGL,2025-04-24 14:37:00,158.9100,159.1311
GOOGL,2025-04-24 14:38:00,159.1400,159.1800
GOOGL,2025-04-24 14:39:00,159.1800,159.2850
GOOGL,2025-04-24 14:40:00,159.2883,159.1850
GOOGL,2025-04-24 14:41:00,159.1800,159.0800
GOOGL,2025-04-24 14:42:00,159.0800,159.0950
GOOGL,2025-04-24 14:43:00,159.1000,159.0700
GOOGL,2025-04-24 14:44:00,159.0800,159.0200
GOOGL,2025-04-24 14:45:00,159.0400,159.0600
GOOGL,2025-04-24 14:46:00,159.0700,159.1250
GOOGL,2025-04-24 14:47:00,159.1201,159.1716
GOOGL,2025-04-24 14:48:00,159.1700,159.1950
GOOGL,2025-04-24 14:49:00,159.1900,159.1537
GOOGL,2025-04-24 14:50:00,159.1515,159.2650
GOOGL,2025-04-24 14:51:00,159.2600,159.2496
GOOGL,2025-04-24 14:52:00,159.2400,159.2400
GOOGL,2025-04-24 14:53:00,159.2300,159.2700
GOOGL,2025-04-24 14:54:00,159.2800,159.2900
GOOGL,2025-04-24 14:55:00,159.2800,159.2000
GOOGL,2025-04-24 14:56:00,159.2000,159.1000
GOOGL,2025-04-24 14:57:00,159.1100,159.0701
GOOGL,2025-04-24 14:58:00,159.0710,159.0150
GOOGL,2025-04-24 14:59:00,159.0200,158.9600
GOOGL,2025-04-24 15:00:00,158.9400,158.8550
GOOGL,2025-04-24 15:01:00,158.8500,158.7950
GOOGL,2025-04-24 15:02:00,158.8100,158.8700
GOOGL,2025-04-24 15:03:00,158.8800,158.7700
GOOGL,2025-04-24 15:04:00,158.7800,158.6800
GOOGL,2025-04-24 15:05:00,158.6900,158.6800
GOOGL,2025-04-24 15:06:00,158.6700,158.5800
GOOGL,2025-04-24 15:07:00,158.5701,158.5300
GOOGL,2025-04-24 15:08:00,158.5400,158.6100
GOOGL,2025-04-24 15:09:00,158.6100,158.5100
GOOGL,2025-04-24 15:10:00,158.5100,158.3500
GOOGL,2025-04-24 15:11:00,158.3400,158.3450
GOOGL,2025-04-24 15:12:00,158.3600,158.2710
GOOGL,2025-04-24 15:13:00,158.2800,158.1623
GOOGL,2025-04-24 15:14:00,158.1700,158.2531
GOOGL,2025-04-24 15:15:00,158.2700,158.3669
GOOGL,2025-04-24 15:16:00,158.3500,158.4300
GOOGL,2025-04-24 15:17:00,158.4217,158.4914
GOOGL,2025-04-24 15:18:00,158.5000,158.4801
GOOGL,2025-04-24 15:19:00,158.4900,158.5650
GOOGL,2025-04-24 15:20:00,158.5700,158.4650
GOOGL,2025-04-24 15:21:00,158.4700,158.6700
GOOGL,2025-04-24 15:22:00,158.6800,158.6928
GOOGL,2025-04-24 15:23:00,158.6900,158.6600
GOOGL,2025-04-24 15:24:00,158.6600,158.5950
GOOGL,2025-04-24 15:25:00,158.5950,158.6100
GOOGL,2025-04-24 15:26:00,158.6100,158.5700
GOOGL,2025-04-24 15:27:00,158.5900,158.6100
GOOGL,2025-04-24 15:28:00,158.5972,158.3899
GOOGL,2025-04-24 15:29:00,158.3800,158.3800
GOOGL,2025-04-24 15:30:00,158.3800,158.3600
GOOGL,2025-04-24 15:31:00,158.3700,158.4300
GOOGL,2025-04-24 15:32:00,158.4300,158.4300
GOOGL,2025-04-24 15:33:00,158.4300,158.4150
GOOGL,2025-04-24 15:34:00,158.4150,158.4700
GOOGL,2025-04-24 15:35:00,158.4700,158.5600
GOOGL,2025-04-24 15:36:00,158.5750,158.6100
GOOGL,2025-04-24 15:37:00,158.6050,158.7200
GOOGL,2025-04-24 15:38:00,158.7300,158.7526
GOOGL,2025-04-24 15:39:00,158.7494,158.7863
GOOGL,2025-04-24 15:40:00,158.7900,158.7400
GOOGL,2025-04-24 15:41:00,158.7500,158.8300
GOOGL,2025-04-24 15:42:00,158.8300,158.8650
GOOGL,2025-04-24 15:43:00,158.8600,158.9198
GOOGL,2025-04-24 15:44:00,158.9200,158.9500
GOOGL,2025-04-24 15:45:00,158.9600,159.0300
GOOGL,2025-04-24 15:46:00,159.0350,159.1200
GOOGL,2025-04-24 15:47:00,159.1150,159.0900
GOOGL,2025-04-24 15:48:00,159.0900,159.1900
GOOGL,2025-04-24 15:49:00,159.1850,159.2500
GOOGL,2025-04-24 15:50:00,159.2600,159.2100
GOOGL,2025-04-24 15:51:00,159.2150,159.0500
GOOGL,2025-04-24 15:52:00,159.0600,159.1618
GOOGL,2025-04-24 15:53:00,159.1700,159.2700
GOOGL,2025-04-24 15:54:00,159.2700,159.2300
GOOGL,2025-04-24 15:55:00,159.2350,159.3100
GOOGL,2025-04-24 15:56:00,159.3196,159.4650
GOOGL,2025-04-24 15:57:00,159.4600,159.4900
GOOGL,2025-04-24 15:58:00,159.4900,159.4490
GOOGL,2025-04-24 15:59:00,159.4450,159.0350
GOOGL,2025-04-25 09:30:00,165.0700,164.2470
GOOGL,2025-04-25 09:31:00,164.2400,165.0100
GOOGL,2025-04-25 09:32:00,165.0150,164.2200
GOOGL,2025-04-25 09:33:00,164.2600,165.7000
GOOGL,2025-04-25 09:34:00,165.7000,164.8256
GOOGL,2025-04-25 09:35:00,164.8400,165.0401
GOOGL,2025-04-25 09:36:00,165.0600,165.2400
GOOGL,2025-04-25 09:37:00,165.2400,164.2800
GOOGL,2025-04-25 09:38:00,164.2850,164.4300
GOOGL,2025-04-25 09:39:00,164.4200,164.0050
GOOGL,2025-04-25 09:40:00,164.0300,164.4600
GOOGL,2025-04-25 09:41:00,164.4400,164.2000
GOOGL,2025-04-25 09:42:00,164.2000,163.8299
GOOGL,2025-04-25 09:43:00,163.8252,163.7800
GOOGL,2025-04-25 09:44:00,163.7800,163.9650
GOOGL,2025-04-25 09:45:00,163.9800,164.1085
GOOGL,2025-04-25 09:46:00,164.1300,163.8300
GOOGL,2025-04-25 09:47:00,163.8179,163.4987
GOOGL,2025-04-25 09:48:00,163.4601,163.4392
GOOGL,2025-04-25 09:49:00,163.4400,163.1033
GOOGL,2025-04-25 09:50:00,163.0900,163.0600
GOOGL,2025-04-25 09:51:00,163.0650,162.5400
GOOGL,2025-04-25 09:52:00,162.5500,162.4500
GOOGL,2025-04-25 09:53:00,162.4600,162.4060
GOOGL,2025-04-25 09:54:00,162.4000,162.8300
GOOGL,2025-04-25 09:55:00,162.8300,163.1480
GOOGL,2025-04-25 09:56:00,163.1400,163.3150
GOOGL,2025-04-25 09:57:00,163.3100,163.2900
GOOGL,2025-04-25 09:58:00,163.2900,163.3900
GOOGL,2025-04-25 09:59:00,163.3850,163.1600
GOOGL,2025-04-25 10:00:00,163.1600,163.7300
GOOGL,2025-04-25 10:01:00,163.7496,163.8600
GOOGL,2025-04-25 10:02:00,163.9000,163.9050
GOOGL,2025-04-25 10:03:00,163.9000,163.3800
GOOGL,2025-04-25 10:04:00,163.3500,163.2500
GOOGL,2025-04-25 10:05:00,163.2350,163.8100
GOOGL,2025-04-25 10:06:00,163.8100,163.8000
GOOGL,2025-04-25 10:07:00,163.7896,164.0450
GOOGL,2025-04-25 10:08:00,164.0450,164.1797
GOOGL,2025-04-25 10:09:00,164.1650,164.4800
GOOGL,2025-04-25 10:10:00,164.4650,164.5000
GOOGL,2025-04-25 10:11:00,164.5000,164.5600
GOOGL,2025-04-25 10:12:00,164.5700,164.8600
GOOGL,2025-04-25 10:13:00,164.8450,164.5300
GOOGL,2025-04-25 10:14:00,164.5400,164.6600
GOOGL,2025-04-25 10:15:00,164.6750,164.3750
GOOGL,2025-04-25 10:16:00,164.3600,164.3700
GOOGL,2025-04-25 10:17:00,164.3700,164.7950
GOOGL,2025-04-25 10:18:00,164.7950,164.6750
GOOGL,2025-04-25 10:19:00,164.6750,164.5900
GOOGL,2025-04-25 10:20:00,164.6000,164.5500
GOOGL,2025-04-25 10:21:00,164.5300,164.1000
GOOGL,2025-04-25 10:22:00,164.0701,163.4600
GOOGL,2025-04-25 10:23:00,163.4400,163.3800
GOOGL,2025-04-25 10:24:00,163.3614,163.4185
GOOGL,2025-04-25 10:25:00,163.4001,163.2200
GOOGL,2025-04-25 10:26:00,163.2000,162.9250
GOOGL,2025-04-25 10:27:00,162.9100,163.0600
GOOGL,2025-04-25 10:28:00,163.0600,162.6300
GOOGL,2025-04-25 10:29:00,162.6300,162.6450
GOOGL,2025-04-25 10:30:00,162.6450,162.5350
GOOGL,2025-04-25 10:31:00,162.5300,162.3400
GOOGL,2025-04-25 10:32:00,162.3449,162.3600
GOOGL,2025-04-25 10:33:00,162.3800,162.5500
GOOGL,2025-04-25 10:34:00,162.5301,162.8350
GOOGL,2025-04-25 10:35:00,162.8600,162.8900
GOOGL,2025-04-25 10:36:00,162.9200,163.0700
GOOGL,2025-04-25 10:37:00,163.0400,163.3200
GOOGL,2025-04-25 10:38:00,163.3150,163.4300
GOOGL,2025-04-25 10:39:00,163.4500,163.3100
GOOGL,2025-04-25 10:40:00,163.3100,163.3500
GOOGL,2025-04-25 10:41:00,163.4000,163.4400
GOOGL,2025-04-25 10:42:00,163.4100,163.4400
GOOGL,2025-04-25 10:43:00,163.4500,163.7390
GOOGL,2025-04-25 10:44:00,163.7200,163.6700
GOOGL,2025-04-25 10:45:00,163.6700,163.6500
GOOGL,2025-04-25 10:46:00,163.6400,163.2235
GOOGL,2025-04-25 10:47:00,163.2500,163.0200
GOOGL,2025-04-25 10:48:00,163.0090,163.1950
GOOGL,2025-04-25 10:49:00,163.2000,163.2300
GOOGL,2025-04-25 10:50:00,163.2100,162.9521
GOOGL,2025-04-25 10:51:00,162.9503,162.8900
GOOGL,2025-04-25 10:52:00,162.9200,163.1200
GOOGL,2025-04-25 10:53:00,163.1213,163.1290
GOOGL,2025-04-25 10:54:00,163.1400,163.0600
GOOGL,2025-04-25 10:55:00,163.0650,162.7299
GOOGL,2025-04-25 10:56:00,162.7300,162.3800
GOOGL,2025-04-25 10:57:00,162.3800,162.4500
GOOGL,2025-04-25 10:58:00,162.4600,162.7000
GOOGL,2025-04-25 10:59:00,162.6902,162.8650
GOOGL,2025-04-25 11:00:00,162.8600,162.6750
GOOGL,2025-04-25 11:01:00,162.6800,162.6850
GOOGL,2025-04-25 11:02:00,162.6950,162.6300
GOOGL,2025-04-25 11:03:00,162.6164,162.7900
GOOGL,2025-04-25 11:04:00,162.7850,162.8614
GOOGL,2025-04-25 11:05:00,162.8602,163.1890
GOOGL,2025-04-25 11:06:00,163.1900,163.0800
GOOGL,2025-04-25 11:07:00,163.1000,162.9901
GOOGL,2025-04-25 11:08:00,163.0100,162.8200
GOOGL,2025-04-25 11:09:00,162.7900,162.9150
GOOGL,2025-04-25 11:10:00,162.9100,163.0250
GOOGL,2025-04-25 11:11:00,163.0140,163.1200
GOOGL,2025-04-25 11:12:00,163.1200,162.9900
GOOGL,2025-04-25 11:13:00,162.9900,162.9800
GOOGL,2025-04-25 11:14:00,162.9600,162.9550
GOOGL,2025-04-25 11:15:00,162.9500,162.9300
GOOGL,2025-04-25 11:16:00,162.9365,162.8800
GOOGL,2025-04-25 11:17:00,162.8700,162.6300
GOOGL,2025-04-25 11:18:00,162.6198,162.8256
GOOGL,2025-04-25 11:19:00,162.8300,162.7900
GOOGL,2025-04-25 11:20:00,162.7800,162.8700
GOOGL,2025-04-25 11:21:00,162.8799,162.9000
GOOGL,2025-04-25 11:22:00,162.8900,163.0550
GOOGL,2025-04-25 11:23:00,163.0550,163.1100
GOOGL,2025-04-25 11:24:00,163.1200,163.0700
GOOGL,2025-04-25 11:25:00,163.0650,162.9750
GOOGL,2025-04-25 11:26:00,162.9850,163.0600
GOOGL,2025-04-25 11:27:00,163.0400,163.1700
GOOGL,2025-04-25 11:28:00,163.1750,162.9750
GOOGL,2025-04-25 11:29:00,162.9622,162.7700
GOOGL,2025-04-25 11:30:00,162.7800,162.7900
GOOGL,2025-04-25 11:31:00,162.7800,162.8000
GOOGL,2025-04-25 11:32:00,162.7800,162.5800
GOOGL,2025-04-25 11:33:00,162.5900,162.6293
GOOGL,2025-04-25 11:34:00,162.6300,162.5502
GOOGL,2025-04-25 11:35:00,162.5500,162.3800
GOOGL,2025-04-25 11:36:00,162.3750,162.2600
GOOGL,2025-04-25 11:37:00,162.2700,162.1400
GOOGL,2025-04-25 11:38:00,162.1431,161.8700
GOOGL,2025-04-25 11:39:00,161.8896,162.0800
GOOGL,2025-04-25 11:40:00,162.0750,162.2500
GOOGL,2025-04-25 11:41:00,162.2550,162.2650
GOOGL,2025-04-25 11:42:00,162.2500,162.1850
GOOGL,2025-04-25 11:43:00,162.1700,161.9100
GOOGL,2025-04-25 11:44:00,161.9400,161.6600
GOOGL,2025-04-25 11:45:00,161.6600,161.6250
GOOGL,2025-04-25 11:46:00,161.6400,161.7250
GOOGL,2025-04-25 11:47:00,161.7400,161.7900
GOOGL,2025-04-25 11:48:00,161.7900,161.9100
GOOGL,2025-04-25 11:49:00,161.9200,162.0100
GOOGL,2025-04-25 11:50:00,162.0200,162.1493
GOOGL,2025-04-25 11:51:00,162.1500,162.1956
GOOGL,2025-04-25 11:52:00,162.2071,162.2300
GOOGL,2025-04-25 11:53:00,162.2350,162.2200
GOOGL,2025-04-25 11:54:00,162.2000,162.2000
GOOGL,2025-04-25 11:55:00,162.2100,162.0500
GOOGL,2025-04-25 11:56:00,162.0600,162.1000
GOOGL,2025-04-25 11:57:00,162.0800,162.2300
GOOGL,2025-04-25 11:58:00,162.2700,162.2530
GOOGL,2025-04-25 11:59:00,162.2470,162.0100
GOOGL,2025-04-25 12:00:00,162.0244,162.1600
GOOGL,2025-04-25 12:01:00,162.1500,162.0850
GOOGL,2025-04-25 12:02:00,162.0600,161.9900
GOOGL,2025-04-25 12:03:00,162.0000,161.8700
GOOGL,2025-04-25 12:04:00,161.8700,161.8100
GOOGL,2025-04-25 12:05:00,161.8000,161.9200
GOOGL,2025-04-25 12:06:00,161.9300,161.7327
GOOGL,2025-04-25 12:07:00,161.7400,161.7700
GOOGL,2025-04-25 12:08:00,161.7750,161.9600
GOOGL,2025-04-25 12:09:00,161.9720,162.0400
GOOGL,2025-04-25 12:10:00,162.0578,161.9600
GOOGL,2025-04-25 12:11:00,161.9600,162.0100
GOOGL,2025-04-25 12:12:00,162.0100,162.2198
GOOGL,2025-04-25 12:13:00,162.2100,162.1700
GOOGL,2025-04-25 12:14:00,162.1600,162.1600
GOOGL,2025-04-25 12:15:00,162.1600,162.1250
GOOGL,2025-04-25 12:16:00,162.1250,162.1550
GOOGL,2025-04-25 12:17:00,162.1550,162.1000
GOOGL,2025-04-25 12:18:00,162.0996,162.1499
GOOGL,2025-04-25 12:19:00,162.1400,162.1800
GOOGL,2025-04-25 12:20:00,162.1899,161.9750
GOOGL,2025-04-25 12:21:00,161.9600,161.8150
GOOGL,2025-04-25 12:22:00,161.8100,161.8799
GOOGL,2025-04-25 12:23:00,161.8700,161.8400
GOOGL,2025-04-25 12:24:00,161.8300,161.8190
GOOGL,2025-04-25 12:25:00,161.8116,161.7200
GOOGL,2025-04-25 12:26:00,161.7350,161.7775
GOOGL,2025-04-25 12:27:00,161.7900,161.9625
GOOGL,2025-04-25 12:28:00,161.9600,162.0350
GOOGL,2025-04-25 12:29:00,162.0350,161.9450
GOOGL,2025-04-25 12:30:00,161.9300,161.8250
GOOGL,2025-04-25 12:31:00,161.8250,161.9300
GOOGL,2025-04-25 12:32:00,161.9800,161.9590
GOOGL,2025-04-25 12:33:00,161.9656,161.8499
GOOGL,2025-04-25 12:34:00,161.8350,161.8800
GOOGL,2025-04-25 12:35:00,161.8900,161.7650
GOOGL,2025-04-25 12:36:00,161.7800,161.6800
GOOGL,2025-04-25 12:37:00,161.6800,161.5110
GOOGL,2025-04-25 12:38:00,161.5298,161.5800
GOOGL,2025-04-25 12:39:00,161.5700,161.6250
GOOGL,2025-04-25 12:40:00,161.6250,161.6800
GOOGL,2025-04-25 12:41:00,161.6800,161.8500
GOOGL,2025-04-25 12:42:00,161.8500,161.9672
GOOGL,2025-04-25 12:43:00,161.9650,162.0825
GOOGL,2025-04-25 12:44:00,162.1000,162.1200
GOOGL,2025-04-25 12:45:00,162.1000,162.1290
GOOGL,2025-04-25 12:46:00,162.1400,162.1000
GOOGL,2025-04-25 12:47:00,162.0946,161.8100
GOOGL,2025-04-25 12:48:00,161.8311,161.9800
GOOGL,2025-04-25 12:49:00,161.9750,162.1700
GOOGL,2025-04-25 12:50:00,162.1602,162.1195
GOOGL,2025-04-25 12:51:00,162.1200,162.4000
GOOGL,2025-04-25 12:52:00,162.3800,162.3900
GOOGL,2025-04-25 12:53:00,162.3900,162.4500
GOOGL,2025-04-25 12:54:00,162.4600,162.7300
GOOGL,2025-04-25 12:55:00,162.7200,162.6200
GOOGL,2025-04-25 12:56:00,162.6100,162.5900
GOOGL,2025-04-25 12:57:00,162.5900,162.5400
GOOGL,2025-04-25 12:58:00,162.5499,162.5601
GOOGL,2025-04-25 12:59:00,162.5746,162.5545
GOOGL,2025-04-25 13:00:00,162.5500,162.6005
GOOGL,2025-04-25 13:01:00,162.6100,162.5300
GOOGL,2025-04-25 13:02:00,162.5500,162.3720
GOOGL,2025-04-25 13:03:00,162.3800,162.5250
GOOGL,2025-04-25 13:04:00,162.5100,162.5100
GOOGL,2025-04-25 13:05:00,162.5100,162.7400
GOOGL,2025-04-25 13:06:00,162.7400,162.6900
GOOGL,2025-04-25 13:07:00,162.7100,162.8200
GOOGL,2025-04-25 13:08:00,162.8400,162.8300
GOOGL,2025-04-25 13:09:00,162.8300,162.8200
GOOGL,2025-04-25 13:10:00,162.8200,162.8270
GOOGL,2025-04-25 13:11:00,162.8400,162.7638
GOOGL,2025-04-25 13:12:00,162.7665,162.7101
GOOGL,2025-04-25 13:13:00,162.7300,162.6000
GOOGL,2025-04-25 13:14:00,162.6200,162.5700
GOOGL,2025-04-25 13:15:00,162.5800,162.3850
GOOGL,2025-04-25 13:16:00,162.3900,162.5200
GOOGL,2025-04-25 13:17:00,162.5150,162.6151
GOOGL,2025-04-25 13:18:00,162.6000,162.6200
GOOGL,2025-04-25 13:19:00,162.6500,162.7500
GOOGL,2025-04-25 13:20:00,162.7500,162.7800
GOOGL,2025-04-25 13:21:00,162.7745,162.7700
GOOGL,2025-04-25 13:22:00,162.7700,162.6850
GOOGL,2025-04-25 13:23:00,162.7000,162.8500
GOOGL,2025-04-25 13:24:00,162.8495,162.8000
GOOGL,2025-04-25 13:25:00,162.8200,162.8900
GOOGL,2025-04-25 13:26:00,162.8800,162.9400
GOOGL,2025-04-25 13:27:00,162.9499,162.9900
GOOGL,2025-04-25 13:28:00,162.9900,162.9100
GOOGL,2025-04-25 13:29:00,162.9050,162.8100
GOOGL,2025-04-25 13:30:00,162.8100,162.4900
GOOGL,2025-04-25 13:31:00,162.5200,162.5150
GOOGL,2025-04-25 13:32:00,162.5150,162.6100
GOOGL,2025-04-25 13:33:00,162.6200,162.7400
GOOGL,2025-04-25 13:34:00,162.7400,162.7000
GOOGL,2025-04-25 13:35:00,162.7000,162.6350
GOOGL,2025-04-25 13:36:00,162.6500,162.6100
GOOGL,2025-04-25 13:37:00,162.6000,162.5400
GOOGL,2025-04-25 13:38:00,162.5300,161.9000
GOOGL,2025-04-25 13:39:00,161.9200,161.8295
GOOGL,2025-04-25 13:40:00,161.8700,161.7100
GOOGL,2025-04-25 13:41:00,161.7000,162.1100
GOOGL,2025-04-25 13:42:00,162.1400,161.9868
GOOGL,2025-04-25 13:43:00,161.9800,161.8950
GOOGL,2025-04-25 13:44:00,161.9100,161.9500
GOOGL,2025-04-25 13:45:00,161.9300,161.7900
GOOGL,2025-04-25 13:46:00,161.8000,161.8050
GOOGL,2025-04-25 13:47:00,161.8050,161.5903
GOOGL,2025-04-25 13:48:00,161.5900,161.5050
GOOGL,2025-04-25 13:49:00,161.4967,161.4857
GOOGL,2025-04-25 13:50:00,161.4600,161.1900
GOOGL,2025-04-25 13:51:00,161.1900,161.3650
GOOGL,2025-04-25 13:52:00,161.3500,161.1300
GOOGL,2025-04-25 13:53:00,161.1350,161.3300
GOOGL,2025-04-25 13:54:00,161.3300,161.2300
GOOGL,2025-04-25 13:55:00,161.2200,161.2200
GOOGL,2025-04-25 13:56:00,161.2200,161.3600
GOOGL,2025-04-25 13:57:00,161.3500,161.3900
GOOGL,2025-04-25 13:58:00,161.4100,161.5250
GOOGL,2025-04-25 13:59:00,161.5496,161.6200
GOOGL,2025-04-25 14:00:00,161.6100,161.5750
GOOGL,2025-04-25 14:01:00,161.5600,161.5495
GOOGL,2025-04-25 14:02:00,161.5600,161.7250
GOOGL,2025-04-25 14:03:00,161.7235,161.8200
GOOGL,2025-04-25 14:04:00,161.8200,161.7600
GOOGL,2025-04-25 14:05:00,161.7500,161.7000
GOOGL,2025-04-25 14:06:00,161.7000,161.8194
GOOGL,2025-04-25 14:07:00,161.8300,161.7250
GOOGL,2025-04-25 14:08:00,161.7400,161.7500
GOOGL,2025-04-25 14:09:00,161.7400,161.7350
GOOGL,2025-04-25 14:10:00,161.7301,161.6700
GOOGL,2025-04-25 14:11:00,161.6715,161.5600
GOOGL,2025-04-25 14:12:00,161.5550,161.6400
GOOGL,2025-04-25 14:13:00,161.6300,161.5000
GOOGL,2025-04-25 14:14:00,161.4827,161.3900
GOOGL,2025-04-25 14:15:00,161.3950,161.4778
GOOGL,2025-04-25 14:16:00,161.4671,161.5200
GOOGL,2025-04-25 14:17:00,161.5300,161.5650
GOOGL,2025-04-25 14:18:00,161.5750,161.6100
GOOGL,2025-04-25 14:19:00,161.6100,161.6300
GOOGL,2025-04-25 14:20:00,161.6000,161.5950
GOOGL,2025-04-25 14:21:00,161.5950,161.7100
GOOGL,2025-04-25 14:22:00,161.7400,161.8200
GOOGL,2025-04-25 14:23:00,161.8200,161.9300
GOOGL,2025-04-25 14:24:00,161.9200,161.8500
GOOGL,2025-04-25 14:25:00,161.8700,161.8900
GOOGL,2025-04-25 14:26:00,161.8850,161.7400
GOOGL,2025-04-25 14:27:00,161.7400,161.6200
GOOGL,2025-04-25 14:28:00,161.6200,161.5400
GOOGL,2025-04-25 14:29:00,161.5526,161.5628
GOOGL,2025-04-25 14:30:00,161.5700,161.5400
GOOGL,2025-04-25 14:31:00,161.5300,161.6100
GOOGL,2025-04-25 14:32:00,161.6100,161.6400
GOOGL,2025-04-25 14:33:00,161.6400,161.6600
GOOGL,2025-04-25 14:34:00,161.6550,161.6700
GOOGL,2025-04-25 14:35:00,161.6630,161.7210
GOOGL,2025-04-25 14:36:00,161.7200,161.8150
GOOGL,2025-04-25 14:37:00,161.8100,161.8247
GOOGL,2025-04-25 14:38:00,161.8100,161.7600
GOOGL,2025-04-25 14:39:00,161.7600,161.7850
GOOGL,2025-04-25 14:40:00,161.7900,161.8750
GOOGL,2025-04-25 14:41:00,161.8850,161.9664
GOOGL,2025-04-25 14:42:00,161.9650,161.9800
GOOGL,2025-04-25 14:43:00,161.9899,162.0900
GOOGL,2025-04-25 14:44:00,162.0850,162.0550
GOOGL,2025-04-25 14:45:00,162.0700,162.2100
GOOGL,2025-04-25 14:46:00,162.2150,162.1500
GOOGL,2025-04-25 14:47:00,162.1400,162.1000
GOOGL,2025-04-25 14:48:00,162.1000,162.1200
GOOGL,2025-04-25 14:49:00,162.1200,162.1400
GOOGL,2025-04-25 14:50:00,162.1200,161.8540
GOOGL,2025-04-25 14:51:00,161.8600,161.7900
GOOGL,2025-04-25 14:52:00,161.7800,161.6700
GOOGL,2025-04-25 14:53:00,161.6600,161.6500
GOOGL,2025-04-25 14:54:00,161.6500,161.8600
GOOGL,2025-04-25 14:55:00,161.8800,161.8100
GOOGL,2025-04-25 14:56:00,161.8100,161.7200
GOOGL,2025-04-25 14:57:00,161.7100,161.6500
GOOGL,2025-04-25 14:58:00,161.6303,161.7550
GOOGL,2025-04-25 14:59:00,161.7500,161.5700
GOOGL,2025-04-25 15:00:00,161.5700,161.6650
GOOGL,2025-04-25 15:01:00,161.6700,161.7150
GOOGL,2025-04-25 15:02:00,161.7300,161.8700
GOOGL,2025-04-25 15:03:00,161.8700,161.8900
GOOGL,2025-04-25 15:04:00,161.8900,161.9400
GOOGL,2025-04-25 15:05:00,161.9494,162.1210
GOOGL,2025-04-25 15:06:00,162.1200,162.1504
GOOGL,2025-04-25 15:07:00,162.1600,162.2500
GOOGL,2025-04-25 15:08:00,162.2400,162.1200
GOOGL,2025-04-25 15:09:00,162.1193,162.1500
GOOGL,2025-04-25 15:10:00,162.1300,162.1000
GOOGL,2025-04-25 15:11:00,162.1000,161.9500
GOOGL,2025-04-25 15:12:00,161.9700,161.8950
GOOGL,2025-04-25 15:13:00,161.9000,161.8399
GOOGL,2025-04-25 15:14:00,161.8400,161.9100
GOOGL,2025-04-25 15:15:00,161.9100,161.7900
GOOGL,2025-04-25 15:16:00,161.7800,161.9600
GOOGL,2025-04-25 15:17:00,161.9650,162.1600
GOOGL,2025-04-25 15:18:00,162.1600,162.1296
GOOGL,2025-04-25 15:19:00,162.1284,161.9836
GOOGL,2025-04-25 15:20:00,161.9850,161.9800
GOOGL,2025-04-25 15:21:00,161.9825,162.1700
GOOGL,2025-04-25 15:22:00,162.1800,162.1650
GOOGL,2025-04-25 15:23:00,162.1650,162.1800
GOOGL,2025-04-25 15:24:00,162.1755,162.1750
GOOGL,2025-04-25 15:25:00,162.1799,162.1500
GOOGL,2025-04-25 15:26:00,162.1650,162.1100
GOOGL,2025-04-25 15:27:00,162.1100,162.1090
GOOGL,2025-04-25 15:28:00,162.1100,161.8800
GOOGL,2025-04-25 15:29:00,161.8708,161.8900
GOOGL,2025-04-25 15:30:00,161.8850,161.6900
GOOGL,2025-04-25 15:31:00,161.6800,161.7050
GOOGL,2025-04-25 15:32:00,161.7050,161.7900
GOOGL,2025-04-25 15:33:00,161.8100,161.8783
GOOGL,2025-04-25 15:34:00,161.8700,161.8000
GOOGL,2025-04-25 15:35:00,161.8000,161.8400
GOOGL,2025-04-25 15:36:00,161.8300,161.8045
GOOGL,2025-04-25 15:37:00,161.8050,161.7500
GOOGL,2025-04-25 15:38:00,161.7600,161.6550
GOOGL,2025-04-25 15:39:00,161.6550,161.6431
GOOGL,2025-04-25 15:40:00,161.6450,161.6550
GOOGL,2025-04-25 15:41:00,161.6700,161.6200
GOOGL,2025-04-25 15:42:00,161.6200,161.8400
GOOGL,2025-04-25 15:43:00,161.8450,161.7790
GOOGL,2025-04-25 15:44:00,161.7848,161.7700
GOOGL,2025-04-25 15:45:00,161.7700,161.7700
GOOGL,2025-04-25 15:46:00,161.7650,161.7600
GOOGL,2025-04-25 15:47:00,161.7700,161.7409
GOOGL,2025-04-25 15:48:00,161.7500,161.7850
GOOGL,2025-04-25 15:49:00,161.7900,161.7100
GOOGL,2025-04-25 15:50:00,161.7400,161.9250
GOOGL,2025-04-25 15:51:00,161.9250,161.9196
GOOGL,2025-04-25 15:52:00,161.9190,161.9150
GOOGL,2025-04-25 15:53:00,161.9200,161.8600
GOOGL,2025-04-25 15:54:00,161.8700,161.9800
GOOGL,2025-04-25 15:55:00,161.9700,161.9145
GOOGL,2025-04-25 15:56:00,161.9250,161.9450
GOOGL,2025-04-25 15:57:00,161.9450,161.9300
GOOGL,2025-04-25 15:58:00,161.9100,161.9890
GOOGL,2025-04-25 15:59:00,161.9900,161.8600
