STOCK_SYMBOL,DATE_TIME,OPEN_PRICE,CLOSE_PRICE
IBM,2025-04-14 09:30:00,239.7700,238.6575
IBM,2025-04-14 09:31:00,239.0200,239.3150
IBM,2025-04-14 09:32:00,239.4200,238.5200
IBM,2025-04-14 09:33:00,238.7400,239.1400
IBM,2025-04-14 09:34:00,239.5990,239.1942
IBM,2025-04-14 09:35:00,239.2322,239.0900
IBM,2025-04-14 09:36:00,239.0900,239.0900
IBM,2025-04-14 09:37:00,239.1400,238.9350
IBM,2025-04-14 09:38:00,239.0000,238.8100
IBM,2025-04-14 09:39:00,238.4443,239.0000
IBM,2025-04-14 09:40:00,238.9950,237.7100
IBM,2025-04-14 09:41:00,237.6600,238.1600
IBM,2025-04-14 09:42:00,238.1600,238.0400
IBM,2025-04-14 09:43:00,238.6486,238.2600
IBM,2025-04-14 09:44:00,238.2000,238.6000
IBM,2025-04-14 09:45:00,238.7950,238.9700
IBM,2025-04-14 09:46:00,238.8410,238.4950
IBM,2025-04-14 09:47:00,238.2400,238.1400
IBM,2025-04-14 09:48:00,238.1400,238.4100
IBM,2025-04-14 09:49:00,238.4100,238.8250
IBM,2025-04-14 09:50:00,238.8450,239.0000
IBM,2025-04-14 09:51:00,239.0189,238.9150
IBM,2025-04-14 09:52:00,238.8950,239.0250
IBM,2025-04-14 09:53:00,238.8300,239.3500
IBM,2025-04-14 09:54:00,239.1100,239.1300
IBM,2025-04-14 09:55:00,239.1800,239.5450
IBM,2025-04-14 09:56:00,239.5000,239.5300
IBM,2025-04-14 09:57:00,239.4150,239.5300
IBM,2025-04-14 09:58:00,239.4850,240.0000
IBM,2025-04-14 09:59:00,239.9000,239.9400
IBM,2025-04-14 10:00:00,240.0000,239.8200
IBM,2025-04-14 10:01:00,239.7850,239.8700
IBM,2025-04-14 10:02:00,239.8585,240.4900
IBM,2025-04-14 10:03:00,240.5000,240.9383
IBM,2025-04-14 10:04:00,241.1699,240.7900
IBM,2025-04-14 10:05:00,240.9900,241.1800
IBM,2025-04-14 10:06:00,241.1800,240.8100
IBM,2025-04-14 10:07:00,240.7100,240.6400
IBM,2025-04-14 10:08:00,240.6000,240.3578
IBM,2025-04-14 10:09:00,240.2875,240.2429
IBM,2025-04-14 10:10:00,240.2352,240.2200
IBM,2025-04-14 10:11:00,240.1672,240.0500
IBM,2025-04-14 10:12:00,239.9800,240.0600
IBM,2025-04-14 10:13:00,240.0650,240.4300
IBM,2025-04-14 10:14:00,240.4076,240.4500
IBM,2025-04-14 10:15:00,240.6150,239.9600
IBM,2025-04-14 10:16:00,240.1450,240.1400
IBM,2025-04-14 10:17:00,240.2800,239.9200
IBM,2025-04-14 10:18:00,239.8150,239.8600
IBM,2025-04-14 10:19:00,239.8400,240.0234
IBM,2025-04-14 10:20:00,240.1300,240.1650
IBM,2025-04-14 10:21:00,240.1650,240.1050
IBM,2025-04-14 10:22:00,240.1450,239.9300
IBM,2025-04-14 10:23:00,239.9850,239.7000
IBM,2025-04-14 10:24:00,239.7800,240.2100
IBM,2025-04-14 10:25:00,240.1200,240.1200
IBM,2025-04-14 10:26:00,240.2800,240.6600
IBM,2025-04-14 10:27:00,240.5750,240.3600
IBM,2025-04-14 10:28:00,240.7500,240.6537
IBM,2025-04-14 10:29:00,240.8000,240.9000
IBM,2025-04-14 10:30:00,240.9400,240.7800
IBM,2025-04-14 10:31:00,240.9200,241.0000
IBM,2025-04-14 10:32:00,240.9850,241.0000
IBM,2025-04-14 10:33:00,241.0000,241.0700
IBM,2025-04-14 10:34:00,241.0700,240.7818
IBM,2025-04-14 10:35:00,240.8650,240.9085
IBM,2025-04-14 10:36:00,240.9800,240.9750
IBM,2025-04-14 10:37:00,240.9300,240.8800
IBM,2025-04-14 10:38:00,240.9300,240.8200
IBM,2025-04-14 10:39:00,240.9100,241.0250
IBM,2025-04-14 10:40:00,241.1200,240.8000
IBM,2025-04-14 10:41:00,240.8900,241.1525
IBM,2025-04-14 10:42:00,241.3000,241.5000
IBM,2025-04-14 10:43:00,241.4000,241.2750
IBM,2025-04-14 10:44:00,241.1900,240.9500
IBM,2025-04-14 10:45:00,241.0176,241.2000
IBM,2025-04-14 10:46:00,241.2300,241.1400
IBM,2025-04-14 10:47:00,241.0500,241.4100
IBM,2025-04-14 10:48:00,241.4000,241.3382
IBM,2025-04-14 10:49:00,241.4350,241.5530
IBM,2025-04-14 10:50:00,241.5800,241.7300
IBM,2025-04-14 10:51:00,241.7300,241.5300
IBM,2025-04-14 10:52:00,241.5000,241.6500
IBM,2025-04-14 10:53:00,241.5700,241.6250
IBM,2025-04-14 10:54:00,241.6250,241.6300
IBM,2025-04-14 10:55:00,241.4700,241.2500
IBM,2025-04-14 10:56:00,241.1500,240.9000
IBM,2025-04-14 10:57:00,240.8850,240.7700
IBM,2025-04-14 10:58:00,240.7300,241.0250
IBM,2025-04-14 10:59:00,240.9300,241.0450
IBM,2025-04-14 11:00:00,241.0900,241.1150
IBM,2025-04-14 11:01:00,241.1150,241.2400
IBM,2025-04-14 11:02:00,241.3300,241.1100
IBM,2025-04-14 11:03:00,241.1000,240.7700
IBM,2025-04-14 11:04:00,240.8900,240.7900
IBM,2025-04-14 11:05:00,240.7150,240.4100
IBM,2025-04-14 11:06:00,240.4000,240.4400
IBM,2025-04-14 11:07:00,240.4800,240.4257
IBM,2025-04-14 11:08:00,240.5400,240.5147
IBM,2025-04-14 11:09:00,240.7350,240.4244
IBM,2025-04-14 11:10:00,240.5600,240.7150
IBM,2025-04-14 11:11:00,240.6700,240.6900
IBM,2025-04-14 11:12:00,240.7400,240.4500
IBM,2025-04-14 11:13:00,240.4250,240.3247
IBM,2025-04-14 11:14:00,240.3350,240.1450
IBM,2025-04-14 11:15:00,239.9900,240.2350
IBM,2025-04-14 11:16:00,240.2350,240.0425
IBM,2025-04-14 11:17:00,239.9400,239.8000
IBM,2025-04-14 11:18:00,239.8000,240.1050
IBM,2025-04-14 11:19:00,240.2111,240.3750
IBM,2025-04-14 11:20:00,240.4050,240.0650
IBM,2025-04-14 11:21:00,239.9454,240.0560
IBM,2025-04-14 11:22:00,240.0700,240.3150
IBM,2025-04-14 11:23:00,240.2850,239.9500
IBM,2025-04-14 11:24:00,239.9200,239.9600
IBM,2025-04-14 11:25:00,239.7800,239.8300
IBM,2025-04-14 11:26:00,239.8300,239.5900
IBM,2025-04-14 11:27:00,239.4800,239.2600
IBM,2025-04-14 11:28:00,239.2000,239.0500
IBM,2025-04-14 11:29:00,239.0600,239.1100
IBM,2025-04-14 11:30:00,239.0050,239.2147
IBM,2025-04-14 11:31:00,239.2300,239.3300
IBM,2025-04-14 11:32:00,239.5800,239.4800
IBM,2025-04-14 11:33:00,239.4800,239.6100
IBM,2025-04-14 11:34:00,239.3200,239.5600
IBM,2025-04-14 11:35:00,239.6400,239.2100
IBM,2025-04-14 11:36:00,239.2800,239.3000
IBM,2025-04-14 11:37:00,239.1100,239.0000
IBM,2025-04-14 11:38:00,238.9700,238.8900
IBM,2025-04-14 11:39:00,238.8000,238.7050
IBM,2025-04-14 11:40:00,238.6300,238.5000
IBM,2025-04-14 11:41:00,238.5000,238.6100
IBM,2025-04-14 11:42:00,238.5050,238.2462
IBM,2025-04-14 11:43:00,238.3700,238.4900
IBM,2025-04-14 11:44:00,238.5900,238.8400
IBM,2025-04-14 11:45:00,238.7700,238.2400
IBM,2025-04-14 11:46:00,238.2750,238.1400
IBM,2025-04-14 11:47:00,238.0000,237.9400
IBM,2025-04-14 11:48:00,237.8200,238.0100
IBM,2025-04-14 11:49:00,237.8250,237.6800
IBM,2025-04-14 11:50:00,237.6850,237.7150
IBM,2025-04-14 11:51:00,237.6000,237.5000
IBM,2025-04-14 11:52:00,237.5900,237.5800
IBM,2025-04-14 11:53:00,237.5800,238.0200
IBM,2025-04-14 11:54:00,238.0300,237.8700
IBM,2025-04-14 11:55:00,237.8450,238.1300
IBM,2025-04-14 11:56:00,237.9324,237.9500
IBM,2025-04-14 11:57:00,238.0300,238.2400
IBM,2025-04-14 11:58:00,238.1150,237.9600
IBM,2025-04-14 11:59:00,237.9403,237.4700
IBM,2025-04-14 12:00:00,237.4500,237.4900
IBM,2025-04-14 12:01:00,237.5000,237.6900
IBM,2025-04-14 12:02:00,237.6650,237.5150
IBM,2025-04-14 12:03:00,237.5800,237.4600
IBM,2025-04-14 12:04:00,237.4300,237.6950
IBM,2025-04-14 12:05:00,237.6600,237.6000
IBM,2025-04-14 12:06:00,237.5700,237.4950
IBM,2025-04-14 12:07:00,237.6800,237.5700
IBM,2025-04-14 12:08:00,237.5420,237.3650
IBM,2025-04-14 12:09:00,237.4900,237.3950
IBM,2025-04-14 12:10:00,237.3450,237.1300
IBM,2025-04-14 12:11:00,237.1300,237.0400
IBM,2025-04-14 12:12:00,236.8800,236.9000
IBM,2025-04-14 12:13:00,237.0100,237.1950
IBM,2025-04-14 12:14:00,237.1000,237.2200
IBM,2025-04-14 12:15:00,237.2800,237.4500
IBM,2025-04-14 12:16:00,237.4750,237.4900
IBM,2025-04-14 12:17:00,237.4950,237.4100
IBM,2025-04-14 12:18:00,237.3450,237.5400
IBM,2025-04-14 12:19:00,237.6350,237.8550
IBM,2025-04-14 12:20:00,237.5700,237.7350
IBM,2025-04-14 12:21:00,237.7050,237.9300
IBM,2025-04-14 12:22:00,237.8700,237.8050
IBM,2025-04-14 12:23:00,237.6950,237.5700
IBM,2025-04-14 12:24:00,237.4550,237.5200
IBM,2025-04-14 12:25:00,237.6800,237.5400
IBM,2025-04-14 12:26:00,237.4800,237.4950
IBM,2025-04-14 12:27:00,237.3300,237.1600
IBM,2025-04-14 12:28:00,237.0800,237.4400
IBM,2025-04-14 12:29:00,237.3800,237.4450
IBM,2025-04-14 12:30:00,237.3800,237.2750
IBM,2025-04-14 12:31:00,237.4600,237.6400
IBM,2025-04-14 12:32:00,237.7550,237.8150
IBM,2025-04-14 12:33:00,237.8250,237.8370
IBM,2025-04-14 12:34:00,237.8650,237.7950
IBM,2025-04-14 12:35:00,237.8950,238.1200
IBM,2025-04-14 12:36:00,237.9700,237.9000
IBM,2025-04-14 12:37:00,237.7800,237.7700
IBM,2025-04-14 12:38:00,237.7700,237.7000
IBM,2025-04-14 12:39:00,237.7000,237.5400
IBM,2025-04-14 12:40:00,237.5400,237.7850
IBM,2025-04-14 12:41:00,237.8900,237.9800
IBM,2025-04-14 12:42:00,237.9600,237.7400
IBM,2025-04-14 12:43:00,237.7400,237.9100
IBM,2025-04-14 12:44:00,237.7500,237.7200
IBM,2025-04-14 12:45:00,237.7795,237.8300
IBM,2025-04-14 12:46:00,237.8350,237.7500
IBM,2025-04-14 12:47:00,237.7500,237.6400
IBM,2025-04-14 12:48:00,237.6700,237.7450
IBM,2025-04-14 12:49:00,237.7500,237.8225
IBM,2025-04-14 12:50:00,237.7100,237.4100
IBM,2025-04-14 12:51:00,237.3900,237.2650
IBM,2025-04-14 12:52:00,237.2700,237.0300
IBM,2025-04-14 12:53:00,237.1400,237.3800
IBM,2025-04-14 12:54:00,237.2950,237.4250
IBM,2025-04-14 12:55:00,237.4900,237.4450
IBM,2025-04-14 12:56:00,237.3500,237.1150
IBM,2025-04-14 12:57:00,237.0200,236.9650
IBM,2025-04-14 12:58:00,237.0150,236.8900
IBM,2025-04-14 12:59:00,236.9600,236.9100
IBM,2025-04-14 13:00:00,236.8800,237.6200
IBM,2025-04-14 13:01:00,237.5400,237.4400
IBM,2025-04-14 13:02:00,237.4400,237.2450
IBM,2025-04-14 13:03:00,237.2450,237.0600
IBM,2025-04-14 13:04:00,237.1600,237.1600
IBM,2025-04-14 13:05:00,237.1600,237.0500
IBM,2025-04-14 13:06:00,236.9900,237.1300
IBM,2025-04-14 13:07:00,237.1300,237.0700
IBM,2025-04-14 13:08:00,236.8500,237.0400
IBM,2025-04-14 13:09:00,237.0300,237.1700
IBM,2025-04-14 13:10:00,237.1900,237.0850
IBM,2025-04-14 13:11:00,237.0700,237.2850
IBM,2025-04-14 13:12:00,237.1300,237.2850
IBM,2025-04-14 13:13:00,237.3150,237.4450
IBM,2025-04-14 13:14:00,237.3700,237.3500
IBM,2025-04-14 13:15:00,237.3500,237.1550
IBM,2025-04-14 13:16:00,237.1450,237.1600
IBM,2025-04-14 13:17:00,237.1600,237.3562
IBM,2025-04-14 13:18:00,237.3350,237.6200
IBM,2025-04-14 13:19:00,237.5500,237.5500
IBM,2025-04-14 13:20:00,237.5700,237.6400
IBM,2025-04-14 13:21:00,237.7050,237.8500
IBM,2025-04-14 13:22:00,237.9500,238.0250
IBM,2025-04-14 13:23:00,238.1600,238.1200
IBM,2025-04-14 13:24:00,238.1400,238.2600
IBM,2025-04-14 13:25:00,238.1200,238.1568
IBM,2025-04-14 13:26:00,238.1200,238.2400
IBM,2025-04-14 13:27:00,238.3500,238.1750
IBM,2025-04-14 13:28:00,238.3100,238.1750
IBM,2025-04-14 13:29:00,238.0600,238.0950
IBM,2025-04-14 13:30:00,238.1250,238.4398
IBM,2025-04-14 13:31:00,238.2300,237.9100
IBM,2025-04-14 13:32:00,237.9200,238.3100
IBM,2025-04-14 13:33:00,238.1800,238.4679
IBM,2025-04-14 13:34:00,238.4086,238.2500
IBM,2025-04-14 13:35:00,238.3200,238.3100
IBM,2025-04-14 13:36:00,238.3300,238.3250
IBM,2025-04-14 13:37:00,238.3250,238.4650
IBM,2025-04-14 13:38:00,238.5500,238.2900
IBM,2025-04-14 13:39:00,238.2800,238.3150
IBM,2025-04-14 13:40:00,238.3350,238.3700
IBM,2025-04-14 13:41:00,238.2000,238.3500
IBM,2025-04-14 13:42:00,238.3112,238.4850
IBM,2025-04-14 13:43:00,238.5450,238.5250
IBM,2025-04-14 13:44:00,238.4500,238.1350
IBM,2025-04-14 13:45:00,238.1350,238.2500
IBM,2025-04-14 13:46:00,238.4200,238.2850
IBM,2025-04-14 13:47:00,238.1700,237.8350
IBM,2025-04-14 13:48:00,237.8400,238.0675
IBM,2025-04-14 13:49:00,238.1300,238.1800
IBM,2025-04-14 13:50:00,238.1124,238.2750
IBM,2025-04-14 13:51:00,238.2750,238.6500
IBM,2025-04-14 13:52:00,238.5750,238.5750
IBM,2025-04-14 13:53:00,238.4600,238.7550
IBM,2025-04-14 13:54:00,238.7700,238.6250
IBM,2025-04-14 13:55:00,238.6450,238.6050
IBM,2025-04-14 13:56:00,238.6050,238.3850
IBM,2025-04-14 13:57:00,238.3850,238.4700
IBM,2025-04-14 13:58:00,238.4800,238.4800
IBM,2025-04-14 13:59:00,238.6900,238.5750
IBM,2025-04-14 14:00:00,238.6927,238.7950
IBM,2025-04-14 14:01:00,238.6500,238.6900
IBM,2025-04-14 14:02:00,238.6400,238.6050
IBM,2025-04-14 14:03:00,238.6650,238.6750
IBM,2025-04-14 14:04:00,238.6350,238.6400
IBM,2025-04-14 14:05:00,238.6400,238.5550
IBM,2025-04-14 14:06:00,238.5550,238.7450
IBM,2025-04-14 14:07:00,238.7450,238.5500
IBM,2025-04-14 14:08:00,238.4800,238.7400
IBM,2025-04-14 14:09:00,238.7960,238.8300
IBM,2025-04-14 14:10:00,238.8300,238.7600
IBM,2025-04-14 14:11:00,238.6900,238.6600
IBM,2025-04-14 14:12:00,238.6100,238.4700
IBM,2025-04-14 14:13:00,238.6000,238.5600
IBM,2025-04-14 14:14:00,238.7799,238.5400
IBM,2025-04-14 14:15:00,238.5350,238.4100
IBM,2025-04-14 14:16:00,238.5800,238.7900
IBM,2025-04-14 14:17:00,238.7600,238.9550
IBM,2025-04-14 14:18:00,239.0072,238.9200
IBM,2025-04-14 14:19:00,238.7800,238.9500
IBM,2025-04-14 14:20:00,238.9600,239.1900
IBM,2025-04-14 14:21:00,239.2031,239.2850
IBM,2025-04-14 14:22:00,239.3200,239.3000
IBM,2025-04-14 14:23:00,239.3000,239.3600
IBM,2025-04-14 14:24:00,239.4666,239.2706
IBM,2025-04-14 14:25:00,239.3800,239.4250
IBM,2025-04-14 14:26:00,239.4100,239.4850
IBM,2025-04-14 14:27:00,239.4950,239.6000
IBM,2025-04-14 14:28:00,239.6200,239.4700
IBM,2025-04-14 14:29:00,239.5000,239.4400
IBM,2025-04-14 14:30:00,239.4400,239.6600
IBM,2025-04-14 14:31:00,239.6500,239.7200
IBM,2025-04-14 14:32:00,239.7100,239.7600
IBM,2025-04-14 14:33:00,239.7600,239.6641
IBM,2025-04-14 14:34:00,239.5900,239.6723
IBM,2025-04-14 14:35:00,239.6950,239.7700
IBM,2025-04-14 14:36:00,239.7750,239.7600
IBM,2025-04-14 14:37:00,239.7600,239.9799
IBM,2025-04-14 14:38:00,239.8300,239.8850
IBM,2025-04-14 14:39:00,239.9000,239.9607
IBM,2025-04-14 14:40:00,239.9400,240.1000
IBM,2025-04-14 14:41:00,239.9900,239.9600
IBM,2025-04-14 14:42:00,240.0050,240.0100
IBM,2025-04-14 14:43:00,240.1200,240.0780
IBM,2025-04-14 14:44:00,239.9900,240.0600
IBM,2025-04-14 14:45:00,239.9100,240.0100
IBM,2025-04-14 14:46:00,239.9550,239.9300
IBM,2025-04-14 14:47:00,239.9150,239.9745
IBM,2025-04-14 14:48:00,239.7300,239.7300
IBM,2025-04-14 14:49:00,239.6400,239.8500
IBM,2025-04-14 14:50:00,0.0000,0.0000
IBM,2025-04-14 14:51:00,239.8700,239.7500
IBM,2025-04-14 14:52:00,239.6300,239.8400
IBM,2025-04-14 14:53:00,239.7000,239.7550
IBM,2025-04-14 14:54:00,239.7484,239.8200
IBM,2025-04-14 14:55:00,239.8500,239.7861
IBM,2025-04-14 14:56:00,239.8800,239.9500
IBM,2025-04-14 14:57:00,239.8900,239.7500
IBM,2025-04-14 14:58:00,239.8400,239.8503
IBM,2025-04-14 14:59:00,239.8246,239.8500
IBM,2025-04-14 15:00:00,239.8950,240.0668
IBM,2025-04-14 15:01:00,240.1096,240.0300
IBM,2025-04-14 15:02:00,240.1182,240.0000
IBM,2025-04-14 15:03:00,240.0725,240.0550
IBM,2025-04-14 15:04:00,240.1200,240.1450
IBM,2025-04-14 15:05:00,240.1400,240.1155
IBM,2025-04-14 15:06:00,240.1200,240.1850
IBM,2025-04-14 15:07:00,240.2700,240.3700
IBM,2025-04-14 15:08:00,240.4500,240.4500
IBM,2025-04-14 15:09:00,240.4100,240.4150
IBM,2025-04-14 15:10:00,240.4370,240.3600
IBM,2025-04-14 15:11:00,240.3110,240.4999
IBM,2025-04-14 15:12:00,240.3500,240.4500
IBM,2025-04-14 15:13:00,240.4500,240.4900
IBM,2025-04-14 15:14:00,240.5000,240.3329
IBM,2025-04-14 15:15:00,240.3500,240.3300
IBM,2025-04-14 15:16:00,240.2800,240.1100
IBM,2025-04-14 15:17:00,240.1300,240.2300
IBM,2025-04-14 15:18:00,240.1900,240.0950
IBM,2025-04-14 15:19:00,240.0900,240.0300
IBM,2025-04-14 15:20:00,240.0700,240.1400
IBM,2025-04-14 15:21:00,240.1900,240.1900
IBM,2025-04-14 15:22:00,240.1850,240.0800
IBM,2025-04-14 15:23:00,240.0700,240.0900
IBM,2025-04-14 15:24:00,240.1700,240.1800
IBM,2025-04-14 15:25:00,240.2700,240.1200
IBM,2025-04-14 15:26:00,240.1200,239.7600
IBM,2025-04-14 15:27:00,239.7608,240.0956
IBM,2025-04-14 15:28:00,240.1300,240.2700
IBM,2025-04-14 15:29:00,240.2850,240.1750
IBM,2025-04-14 15:30:00,240.1200,239.9901
IBM,2025-04-14 15:31:00,239.9900,240.0600
IBM,2025-04-14 15:32:00,239.8800,240.0000
IBM,2025-04-14 15:33:00,239.9750,240.1250
IBM,2025-04-14 15:34:00,240.1250,240.1450
IBM,2025-04-14 15:35:00,240.1400,239.9750
IBM,2025-04-14 15:36:00,240.0100,240.0600
IBM,2025-04-14 15:37:00,240.0400,239.9150
IBM,2025-04-14 15:38:00,239.9150,240.0100
IBM,2025-04-14 15:39:00,240.0500,239.9350
IBM,2025-04-14 15:40:00,239.9550,240.4146
IBM,2025-04-14 15:41:00,240.2900,240.2700
IBM,2025-04-14 15:42:00,240.2700,240.3150
IBM,2025-04-14 15:43:00,240.3600,240.3950
IBM,2025-04-14 15:44:00,240.3900,240.3500
IBM,2025-04-14 15:45:00,240.3250,240.2600
IBM,2025-04-14 15:46:00,240.2600,240.3500
IBM,2025-04-14 15:47:00,240.2400,240.0400
IBM,2025-04-14 15:48:00,240.0300,239.9550
IBM,2025-04-14 15:49:00,240.0300,239.8350
IBM,2025-04-14 15:50:00,239.7300,239.3400
IBM,2025-04-14 15:51:00,239.2900,239.7600
IBM,2025-04-14 15:52:00,239.7550,239.6900
IBM,2025-04-14 15:53:00,239.7000,239.7300
IBM,2025-04-14 15:54:00,239.7500,239.9050
IBM,2025-04-14 15:55:00,239.8100,239.4600
IBM,2025-04-14 15:56:00,239.4350,239.1600
IBM,2025-04-14 15:57:00,239.1800,238.9950
IBM,2025-04-14 15:58:00,238.9900,239.1150
IBM,2025-04-14 15:59:00,239.1500,239.2400
IBM,2025-04-15 09:30:00,239.5500,238.8750
IBM,2025-04-15 09:31:00,239.0150,239.4200
IBM,2025-04-15 09:32:00,239.4250,239.5550
IBM,2025-04-15 09:33:00,239.5637,239.0400
IBM,2025-04-15 09:34:00,238.4900,239.0135
IBM,2025-04-15 09:35:00,239.0300,239.1200
IBM,2025-04-15 09:36:00,239.4800,239.2650
IBM,2025-04-15 09:37:00,239.1800,239.9700
IBM,2025-04-15 09:38:00,239.7350,239.9300
IBM,2025-04-15 09:39:00,239.9700,239.9125
IBM,2025-04-15 09:40:00,239.9550,239.8450
IBM,2025-04-15 09:41:00,239.7550,239.6900
IBM,2025-04-15 09:42:00,239.7524,239.9800
IBM,2025-04-15 09:43:00,239.9800,239.6700
IBM,2025-04-15 09:44:00,239.7050,240.0100
IBM,2025-04-15 09:45:00,240.1500,239.8100
IBM,2025-04-15 09:46:00,239.8300,239.9450
IBM,2025-04-15 09:47:00,239.9450,239.9500
IBM,2025-04-15 09:48:00,240.0000,239.9201
IBM,2025-04-15 09:49:00,240.1500,240.1150
IBM,2025-04-15 09:50:00,240.0900,240.1550
IBM,2025-04-15 09:51:00,240.2100,240.1800
IBM,2025-04-15 09:52:00,240.3000,240.1700
IBM,2025-04-15 09:53:00,240.2100,240.3150
IBM,2025-04-15 09:54:00,240.3150,239.9250
IBM,2025-04-15 09:55:00,239.9250,240.1391
IBM,2025-04-15 09:56:00,240.1350,239.9000
IBM,2025-04-15 09:57:00,240.0700,240.1400
IBM,2025-04-15 09:58:00,239.9500,240.1100
IBM,2025-04-15 09:59:00,240.1400,240.1650
IBM,2025-04-15 10:00:00,240.1600,240.0950
IBM,2025-04-15 10:01:00,240.1200,240.2700
IBM,2025-04-15 10:02:00,240.1900,240.1675
IBM,2025-04-15 10:03:00,240.1000,239.9860
IBM,2025-04-15 10:04:00,240.1150,240.2400
IBM,2025-04-15 10:05:00,240.2700,240.3600
IBM,2025-04-15 10:06:00,240.0700,240.4200
IBM,2025-04-15 10:07:00,240.2650,240.5700
IBM,2025-04-15 10:08:00,240.5150,240.6800
IBM,2025-04-15 10:09:00,240.7200,240.5000
IBM,2025-04-15 10:10:00,240.6100,240.5800
IBM,2025-04-15 10:11:00,240.5200,240.8800
IBM,2025-04-15 10:12:00,240.6800,240.8650
IBM,2025-04-15 10:13:00,240.9900,240.9550
IBM,2025-04-15 10:14:00,240.9250,240.5494
IBM,2025-04-15 10:15:00,240.5500,240.5200
IBM,2025-04-15 10:16:00,240.5000,240.4600
IBM,2025-04-15 10:17:00,240.5300,240.2600
IBM,2025-04-15 10:18:00,240.1200,240.1700
IBM,2025-04-15 10:19:00,240.0000,239.7700
IBM,2025-04-15 10:20:00,239.7050,239.5600
IBM,2025-04-15 10:21:00,239.5700,239.7550
IBM,2025-04-15 10:22:00,239.8650,240.1400
IBM,2025-04-15 10:23:00,240.2050,239.7950
IBM,2025-04-15 10:24:00,239.6900,239.6200
IBM,2025-04-15 10:25:00,239.4400,239.7300
IBM,2025-04-15 10:26:00,239.6350,239.6100
IBM,2025-04-15 10:27:00,239.5200,239.8300
IBM,2025-04-15 10:28:00,239.8500,239.8000
IBM,2025-04-15 10:29:00,239.5800,239.5125
IBM,2025-04-15 10:30:00,239.5150,239.6644
IBM,2025-04-15 10:31:00,239.8100,239.7500
IBM,2025-04-15 10:32:00,239.7900,239.6850
IBM,2025-04-15 10:33:00,239.7600,240.1700
IBM,2025-04-15 10:34:00,240.1200,240.1100
IBM,2025-04-15 10:35:00,240.0850,239.8900
IBM,2025-04-15 10:36:00,239.8621,239.8000
IBM,2025-04-15 10:37:00,239.8200,239.7300
IBM,2025-04-15 10:38:00,239.8600,239.7750
IBM,2025-04-15 10:39:00,239.8100,239.5400
IBM,2025-04-15 10:40:00,239.4900,239.5500
IBM,2025-04-15 10:41:00,239.6400,239.6750
IBM,2025-04-15 10:42:00,239.7100,239.7620
IBM,2025-04-15 10:43:00,239.7750,240.1000
IBM,2025-04-15 10:44:00,240.0600,240.2150
IBM,2025-04-15 10:45:00,240.2350,240.3250
IBM,2025-04-15 10:46:00,240.4200,239.9900
IBM,2025-04-15 10:47:00,239.9900,239.8000
IBM,2025-04-15 10:48:00,239.7600,239.7600
IBM,2025-04-15 10:49:00,239.7550,239.7650
IBM,2025-04-15 10:50:00,239.7650,239.5300
IBM,2025-04-15 10:51:00,239.4800,239.9600
IBM,2025-04-15 10:52:00,240.0300,239.9650
IBM,2025-04-15 10:53:00,240.0200,240.2500
IBM,2025-04-15 10:54:00,240.2200,240.4500
IBM,2025-04-15 10:55:00,240.5000,240.4125
IBM,2025-04-15 10:56:00,240.4300,240.5350
IBM,2025-04-15 10:57:00,240.5400,240.4270
IBM,2025-04-15 10:58:00,240.5150,240.4600
IBM,2025-04-15 10:59:00,240.5050,240.3200
IBM,2025-04-15 11:00:00,240.3100,240.6050
IBM,2025-04-15 11:01:00,240.6000,240.6750
IBM,2025-04-15 11:02:00,240.6750,240.6080
IBM,2025-04-15 11:03:00,240.7300,240.7400
IBM,2025-04-15 11:04:00,240.7400,240.7900
IBM,2025-04-15 11:05:00,240.8520,240.5365
IBM,2025-04-15 11:06:00,240.7200,240.4500
IBM,2025-04-15 11:07:00,240.4100,240.1300
IBM,2025-04-15 11:08:00,240.2350,240.2500
IBM,2025-04-15 11:09:00,240.2900,240.2225
IBM,2025-04-15 11:10:00,240.1900,240.3300
IBM,2025-04-15 11:11:00,240.3400,240.0200
IBM,2025-04-15 11:12:00,240.0100,240.1500
IBM,2025-04-15 11:13:00,240.0500,240.0400
IBM,2025-04-15 11:14:00,240.0200,240.1692
IBM,2025-04-15 11:15:00,240.1046,240.3700
IBM,2025-04-15 11:16:00,240.4027,240.2900
IBM,2025-04-15 11:17:00,240.2300,240.2500
IBM,2025-04-15 11:18:00,240.3350,240.2500
IBM,2025-04-15 11:19:00,240.0800,240.1150
IBM,2025-04-15 11:20:00,240.2100,240.1200
IBM,2025-04-15 11:21:00,240.3500,240.2820
IBM,2025-04-15 11:22:00,240.1750,240.0200
IBM,2025-04-15 11:23:00,240.1250,240.0200
IBM,2025-04-15 11:24:00,240.0600,240.1300
IBM,2025-04-15 11:25:00,240.0100,239.6900
IBM,2025-04-15 11:26:00,239.6000,239.5100
IBM,2025-04-15 11:27:00,239.6150,239.6500
IBM,2025-04-15 11:28:00,239.5700,239.4500
IBM,2025-04-15 11:29:00,239.3562,239.1900
IBM,2025-04-15 11:30:00,239.2600,239.4250
IBM,2025-04-15 11:31:00,239.4250,239.7850
IBM,2025-04-15 11:32:00,239.8800,239.8367
IBM,2025-04-15 11:33:00,239.7000,239.6500
IBM,2025-04-15 11:34:00,239.6700,239.5752
IBM,2025-04-15 11:35:00,239.4700,239.6600
IBM,2025-04-15 11:36:00,239.6800,239.4100
IBM,2025-04-15 11:37:00,239.3600,239.2100
IBM,2025-04-15 11:38:00,239.4600,239.1800
IBM,2025-04-15 11:39:00,239.3100,239.3200
IBM,2025-04-15 11:40:00,239.3050,239.3999
IBM,2025-04-15 11:41:00,239.2100,239.1600
IBM,2025-04-15 11:42:00,239.1400,239.1400
IBM,2025-04-15 11:43:00,239.1525,239.2150
IBM,2025-04-15 11:44:00,239.2300,239.2200
IBM,2025-04-15 11:45:00,239.2200,239.3000
IBM,2025-04-15 11:46:00,239.4100,239.0000
IBM,2025-04-15 11:47:00,239.0000,239.0100
IBM,2025-04-15 11:48:00,238.9700,238.8600
IBM,2025-04-15 11:49:00,238.8800,238.9600
IBM,2025-04-15 11:50:00,238.9900,238.8900
IBM,2025-04-15 11:51:00,238.8550,238.8100
IBM,2025-04-15 11:52:00,238.8450,239.1800
IBM,2025-04-15 11:53:00,239.2900,239.3000
IBM,2025-04-15 11:54:00,239.3536,239.2900
IBM,2025-04-15 11:55:00,239.3420,239.0900
IBM,2025-04-15 11:56:00,239.2200,239.1700
IBM,2025-04-15 11:57:00,239.0400,239.2550
IBM,2025-04-15 11:58:00,239.2450,239.4400
IBM,2025-04-15 11:59:00,239.3800,239.2700
IBM,2025-04-15 12:00:00,239.3050,239.5300
IBM,2025-04-15 12:01:00,239.5150,239.6000
IBM,2025-04-15 12:02:00,239.6700,239.6750
IBM,2025-04-15 12:03:00,239.7700,239.7100
IBM,2025-04-15 12:04:00,239.7536,239.6600
IBM,2025-04-15 12:05:00,239.6900,239.6900
IBM,2025-04-15 12:06:00,239.7600,239.6800
IBM,2025-04-15 12:07:00,239.6800,239.5650
IBM,2025-04-15 12:08:00,239.4600,239.3900
IBM,2025-04-15 12:09:00,239.2700,239.4050
IBM,2025-04-15 12:10:00,239.3500,239.5400
IBM,2025-04-15 12:11:00,239.5400,239.6150
IBM,2025-04-15 12:12:00,239.5350,239.4400
IBM,2025-04-15 12:13:00,239.5250,239.2900
IBM,2025-04-15 12:14:00,239.2300,239.4200
IBM,2025-04-15 12:15:00,239.3950,239.4800
IBM,2025-04-15 12:16:00,239.4900,239.5000
IBM,2025-04-15 12:17:00,239.4900,239.3922
IBM,2025-04-15 12:18:00,239.2300,239.1875
IBM,2025-04-15 12:19:00,239.2050,239.2900
IBM,2025-04-15 12:20:00,239.2300,239.3600
IBM,2025-04-15 12:21:00,239.2000,239.2500
IBM,2025-04-15 12:22:00,239.2450,239.5692
IBM,2025-04-15 12:23:00,239.5700,239.7600
IBM,2025-04-15 12:24:00,239.7400,239.8600
IBM,2025-04-15 12:25:00,239.9280,239.9800
IBM,2025-04-15 12:26:00,239.9250,239.8650
IBM,2025-04-15 12:27:00,239.9100,240.0100
IBM,2025-04-15 12:28:00,239.9000,239.9000
IBM,2025-04-15 12:29:00,239.8300,239.7442
IBM,2025-04-15 12:30:00,239.8050,239.8250
IBM,2025-04-15 12:31:00,239.8500,239.7900
IBM,2025-04-15 12:32:00,239.9000,239.7232
IBM,2025-04-15 12:33:00,239.8800,239.6100
IBM,2025-04-15 12:34:00,239.5600,239.5000
IBM,2025-04-15 12:35:00,239.5150,239.6150
IBM,2025-04-15 12:36:00,239.4950,239.4800
IBM,2025-04-15 12:37:00,239.4500,239.4900
IBM,2025-04-15 12:38:00,239.4800,239.4600
IBM,2025-04-15 12:39:00,239.4600,239.3800
IBM,2025-04-15 12:40:00,239.3850,239.4500
IBM,2025-04-15 12:41:00,239.4650,239.3750
IBM,2025-04-15 12:42:00,239.3750,239.4633
IBM,2025-04-15 12:43:00,239.5300,239.4650
IBM,2025-04-15 12:44:00,239.4600,239.5000
IBM,2025-04-15 12:45:00,239.5700,239.6600
IBM,2025-04-15 12:46:00,239.6800,239.7400
IBM,2025-04-15 12:47:00,239.6850,239.8100
IBM,2025-04-15 12:48:00,239.7800,239.7500
IBM,2025-04-15 12:49:00,239.7900,239.8100
IBM,2025-04-15 12:50:00,239.7400,239.8200
IBM,2025-04-15 12:51:00,239.6749,239.8600
IBM,2025-04-15 12:52:00,239.7400,239.7200
IBM,2025-04-15 12:53:00,239.6700,239.6300
IBM,2025-04-15 12:54:00,239.6300,239.5900
IBM,2025-04-15 12:55:00,239.4900,239.4750
IBM,2025-04-15 12:56:00,239.4750,239.5550
IBM,2025-04-15 12:57:00,239.5250,239.2467
IBM,2025-04-15 12:58:00,239.4000,239.5775
IBM,2025-04-15 12:59:00,239.6400,239.7600
IBM,2025-04-15 13:00:00,239.6600,239.5100
IBM,2025-04-15 13:01:00,239.5600,239.7300
IBM,2025-04-15 13:02:00,239.7100,239.6900
IBM,2025-04-15 13:03:00,239.6500,240.0000
IBM,2025-04-15 13:04:00,239.9400,239.9300
IBM,2025-04-15 13:05:00,239.9400,239.9900
IBM,2025-04-15 13:06:00,239.9950,240.0700
IBM,2025-04-15 13:07:00,240.1100,239.9800
IBM,2025-04-15 13:08:00,239.8800,240.0300
IBM,2025-04-15 13:09:00,239.9450,239.8500
IBM,2025-04-15 13:10:00,239.8500,239.8700
IBM,2025-04-15 13:11:00,239.8900,239.8850
IBM,2025-04-15 13:12:00,239.8850,239.8800
IBM,2025-04-15 13:13:00,239.8750,239.8800
IBM,2025-04-15 13:14:00,0.0000,0.0000
IBM,2025-04-15 13:15:00,239.8850,239.8750
IBM,2025-04-15 13:16:00,239.9500,239.7800
IBM,2025-04-15 13:17:00,239.7500,239.5750
IBM,2025-04-15 13:18:00,239.5600,239.8400
IBM,2025-04-15 13:19:00,239.8300,239.7750
IBM,2025-04-15 13:20:00,239.7750,239.7600
IBM,2025-04-15 13:21:00,239.8100,239.7300
IBM,2025-04-15 13:22:00,239.6700,239.5400
IBM,2025-04-15 13:23:00,239.4700,239.5300
IBM,2025-04-15 13:24:00,239.5600,239.6650
IBM,2025-04-15 13:25:00,239.6650,239.5550
IBM,2025-04-15 13:26:00,239.5500,239.7300
IBM,2025-04-15 13:27:00,239.7300,239.5850
IBM,2025-04-15 13:28:00,239.5800,239.6400
IBM,2025-04-15 13:29:00,239.6000,239.4962
IBM,2025-04-15 13:30:00,239.5900,240.0000
IBM,2025-04-15 13:31:00,240.0000,239.9300
IBM,2025-04-15 13:32:00,240.0300,239.9700
IBM,2025-04-15 13:33:00,239.9650,239.8001
IBM,2025-04-15 13:34:00,239.9700,239.9900
IBM,2025-04-15 13:35:00,239.9646,239.9900
IBM,2025-04-15 13:36:00,239.8900,240.0150
IBM,2025-04-15 13:37:00,239.9900,240.0900
IBM,2025-04-15 13:38:00,240.1500,240.2350
IBM,2025-04-15 13:39:00,240.2800,240.1700
IBM,2025-04-15 13:40:00,240.2900,240.4100
IBM,2025-04-15 13:41:00,240.4500,240.2900
IBM,2025-04-15 13:42:00,240.3100,240.2400
IBM,2025-04-15 13:43:00,240.3200,240.2600
IBM,2025-04-15 13:44:00,240.3400,240.3500
IBM,2025-04-15 13:45:00,240.3500,240.1600
IBM,2025-04-15 13:46:00,240.3400,240.3200
IBM,2025-04-15 13:47:00,240.3500,240.2800
IBM,2025-04-15 13:48:00,240.3450,240.3200
IBM,2025-04-15 13:49:00,240.3000,240.3950
IBM,2025-04-15 13:50:00,240.4100,240.3100
IBM,2025-04-15 13:51:00,240.3300,240.1850
IBM,2025-04-15 13:52:00,240.1850,240.1250
IBM,2025-04-15 13:53:00,240.1300,239.8350
IBM,2025-04-15 13:54:00,239.8500,239.8650
IBM,2025-04-15 13:55:00,239.8000,240.0650
IBM,2025-04-15 13:56:00,240.1500,240.1600
IBM,2025-04-15 13:57:00,240.0950,240.3425
IBM,2025-04-15 13:58:00,240.3150,240.6400
IBM,2025-04-15 13:59:00,240.6450,240.6250
IBM,2025-04-15 14:00:00,240.5600,240.7400
IBM,2025-04-15 14:01:00,240.7000,240.4375
IBM,2025-04-15 14:02:00,240.4000,240.4300
IBM,2025-04-15 14:03:00,240.5000,240.4200
IBM,2025-04-15 14:04:00,240.3800,240.4850
IBM,2025-04-15 14:05:00,240.4550,240.0200
IBM,2025-04-15 14:06:00,240.0000,240.2100
IBM,2025-04-15 14:07:00,240.1200,240.2600
IBM,2025-04-15 14:08:00,240.2450,240.1400
IBM,2025-04-15 14:09:00,240.1400,240.0150
IBM,2025-04-15 14:10:00,240.0200,240.0300
IBM,2025-04-15 14:11:00,239.9915,240.0900
IBM,2025-04-15 14:12:00,240.0400,239.9400
IBM,2025-04-15 14:13:00,239.9400,239.8500
IBM,2025-04-15 14:14:00,239.8500,240.0600
IBM,2025-04-15 14:15:00,240.0100,239.7900
IBM,2025-04-15 14:16:00,239.8900,239.9200
IBM,2025-04-15 14:17:00,239.8400,239.8800
IBM,2025-04-15 14:18:00,239.8850,239.9100
IBM,2025-04-15 14:19:00,239.9150,239.9500
IBM,2025-04-15 14:20:00,239.9400,239.9400
IBM,2025-04-15 14:21:00,239.9100,239.8725
IBM,2025-04-15 14:22:00,239.8850,239.8750
IBM,2025-04-15 14:23:00,239.7600,239.7900
IBM,2025-04-15 14:24:00,239.7900,239.8100
IBM,2025-04-15 14:25:00,239.7400,240.0600
IBM,2025-04-15 14:26:00,240.0600,240.1950
IBM,2025-04-15 14:27:00,240.0900,239.9850
IBM,2025-04-15 14:28:00,239.9800,240.0100
IBM,2025-04-15 14:29:00,240.0100,240.0000
IBM,2025-04-15 14:30:00,240.0150,240.0750
IBM,2025-04-15 14:31:00,240.1500,240.2050
IBM,2025-04-15 14:32:00,240.2100,240.3150
IBM,2025-04-15 14:33:00,240.3150,240.2500
IBM,2025-04-15 14:34:00,240.3250,240.3150
IBM,2025-04-15 14:35:00,240.3700,240.3500
IBM,2025-04-15 14:36:00,240.3500,240.3500
IBM,2025-04-15 14:37:00,240.4100,240.3800
IBM,2025-04-15 14:38:00,240.3950,240.3100
IBM,2025-04-15 14:39:00,240.2505,240.3300
IBM,2025-04-15 14:40:00,240.3150,240.3000
IBM,2025-04-15 14:41:00,240.3400,240.5300
IBM,2025-04-15 14:42:00,240.5450,240.4600
IBM,2025-04-15 14:43:00,240.5400,240.5800
IBM,2025-04-15 14:44:00,240.5900,240.8250
IBM,2025-04-15 14:45:00,240.8700,241.0300
IBM,2025-04-15 14:46:00,241.0550,240.9800
IBM,2025-04-15 14:47:00,241.0300,240.8700
IBM,2025-04-15 14:48:00,240.8700,240.6500
IBM,2025-04-15 14:49:00,240.6300,240.6750
IBM,2025-04-15 14:50:00,240.5900,240.5800
IBM,2025-04-15 14:51:00,240.6150,240.5750
IBM,2025-04-15 14:52:00,240.5100,240.4150
IBM,2025-04-15 14:53:00,240.4400,240.5750
IBM,2025-04-15 14:54:00,240.5750,240.5176
IBM,2025-04-15 14:55:00,240.6400,240.5900
IBM,2025-04-15 14:56:00,240.6100,240.6000
IBM,2025-04-15 14:57:00,240.6150,240.7400
IBM,2025-04-15 14:58:00,240.7400,240.7800
IBM,2025-04-15 14:59:00,240.7200,240.6900
IBM,2025-04-15 15:00:00,240.6500,240.6050
IBM,2025-04-15 15:01:00,240.5500,240.5100
IBM,2025-04-15 15:02:00,240.5500,240.5500
IBM,2025-04-15 15:03:00,240.5200,240.4300
IBM,2025-04-15 15:04:00,240.4650,240.4950
IBM,2025-04-15 15:05:00,240.5000,240.5290
IBM,2025-04-15 15:06:00,240.4850,240.5200
IBM,2025-04-15 15:07:00,240.5175,240.5300
IBM,2025-04-15 15:08:00,240.5300,240.5700
IBM,2025-04-15 15:09:00,240.5750,240.5800
IBM,2025-04-15 15:10:00,240.5500,240.5700
IBM,2025-04-15 15:11:00,240.6400,240.6100
IBM,2025-04-15 15:12:00,240.6500,240.6600
IBM,2025-04-15 15:13:00,240.6600,240.8200
IBM,2025-04-15 15:14:00,240.8300,240.9500
IBM,2025-04-15 15:15:00,240.9000,240.9700
IBM,2025-04-15 15:16:00,241.0000,241.0000
IBM,2025-04-15 15:17:00,241.0000,241.1400
IBM,2025-04-15 15:18:00,241.1400,241.1700
IBM,2025-04-15 15:19:00,241.1700,241.1550
IBM,2025-04-15 15:20:00,241.1500,241.0100
IBM,2025-04-15 15:21:00,241.0909,241.1450
IBM,2025-04-15 15:22:00,241.1425,241.3300
IBM,2025-04-15 15:23:00,241.4200,241.1050
IBM,2025-04-15 15:24:00,241.1200,241.0900
IBM,2025-04-15 15:25:00,241.0500,241.0150
IBM,2025-04-15 15:26:00,241.0100,241.0350
IBM,2025-04-15 15:27:00,241.0350,241.0700
IBM,2025-04-15 15:28:00,241.0150,241.0900
IBM,2025-04-15 15:29:00,241.0500,241.0500
IBM,2025-04-15 15:30:00,241.1200,241.1750
IBM,2025-04-15 15:31:00,241.1750,241.1582
IBM,2025-04-15 15:32:00,241.1150,241.2500
IBM,2025-04-15 15:33:00,241.1501,241.2050
IBM,2025-04-15 15:34:00,241.2600,241.2450
IBM,2025-04-15 15:35:00,241.2450,241.1800
IBM,2025-04-15 15:36:00,241.1850,240.9700
IBM,2025-04-15 15:37:00,241.0000,241.1300
IBM,2025-04-15 15:38:00,241.0700,240.9900
IBM,2025-04-15 15:39:00,241.0250,241.0500
IBM,2025-04-15 15:40:00,241.0800,241.1800
IBM,2025-04-15 15:41:00,241.1850,241.1800
IBM,2025-04-15 15:42:00,241.2200,241.1850
IBM,2025-04-15 15:43:00,241.2000,241.2750
IBM,2025-04-15 15:44:00,241.2500,241.2889
IBM,2025-04-15 15:45:00,241.2350,241.2200
IBM,2025-04-15 15:46:00,241.2400,241.1500
IBM,2025-04-15 15:47:00,241.1500,241.1600
IBM,2025-04-15 15:48:00,241.1600,241.0650
IBM,2025-04-15 15:49:00,241.0650,241.2700
IBM,2025-04-15 15:50:00,241.2750,241.3550
IBM,2025-04-15 15:51:00,241.3600,241.2200
IBM,2025-04-15 15:52:00,241.2200,241.0600
IBM,2025-04-15 15:53:00,241.0600,241.1600
IBM,2025-04-15 15:54:00,241.1400,241.0900
IBM,2025-04-15 15:55:00,241.1000,240.9000
IBM,2025-04-15 15:56:00,240.9200,240.7150
IBM,2025-04-15 15:57:00,240.7300,240.8100
IBM,2025-04-15 15:58:00,240.8200,240.7850
IBM,2025-04-15 15:59:00,240.8100,240.8700
IBM,2025-04-16 09:30:00,240.2800,240.5400
IBM,2025-04-16 09:31:00,240.5200,240.8000
IBM,2025-04-16 09:32:00,240.7200,240.7664
IBM,2025-04-16 09:33:00,241.0550,240.4900
IBM,2025-04-16 09:34:00,240.7400,240.6450
IBM,2025-04-16 09:35:00,240.6450,240.8100
IBM,2025-04-16 09:36:00,240.8600,241.4200
IBM,2025-04-16 09:37:00,241.5950,241.2350
IBM,2025-04-16 09:38:00,241.2300,241.8100
IBM,2025-04-16 09:39:00,241.5350,241.2600
IBM,2025-04-16 09:40:00,241.3200,241.3750
IBM,2025-04-16 09:41:00,241.3750,241.3600
IBM,2025-04-16 09:42:00,241.1500,241.6500
IBM,2025-04-16 09:43:00,241.6950,241.7550
IBM,2025-04-16 09:44:00,241.7550,242.0000
IBM,2025-04-16 09:45:00,242.0900,241.8000
IBM,2025-04-16 09:46:00,241.7150,241.2950
IBM,2025-04-16 09:47:00,241.3200,241.7500
IBM,2025-04-16 09:48:00,241.7450,241.6550
IBM,2025-04-16 09:49:00,241.8000,241.7450
IBM,2025-04-16 09:50:00,241.6374,242.1500
IBM,2025-04-16 09:51:00,242.1000,241.6300
IBM,2025-04-16 09:52:00,241.6300,241.4900
IBM,2025-04-16 09:53:00,241.5436,241.2250
IBM,2025-04-16 09:54:00,241.1100,240.9004
IBM,2025-04-16 09:55:00,240.7000,241.0500
IBM,2025-04-16 09:56:00,241.0250,241.1850
IBM,2025-04-16 09:57:00,241.2300,241.3400
IBM,2025-04-16 09:58:00,241.4050,241.1800
IBM,2025-04-16 09:59:00,241.1300,241.0025
IBM,2025-04-16 10:00:00,240.9400,241.1558
IBM,2025-04-16 10:01:00,241.1800,241.2000
IBM,2025-04-16 10:02:00,241.2250,241.4100
IBM,2025-04-16 10:03:00,241.4200,241.7364
IBM,2025-04-16 10:04:00,241.7264,241.7700
IBM,2025-04-16 10:05:00,241.8800,242.2300
IBM,2025-04-16 10:06:00,242.2300,242.4100
IBM,2025-04-16 10:07:00,242.4000,242.4100
IBM,2025-04-16 10:08:00,242.3400,242.5050
IBM,2025-04-16 10:09:00,242.4700,242.2300
IBM,2025-04-16 10:10:00,242.2950,242.2500
IBM,2025-04-16 10:11:00,242.0000,241.8050
IBM,2025-04-16 10:12:00,241.7400,241.5100
IBM,2025-04-16 10:13:00,241.4200,241.2200
IBM,2025-04-16 10:14:00,241.2200,241.0400
IBM,2025-04-16 10:15:00,241.0100,241.2699
IBM,2025-04-16 10:16:00,241.1000,241.0100
IBM,2025-04-16 10:17:00,240.7700,241.1500
IBM,2025-04-16 10:18:00,241.1000,241.5600
IBM,2025-04-16 10:19:00,241.4300,241.5700
IBM,2025-04-16 10:20:00,241.6600,241.8100
IBM,2025-04-16 10:21:00,242.0300,241.6499
IBM,2025-04-16 10:22:00,241.7400,241.9900
IBM,2025-04-16 10:23:00,241.9500,241.7000
IBM,2025-04-16 10:24:00,241.7500,241.9600
IBM,2025-04-16 10:25:00,242.0000,242.3400
IBM,2025-04-16 10:26:00,242.2650,242.0650
IBM,2025-04-16 10:27:00,242.0650,241.9600
IBM,2025-04-16 10:28:00,241.8900,241.8400
IBM,2025-04-16 10:29:00,241.8500,241.9200
IBM,2025-04-16 10:30:00,241.9950,241.7900
IBM,2025-04-16 10:31:00,241.7250,241.7400
IBM,2025-04-16 10:32:00,241.8357,241.9050
IBM,2025-04-16 10:33:00,241.9050,241.8300
IBM,2025-04-16 10:34:00,241.8300,241.9400
IBM,2025-04-16 10:35:00,242.0000,241.8900
IBM,2025-04-16 10:36:00,241.9900,241.7450
IBM,2025-04-16 10:37:00,241.6400,241.8700
IBM,2025-04-16 10:38:00,242.0100,241.6900
IBM,2025-04-16 10:39:00,241.7600,241.9900
IBM,2025-04-16 10:40:00,242.0050,242.0100
IBM,2025-04-16 10:41:00,242.0100,242.0450
IBM,2025-04-16 10:42:00,242.0300,242.0950
IBM,2025-04-16 10:43:00,242.0400,242.2500
IBM,2025-04-16 10:44:00,242.2250,242.0900
IBM,2025-04-16 10:45:00,242.0200,242.2500
IBM,2025-04-16 10:46:00,242.1500,242.1550
IBM,2025-04-16 10:47:00,242.1650,241.9400
IBM,2025-04-16 10:48:00,241.9400,241.8400
IBM,2025-04-16 10:49:00,241.8500,241.8100
IBM,2025-04-16 10:50:00,241.8950,241.7401
IBM,2025-04-16 10:51:00,241.8700,241.9550
IBM,2025-04-16 10:52:00,242.0000,241.9900
IBM,2025-04-16 10:53:00,241.9200,241.8600
IBM,2025-04-16 10:54:00,241.8600,241.7700
IBM,2025-04-16 10:55:00,241.7700,241.8900
IBM,2025-04-16 10:56:00,241.8400,241.7000
IBM,2025-04-16 10:57:00,241.7300,241.8400
IBM,2025-04-16 10:58:00,241.8950,242.1650
IBM,2025-04-16 10:59:00,242.1650,242.2600
IBM,2025-04-16 11:00:00,242.3800,242.2850
IBM,2025-04-16 11:01:00,242.2900,242.3850
IBM,2025-04-16 11:02:00,242.4300,242.4400
IBM,2025-04-16 11:03:00,242.4700,242.3700
IBM,2025-04-16 11:04:00,242.4050,242.2300
IBM,2025-04-16 11:05:00,242.2100,242.3400
IBM,2025-04-16 11:06:00,242.3150,242.3400
IBM,2025-04-16 11:07:00,242.3150,242.4900
IBM,2025-04-16 11:08:00,242.5000,242.5500
IBM,2025-04-16 11:09:00,242.5150,242.6100
IBM,2025-04-16 11:10:00,242.6500,242.6600
IBM,2025-04-16 11:11:00,242.8150,242.6488
IBM,2025-04-16 11:12:00,242.6600,242.6300
IBM,2025-04-16 11:13:00,242.5900,242.5350
IBM,2025-04-16 11:14:00,242.5500,242.5500
IBM,2025-04-16 11:15:00,242.5200,242.0450
IBM,2025-04-16 11:16:00,242.0000,241.8800
IBM,2025-04-16 11:17:00,242.0345,241.9800
IBM,2025-04-16 11:18:00,241.9750,242.0000
IBM,2025-04-16 11:19:00,241.8900,242.0300
IBM,2025-04-16 11:20:00,241.9600,241.9900
IBM,2025-04-16 11:21:00,242.0800,242.2050
IBM,2025-04-16 11:22:00,242.3000,242.4950
IBM,2025-04-16 11:23:00,242.4950,242.6750
IBM,2025-04-16 11:24:00,242.7800,242.9900
IBM,2025-04-16 11:25:00,243.1150,243.0500
IBM,2025-04-16 11:26:00,243.1550,243.0500
IBM,2025-04-16 11:27:00,243.1700,243.0600
IBM,2025-04-16 11:28:00,243.0750,243.2750
IBM,2025-04-16 11:29:00,243.2100,243.1500
IBM,2025-04-16 11:30:00,243.1000,243.0400
IBM,2025-04-16 11:31:00,243.0400,242.9500
IBM,2025-04-16 11:32:00,243.0100,243.0800
IBM,2025-04-16 11:33:00,243.0700,243.1100
IBM,2025-04-16 11:34:00,243.1000,243.0500
IBM,2025-04-16 11:35:00,243.1000,242.9950
IBM,2025-04-16 11:36:00,243.1000,242.9400
IBM,2025-04-16 11:37:00,242.8100,242.8550
IBM,2025-04-16 11:38:00,242.9100,242.9100
IBM,2025-04-16 11:39:00,242.9200,242.9000
IBM,2025-04-16 11:40:00,242.8200,242.8018
IBM,2025-04-16 11:41:00,242.6800,242.6200
IBM,2025-04-16 11:42:00,242.6084,242.6000
IBM,2025-04-16 11:43:00,242.5950,242.6200
IBM,2025-04-16 11:44:00,242.6450,242.5500
IBM,2025-04-16 11:45:00,242.5850,242.2400
IBM,2025-04-16 11:46:00,242.2600,242.2900
IBM,2025-04-16 11:47:00,242.4000,242.2500
IBM,2025-04-16 11:48:00,242.2800,242.2464
IBM,2025-04-16 11:49:00,242.2800,242.2750
IBM,2025-04-16 11:50:00,242.3100,242.3500
IBM,2025-04-16 11:51:00,242.2950,242.4050
IBM,2025-04-16 11:52:00,242.3700,242.2825
IBM,2025-04-16 11:53:00,242.2535,242.2200
IBM,2025-04-16 11:54:00,242.1500,242.1500
IBM,2025-04-16 11:55:00,242.0600,242.0950
IBM,2025-04-16 11:56:00,242.1000,242.1000
IBM,2025-04-16 11:57:00,0.0000,0.0000
IBM,2025-04-16 11:58:00,242.0900,241.9300
IBM,2025-04-16 11:59:00,241.8200,241.8300
IBM,2025-04-16 12:00:00,241.7300,241.8600
IBM,2025-04-16 12:01:00,241.7900,241.7950
IBM,2025-04-16 12:02:00,241.8200,241.6300
IBM,2025-04-16 12:03:00,241.6100,241.6300
IBM,2025-04-16 12:04:00,241.6300,241.7325
IBM,2025-04-16 12:05:00,241.7150,241.4900
IBM,2025-04-16 12:06:00,241.4900,241.3700
IBM,2025-04-16 12:07:00,241.3000,241.2700
IBM,2025-04-16 12:08:00,241.2600,241.3948
IBM,2025-04-16 12:09:00,241.3300,241.5200
IBM,2025-04-16 12:10:00,241.4900,241.5000
IBM,2025-04-16 12:11:00,241.6200,241.6000
IBM,2025-04-16 12:12:00,241.6000,241.5200
IBM,2025-04-16 12:13:00,241.4550,241.3700
IBM,2025-04-16 12:14:00,241.3663,241.4300
IBM,2025-04-16 12:15:00,241.4400,241.4500
IBM,2025-04-16 12:16:00,241.4650,241.2080
IBM,2025-04-16 12:17:00,241.3300,241.3625
IBM,2025-04-16 12:18:00,241.3450,241.5450
IBM,2025-04-16 12:19:00,241.4300,241.4800
IBM,2025-04-16 12:20:00,241.4800,241.4100
IBM,2025-04-16 12:21:00,241.4300,241.3500
IBM,2025-04-16 12:22:00,241.3300,241.3200
IBM,2025-04-16 12:23:00,241.3200,241.3250
IBM,2025-04-16 12:24:00,241.4200,241.4096
IBM,2025-04-16 12:25:00,241.4600,241.4900
IBM,2025-04-16 12:26:00,241.6500,241.6150
IBM,2025-04-16 12:27:00,241.6600,241.5150
IBM,2025-04-16 12:28:00,241.5300,241.6200
IBM,2025-04-16 12:29:00,241.5700,241.6500
IBM,2025-04-16 12:30:00,241.6400,241.7400
IBM,2025-04-16 12:31:00,241.8000,241.9400
IBM,2025-04-16 12:32:00,242.0100,241.8750
IBM,2025-04-16 12:33:00,241.9150,241.9150
IBM,2025-04-16 12:34:00,241.9150,241.8900
IBM,2025-04-16 12:35:00,241.9350,241.7100
IBM,2025-04-16 12:36:00,241.6800,241.5400
IBM,2025-04-16 12:37:00,241.4500,241.4400
IBM,2025-04-16 12:38:00,241.4550,241.3700
IBM,2025-04-16 12:39:00,241.3700,241.3550
IBM,2025-04-16 12:40:00,241.3550,241.3000
IBM,2025-04-16 12:41:00,241.3500,241.5450
IBM,2025-04-16 12:42:00,241.4500,241.6400
IBM,2025-04-16 12:43:00,241.6900,241.6800
IBM,2025-04-16 12:44:00,241.8244,241.6600
IBM,2025-04-16 12:45:00,241.7050,241.7128
IBM,2025-04-16 12:46:00,241.4900,241.5000
IBM,2025-04-16 12:47:00,241.5150,241.4800
IBM,2025-04-16 12:48:00,241.5150,241.6350
IBM,2025-04-16 12:49:00,241.5800,241.5700
IBM,2025-04-16 12:50:00,241.5900,241.5251
IBM,2025-04-16 12:51:00,241.6300,241.5100
IBM,2025-04-16 12:52:00,241.4900,241.2600
IBM,2025-04-16 12:53:00,241.2600,241.4850
IBM,2025-04-16 12:54:00,241.4000,241.2900
IBM,2025-04-16 12:55:00,241.4300,241.5100
IBM,2025-04-16 12:56:00,241.5000,241.4250
IBM,2025-04-16 12:57:00,241.4300,241.3200
IBM,2025-04-16 12:58:00,241.3350,241.3100
IBM,2025-04-16 12:59:00,241.2800,241.3600
IBM,2025-04-16 13:00:00,241.2900,241.3700
IBM,2025-04-16 13:01:00,241.4000,241.3700
IBM,2025-04-16 13:02:00,241.3750,241.3100
IBM,2025-04-16 13:03:00,241.2900,241.4000
IBM,2025-04-16 13:04:00,241.4000,241.1400
IBM,2025-04-16 13:05:00,241.1650,241.2050
IBM,2025-04-16 13:06:00,241.3000,241.3600
IBM,2025-04-16 13:07:00,241.3900,241.3400
IBM,2025-04-16 13:08:00,241.3400,241.3000
IBM,2025-04-16 13:09:00,241.2850,241.1500
IBM,2025-04-16 13:10:00,241.1550,241.0800
IBM,2025-04-16 13:11:00,241.1800,241.0050
IBM,2025-04-16 13:12:00,240.9100,240.9300
IBM,2025-04-16 13:13:00,241.0200,241.0904
IBM,2025-04-16 13:14:00,241.1150,241.1300
IBM,2025-04-16 13:15:00,241.1500,241.3900
IBM,2025-04-16 13:16:00,241.3100,241.4600
IBM,2025-04-16 13:17:00,241.4000,241.4250
IBM,2025-04-16 13:18:00,241.4800,241.4800
IBM,2025-04-16 13:19:00,241.4300,241.4700
IBM,2025-04-16 13:20:00,241.5000,241.6350
IBM,2025-04-16 13:21:00,241.6500,241.6750
IBM,2025-04-16 13:22:00,241.6750,241.7950
IBM,2025-04-16 13:23:00,241.7300,241.4500
IBM,2025-04-16 13:24:00,241.3500,241.3000
IBM,2025-04-16 13:25:00,241.3350,241.3550
IBM,2025-04-16 13:26:00,241.2600,241.3050
IBM,2025-04-16 13:27:00,241.3250,241.4001
IBM,2025-04-16 13:28:00,241.4700,241.6350
IBM,2025-04-16 13:29:00,241.7000,241.7450
IBM,2025-04-16 13:30:00,241.8100,241.4150
IBM,2025-04-16 13:31:00,241.3000,240.7500
IBM,2025-04-16 13:32:00,240.6300,240.8800
IBM,2025-04-16 13:33:00,240.7400,240.6100
IBM,2025-04-16 13:34:00,240.6950,240.5650
IBM,2025-04-16 13:35:00,240.5550,240.6700
IBM,2025-04-16 13:36:00,240.6000,240.5475
IBM,2025-04-16 13:37:00,240.4600,240.6282
IBM,2025-04-16 13:38:00,240.6650,240.4800
IBM,2025-04-16 13:39:00,240.4154,240.3150
IBM,2025-04-16 13:40:00,240.3150,239.8900
IBM,2025-04-16 13:41:00,239.7900,239.7200
IBM,2025-04-16 13:42:00,239.6850,239.9700
IBM,2025-04-16 13:43:00,239.9700,239.7600
IBM,2025-04-16 13:44:00,239.8600,239.7100
IBM,2025-04-16 13:45:00,239.7100,239.3900
IBM,2025-04-16 13:46:00,239.4350,239.4150
IBM,2025-04-16 13:47:00,239.4150,239.2400
IBM,2025-04-16 13:48:00,239.3200,239.2950
IBM,2025-04-16 13:49:00,239.3713,239.2900
IBM,2025-04-16 13:50:00,239.0700,238.9900
IBM,2025-04-16 13:51:00,239.1400,239.1500
IBM,2025-04-16 13:52:00,239.3200,239.4400
IBM,2025-04-16 13:53:00,239.3500,239.4775
IBM,2025-04-16 13:54:00,239.4100,239.1900
IBM,2025-04-16 13:55:00,239.2150,239.0500
IBM,2025-04-16 13:56:00,239.0950,238.7900
IBM,2025-04-16 13:57:00,238.8350,238.4500
IBM,2025-04-16 13:58:00,238.4500,238.5000
IBM,2025-04-16 13:59:00,238.4800,238.4250
IBM,2025-04-16 14:00:00,238.4250,238.8600
IBM,2025-04-16 14:01:00,238.7500,238.7431
IBM,2025-04-16 14:02:00,238.5200,238.8900
IBM,2025-04-16 14:03:00,238.9800,239.0600
IBM,2025-04-16 14:04:00,239.1400,239.0000
IBM,2025-04-16 14:05:00,239.0000,238.8801
IBM,2025-04-16 14:06:00,239.0650,239.1450
IBM,2025-04-16 14:07:00,239.2200,238.8700
IBM,2025-04-16 14:08:00,238.8200,238.6600
IBM,2025-04-16 14:09:00,238.6400,238.9800
IBM,2025-04-16 14:10:00,239.1200,239.0450
IBM,2025-04-16 14:11:00,239.0450,238.9600
IBM,2025-04-16 14:12:00,239.0250,238.9100
IBM,2025-04-16 14:13:00,238.9500,238.7200
IBM,2025-04-16 14:14:00,238.7200,239.0000
IBM,2025-04-16 14:15:00,239.0800,238.9500
IBM,2025-04-16 14:16:00,238.8550,238.7550
IBM,2025-04-16 14:17:00,238.6100,238.3750
IBM,2025-04-16 14:18:00,238.4900,238.3531
IBM,2025-04-16 14:19:00,238.3100,238.3650
IBM,2025-04-16 14:20:00,238.3750,238.2750
IBM,2025-04-16 14:21:00,238.2750,238.5200
IBM,2025-04-16 14:22:00,238.5240,238.6650
IBM,2025-04-16 14:23:00,238.7300,238.7800
IBM,2025-04-16 14:24:00,238.8700,238.8650
IBM,2025-04-16 14:25:00,238.8000,238.8750
IBM,2025-04-16 14:26:00,238.8900,239.0250
IBM,2025-04-16 14:27:00,239.0250,238.9200
IBM,2025-04-16 14:28:00,239.0300,238.8400
IBM,2025-04-16 14:29:00,238.8300,239.2000
IBM,2025-04-16 14:30:00,239.0950,238.8400
IBM,2025-04-16 14:31:00,238.8900,238.7750
IBM,2025-04-16 14:32:00,238.8600,238.5000
IBM,2025-04-16 14:33:00,238.4800,238.3800
IBM,2025-04-16 14:34:00,238.3800,238.5200
IBM,2025-04-16 14:35:00,238.4900,238.3600
IBM,2025-04-16 14:36:00,238.3475,238.4900
IBM,2025-04-16 14:37:00,238.3800,238.1400
IBM,2025-04-16 14:38:00,238.1400,237.9600
IBM,2025-04-16 14:39:00,237.9200,237.9200
IBM,2025-04-16 14:40:00,237.9100,238.0050
IBM,2025-04-16 14:41:00,237.9100,237.7600
IBM,2025-04-16 14:42:00,237.8300,237.8100
IBM,2025-04-16 14:43:00,237.8700,237.8984
IBM,2025-04-16 14:44:00,237.7700,237.7600
IBM,2025-04-16 14:45:00,237.7700,237.8300
IBM,2025-04-16 14:46:00,237.7900,237.6800
IBM,2025-04-16 14:47:00,237.7250,237.5400
IBM,2025-04-16 14:48:00,237.6600,237.6600
IBM,2025-04-16 14:49:00,237.6650,237.5600
IBM,2025-04-16 14:50:00,237.5200,237.5450
IBM,2025-04-16 14:51:00,237.5400,237.6050
IBM,2025-04-16 14:52:00,237.6050,237.4722
IBM,2025-04-16 14:53:00,237.6000,237.2800
IBM,2025-04-16 14:54:00,237.3200,237.2550
IBM,2025-04-16 14:55:00,237.2550,237.5900
IBM,2025-04-16 14:56:00,237.4903,237.4100
IBM,2025-04-16 14:57:00,237.4250,237.4600
IBM,2025-04-16 14:58:00,237.4100,237.2950
IBM,2025-04-16 14:59:00,237.3300,237.2250
IBM,2025-04-16 15:00:00,237.2250,237.4200
IBM,2025-04-16 15:01:00,237.4150,237.3900
IBM,2025-04-16 15:02:00,237.2800,237.3550
IBM,2025-04-16 15:03:00,237.3050,237.4000
IBM,2025-04-16 15:04:00,237.2900,237.1350
IBM,2025-04-16 15:05:00,237.2200,237.3300
IBM,2025-04-16 15:06:00,237.3600,237.1000
IBM,2025-04-16 15:07:00,237.1100,237.0700
IBM,2025-04-16 15:08:00,236.9800,236.8950
IBM,2025-04-16 15:09:00,236.8950,236.7600
IBM,2025-04-16 15:10:00,236.8000,236.5700
IBM,2025-04-16 15:11:00,236.7040,236.6300
IBM,2025-04-16 15:12:00,236.6400,237.0300
IBM,2025-04-16 15:13:00,237.0300,237.1000
IBM,2025-04-16 15:14:00,237.1100,237.0800
IBM,2025-04-16 15:15:00,237.0700,236.9800
IBM,2025-04-16 15:16:00,236.9800,236.7600
IBM,2025-04-16 15:17:00,236.7600,236.5200
IBM,2025-04-16 15:18:00,236.5100,236.4000
IBM,2025-04-16 15:19:00,236.3725,236.4325
IBM,2025-04-16 15:20:00,236.3400,236.3500
IBM,2025-04-16 15:21:00,236.4000,236.2400
IBM,2025-04-16 15:22:00,236.1300,236.1000
IBM,2025-04-16 15:23:00,236.1450,236.2000
IBM,2025-04-16 15:24:00,236.2150,235.9900
IBM,2025-04-16 15:25:00,235.9900,236.0600
IBM,2025-04-16 15:26:00,236.0075,236.0500
IBM,2025-04-16 15:27:00,236.0500,236.2600
IBM,2025-04-16 15:28:00,236.2000,236.2150
IBM,2025-04-16 15:29:00,236.2500,236.4100
IBM,2025-04-16 15:30:00,236.4800,237.0200
IBM,2025-04-16 15:31:00,237.0200,236.5150
IBM,2025-04-16 15:32:00,236.5275,237.0400
IBM,2025-04-16 15:33:00,237.0400,237.0300
IBM,2025-04-16 15:34:00,237.0450,237.0850
IBM,2025-04-16 15:35:00,236.9900,236.8900
IBM,2025-04-16 15:36:00,236.8500,236.8750
IBM,2025-04-16 15:37:00,236.9000,236.7900
IBM,2025-04-16 15:38:00,236.8000,236.8550
IBM,2025-04-16 15:39:00,236.8900,236.9800
IBM,2025-04-16 15:40:00,237.0465,237.3650
IBM,2025-04-16 15:41:00,237.4000,237.5700
IBM,2025-04-16 15:42:00,237.5300,237.5900
IBM,2025-04-16 15:43:00,237.5800,237.5500
IBM,2025-04-16 15:44:00,237.6200,237.4400
IBM,2025-04-16 15:45:00,237.4000,237.5400
IBM,2025-04-16 15:46:00,237.5450,237.4050
IBM,2025-04-16 15:47:00,237.4800,237.4800
IBM,2025-04-16 15:48:00,237.4700,237.4650
IBM,2025-04-16 15:49:00,237.4800,237.7250
IBM,2025-04-16 15:50:00,237.7800,238.2250
IBM,2025-04-16 15:51:00,238.2800,238.3750
IBM,2025-04-16 15:52:00,238.3700,238.5900
IBM,2025-04-16 15:53:00,238.5900,238.5200
IBM,2025-04-16 15:54:00,238.5600,238.7200
IBM,2025-04-16 15:55:00,238.6300,238.8425
IBM,2025-04-16 15:56:00,238.8400,238.9900
IBM,2025-04-16 15:57:00,238.9900,238.8350
IBM,2025-04-16 15:58:00,238.8350,238.9050
IBM,2025-04-16 15:59:00,238.8900,238.6700
IBM,2025-04-17 09:30:00,239.6800,238.8100
IBM,2025-04-17 09:31:00,238.5100,237.4000
IBM,2025-04-17 09:32:00,238.1400,238.0000
IBM,2025-04-17 09:33:00,238.2800,238.7500
IBM,2025-04-17 09:34:00,238.6900,239.0249
IBM,2025-04-17 09:35:00,238.5800,238.7400
IBM,2025-04-17 09:36:00,238.8600,238.7900
IBM,2025-04-17 09:37:00,238.7000,238.6700
IBM,2025-04-17 09:38:00,238.6400,238.6400
IBM,2025-04-17 09:39:00,238.6400,238.4850
IBM,2025-04-17 09:40:00,238.3500,238.8000
IBM,2025-04-17 09:41:00,238.8300,239.1300
IBM,2025-04-17 09:42:00,239.0050,239.5000
IBM,2025-04-17 09:43:00,239.5000,238.9400
IBM,2025-04-17 09:44:00,238.9700,239.0800
IBM,2025-04-17 09:45:00,239.1900,239.2600
IBM,2025-04-17 09:46:00,239.2700,238.7100
IBM,2025-04-17 09:47:00,238.6950,238.8300
IBM,2025-04-17 09:48:00,238.8800,238.9700
IBM,2025-04-17 09:49:00,238.9100,238.9800
IBM,2025-04-17 09:50:00,238.9450,239.3300
IBM,2025-04-17 09:51:00,239.2950,239.3650
IBM,2025-04-17 09:52:00,239.5800,239.7800
IBM,2025-04-17 09:53:00,239.6850,239.7750
IBM,2025-04-17 09:54:00,239.7750,240.0000
IBM,2025-04-17 09:55:00,240.0150,240.0900
IBM,2025-04-17 09:56:00,240.0150,239.9350
IBM,2025-04-17 09:57:00,239.8370,239.9350
IBM,2025-04-17 09:58:00,240.0000,240.0825
IBM,2025-04-17 09:59:00,240.0750,240.6050
IBM,2025-04-17 10:00:00,240.7500,240.7500
IBM,2025-04-17 10:01:00,240.6600,240.5000
IBM,2025-04-17 10:02:00,240.5100,240.3000
IBM,2025-04-17 10:03:00,240.3050,240.3100
IBM,2025-04-17 10:04:00,240.3100,240.5350
IBM,2025-04-17 10:05:00,240.5350,240.6800
IBM,2025-04-17 10:06:00,240.6800,240.5900
IBM,2025-04-17 10:07:00,240.4450,240.3900
IBM,2025-04-17 10:08:00,240.3100,240.4200
IBM,2025-04-17 10:09:00,240.4550,240.0050
IBM,2025-04-17 10:10:00,240.0400,240.2200
IBM,2025-04-17 10:11:00,240.2800,240.1700
IBM,2025-04-17 10:12:00,240.1700,240.1350
IBM,2025-04-17 10:13:00,240.1600,239.9100
IBM,2025-04-17 10:14:00,239.9750,239.7850
IBM,2025-04-17 10:15:00,239.6400,239.7700
IBM,2025-04-17 10:16:00,239.6700,239.6450
IBM,2025-04-17 10:17:00,239.5000,239.8100
IBM,2025-04-17 10:18:00,239.8050,239.6150
IBM,2025-04-17 10:19:00,239.6200,239.7090
IBM,2025-04-17 10:20:00,239.7100,239.2500
IBM,2025-04-17 10:21:00,239.4400,239.4000
IBM,2025-04-17 10:22:00,239.2634,239.5300
IBM,2025-04-17 10:23:00,239.4200,239.5800
IBM,2025-04-17 10:24:00,239.5100,239.4200
IBM,2025-04-17 10:25:00,239.4200,239.4800
IBM,2025-04-17 10:26:00,239.3400,239.3900
IBM,2025-04-17 10:27:00,239.4250,239.1950
IBM,2025-04-17 10:28:00,239.2050,239.2100
IBM,2025-04-17 10:29:00,239.2250,239.1600
IBM,2025-04-17 10:30:00,239.1650,239.0300
IBM,2025-04-17 10:31:00,239.0575,238.8400
IBM,2025-04-17 10:32:00,238.8800,239.0000
IBM,2025-04-17 10:33:00,239.0000,239.0475
IBM,2025-04-17 10:34:00,239.0000,238.9000
IBM,2025-04-17 10:35:00,238.8750,238.7700
IBM,2025-04-17 10:36:00,238.7700,238.6350
IBM,2025-04-17 10:37:00,238.6400,238.3950
IBM,2025-04-17 10:38:00,238.4000,238.2600
IBM,2025-04-17 10:39:00,238.1300,238.2800
IBM,2025-04-17 10:40:00,238.3300,238.5300
IBM,2025-04-17 10:41:00,238.4800,238.6400
IBM,2025-04-17 10:42:00,238.5300,238.6400
IBM,2025-04-17 10:43:00,238.6700,238.7000
IBM,2025-04-17 10:44:00,238.6500,238.7650
IBM,2025-04-17 10:45:00,238.8700,238.7900
IBM,2025-04-17 10:46:00,238.9200,238.8600
IBM,2025-04-17 10:47:00,238.7950,238.7000
IBM,2025-04-17 10:48:00,238.6500,238.7950
IBM,2025-04-17 10:49:00,238.8000,238.9300
IBM,2025-04-17 10:50:00,238.8300,238.9100
IBM,2025-04-17 10:51:00,238.8900,238.6655
IBM,2025-04-17 10:52:00,238.6200,238.5650
IBM,2025-04-17 10:53:00,238.5450,238.6800
IBM,2025-04-17 10:54:00,238.7400,238.8800
IBM,2025-04-17 10:55:00,238.9100,238.7850
IBM,2025-04-17 10:56:00,238.7800,238.8907
IBM,2025-04-17 10:57:00,238.8700,238.9900
IBM,2025-04-17 10:58:00,239.0100,238.9500
IBM,2025-04-17 10:59:00,238.9340,238.9226
IBM,2025-04-17 11:00:00,238.9400,239.3800
IBM,2025-04-17 11:01:00,239.4300,239.3300
IBM,2025-04-17 11:02:00,239.3300,239.2450
IBM,2025-04-17 11:03:00,239.1400,239.2800
IBM,2025-04-17 11:04:00,239.2100,239.4000
IBM,2025-04-17 11:05:00,239.4100,239.7600
IBM,2025-04-17 11:06:00,239.7600,240.2125
IBM,2025-04-17 11:07:00,240.2500,240.1500
IBM,2025-04-17 11:08:00,240.1900,240.3400
IBM,2025-04-17 11:09:00,240.3382,240.2400
IBM,2025-04-17 11:10:00,240.2650,240.3575
IBM,2025-04-17 11:11:00,240.3550,240.2300
IBM,2025-04-17 11:12:00,240.2700,240.3850
IBM,2025-04-17 11:13:00,240.3100,240.2000
IBM,2025-04-17 11:14:00,240.3700,240.3050
IBM,2025-04-17 11:15:00,240.3150,240.1950
IBM,2025-04-17 11:16:00,240.1200,240.1450
IBM,2025-04-17 11:17:00,240.2300,240.4500
IBM,2025-04-17 11:18:00,240.4407,240.7050
IBM,2025-04-17 11:19:00,240.6800,240.6200
IBM,2025-04-17 11:20:00,240.6000,240.4750
IBM,2025-04-17 11:21:00,240.5000,240.2350
IBM,2025-04-17 11:22:00,240.2350,240.2450
IBM,2025-04-17 11:23:00,240.2700,240.2350
IBM,2025-04-17 11:24:00,240.1300,240.4600
IBM,2025-04-17 11:25:00,240.4600,240.2250
IBM,2025-04-17 11:26:00,240.1200,240.1100
IBM,2025-04-17 11:27:00,240.0000,239.9850
IBM,2025-04-17 11:28:00,239.8900,239.7950
IBM,2025-04-17 11:29:00,239.7850,240.0400
IBM,2025-04-17 11:30:00,240.0145,240.5300
IBM,2025-04-17 11:31:00,240.4150,240.6150
IBM,2025-04-17 11:32:00,240.7300,240.5450
IBM,2025-04-17 11:33:00,240.5450,240.4000
IBM,2025-04-17 11:34:00,240.5300,240.4350
IBM,2025-04-17 11:35:00,240.3000,240.0100
IBM,2025-04-17 11:36:00,240.0300,240.0400
IBM,2025-04-17 11:37:00,240.0450,240.3900
IBM,2025-04-17 11:38:00,240.3900,240.0175
IBM,2025-04-17 11:39:00,240.1700,240.3350
IBM,2025-04-17 11:40:00,240.3250,240.2250
IBM,2025-04-17 11:41:00,240.3200,240.3500
IBM,2025-04-17 11:42:00,240.2200,240.1175
IBM,2025-04-17 11:43:00,240.1150,240.0980
IBM,2025-04-17 11:44:00,240.0600,239.8100
IBM,2025-04-17 11:45:00,239.9500,239.9600
IBM,2025-04-17 11:46:00,240.0800,240.1900
IBM,2025-04-17 11:47:00,240.1450,240.2700
IBM,2025-04-17 11:48:00,240.2900,240.1600
IBM,2025-04-17 11:49:00,240.1750,239.9600
IBM,2025-04-17 11:50:00,239.9700,239.8600
IBM,2025-04-17 11:51:00,239.8100,240.3800
IBM,2025-04-17 11:52:00,240.3700,240.3400
IBM,2025-04-17 11:53:00,240.3000,240.1200
IBM,2025-04-17 11:54:00,240.0411,239.9450
IBM,2025-04-17 11:55:00,239.9450,240.3800
IBM,2025-04-17 11:56:00,240.3900,240.2200
IBM,2025-04-17 11:57:00,240.2250,239.9450
IBM,2025-04-17 11:58:00,239.9975,240.0000
IBM,2025-04-17 11:59:00,240.0050,239.9900
IBM,2025-04-17 12:00:00,240.0800,240.3300
IBM,2025-04-17 12:01:00,240.0800,239.9700
IBM,2025-04-17 12:02:00,240.1100,239.8700
IBM,2025-04-17 12:03:00,239.8600,239.9900
IBM,2025-04-17 12:04:00,239.7601,239.6950
IBM,2025-04-17 12:05:00,239.6950,239.9500
IBM,2025-04-17 12:06:00,239.9700,239.8650
IBM,2025-04-17 12:07:00,239.7900,240.1100
IBM,2025-04-17 12:08:00,240.1500,240.3292
IBM,2025-04-17 12:09:00,240.2500,240.2300
IBM,2025-04-17 12:10:00,240.1850,240.1300
IBM,2025-04-17 12:11:00,239.9700,240.0300
IBM,2025-04-17 12:12:00,239.9500,239.6900
IBM,2025-04-17 12:13:00,239.6200,239.8500
IBM,2025-04-17 12:14:00,239.8400,240.2400
IBM,2025-04-17 12:15:00,240.0700,240.2900
IBM,2025-04-17 12:16:00,240.3000,240.5050
IBM,2025-04-17 12:17:00,240.5050,240.3250
IBM,2025-04-17 12:18:00,240.3500,240.4800
IBM,2025-04-17 12:19:00,240.4800,240.4800
IBM,2025-04-17 12:20:00,240.5750,240.1900
IBM,2025-04-17 12:21:00,240.2500,240.5000
IBM,2025-04-17 12:22:00,240.5050,240.5700
IBM,2025-04-17 12:23:00,240.2039,240.3500
IBM,2025-04-17 12:24:00,240.4450,240.3750
IBM,2025-04-17 12:25:00,240.2800,240.5650
IBM,2025-04-17 12:26:00,240.5350,240.5800
IBM,2025-04-17 12:27:00,240.6050,240.7250
IBM,2025-04-17 12:28:00,240.7100,240.8350
IBM,2025-04-17 12:29:00,240.9300,240.9650
IBM,2025-04-17 12:30:00,240.9400,240.8550
IBM,2025-04-17 12:31:00,240.8550,240.7450
IBM,2025-04-17 12:32:00,240.9000,240.8350
IBM,2025-04-17 12:33:00,240.9900,241.0200
IBM,2025-04-17 12:34:00,241.2100,241.1655
IBM,2025-04-17 12:35:00,241.1500,241.1650
IBM,2025-04-17 12:36:00,241.0300,241.0250
IBM,2025-04-17 12:37:00,241.0250,241.2100
IBM,2025-04-17 12:38:00,241.3000,241.2300
IBM,2025-04-17 12:39:00,241.3500,241.2200
IBM,2025-04-17 12:40:00,241.2350,241.3300
IBM,2025-04-17 12:41:00,241.2176,241.3450
IBM,2025-04-17 12:42:00,241.3350,241.3100
IBM,2025-04-17 12:43:00,241.4000,240.9900
IBM,2025-04-17 12:44:00,241.0050,240.8500
IBM,2025-04-17 12:45:00,240.9600,240.8700
IBM,2025-04-17 12:46:00,240.9900,241.2500
IBM,2025-04-17 12:47:00,241.2816,241.3100
IBM,2025-04-17 12:48:00,241.2500,241.0900
IBM,2025-04-17 12:49:00,241.1200,241.2250
IBM,2025-04-17 12:50:00,241.3200,241.5100
IBM,2025-04-17 12:51:00,241.6100,241.3400
IBM,2025-04-17 12:52:00,241.2600,241.5550
IBM,2025-04-17 12:53:00,241.5750,241.6000
IBM,2025-04-17 12:54:00,241.6200,241.5513
IBM,2025-04-17 12:55:00,241.6200,241.5600
IBM,2025-04-17 12:56:00,241.7100,241.7200
IBM,2025-04-17 12:57:00,241.6400,241.5644
IBM,2025-04-17 12:58:00,241.5000,241.5400
IBM,2025-04-17 12:59:00,241.4600,241.4650
IBM,2025-04-17 13:00:00,241.4650,241.5100
IBM,2025-04-17 13:01:00,241.5100,241.4950
IBM,2025-04-17 13:02:00,241.4700,241.2100
IBM,2025-04-17 13:03:00,241.1600,241.0000
IBM,2025-04-17 13:04:00,241.0300,241.2200
IBM,2025-04-17 13:05:00,241.1550,241.1150
IBM,2025-04-17 13:06:00,241.0500,241.0049
IBM,2025-04-17 13:07:00,240.9800,241.0450
IBM,2025-04-17 13:08:00,240.9100,241.0000
IBM,2025-04-17 13:09:00,241.0500,240.7200
IBM,2025-04-17 13:10:00,240.8000,240.7300
IBM,2025-04-17 13:11:00,240.7300,240.4350
IBM,2025-04-17 13:12:00,240.3950,240.3200
IBM,2025-04-17 13:13:00,240.3050,240.3350
IBM,2025-04-17 13:14:00,240.4300,240.0900
IBM,2025-04-17 13:15:00,240.2500,240.2700
IBM,2025-04-17 13:16:00,240.2900,240.0300
IBM,2025-04-17 13:17:00,239.7701,239.8400
IBM,2025-04-17 13:18:00,239.8900,239.8350
IBM,2025-04-17 13:19:00,239.8350,240.0900
IBM,2025-04-17 13:20:00,240.0800,239.7200
IBM,2025-04-17 13:21:00,239.7000,239.8400
IBM,2025-04-17 13:22:00,239.9200,240.0700
IBM,2025-04-17 13:23:00,240.0600,239.9000
IBM,2025-04-17 13:24:00,239.8400,239.9750
IBM,2025-04-17 13:25:00,239.9700,240.0350
IBM,2025-04-17 13:26:00,239.9100,239.7600
IBM,2025-04-17 13:27:00,239.8044,239.9100
IBM,2025-04-17 13:28:00,239.9300,239.7150
IBM,2025-04-17 13:29:00,239.5500,239.3300
IBM,2025-04-17 13:30:00,239.3300,239.5800
IBM,2025-04-17 13:31:00,239.5900,239.6550
IBM,2025-04-17 13:32:00,239.6900,239.6650
IBM,2025-04-17 13:33:00,239.6700,239.7100
IBM,2025-04-17 13:34:00,239.7150,239.7100
IBM,2025-04-17 13:35:00,239.7500,239.7500
IBM,2025-04-17 13:36:00,239.8250,240.0400
IBM,2025-04-17 13:37:00,239.9900,239.9450
IBM,2025-04-17 13:38:00,240.0000,239.9750
IBM,2025-04-17 13:39:00,239.9900,240.1600
IBM,2025-04-17 13:40:00,240.2250,240.1300
IBM,2025-04-17 13:41:00,240.1350,239.7600
IBM,2025-04-17 13:42:00,239.7700,239.4200
IBM,2025-04-17 13:43:00,239.4800,239.6200
IBM,2025-04-17 13:44:00,239.6091,239.8100
IBM,2025-04-17 13:45:00,239.7850,239.8800
IBM,2025-04-17 13:46:00,239.8850,240.2200
IBM,2025-04-17 13:47:00,240.3100,240.5600
IBM,2025-04-17 13:48:00,240.5600,240.4200
IBM,2025-04-17 13:49:00,240.3800,240.0649
IBM,2025-04-17 13:50:00,240.1400,240.1900
IBM,2025-04-17 13:51:00,240.1900,240.3850
IBM,2025-04-17 13:52:00,240.4800,240.5000
IBM,2025-04-17 13:53:00,240.4950,240.6300
IBM,2025-04-17 13:54:00,240.6300,240.5800
IBM,2025-04-17 13:55:00,240.5600,240.9020
IBM,2025-04-17 13:56:00,240.8050,240.6500
IBM,2025-04-17 13:57:00,240.6700,240.6850
IBM,2025-04-17 13:58:00,240.6250,240.7700
IBM,2025-04-17 13:59:00,240.7000,240.8700
IBM,2025-04-17 14:00:00,240.8400,240.8100
IBM,2025-04-17 14:01:00,240.7300,240.7500
IBM,2025-04-17 14:02:00,240.7550,240.7750
IBM,2025-04-17 14:03:00,240.7000,240.3500
IBM,2025-04-17 14:04:00,240.3600,240.9050
IBM,2025-04-17 14:05:00,240.9050,241.1350
IBM,2025-04-17 14:06:00,241.1350,241.0900
IBM,2025-04-17 14:07:00,241.1250,241.0650
IBM,2025-04-17 14:08:00,241.0350,241.3600
IBM,2025-04-17 14:09:00,241.3050,241.3900
IBM,2025-04-17 14:10:00,241.4000,241.5550
IBM,2025-04-17 14:11:00,241.4600,241.3450
IBM,2025-04-17 14:12:00,241.3500,241.0800
IBM,2025-04-17 14:13:00,241.0800,241.0300
IBM,2025-04-17 14:14:00,241.0800,240.9400
IBM,2025-04-17 14:15:00,240.9500,241.2200
IBM,2025-04-17 14:16:00,241.1600,241.1350
IBM,2025-04-17 14:17:00,241.1500,241.4700
IBM,2025-04-17 14:18:00,241.3700,241.3000
IBM,2025-04-17 14:19:00,241.3000,241.4600
IBM,2025-04-17 14:20:00,241.4600,241.4800
IBM,2025-04-17 14:21:00,241.4750,241.3800
IBM,2025-04-17 14:22:00,241.4400,241.5100
IBM,2025-04-17 14:23:00,241.4600,241.4900
IBM,2025-04-17 14:24:00,241.4900,241.5700
IBM,2025-04-17 14:25:00,241.5700,241.5600
IBM,2025-04-17 14:26:00,241.5700,241.4200
IBM,2025-04-17 14:27:00,241.3700,241.3600
IBM,2025-04-17 14:28:00,241.3600,241.3700
IBM,2025-04-17 14:29:00,241.3200,241.0800
IBM,2025-04-17 14:30:00,241.0800,240.9300
IBM,2025-04-17 14:31:00,240.9247,241.1700
IBM,2025-04-17 14:32:00,241.2300,241.1700
IBM,2025-04-17 14:33:00,241.2000,241.1350
IBM,2025-04-17 14:34:00,241.1350,240.6500
IBM,2025-04-17 14:35:00,240.7200,240.8000
IBM,2025-04-17 14:36:00,240.8000,240.8300
IBM,2025-04-17 14:37:00,240.7600,240.7500
IBM,2025-04-17 14:38:00,240.7450,240.8900
IBM,2025-04-17 14:39:00,240.8550,240.9050
IBM,2025-04-17 14:40:00,240.9050,240.6850
IBM,2025-04-17 14:41:00,240.7000,240.9068
IBM,2025-04-17 14:42:00,240.8300,240.6700
IBM,2025-04-17 14:43:00,240.6000,240.8000
IBM,2025-04-17 14:44:00,240.7500,240.8800
IBM,2025-04-17 14:45:00,240.8800,241.0800
IBM,2025-04-17 14:46:00,241.0300,241.0350
IBM,2025-04-17 14:47:00,241.0700,240.9650
IBM,2025-04-17 14:48:00,240.9600,241.1600
IBM,2025-04-17 14:49:00,241.1200,240.8750
IBM,2025-04-17 14:50:00,240.8950,240.5150
IBM,2025-04-17 14:51:00,240.5150,240.7400
IBM,2025-04-17 14:52:00,240.8000,240.8200
IBM,2025-04-17 14:53:00,240.9300,241.0600
IBM,2025-04-17 14:54:00,241.0000,240.7500
IBM,2025-04-17 14:55:00,240.7450,240.6000
IBM,2025-04-17 14:56:00,240.6000,240.4100
IBM,2025-04-17 14:57:00,240.3788,240.4600
IBM,2025-04-17 14:58:00,240.4600,240.4700
IBM,2025-04-17 14:59:00,240.5800,240.3300
IBM,2025-04-17 15:00:00,240.3400,240.2850
IBM,2025-04-17 15:01:00,240.3900,240.0300
IBM,2025-04-17 15:02:00,240.1200,240.1900
IBM,2025-04-17 15:03:00,240.1900,240.2600
IBM,2025-04-17 15:04:00,240.2800,240.1100
IBM,2025-04-17 15:05:00,239.9950,240.0100
IBM,2025-04-17 15:06:00,239.9950,240.1600
IBM,2025-04-17 15:07:00,240.2400,240.0000
IBM,2025-04-17 15:08:00,239.9900,239.9000
IBM,2025-04-17 15:09:00,239.8550,239.9500
IBM,2025-04-17 15:10:00,239.9050,239.9600
IBM,2025-04-17 15:11:00,239.8900,240.0400
IBM,2025-04-17 15:12:00,239.9950,239.9600
IBM,2025-04-17 15:13:00,239.8950,239.8600
IBM,2025-04-17 15:14:00,239.8050,239.5900
IBM,2025-04-17 15:15:00,239.5350,239.6000
IBM,2025-04-17 15:16:00,239.6000,239.3800
IBM,2025-04-17 15:17:00,239.3750,239.5400
IBM,2025-04-17 15:18:00,239.5000,239.5000
IBM,2025-04-17 15:19:00,239.5300,239.4300
IBM,2025-04-17 15:20:00,239.4900,239.3900
IBM,2025-04-17 15:21:00,239.3420,239.0218
IBM,2025-04-17 15:22:00,239.0000,239.1000
IBM,2025-04-17 15:23:00,239.0700,239.5300
IBM,2025-04-17 15:24:00,239.4900,239.4000
IBM,2025-04-17 15:25:00,239.3800,239.2600
IBM,2025-04-17 15:26:00,239.3400,239.4000
IBM,2025-04-17 15:27:00,239.4000,239.5300
IBM,2025-04-17 15:28:00,239.4950,239.2800
IBM,2025-04-17 15:29:00,239.2725,239.1900
IBM,2025-04-17 15:30:00,239.1150,239.4200
IBM,2025-04-17 15:31:00,239.4200,239.3600
IBM,2025-04-17 15:32:00,239.4700,239.4200
IBM,2025-04-17 15:33:00,239.4200,239.4900
IBM,2025-04-17 15:34:00,239.4900,239.5250
IBM,2025-04-17 15:35:00,239.5900,239.6150
IBM,2025-04-17 15:36:00,239.6200,239.7350
IBM,2025-04-17 15:37:00,239.7625,239.6050
IBM,2025-04-17 15:38:00,239.6050,239.7900
IBM,2025-04-17 15:39:00,239.7900,239.9068
IBM,2025-04-17 15:40:00,239.7500,239.5000
IBM,2025-04-17 15:41:00,239.5200,239.7800
IBM,2025-04-17 15:42:00,239.8000,239.9100
IBM,2025-04-17 15:43:00,239.9100,239.5425
IBM,2025-04-17 15:44:00,239.5250,239.3600
IBM,2025-04-17 15:45:00,239.4800,239.3300
IBM,2025-04-17 15:46:00,239.3300,239.2900
IBM,2025-04-17 15:47:00,239.3500,239.0600
IBM,2025-04-17 15:48:00,239.0750,239.2500
IBM,2025-04-17 15:49:00,239.2050,239.0000
IBM,2025-04-17 15:50:00,238.6537,238.6500
IBM,2025-04-17 15:51:00,238.6550,238.6150
IBM,2025-04-17 15:52:00,238.6300,238.7700
IBM,2025-04-17 15:53:00,238.7500,238.8150
IBM,2025-04-17 15:54:00,238.8800,239.2152
IBM,2025-04-17 15:55:00,239.1600,238.6350
IBM,2025-04-17 15:56:00,238.6300,238.5600
IBM,2025-04-17 15:57:00,238.5500,238.5800
IBM,2025-04-17 15:58:00,238.5800,238.4700
IBM,2025-04-17 15:59:00,238.4800,238.9200
IBM,2025-04-21 09:30:00,238.0650,238.8950
IBM,2025-04-21 09:31:00,238.8950,238.9500
IBM,2025-04-21 09:32:00,239.1000,239.2850
IBM,2025-04-21 09:33:00,239.2300,239.4400
IBM,2025-04-21 09:34:00,239.2150,239.1900
IBM,2025-04-21 09:35:00,239.5700,239.0150
IBM,2025-04-21 09:36:00,238.6401,239.3900
IBM,2025-04-21 09:37:00,239.3100,240.1250
IBM,2025-04-21 09:38:00,240.2300,240.1800
IBM,2025-04-21 09:39:00,240.0900,240.7350
IBM,2025-04-21 09:40:00,240.5700,240.5400
IBM,2025-04-21 09:41:00,240.5400,239.8600
IBM,2025-04-21 09:42:00,239.7950,239.9500
IBM,2025-04-21 09:43:00,239.8600,239.1300
IBM,2025-04-21 09:44:00,239.1500,239.6200
IBM,2025-04-21 09:45:00,239.3108,239.8100
IBM,2025-04-21 09:46:00,239.4750,239.0700
IBM,2025-04-21 09:47:00,239.0500,238.9800
IBM,2025-04-21 09:48:00,239.0600,239.2300
IBM,2025-04-21 09:49:00,239.4200,239.5600
IBM,2025-04-21 09:50:00,239.5430,239.5164
IBM,2025-04-21 09:51:00,239.4600,239.4251
IBM,2025-04-21 09:52:00,239.3450,239.4550
IBM,2025-04-21 09:53:00,239.3700,239.5050
IBM,2025-04-21 09:54:00,239.4800,239.3900
IBM,2025-04-21 09:55:00,239.3700,239.4399
IBM,2025-04-21 09:56:00,239.4200,239.3250
IBM,2025-04-21 09:57:00,239.2450,239.7450
IBM,2025-04-21 09:58:00,239.7450,239.6950
IBM,2025-04-21 09:59:00,239.6800,239.5950
IBM,2025-04-21 10:00:00,239.4000,239.2950
IBM,2025-04-21 10:01:00,239.2950,239.2850
IBM,2025-04-21 10:02:00,239.2400,239.1300
IBM,2025-04-21 10:03:00,239.0300,238.9900
IBM,2025-04-21 10:04:00,239.0900,239.3700
IBM,2025-04-21 10:05:00,239.3000,239.4100
IBM,2025-04-21 10:06:00,239.2650,239.1025
IBM,2025-04-21 10:07:00,239.0300,239.1156
IBM,2025-04-21 10:08:00,239.1550,239.0397
IBM,2025-04-21 10:09:00,239.1100,238.8450
IBM,2025-04-21 10:10:00,238.9700,239.1800
IBM,2025-04-21 10:11:00,239.0700,239.1600
IBM,2025-04-21 10:12:00,239.1600,239.0600
IBM,2025-04-21 10:13:00,239.0100,239.0500
IBM,2025-04-21 10:14:00,238.9650,238.8250
IBM,2025-04-21 10:15:00,238.9100,238.9500
IBM,2025-04-21 10:16:00,238.8500,238.5100
IBM,2025-04-21 10:17:00,238.4700,238.5600
IBM,2025-04-21 10:18:00,238.4400,238.2500
IBM,2025-04-21 10:19:00,238.2400,238.3750
IBM,2025-04-21 10:20:00,238.3925,238.0450
IBM,2025-04-21 10:21:00,238.0050,238.0100
IBM,2025-04-21 10:22:00,238.0600,238.0200
IBM,2025-04-21 10:23:00,238.0500,237.9500
IBM,2025-04-21 10:24:00,238.0700,237.8100
IBM,2025-04-21 10:25:00,237.9450,238.0950
IBM,2025-04-21 10:26:00,238.0900,237.8502
IBM,2025-04-21 10:27:00,237.8201,237.8650
IBM,2025-04-21 10:28:00,237.6501,237.7500
IBM,2025-04-21 10:29:00,237.6945,237.8400
IBM,2025-04-21 10:30:00,237.7820,237.9350
IBM,2025-04-21 10:31:00,237.9400,237.6600
IBM,2025-04-21 10:32:00,237.6200,237.4000
IBM,2025-04-21 10:33:00,237.4800,237.4800
IBM,2025-04-21 10:34:00,237.5700,237.7800
IBM,2025-04-21 10:35:00,237.7800,237.8700
IBM,2025-04-21 10:36:00,237.9600,237.8800
IBM,2025-04-21 10:37:00,237.8500,237.9600
IBM,2025-04-21 10:38:00,237.9550,238.1100
IBM,2025-04-21 10:39:00,238.1500,237.9800
IBM,2025-04-21 10:40:00,237.9400,238.1700
IBM,2025-04-21 10:41:00,238.1250,238.1600
IBM,2025-04-21 10:42:00,238.2051,238.0000
IBM,2025-04-21 10:43:00,237.9600,237.8525
IBM,2025-04-21 10:44:00,237.8400,237.4500
IBM,2025-04-21 10:45:00,237.4350,237.7100
IBM,2025-04-21 10:46:00,237.7500,237.6900
IBM,2025-04-21 10:47:00,237.6300,237.7100
IBM,2025-04-21 10:48:00,237.6350,237.5600
IBM,2025-04-21 10:49:00,237.4300,237.4400
IBM,2025-04-21 10:50:00,237.4900,237.3650
IBM,2025-04-21 10:51:00,237.4200,237.1400
IBM,2025-04-21 10:52:00,237.1880,237.1200
IBM,2025-04-21 10:53:00,237.1200,237.2250
IBM,2025-04-21 10:54:00,237.2700,237.2050
IBM,2025-04-21 10:55:00,237.1600,237.2900
IBM,2025-04-21 10:56:00,237.2500,237.0597
IBM,2025-04-21 10:57:00,237.1700,236.9050
IBM,2025-04-21 10:58:00,237.0000,237.0300
IBM,2025-04-21 10:59:00,237.0200,237.0000
IBM,2025-04-21 11:00:00,237.0050,237.0729
IBM,2025-04-21 11:01:00,237.1150,236.9900
IBM,2025-04-21 11:02:00,236.9900,236.9700
IBM,2025-04-21 11:03:00,236.8800,237.0900
IBM,2025-04-21 11:04:00,237.0900,237.0000
IBM,2025-04-21 11:05:00,237.1200,237.3000
IBM,2025-04-21 11:06:00,237.2600,237.3900
IBM,2025-04-21 11:07:00,237.2900,237.0050
IBM,2025-04-21 11:08:00,237.0800,237.1600
IBM,2025-04-21 11:09:00,237.1500,237.1500
IBM,2025-04-21 11:10:00,237.1100,237.0050
IBM,2025-04-21 11:11:00,237.0400,236.9800
IBM,2025-04-21 11:12:00,236.8850,236.8400
IBM,2025-04-21 11:13:00,236.8350,236.8300
IBM,2025-04-21 11:14:00,236.8300,236.4500
IBM,2025-04-21 11:15:00,236.4750,236.5600
IBM,2025-04-21 11:16:00,236.4800,236.4489
IBM,2025-04-21 11:17:00,236.5400,236.6600
IBM,2025-04-21 11:18:00,236.6600,236.7250
IBM,2025-04-21 11:19:00,236.7500,236.9500
IBM,2025-04-21 11:20:00,236.9400,236.5400
IBM,2025-04-21 11:21:00,236.5900,236.4800
IBM,2025-04-21 11:22:00,236.6300,236.5950
IBM,2025-04-21 11:23:00,236.5000,236.6600
IBM,2025-04-21 11:24:00,236.6500,236.5200
IBM,2025-04-21 11:25:00,236.4800,236.4500
IBM,2025-04-21 11:26:00,236.3888,236.4000
IBM,2025-04-21 11:27:00,236.3600,235.8900
IBM,2025-04-21 11:28:00,235.8300,235.7400
IBM,2025-04-21 11:29:00,235.7000,235.9700
IBM,2025-04-21 11:30:00,235.9600,235.8000
IBM,2025-04-21 11:31:00,235.8000,235.6200
IBM,2025-04-21 11:32:00,235.5000,235.5029
IBM,2025-04-21 11:33:00,235.5250,235.5350
IBM,2025-04-21 11:34:00,235.4672,235.3500
IBM,2025-04-21 11:35:00,235.3500,235.2800
IBM,2025-04-21 11:36:00,235.3550,234.8900
IBM,2025-04-21 11:37:00,234.8750,235.0000
IBM,2025-04-21 11:38:00,235.0150,235.2700
IBM,2025-04-21 11:39:00,235.2000,235.0900
IBM,2025-04-21 11:40:00,235.0500,234.9750
IBM,2025-04-21 11:41:00,235.0700,235.0900
IBM,2025-04-21 11:42:00,235.0900,234.8700
IBM,2025-04-21 11:43:00,234.8070,234.8800
IBM,2025-04-21 11:44:00,234.8800,234.8500
IBM,2025-04-21 11:45:00,234.8600,234.8000
IBM,2025-04-21 11:46:00,234.7500,234.6900
IBM,2025-04-21 11:47:00,234.6500,234.5050
IBM,2025-04-21 11:48:00,234.4600,234.0700
IBM,2025-04-21 11:49:00,234.0500,234.1200
IBM,2025-04-21 11:50:00,234.1050,234.1700
IBM,2025-04-21 11:51:00,234.0001,234.0000
IBM,2025-04-21 11:52:00,233.9950,233.9900
IBM,2025-04-21 11:53:00,234.0100,233.9400
IBM,2025-04-21 11:54:00,233.9650,233.6950
IBM,2025-04-21 11:55:00,233.6600,233.6600
IBM,2025-04-21 11:56:00,233.7300,233.7200
IBM,2025-04-21 11:57:00,233.6000,233.6300
IBM,2025-04-21 11:58:00,233.6200,233.7400
IBM,2025-04-21 11:59:00,233.7697,233.8500
IBM,2025-04-21 12:00:00,233.9200,233.9400
IBM,2025-04-21 12:01:00,234.0100,234.0750
IBM,2025-04-21 12:02:00,234.0800,233.9536
IBM,2025-04-21 12:03:00,233.9650,234.1550
IBM,2025-04-21 12:04:00,234.0900,234.1800
IBM,2025-04-21 12:05:00,234.2300,234.2900
IBM,2025-04-21 12:06:00,234.3600,234.3500
IBM,2025-04-21 12:07:00,234.2312,234.2200
IBM,2025-04-21 12:08:00,234.1500,234.2700
IBM,2025-04-21 12:09:00,234.2800,234.3950
IBM,2025-04-21 12:10:00,234.3700,234.4900
IBM,2025-04-21 12:11:00,234.4700,234.3600
IBM,2025-04-21 12:12:00,234.4000,234.4650
IBM,2025-04-21 12:13:00,234.5200,234.6400
IBM,2025-04-21 12:14:00,234.6400,234.5659
IBM,2025-04-21 12:15:00,234.5150,234.4900
IBM,2025-04-21 12:16:00,234.4850,234.5840
IBM,2025-04-21 12:17:00,234.5200,234.5650
IBM,2025-04-21 12:18:00,234.5700,234.5100
IBM,2025-04-21 12:19:00,234.5400,234.8000
IBM,2025-04-21 12:20:00,234.8000,235.0200
IBM,2025-04-21 12:21:00,235.0500,235.0000
IBM,2025-04-21 12:22:00,234.9400,234.9600
IBM,2025-04-21 12:23:00,234.9400,235.1800
IBM,2025-04-21 12:24:00,235.1700,235.1400
IBM,2025-04-21 12:25:00,235.1100,235.0650
IBM,2025-04-21 12:26:00,234.9600,234.8800
IBM,2025-04-21 12:27:00,234.9700,234.6400
IBM,2025-04-21 12:28:00,234.8300,234.7450
IBM,2025-04-21 12:29:00,234.6000,234.7300
IBM,2025-04-21 12:30:00,234.7700,234.8450
IBM,2025-04-21 12:31:00,234.8400,234.9050
IBM,2025-04-21 12:32:00,234.9000,235.0669
IBM,2025-04-21 12:33:00,235.0800,235.0100
IBM,2025-04-21 12:34:00,234.9800,234.9550
IBM,2025-04-21 12:35:00,235.0000,234.9750
IBM,2025-04-21 12:36:00,234.9750,235.1900
IBM,2025-04-21 12:37:00,235.1900,235.2800
IBM,2025-04-21 12:38:00,235.1950,235.1700
IBM,2025-04-21 12:39:00,235.1950,235.1050
IBM,2025-04-21 12:40:00,235.0500,235.2100
IBM,2025-04-21 12:41:00,235.1700,235.2500
IBM,2025-04-21 12:42:00,235.2840,235.1900
IBM,2025-04-21 12:43:00,235.1400,235.1800
IBM,2025-04-21 12:44:00,235.2000,235.0600
IBM,2025-04-21 12:45:00,235.0600,235.0850
IBM,2025-04-21 12:46:00,235.1600,235.0800
IBM,2025-04-21 12:47:00,235.0750,234.9050
IBM,2025-04-21 12:48:00,234.9050,234.9439
IBM,2025-04-21 12:49:00,234.9700,234.8800
IBM,2025-04-21 12:50:00,234.8600,234.7700
IBM,2025-04-21 12:51:00,234.7700,234.6000
IBM,2025-04-21 12:52:00,234.6700,234.4800
IBM,2025-04-21 12:53:00,234.5102,234.4900
IBM,2025-04-21 12:54:00,234.4300,234.5000
IBM,2025-04-21 12:55:00,234.4600,234.4700
IBM,2025-04-21 12:56:00,234.4700,234.4700
IBM,2025-04-21 12:57:00,234.4800,234.4200
IBM,2025-04-21 12:58:00,234.4100,234.4850
IBM,2025-04-21 12:59:00,234.5150,234.5516
IBM,2025-04-21 13:00:00,234.5400,234.7300
IBM,2025-04-21 13:01:00,234.7000,234.6100
IBM,2025-04-21 13:02:00,234.6200,234.4800
IBM,2025-04-21 13:03:00,234.5200,234.3300
IBM,2025-04-21 13:04:00,234.3000,234.2100
IBM,2025-04-21 13:05:00,234.1300,234.1900
IBM,2025-04-21 13:06:00,234.2100,233.9500
IBM,2025-04-21 13:07:00,233.9748,234.0700
IBM,2025-04-21 13:08:00,234.0544,233.9900
IBM,2025-04-21 13:09:00,234.0000,233.9900
IBM,2025-04-21 13:10:00,233.9800,233.8650
IBM,2025-04-21 13:11:00,233.8600,233.7400
IBM,2025-04-21 13:12:00,233.7400,233.9600
IBM,2025-04-21 13:13:00,233.9500,233.9500
IBM,2025-04-21 13:14:00,233.8800,233.8100
IBM,2025-04-21 13:15:00,233.7850,233.8200
IBM,2025-04-21 13:16:00,233.8300,233.7900
IBM,2025-04-21 13:17:00,233.8150,233.8700
IBM,2025-04-21 13:18:00,233.6750,233.7400
IBM,2025-04-21 13:19:00,233.8000,233.9600
IBM,2025-04-21 13:20:00,234.0600,234.1300
IBM,2025-04-21 13:21:00,234.1300,233.9800
IBM,2025-04-21 13:22:00,234.0044,234.1600
IBM,2025-04-21 13:23:00,234.2400,234.2200
IBM,2025-04-21 13:24:00,234.2300,233.9950
IBM,2025-04-21 13:25:00,233.9950,233.8300
IBM,2025-04-21 13:26:00,233.9000,233.8900
IBM,2025-04-21 13:27:00,233.9400,234.1500
IBM,2025-04-21 13:28:00,234.1900,234.0000
IBM,2025-04-21 13:29:00,233.9800,233.9150
IBM,2025-04-21 13:30:00,233.9150,233.9474
IBM,2025-04-21 13:31:00,234.0400,234.2018
IBM,2025-04-21 13:32:00,234.2250,234.2150
IBM,2025-04-21 13:33:00,234.2150,234.0950
IBM,2025-04-21 13:34:00,234.0300,234.0600
IBM,2025-04-21 13:35:00,234.0300,233.8800
IBM,2025-04-21 13:36:00,233.8600,233.9500
IBM,2025-04-21 13:37:00,234.0200,233.7700
IBM,2025-04-21 13:38:00,233.7600,233.7625
IBM,2025-04-21 13:39:00,233.7650,233.3500
IBM,2025-04-21 13:40:00,233.4600,233.4400
IBM,2025-04-21 13:41:00,233.3900,233.3250
IBM,2025-04-21 13:42:00,233.3250,233.2400
IBM,2025-04-21 13:43:00,233.2300,233.2200
IBM,2025-04-21 13:44:00,233.2250,233.4100
IBM,2025-04-21 13:45:00,233.4350,233.3900
IBM,2025-04-21 13:46:00,233.4650,233.2700
IBM,2025-04-21 13:47:00,233.1900,233.2550
IBM,2025-04-21 13:48:00,233.2300,233.2300
IBM,2025-04-21 13:49:00,233.2300,233.1400
IBM,2025-04-21 13:50:00,233.0949,233.3800
IBM,2025-04-21 13:51:00,233.4100,233.3000
IBM,2025-04-21 13:52:00,233.3650,233.3000
IBM,2025-04-21 13:53:00,233.2500,233.1900
IBM,2025-04-21 13:54:00,233.2192,233.1800
IBM,2025-04-21 13:55:00,233.2600,233.3533
IBM,2025-04-21 13:56:00,233.3650,233.3600
IBM,2025-04-21 13:57:00,233.3477,233.4700
IBM,2025-04-21 13:58:00,233.4500,233.4400
IBM,2025-04-21 13:59:00,233.4200,233.4100
IBM,2025-04-21 14:00:00,233.3400,233.2950
IBM,2025-04-21 14:01:00,233.2750,233.3050
IBM,2025-04-21 14:02:00,233.3000,233.2250
IBM,2025-04-21 14:03:00,233.2275,233.1216
IBM,2025-04-21 14:04:00,233.1200,233.2259
IBM,2025-04-21 14:05:00,233.1825,233.1350
IBM,2025-04-21 14:06:00,233.1350,233.2000
IBM,2025-04-21 14:07:00,233.2600,233.0100
IBM,2025-04-21 14:08:00,233.0000,233.1200
IBM,2025-04-21 14:09:00,233.0400,233.1100
IBM,2025-04-21 14:10:00,233.0750,232.9872
IBM,2025-04-21 14:11:00,233.0000,233.1846
IBM,2025-04-21 14:12:00,233.3000,233.2500
IBM,2025-04-21 14:13:00,233.1600,233.1200
IBM,2025-04-21 14:14:00,233.1400,233.2600
IBM,2025-04-21 14:15:00,233.2600,233.2950
IBM,2025-04-21 14:16:00,233.3600,233.6786
IBM,2025-04-21 14:17:00,233.6800,233.7350
IBM,2025-04-21 14:18:00,233.7450,233.8250
IBM,2025-04-21 14:19:00,233.8325,233.8450
IBM,2025-04-21 14:20:00,233.8450,233.8025
IBM,2025-04-21 14:21:00,233.7800,234.0100
IBM,2025-04-21 14:22:00,234.0699,234.0800
IBM,2025-04-21 14:23:00,234.0650,234.0000
IBM,2025-04-21 14:24:00,234.0000,233.8600
IBM,2025-04-21 14:25:00,233.8600,233.8500
IBM,2025-04-21 14:26:00,233.9300,234.0200
IBM,2025-04-21 14:27:00,234.0350,234.1400
IBM,2025-04-21 14:28:00,234.2000,234.1700
IBM,2025-04-21 14:29:00,234.0800,234.1850
IBM,2025-04-21 14:30:00,234.2050,234.3850
IBM,2025-04-21 14:31:00,234.4100,234.4400
IBM,2025-04-21 14:32:00,234.3200,234.2500
IBM,2025-04-21 14:33:00,234.2300,234.4300
IBM,2025-04-21 14:34:00,234.4050,234.3800
IBM,2025-04-21 14:35:00,234.4000,234.3800
IBM,2025-04-21 14:36:00,234.3100,234.1900
IBM,2025-04-21 14:37:00,234.1100,234.2700
IBM,2025-04-21 14:38:00,234.2200,234.1350
IBM,2025-04-21 14:39:00,234.1350,234.2950
IBM,2025-04-21 14:40:00,234.2950,233.9350
IBM,2025-04-21 14:41:00,233.9250,233.8750
IBM,2025-04-21 14:42:00,233.9500,233.8784
IBM,2025-04-21 14:43:00,233.8700,233.8400
IBM,2025-04-21 14:44:00,233.8750,233.9400
IBM,2025-04-21 14:45:00,233.9029,234.0400
IBM,2025-04-21 14:46:00,234.0000,234.0900
IBM,2025-04-21 14:47:00,234.0650,233.8400
IBM,2025-04-21 14:48:00,233.9300,234.0450
IBM,2025-04-21 14:49:00,234.0000,234.0200
IBM,2025-04-21 14:50:00,234.0200,233.9000
IBM,2025-04-21 14:51:00,233.9550,233.9800
IBM,2025-04-21 14:52:00,233.9150,233.8500
IBM,2025-04-21 14:53:00,233.8400,233.9100
IBM,2025-04-21 14:54:00,233.9176,233.8800
IBM,2025-04-21 14:55:00,233.8200,233.9150
IBM,2025-04-21 14:56:00,233.9125,234.0000
IBM,2025-04-21 14:57:00,234.0000,233.9400
IBM,2025-04-21 14:58:00,233.9850,234.0300
IBM,2025-04-21 14:59:00,234.0900,233.9700
IBM,2025-04-21 15:00:00,233.9600,234.1700
IBM,2025-04-21 15:01:00,234.2700,234.3900
IBM,2025-04-21 15:02:00,234.3950,234.4500
IBM,2025-04-21 15:03:00,234.3900,234.3000
IBM,2025-04-21 15:04:00,234.3700,234.2500
IBM,2025-04-21 15:05:00,234.3200,234.3750
IBM,2025-04-21 15:06:00,234.3600,234.3100
IBM,2025-04-21 15:07:00,234.3000,234.3000
IBM,2025-04-21 15:08:00,234.3300,234.4900
IBM,2025-04-21 15:09:00,234.4600,234.5850
IBM,2025-04-21 15:10:00,234.6100,234.5800
IBM,2025-04-21 15:11:00,234.5900,234.6500
IBM,2025-04-21 15:12:00,234.6300,234.7500
IBM,2025-04-21 15:13:00,234.7500,234.8000
IBM,2025-04-21 15:14:00,234.8000,234.8300
IBM,2025-04-21 15:15:00,234.8000,234.8500
IBM,2025-04-21 15:16:00,234.8400,234.8100
IBM,2025-04-21 15:17:00,234.7900,234.7400
IBM,2025-04-21 15:18:00,234.7600,234.8500
IBM,2025-04-21 15:19:00,234.8500,234.8200
IBM,2025-04-21 15:20:00,234.8200,234.7600
IBM,2025-04-21 15:21:00,234.7800,235.0150
IBM,2025-04-21 15:22:00,234.9800,235.0300
IBM,2025-04-21 15:23:00,235.0400,234.9900
IBM,2025-04-21 15:24:00,235.0300,235.0300
IBM,2025-04-21 15:25:00,234.9900,234.9000
IBM,2025-04-21 15:26:00,234.9100,234.9750
IBM,2025-04-21 15:27:00,234.9750,234.9600
IBM,2025-04-21 15:28:00,235.0000,234.8750
IBM,2025-04-21 15:29:00,234.8400,234.9100
IBM,2025-04-21 15:30:00,234.9400,234.9700
IBM,2025-04-21 15:31:00,235.0200,235.0900
IBM,2025-04-21 15:32:00,235.1300,235.1200
IBM,2025-04-21 15:33:00,235.1100,235.0800
IBM,2025-04-21 15:34:00,235.0900,235.1045
IBM,2025-04-21 15:35:00,235.1500,235.3000
IBM,2025-04-21 15:36:00,235.2950,235.4500
IBM,2025-04-21 15:37:00,235.4600,235.5800
IBM,2025-04-21 15:38:00,235.5700,235.6600
IBM,2025-04-21 15:39:00,235.6300,235.5700
IBM,2025-04-21 15:40:00,235.5650,235.8900
IBM,2025-04-21 15:41:00,235.9050,235.8100
IBM,2025-04-21 15:42:00,235.7550,235.8684
IBM,2025-04-21 15:43:00,235.9100,236.0800
IBM,2025-04-21 15:44:00,236.1100,235.8650
IBM,2025-04-21 15:45:00,235.9100,236.0650
IBM,2025-04-21 15:46:00,236.0900,236.0550
IBM,2025-04-21 15:47:00,236.0200,235.8950
IBM,2025-04-21 15:48:00,235.8800,236.2150
IBM,2025-04-21 15:49:00,236.2150,236.3100
IBM,2025-04-21 15:50:00,236.2200,236.5100
IBM,2025-04-21 15:51:00,236.4600,236.2550
IBM,2025-04-21 15:52:00,236.2600,236.1500
IBM,2025-04-21 15:53:00,236.1400,236.3800
IBM,2025-04-21 15:54:00,236.3800,236.6500
IBM,2025-04-21 15:55:00,236.7400,236.7500
IBM,2025-04-21 15:56:00,236.7000,236.7300
IBM,2025-04-21 15:57:00,236.7000,236.8900
IBM,2025-04-21 15:58:00,236.8800,236.9900
IBM,2025-04-21 15:59:00,236.9900,236.2600
IBM,2025-04-22 09:30:00,238.5000,238.1975
IBM,2025-04-22 09:31:00,238.2500,238.2500
IBM,2025-04-22 09:32:00,238.2500,238.5371
IBM,2025-04-22 09:33:00,238.7300,238.6850
IBM,2025-04-22 09:34:00,238.5300,238.4400
IBM,2025-04-22 09:35:00,238.4500,238.8700
IBM,2025-04-22 09:36:00,238.8700,238.3900
IBM,2025-04-22 09:37:00,238.3850,238.2600
IBM,2025-04-22 09:38:00,238.3200,238.3300
IBM,2025-04-22 09:39:00,238.2900,238.3700
IBM,2025-04-22 09:40:00,238.5000,238.5750
IBM,2025-04-22 09:41:00,238.6800,239.0900
IBM,2025-04-22 09:42:00,238.9900,238.7900
IBM,2025-04-22 09:43:00,238.8900,238.8300
IBM,2025-04-22 09:44:00,238.9400,239.3000
IBM,2025-04-22 09:45:00,239.2100,239.8800
IBM,2025-04-22 09:46:00,239.9400,239.7600
IBM,2025-04-22 09:47:00,239.6200,239.6070
IBM,2025-04-22 09:48:00,239.5900,239.5750
IBM,2025-04-22 09:49:00,239.5750,239.7750
IBM,2025-04-22 09:50:00,239.7150,239.4850
IBM,2025-04-22 09:51:00,239.4850,239.5900
IBM,2025-04-22 09:52:00,239.5950,239.8250
IBM,2025-04-22 09:53:00,239.7500,240.0600
IBM,2025-04-22 09:54:00,239.9750,240.2845
IBM,2025-04-22 09:55:00,240.3000,240.6400
IBM,2025-04-22 09:56:00,240.6500,240.6496
IBM,2025-04-22 09:57:00,240.7600,240.8400
IBM,2025-04-22 09:58:00,240.8699,240.6075
IBM,2025-04-22 09:59:00,240.6055,240.8500
IBM,2025-04-22 10:00:00,240.9232,241.0800
IBM,2025-04-22 10:01:00,241.0900,241.0000
IBM,2025-04-22 10:02:00,241.0300,241.1200
IBM,2025-04-22 10:03:00,241.2400,241.3100
IBM,2025-04-22 10:04:00,241.4500,241.4600
IBM,2025-04-22 10:05:00,241.4500,241.1250
IBM,2025-04-22 10:06:00,241.1900,241.2900
IBM,2025-04-22 10:07:00,241.2650,241.4800
IBM,2025-04-22 10:08:00,241.4100,241.4300
IBM,2025-04-22 10:09:00,241.4600,241.5000
IBM,2025-04-22 10:10:00,241.3700,241.6200
IBM,2025-04-22 10:11:00,241.6300,241.6000
IBM,2025-04-22 10:12:00,241.5784,241.5400
IBM,2025-04-22 10:13:00,241.6000,241.5450
IBM,2025-04-22 10:14:00,241.5400,241.6600
IBM,2025-04-22 10:15:00,241.5800,241.4150
IBM,2025-04-22 10:16:00,241.4175,241.4800
IBM,2025-04-22 10:17:00,241.3850,241.5500
IBM,2025-04-22 10:18:00,241.5400,241.5500
IBM,2025-04-22 10:19:00,241.4500,241.5200
IBM,2025-04-22 10:20:00,241.5250,241.5850
IBM,2025-04-22 10:21:00,241.6800,241.7500
IBM,2025-04-22 10:22:00,241.9300,242.1200
IBM,2025-04-22 10:23:00,241.9590,241.8100
IBM,2025-04-22 10:24:00,241.8900,241.8218
IBM,2025-04-22 10:25:00,241.8800,241.8400
IBM,2025-04-22 10:26:00,241.7117,241.9200
IBM,2025-04-22 10:27:00,241.8900,241.8300
IBM,2025-04-22 10:28:00,241.8200,241.8100
IBM,2025-04-22 10:29:00,241.8300,241.9250
IBM,2025-04-22 10:30:00,241.9100,241.4300
IBM,2025-04-22 10:31:00,241.2400,241.2100
IBM,2025-04-22 10:32:00,241.2350,241.5600
IBM,2025-04-22 10:33:00,241.5200,241.5700
IBM,2025-04-22 10:34:00,241.4850,241.4950
IBM,2025-04-22 10:35:00,241.5600,241.4222
IBM,2025-04-22 10:36:00,241.2750,241.2550
IBM,2025-04-22 10:37:00,241.3500,241.1900
IBM,2025-04-22 10:38:00,241.1350,241.1600
IBM,2025-04-22 10:39:00,241.1900,241.3799
IBM,2025-04-22 10:40:00,241.1807,241.1800
IBM,2025-04-22 10:41:00,241.3400,241.3100
IBM,2025-04-22 10:42:00,241.3100,241.3050
IBM,2025-04-22 10:43:00,241.3050,241.2700
IBM,2025-04-22 10:44:00,241.2700,241.3750
IBM,2025-04-22 10:45:00,241.3200,241.2700
IBM,2025-04-22 10:46:00,241.2800,241.6800
IBM,2025-04-22 10:47:00,241.7300,241.6800
IBM,2025-04-22 10:48:00,241.6300,241.7400
IBM,2025-04-22 10:49:00,241.6200,241.4000
IBM,2025-04-22 10:50:00,241.4617,241.2900
IBM,2025-04-22 10:51:00,241.3040,241.1150
IBM,2025-04-22 10:52:00,241.1150,241.0075
IBM,2025-04-22 10:53:00,241.0400,241.2209
IBM,2025-04-22 10:54:00,241.3300,241.5000
IBM,2025-04-22 10:55:00,241.5000,241.5400
IBM,2025-04-22 10:56:00,241.5600,241.5100
IBM,2025-04-22 10:57:00,241.6900,242.0800
IBM,2025-04-22 10:58:00,242.0000,241.8010
IBM,2025-04-22 10:59:00,241.7900,241.7050
IBM,2025-04-22 11:00:00,241.7050,241.7450
IBM,2025-04-22 11:01:00,241.7300,241.8350
IBM,2025-04-22 11:02:00,241.8500,241.8000
IBM,2025-04-22 11:03:00,241.8700,241.8550
IBM,2025-04-22 11:04:00,241.8950,241.8667
IBM,2025-04-22 11:05:00,241.7700,241.7500
IBM,2025-04-22 11:06:00,241.8200,241.7235
IBM,2025-04-22 11:07:00,241.7300,241.5400
IBM,2025-04-22 11:08:00,241.5900,241.4900
IBM,2025-04-22 11:09:00,241.5600,241.5900
IBM,2025-04-22 11:10:00,241.4600,241.5750
IBM,2025-04-22 11:11:00,241.5200,241.6500
IBM,2025-04-22 11:12:00,241.5800,241.4500
IBM,2025-04-22 11:13:00,241.5100,241.5000
IBM,2025-04-22 11:14:00,241.5000,241.5200
IBM,2025-04-22 11:15:00,241.4600,241.4850
IBM,2025-04-22 11:16:00,241.5600,241.4850
IBM,2025-04-22 11:17:00,241.5600,241.2400
IBM,2025-04-22 11:18:00,241.2050,241.2750
IBM,2025-04-22 11:19:00,241.1000,241.1319
IBM,2025-04-22 11:20:00,241.1900,241.0900
IBM,2025-04-22 11:21:00,241.0750,241.1000
IBM,2025-04-22 11:22:00,241.0100,241.2050
IBM,2025-04-22 11:23:00,241.2600,241.2150
IBM,2025-04-22 11:24:00,241.1500,241.3000
IBM,2025-04-22 11:25:00,241.2800,241.2650
IBM,2025-04-22 11:26:00,241.2100,241.1300
IBM,2025-04-22 11:27:00,241.1900,241.0250
IBM,2025-04-22 11:28:00,241.1000,240.8000
IBM,2025-04-22 11:29:00,240.8700,240.7700
IBM,2025-04-22 11:30:00,240.8000,240.8700
IBM,2025-04-22 11:31:00,240.8200,241.0200
IBM,2025-04-22 11:32:00,240.9700,240.9750
IBM,2025-04-22 11:33:00,240.9850,241.0600
IBM,2025-04-22 11:34:00,241.0500,240.9450
IBM,2025-04-22 11:35:00,240.9800,240.9250
IBM,2025-04-22 11:36:00,240.9250,240.8300
IBM,2025-04-22 11:37:00,240.8250,240.8100
IBM,2025-04-22 11:38:00,240.8500,240.8250
IBM,2025-04-22 11:39:00,240.8250,240.7350
IBM,2025-04-22 11:40:00,240.7900,240.9100
IBM,2025-04-22 11:41:00,240.8350,240.8200
IBM,2025-04-22 11:42:00,240.8200,240.6100
IBM,2025-04-22 11:43:00,240.6000,240.5664
IBM,2025-04-22 11:44:00,240.5550,240.5950
IBM,2025-04-22 11:45:00,240.5500,240.7400
IBM,2025-04-22 11:46:00,240.7200,240.7900
IBM,2025-04-22 11:47:00,240.7900,240.7300
IBM,2025-04-22 11:48:00,240.6900,240.6150
IBM,2025-04-22 11:49:00,240.6150,240.5600
IBM,2025-04-22 11:50:00,240.6250,240.6950
IBM,2025-04-22 11:51:00,240.6900,240.9500
IBM,2025-04-22 11:52:00,241.0000,241.0700
IBM,2025-04-22 11:53:00,241.1200,241.0900
IBM,2025-04-22 11:54:00,241.0900,241.0600
IBM,2025-04-22 11:55:00,240.9950,241.0200
IBM,2025-04-22 11:56:00,241.0760,241.0200
IBM,2025-04-22 11:57:00,241.1000,241.0700
IBM,2025-04-22 11:58:00,241.0600,241.2400
IBM,2025-04-22 11:59:00,241.2000,241.5425
IBM,2025-04-22 12:00:00,241.5850,242.1600
IBM,2025-04-22 12:01:00,242.0950,242.0350
IBM,2025-04-22 12:02:00,241.9850,241.8600
IBM,2025-04-22 12:03:00,241.8000,241.4550
IBM,2025-04-22 12:04:00,241.5700,241.5900
IBM,2025-04-22 12:05:00,241.4950,241.1475
IBM,2025-04-22 12:06:00,241.2500,241.2900
IBM,2025-04-22 12:07:00,241.2800,241.4150
IBM,2025-04-22 12:08:00,241.4150,241.4100
IBM,2025-04-22 12:09:00,241.3700,241.5900
IBM,2025-04-22 12:10:00,241.6400,241.6000
IBM,2025-04-22 12:11:00,241.6000,242.0000
IBM,2025-04-22 12:12:00,242.0000,242.0650
IBM,2025-04-22 12:13:00,242.0300,241.9900
IBM,2025-04-22 12:14:00,242.0100,242.0100
IBM,2025-04-22 12:15:00,242.0100,241.8400
IBM,2025-04-22 12:16:00,241.8400,241.7500
IBM,2025-04-22 12:17:00,241.7700,241.9200
IBM,2025-04-22 12:18:00,241.9700,241.9450
IBM,2025-04-22 12:19:00,241.8555,242.0100
IBM,2025-04-22 12:20:00,242.0700,242.0600
IBM,2025-04-22 12:21:00,242.0550,242.1350
IBM,2025-04-22 12:22:00,242.1350,242.2100
IBM,2025-04-22 12:23:00,242.1600,242.2900
IBM,2025-04-22 12:24:00,242.3600,242.5800
IBM,2025-04-22 12:25:00,242.5200,242.3000
IBM,2025-04-22 12:26:00,242.2950,242.4300
IBM,2025-04-22 12:27:00,242.4400,242.4800
IBM,2025-04-22 12:28:00,242.4100,242.4650
IBM,2025-04-22 12:29:00,242.3800,242.3300
IBM,2025-04-22 12:30:00,242.2500,242.3200
IBM,2025-04-22 12:31:00,242.3600,242.2450
IBM,2025-04-22 12:32:00,242.2450,242.2800
IBM,2025-04-22 12:33:00,242.2450,242.2800
IBM,2025-04-22 12:34:00,242.2800,241.9900
IBM,2025-04-22 12:35:00,242.1100,242.1875
IBM,2025-04-22 12:36:00,242.0900,242.0200
IBM,2025-04-22 12:37:00,242.0950,242.1050
IBM,2025-04-22 12:38:00,242.1050,242.1200
IBM,2025-04-22 12:39:00,242.1200,242.0150
IBM,2025-04-22 12:40:00,242.0500,241.9550
IBM,2025-04-22 12:41:00,241.9500,241.9100
IBM,2025-04-22 12:42:00,241.8450,242.0300
IBM,2025-04-22 12:43:00,241.9363,242.0700
IBM,2025-04-22 12:44:00,242.1250,242.1495
IBM,2025-04-22 12:45:00,242.1700,242.1200
IBM,2025-04-22 12:46:00,242.0800,242.0100
IBM,2025-04-22 12:47:00,241.9200,241.8600
IBM,2025-04-22 12:48:00,241.8600,241.8600
IBM,2025-04-22 12:49:00,241.7200,242.0400
IBM,2025-04-22 12:50:00,242.0450,241.9000
IBM,2025-04-22 12:51:00,241.9550,241.8850
IBM,2025-04-22 12:52:00,241.8388,241.7350
IBM,2025-04-22 12:53:00,241.8800,241.9400
IBM,2025-04-22 12:54:00,241.8423,242.0200
IBM,2025-04-22 12:55:00,241.8982,242.0600
IBM,2025-04-22 12:56:00,242.1000,242.1000
IBM,2025-04-22 12:57:00,242.0900,242.0900
IBM,2025-04-22 12:58:00,242.0000,242.0100
IBM,2025-04-22 12:59:00,241.9600,241.9250
IBM,2025-04-22 13:00:00,241.9100,241.9350
IBM,2025-04-22 13:01:00,241.9700,241.9700
IBM,2025-04-22 13:02:00,241.9300,242.0450
IBM,2025-04-22 13:03:00,242.0450,241.9950
IBM,2025-04-22 13:04:00,241.9900,242.0000
IBM,2025-04-22 13:05:00,242.0800,242.0700
IBM,2025-04-22 13:06:00,242.1400,242.0200
IBM,2025-04-22 13:07:00,241.8500,241.8400
IBM,2025-04-22 13:08:00,241.8500,241.9946
IBM,2025-04-22 13:09:00,241.9800,241.9100
IBM,2025-04-22 13:10:00,241.8450,241.3250
IBM,2025-04-22 13:11:00,241.3200,240.9200
IBM,2025-04-22 13:12:00,241.0600,241.1600
IBM,2025-04-22 13:13:00,241.1700,241.0033
IBM,2025-04-22 13:14:00,240.9600,240.7550
IBM,2025-04-22 13:15:00,240.8400,240.3150
IBM,2025-04-22 13:16:00,240.2900,240.2100
IBM,2025-04-22 13:17:00,240.1800,240.3000
IBM,2025-04-22 13:18:00,240.2400,240.3100
IBM,2025-04-22 13:19:00,240.3000,240.2836
IBM,2025-04-22 13:20:00,240.3650,240.0350
IBM,2025-04-22 13:21:00,239.8150,239.8000
IBM,2025-04-22 13:22:00,239.8050,239.6300
IBM,2025-04-22 13:23:00,239.7000,239.5300
IBM,2025-04-22 13:24:00,239.6050,239.6000
IBM,2025-04-22 13:25:00,239.6000,239.6300
IBM,2025-04-22 13:26:00,239.7400,239.7700
IBM,2025-04-22 13:27:00,239.7700,239.3650
IBM,2025-04-22 13:28:00,239.3400,238.9500
IBM,2025-04-22 13:29:00,238.9500,238.9300
IBM,2025-04-22 13:30:00,238.9200,238.8000
IBM,2025-04-22 13:31:00,238.5800,238.6300
IBM,2025-04-22 13:32:00,238.6650,238.9300
IBM,2025-04-22 13:33:00,238.8000,238.5400
IBM,2025-04-22 13:34:00,238.5400,238.8000
IBM,2025-04-22 13:35:00,238.7950,239.1300
IBM,2025-04-22 13:36:00,239.2200,239.6200
IBM,2025-04-22 13:37:00,239.5100,239.5800
IBM,2025-04-22 13:38:00,239.5683,239.5800
IBM,2025-04-22 13:39:00,239.3900,239.2400
IBM,2025-04-22 13:40:00,239.2650,239.0700
IBM,2025-04-22 13:41:00,238.9800,239.0650
IBM,2025-04-22 13:42:00,238.9200,238.9400
IBM,2025-04-22 13:43:00,238.9300,239.0900
IBM,2025-04-22 13:44:00,239.0900,239.2850
IBM,2025-04-22 13:45:00,239.2000,239.1000
IBM,2025-04-22 13:46:00,239.1150,239.2200
IBM,2025-04-22 13:47:00,239.1100,239.2200
IBM,2025-04-22 13:48:00,239.2200,239.1100
IBM,2025-04-22 13:49:00,239.0200,238.9200
IBM,2025-04-22 13:50:00,238.8950,238.9375
IBM,2025-04-22 13:51:00,238.9700,238.7650
IBM,2025-04-22 13:52:00,238.6400,238.7900
IBM,2025-04-22 13:53:00,238.7300,238.7800
IBM,2025-04-22 13:54:00,238.8700,239.0100
IBM,2025-04-22 13:55:00,239.0350,239.0200
IBM,2025-04-22 13:56:00,239.0000,239.0650
IBM,2025-04-22 13:57:00,239.0000,238.9300
IBM,2025-04-22 13:58:00,238.9100,239.1450
IBM,2025-04-22 13:59:00,239.0750,239.0050
IBM,2025-04-22 14:00:00,238.9300,238.8900
IBM,2025-04-22 14:01:00,238.9150,238.9600
IBM,2025-04-22 14:02:00,238.8500,238.8850
IBM,2025-04-22 14:03:00,238.8850,239.1050
IBM,2025-04-22 14:04:00,239.1050,239.4425
IBM,2025-04-22 14:05:00,239.3200,239.7300
IBM,2025-04-22 14:06:00,239.7500,239.8250
IBM,2025-04-22 14:07:00,239.7700,239.9400
IBM,2025-04-22 14:08:00,239.9300,239.5600
IBM,2025-04-22 14:09:00,239.5900,239.6600
IBM,2025-04-22 14:10:00,239.6000,239.7600
IBM,2025-04-22 14:11:00,239.7700,239.7800
IBM,2025-04-22 14:12:00,239.8728,239.9050
IBM,2025-04-22 14:13:00,239.9800,239.7901
IBM,2025-04-22 14:14:00,239.9358,239.9100
IBM,2025-04-22 14:15:00,239.9500,239.9300
IBM,2025-04-22 14:16:00,240.0000,239.9200
IBM,2025-04-22 14:17:00,239.9300,239.7700
IBM,2025-04-22 14:18:00,239.7900,239.8150
IBM,2025-04-22 14:19:00,239.8700,239.9300
IBM,2025-04-22 14:20:00,239.8600,239.9296
IBM,2025-04-22 14:21:00,239.9200,240.1800
IBM,2025-04-22 14:22:00,240.0400,240.0900
IBM,2025-04-22 14:23:00,240.1000,240.2500
IBM,2025-04-22 14:24:00,240.2200,240.1400
IBM,2025-04-22 14:25:00,240.1300,240.1700
IBM,2025-04-22 14:26:00,240.2000,240.1400
IBM,2025-04-22 14:27:00,240.1500,240.1550
IBM,2025-04-22 14:28:00,240.1600,240.2000
IBM,2025-04-22 14:29:00,240.2200,240.1700
IBM,2025-04-22 14:30:00,240.1400,240.1850
IBM,2025-04-22 14:31:00,240.1700,240.2400
IBM,2025-04-22 14:32:00,240.1100,240.2650
IBM,2025-04-22 14:33:00,240.2700,240.2900
IBM,2025-04-22 14:34:00,240.2900,240.2100
IBM,2025-04-22 14:35:00,240.3300,240.1700
IBM,2025-04-22 14:36:00,240.2100,240.3207
IBM,2025-04-22 14:37:00,240.2800,240.4350
IBM,2025-04-22 14:38:00,240.3800,240.0200
IBM,2025-04-22 14:39:00,240.1050,240.0000
IBM,2025-04-22 14:40:00,240.0800,239.9850
IBM,2025-04-22 14:41:00,239.9101,239.8500
IBM,2025-04-22 14:42:00,239.9100,239.9850
IBM,2025-04-22 14:43:00,240.0600,240.2600
IBM,2025-04-22 14:44:00,240.3000,240.2000
IBM,2025-04-22 14:45:00,240.2075,240.2150
IBM,2025-04-22 14:46:00,240.2700,240.3500
IBM,2025-04-22 14:47:00,240.2800,240.2700
IBM,2025-04-22 14:48:00,240.3100,240.3250
IBM,2025-04-22 14:49:00,240.3600,240.2700
IBM,2025-04-22 14:50:00,240.3000,240.4900
IBM,2025-04-22 14:51:00,240.4900,240.4000
IBM,2025-04-22 14:52:00,240.4000,240.5000
IBM,2025-04-22 14:53:00,240.5100,240.6500
IBM,2025-04-22 14:54:00,240.5600,240.5800
IBM,2025-04-22 14:55:00,240.5800,240.6499
IBM,2025-04-22 14:56:00,240.6500,240.5850
IBM,2025-04-22 14:57:00,240.5400,240.4800
IBM,2025-04-22 14:58:00,240.5000,240.5000
IBM,2025-04-22 14:59:00,240.5100,240.5023
IBM,2025-04-22 15:00:00,240.5100,240.5900
IBM,2025-04-22 15:01:00,240.5700,240.4600
IBM,2025-04-22 15:02:00,240.5100,240.6100
IBM,2025-04-22 15:03:00,240.5450,240.5200
IBM,2025-04-22 15:04:00,240.5300,240.6787
IBM,2025-04-22 15:05:00,240.6500,240.8550
IBM,2025-04-22 15:06:00,240.8800,240.5500
IBM,2025-04-22 15:07:00,240.4900,240.3000
IBM,2025-04-22 15:08:00,240.2900,240.2700
IBM,2025-04-22 15:09:00,240.3100,240.3600
IBM,2025-04-22 15:10:00,240.3650,240.3150
IBM,2025-04-22 15:11:00,240.3150,240.3700
IBM,2025-04-22 15:12:00,240.2600,240.2600
IBM,2025-04-22 15:13:00,240.2200,240.2650
IBM,2025-04-22 15:14:00,240.2700,240.1800
IBM,2025-04-22 15:15:00,240.2800,240.2500
IBM,2025-04-22 15:16:00,240.2800,240.1900
IBM,2025-04-22 15:17:00,240.1850,240.1350
IBM,2025-04-22 15:18:00,240.0900,239.9450
IBM,2025-04-22 15:19:00,239.9100,240.0000
IBM,2025-04-22 15:20:00,240.0225,240.0000
IBM,2025-04-22 15:21:00,239.9400,239.9500
IBM,2025-04-22 15:22:00,239.9500,239.7450
IBM,2025-04-22 15:23:00,239.7800,239.8200
IBM,2025-04-22 15:24:00,239.8700,240.0858
IBM,2025-04-22 15:25:00,240.1100,240.2700
IBM,2025-04-22 15:26:00,240.2100,240.0100
IBM,2025-04-22 15:27:00,240.0000,239.9700
IBM,2025-04-22 15:28:00,239.9700,240.0600
IBM,2025-04-22 15:29:00,240.0600,239.9800
IBM,2025-04-22 15:30:00,239.9400,240.0550
IBM,2025-04-22 15:31:00,240.1000,240.2000
IBM,2025-04-22 15:32:00,240.1300,240.1568
IBM,2025-04-22 15:33:00,240.0600,239.9900
IBM,2025-04-22 15:34:00,240.0150,240.0293
IBM,2025-04-22 15:35:00,239.9850,240.1700
IBM,2025-04-22 15:36:00,240.0601,240.0050
IBM,2025-04-22 15:37:00,240.0000,240.0500
IBM,2025-04-22 15:38:00,240.0400,240.0050
IBM,2025-04-22 15:39:00,239.9500,239.7200
IBM,2025-04-22 15:40:00,239.7600,239.6400
IBM,2025-04-22 15:41:00,239.6400,240.0800
IBM,2025-04-22 15:42:00,240.1300,240.3500
IBM,2025-04-22 15:43:00,240.4500,240.5650
IBM,2025-04-22 15:44:00,240.6000,240.7122
IBM,2025-04-22 15:45:00,240.7100,240.9550
IBM,2025-04-22 15:46:00,240.9800,240.9300
IBM,2025-04-22 15:47:00,240.9250,241.0975
IBM,2025-04-22 15:48:00,241.1050,241.0504
IBM,2025-04-22 15:49:00,241.0800,241.2800
IBM,2025-04-22 15:50:00,241.1300,240.8400
IBM,2025-04-22 15:51:00,240.8750,240.7000
IBM,2025-04-22 15:52:00,240.7300,240.7500
IBM,2025-04-22 15:53:00,240.7800,240.9800
IBM,2025-04-22 15:54:00,241.1200,241.2500
IBM,2025-04-22 15:55:00,241.3500,240.9400
IBM,2025-04-22 15:56:00,240.8900,241.1700
IBM,2025-04-22 15:57:00,241.1700,241.3300
IBM,2025-04-22 15:58:00,241.3000,241.3950
IBM,2025-04-22 15:59:00,241.4400,240.9500
IBM,2025-04-23 09:30:00,246.0000,246.9200
IBM,2025-04-23 09:31:00,246.9750,247.6500
IBM,2025-04-23 09:32:00,247.7000,246.7950
IBM,2025-04-23 09:33:00,246.7200,247.6250
IBM,2025-04-23 09:34:00,247.4300,247.1250
IBM,2025-04-23 09:35:00,247.1250,247.4800
IBM,2025-04-23 09:36:00,247.4200,247.1099
IBM,2025-04-23 09:37:00,247.1250,248.2700
IBM,2025-04-23 09:38:00,248.6600,248.4122
IBM,2025-04-23 09:39:00,248.2877,247.3800
IBM,2025-04-23 09:40:00,247.3800,247.7200
IBM,2025-04-23 09:41:00,247.5900,247.9100
IBM,2025-04-23 09:42:00,248.2700,248.0000
IBM,2025-04-23 09:43:00,248.1400,248.1000
IBM,2025-04-23 09:44:00,247.7900,247.7500
IBM,2025-04-23 09:45:00,247.4700,248.0800
IBM,2025-04-23 09:46:00,248.0800,248.0000
IBM,2025-04-23 09:47:00,248.2800,248.1600
IBM,2025-04-23 09:48:00,248.1500,248.0025
IBM,2025-04-23 09:49:00,248.0700,248.3500
IBM,2025-04-23 09:50:00,248.4350,248.5400
IBM,2025-04-23 09:51:00,248.5850,248.5908
IBM,2025-04-23 09:52:00,248.7200,247.7800
IBM,2025-04-23 09:53:00,248.0500,247.7900
IBM,2025-04-23 09:54:00,248.1368,247.7300
IBM,2025-04-23 09:55:00,247.6900,247.5300
IBM,2025-04-23 09:56:00,247.6600,248.0200
IBM,2025-04-23 09:57:00,248.0050,248.0900
IBM,2025-04-23 09:58:00,248.0900,248.0550
IBM,2025-04-23 09:59:00,248.1000,248.2900
IBM,2025-04-23 10:00:00,248.4000,247.8350
IBM,2025-04-23 10:01:00,247.8350,247.7850
IBM,2025-04-23 10:02:00,247.9100,247.9700
IBM,2025-04-23 10:03:00,247.9200,247.7350
IBM,2025-04-23 10:04:00,247.7350,247.7500
IBM,2025-04-23 10:05:00,247.7450,247.6525
IBM,2025-04-23 10:06:00,247.6050,247.5400
IBM,2025-04-23 10:07:00,247.6900,247.5150
IBM,2025-04-23 10:08:00,247.5600,247.9400
IBM,2025-04-23 10:09:00,248.0800,248.0900
IBM,2025-04-23 10:10:00,248.0000,248.0950
IBM,2025-04-23 10:11:00,248.2200,248.0800
IBM,2025-04-23 10:12:00,248.0050,248.2950
IBM,2025-04-23 10:13:00,248.2950,248.0400
IBM,2025-04-23 10:14:00,247.9500,247.6500
IBM,2025-04-23 10:15:00,247.6150,246.9200
IBM,2025-04-23 10:16:00,246.9200,246.6700
IBM,2025-04-23 10:17:00,246.7300,246.2100
IBM,2025-04-23 10:18:00,246.0734,246.2000
IBM,2025-04-23 10:19:00,246.2400,246.4400
IBM,2025-04-23 10:20:00,246.4600,246.2200
IBM,2025-04-23 10:21:00,246.2900,246.4100
IBM,2025-04-23 10:22:00,246.3700,246.7600
IBM,2025-04-23 10:23:00,246.7500,246.9700
IBM,2025-04-23 10:24:00,247.0400,246.9250
IBM,2025-04-23 10:25:00,246.9250,247.0900
IBM,2025-04-23 10:26:00,247.0900,247.5200
IBM,2025-04-23 10:27:00,247.5207,247.1600
IBM,2025-04-23 10:28:00,247.0925,247.2650
IBM,2025-04-23 10:29:00,247.3765,247.2000
IBM,2025-04-23 10:30:00,247.2950,247.5500
IBM,2025-04-23 10:31:00,247.5000,247.4300
IBM,2025-04-23 10:32:00,247.4650,247.7350
IBM,2025-04-23 10:33:00,247.7550,248.0200
IBM,2025-04-23 10:34:00,248.1400,248.3451
IBM,2025-04-23 10:35:00,248.4100,248.5400
IBM,2025-04-23 10:36:00,248.5400,248.1850
IBM,2025-04-23 10:37:00,248.2638,248.2400
IBM,2025-04-23 10:38:00,248.2400,248.0200
IBM,2025-04-23 10:39:00,247.9700,248.0400
IBM,2025-04-23 10:40:00,248.0400,248.0300
IBM,2025-04-23 10:41:00,247.9800,247.7000
IBM,2025-04-23 10:42:00,247.5900,247.6200
IBM,2025-04-23 10:43:00,247.7098,247.7350
IBM,2025-04-23 10:44:00,247.7000,247.8800
IBM,2025-04-23 10:45:00,247.9250,247.8300
IBM,2025-04-23 10:46:00,247.8300,247.8800
IBM,2025-04-23 10:47:00,247.9000,248.0050
IBM,2025-04-23 10:48:00,247.9200,247.7950
IBM,2025-04-23 10:49:00,247.7300,247.5200
IBM,2025-04-23 10:50:00,247.5001,247.4175
IBM,2025-04-23 10:51:00,247.4150,247.4100
IBM,2025-04-23 10:52:00,247.4950,247.5600
IBM,2025-04-23 10:53:00,247.4900,247.3800
IBM,2025-04-23 10:54:00,247.4300,247.3958
IBM,2025-04-23 10:55:00,247.4450,247.3175
IBM,2025-04-23 10:56:00,247.2500,247.3588
IBM,2025-04-23 10:57:00,247.3900,247.3100
IBM,2025-04-23 10:58:00,247.2900,247.1100
IBM,2025-04-23 10:59:00,247.0600,247.1600
IBM,2025-04-23 11:00:00,247.2200,246.8100
IBM,2025-04-23 11:01:00,246.8050,246.6500
IBM,2025-04-23 11:02:00,246.6700,246.4300
IBM,2025-04-23 11:03:00,246.5500,246.7050
IBM,2025-04-23 11:04:00,246.5900,247.2550
IBM,2025-04-23 11:05:00,247.2100,247.2750
IBM,2025-04-23 11:06:00,247.2200,247.5100
IBM,2025-04-23 11:07:00,247.4900,247.5300
IBM,2025-04-23 11:08:00,247.5300,247.8050
IBM,2025-04-23 11:09:00,247.8050,247.3500
IBM,2025-04-23 11:10:00,247.3900,247.4200
IBM,2025-04-23 11:11:00,247.3930,247.3060
IBM,2025-04-23 11:12:00,247.3705,247.3100
IBM,2025-04-23 11:13:00,247.3100,247.4000
IBM,2025-04-23 11:14:00,247.3800,247.4250
IBM,2025-04-23 11:15:00,247.4900,247.4500
IBM,2025-04-23 11:16:00,247.4500,247.2550
IBM,2025-04-23 11:17:00,247.2700,247.1200
IBM,2025-04-23 11:18:00,247.1700,247.2100
IBM,2025-04-23 11:19:00,247.1250,247.0250
IBM,2025-04-23 11:20:00,247.0250,246.7017
IBM,2025-04-23 11:21:00,246.7850,246.9300
IBM,2025-04-23 11:22:00,246.9900,246.9400
IBM,2025-04-23 11:23:00,246.8700,245.9600
IBM,2025-04-23 11:24:00,246.2000,246.2700
IBM,2025-04-23 11:25:00,246.1500,246.3700
IBM,2025-04-23 11:26:00,246.3000,245.7350
IBM,2025-04-23 11:27:00,245.7500,245.6300
IBM,2025-04-23 11:28:00,245.7200,245.4800
IBM,2025-04-23 11:29:00,245.4700,245.7400
IBM,2025-04-23 11:30:00,245.7400,245.9550
IBM,2025-04-23 11:31:00,245.9500,245.6850
IBM,2025-04-23 11:32:00,245.6200,245.4050
IBM,2025-04-23 11:33:00,245.4050,245.4900
IBM,2025-04-23 11:34:00,245.6200,245.8150
IBM,2025-04-23 11:35:00,245.8050,245.7500
IBM,2025-04-23 11:36:00,245.6300,245.6200
IBM,2025-04-23 11:37:00,245.6050,245.6700
IBM,2025-04-23 11:38:00,245.7300,245.7550
IBM,2025-04-23 11:39:00,245.7250,246.0000
IBM,2025-04-23 11:40:00,246.0200,246.0800
IBM,2025-04-23 11:41:00,245.9500,245.9600
IBM,2025-04-23 11:42:00,245.8600,245.6050
IBM,2025-04-23 11:43:00,245.6200,245.3650
IBM,2025-04-23 11:44:00,245.3650,245.4400
IBM,2025-04-23 11:45:00,245.4250,245.3800
IBM,2025-04-23 11:46:00,245.3250,244.9700
IBM,2025-04-23 11:47:00,244.9700,244.9600
IBM,2025-04-23 11:48:00,244.9800,244.5100
IBM,2025-04-23 11:49:00,244.4695,244.5800
IBM,2025-04-23 11:50:00,244.5950,244.8499
IBM,2025-04-23 11:51:00,244.9000,244.6450
IBM,2025-04-23 11:52:00,244.5350,244.3800
IBM,2025-04-23 11:53:00,244.3800,244.2500
IBM,2025-04-23 11:54:00,244.2300,244.4500
IBM,2025-04-23 11:55:00,244.4750,244.8750
IBM,2025-04-23 11:56:00,244.9050,245.0900
IBM,2025-04-23 11:57:00,245.0900,245.4900
IBM,2025-04-23 11:58:00,245.4900,245.6400
IBM,2025-04-23 11:59:00,245.6400,245.2300
IBM,2025-04-23 12:00:00,245.3700,245.0765
IBM,2025-04-23 12:01:00,244.8200,244.7300
IBM,2025-04-23 12:02:00,244.8299,244.5900
IBM,2025-04-23 12:03:00,244.6800,244.8800
IBM,2025-04-23 12:04:00,244.8850,244.8800
IBM,2025-04-23 12:05:00,244.8700,244.9100
IBM,2025-04-23 12:06:00,244.7700,244.7200
IBM,2025-04-23 12:07:00,244.5800,244.6800
IBM,2025-04-23 12:08:00,244.7150,244.5000
IBM,2025-04-23 12:09:00,244.4900,244.5700
IBM,2025-04-23 12:10:00,244.5150,244.6700
IBM,2025-04-23 12:11:00,244.6700,244.4600
IBM,2025-04-23 12:12:00,244.6550,244.3000
IBM,2025-04-23 12:13:00,244.3100,244.4500
IBM,2025-04-23 12:14:00,244.4900,244.6400
IBM,2025-04-23 12:15:00,244.5450,244.2400
IBM,2025-04-23 12:16:00,244.2200,244.2150
IBM,2025-04-23 12:17:00,244.2600,244.3400
IBM,2025-04-23 12:18:00,244.2700,244.0950
IBM,2025-04-23 12:19:00,244.0000,243.9700
IBM,2025-04-23 12:20:00,243.8900,243.8700
IBM,2025-04-23 12:21:00,243.7800,243.7700
IBM,2025-04-23 12:22:00,243.7900,243.8100
IBM,2025-04-23 12:23:00,243.8300,243.9400
IBM,2025-04-23 12:24:00,243.9900,243.8200
IBM,2025-04-23 12:25:00,243.8400,244.0600
IBM,2025-04-23 12:26:00,243.9700,243.7900
IBM,2025-04-23 12:27:00,243.7900,243.9100
IBM,2025-04-23 12:28:00,243.8700,244.3000
IBM,2025-04-23 12:29:00,244.3800,244.6900
IBM,2025-04-23 12:30:00,244.6650,244.6400
IBM,2025-04-23 12:31:00,244.7600,245.0400
IBM,2025-04-23 12:32:00,244.9800,245.0200
IBM,2025-04-23 12:33:00,245.1000,245.1900
IBM,2025-04-23 12:34:00,245.0950,245.1500
IBM,2025-04-23 12:35:00,245.1600,245.2350
IBM,2025-04-23 12:36:00,245.2350,245.4500
IBM,2025-04-23 12:37:00,245.3550,245.4800
IBM,2025-04-23 12:38:00,245.5600,245.5000
IBM,2025-04-23 12:39:00,245.4200,245.6600
IBM,2025-04-23 12:40:00,245.5450,245.4200
IBM,2025-04-23 12:41:00,245.4200,245.3000
IBM,2025-04-23 12:42:00,245.1300,245.2600
IBM,2025-04-23 12:43:00,245.1700,245.2500
IBM,2025-04-23 12:44:00,245.0900,245.1100
IBM,2025-04-23 12:45:00,245.1200,245.2200
IBM,2025-04-23 12:46:00,245.1500,244.9300
IBM,2025-04-23 12:47:00,245.0200,244.9900
IBM,2025-04-23 12:48:00,244.9880,244.7250
IBM,2025-04-23 12:49:00,244.6200,244.4100
IBM,2025-04-23 12:50:00,244.4400,244.5400
IBM,2025-04-23 12:51:00,244.6200,244.7500
IBM,2025-04-23 12:52:00,244.9800,244.8450
IBM,2025-04-23 12:53:00,244.8300,244.9000
IBM,2025-04-23 12:54:00,244.9000,244.8300
IBM,2025-04-23 12:55:00,244.8000,244.9300
IBM,2025-04-23 12:56:00,244.9900,245.2400
IBM,2025-04-23 12:57:00,245.1400,245.5000
IBM,2025-04-23 12:58:00,245.4750,245.3600
IBM,2025-04-23 12:59:00,245.4800,245.6084
IBM,2025-04-23 13:00:00,245.6000,245.1695
IBM,2025-04-23 13:01:00,245.4600,245.4050
IBM,2025-04-23 13:02:00,245.5100,245.5000
IBM,2025-04-23 13:03:00,245.5050,245.5450
IBM,2025-04-23 13:04:00,245.5200,245.5550
IBM,2025-04-23 13:05:00,245.5600,245.5400
IBM,2025-04-23 13:06:00,245.5500,245.4561
IBM,2025-04-23 13:07:00,245.5600,245.4200
IBM,2025-04-23 13:08:00,245.3600,245.4900
IBM,2025-04-23 13:09:00,245.5264,245.3855
IBM,2025-04-23 13:10:00,245.4050,245.4300
IBM,2025-04-23 13:11:00,245.4800,245.4200
IBM,2025-04-23 13:12:00,245.4450,245.4350
IBM,2025-04-23 13:13:00,245.4300,245.3900
IBM,2025-04-23 13:14:00,245.3600,245.5100
IBM,2025-04-23 13:15:00,245.5100,245.4700
IBM,2025-04-23 13:16:00,245.4000,245.6799
IBM,2025-04-23 13:17:00,245.6300,245.5000
IBM,2025-04-23 13:18:00,245.6000,245.5700
IBM,2025-04-23 13:19:00,245.5500,245.5200
IBM,2025-04-23 13:20:00,245.4500,245.5100
IBM,2025-04-23 13:21:00,245.5100,245.4700
IBM,2025-04-23 13:22:00,245.6000,245.4300
IBM,2025-04-23 13:23:00,245.3900,245.3100
IBM,2025-04-23 13:24:00,245.2800,245.4300
IBM,2025-04-23 13:25:00,245.4999,245.5700
IBM,2025-04-23 13:26:00,245.6000,245.5074
IBM,2025-04-23 13:27:00,245.3400,245.5000
IBM,2025-04-23 13:28:00,245.2900,245.2950
IBM,2025-04-23 13:29:00,245.2700,245.0200
IBM,2025-04-23 13:30:00,245.1950,245.1700
IBM,2025-04-23 13:31:00,245.2400,245.1500
IBM,2025-04-23 13:32:00,245.1000,244.9600
IBM,2025-04-23 13:33:00,244.9700,244.7600
IBM,2025-04-23 13:34:00,244.7150,244.6700
IBM,2025-04-23 13:35:00,244.7128,244.4500
IBM,2025-04-23 13:36:00,244.3600,244.4900
IBM,2025-04-23 13:37:00,244.4200,244.1400
IBM,2025-04-23 13:38:00,244.1650,244.2900
IBM,2025-04-23 13:39:00,244.2400,244.1000
IBM,2025-04-23 13:40:00,244.1500,244.1200
IBM,2025-04-23 13:41:00,244.0100,244.0200
IBM,2025-04-23 13:42:00,244.0200,244.0150
IBM,2025-04-23 13:43:00,244.1100,244.2400
IBM,2025-04-23 13:44:00,244.2100,244.2800
IBM,2025-04-23 13:45:00,244.3150,244.0250
IBM,2025-04-23 13:46:00,244.0400,244.1500
IBM,2025-04-23 13:47:00,244.2000,244.1650
IBM,2025-04-23 13:48:00,244.1750,244.0550
IBM,2025-04-23 13:49:00,244.1400,244.0600
IBM,2025-04-23 13:50:00,244.0650,243.9600
IBM,2025-04-23 13:51:00,244.0350,243.9850
IBM,2025-04-23 13:52:00,243.9800,244.1500
IBM,2025-04-23 13:53:00,244.1800,244.3100
IBM,2025-04-23 13:54:00,244.3750,244.6300
IBM,2025-04-23 13:55:00,244.6200,244.6500
IBM,2025-04-23 13:56:00,244.7500,244.9500
IBM,2025-04-23 13:57:00,244.8450,245.0100
IBM,2025-04-23 13:58:00,244.9800,244.7800
IBM,2025-04-23 13:59:00,244.6300,244.5700
IBM,2025-04-23 14:00:00,244.4800,244.8702
IBM,2025-04-23 14:01:00,244.7299,244.7600
IBM,2025-04-23 14:02:00,244.7651,244.6050
IBM,2025-04-23 14:03:00,244.5100,244.3000
IBM,2025-04-23 14:04:00,244.2600,244.5265
IBM,2025-04-23 14:05:00,244.6801,244.7600
IBM,2025-04-23 14:06:00,244.5200,244.4100
IBM,2025-04-23 14:07:00,244.3300,244.3750
IBM,2025-04-23 14:08:00,244.2950,244.4050
IBM,2025-04-23 14:09:00,244.4350,244.4400
IBM,2025-04-23 14:10:00,244.3500,244.4450
IBM,2025-04-23 14:11:00,244.5100,244.7000
IBM,2025-04-23 14:12:00,244.7700,245.0000
IBM,2025-04-23 14:13:00,244.9700,244.9650
IBM,2025-04-23 14:14:00,244.9050,244.7500
IBM,2025-04-23 14:15:00,244.7700,245.0000
IBM,2025-04-23 14:16:00,244.9150,245.0550
IBM,2025-04-23 14:17:00,245.0050,244.8400
IBM,2025-04-23 14:18:00,244.9200,244.6700
IBM,2025-04-23 14:19:00,244.7300,244.7300
IBM,2025-04-23 14:20:00,244.7300,244.8650
IBM,2025-04-23 14:21:00,244.9600,244.8950
IBM,2025-04-23 14:22:00,244.8500,244.6550
IBM,2025-04-23 14:23:00,244.6550,244.2700
IBM,2025-04-23 14:24:00,244.3200,244.4400
IBM,2025-04-23 14:25:00,244.2900,244.1850
IBM,2025-04-23 14:26:00,244.1550,244.2100
IBM,2025-04-23 14:27:00,244.3200,244.2250
IBM,2025-04-23 14:28:00,244.2600,244.0800
IBM,2025-04-23 14:29:00,244.0500,244.0250
IBM,2025-04-23 14:30:00,244.1300,244.2900
IBM,2025-04-23 14:31:00,244.2500,244.5200
IBM,2025-04-23 14:32:00,244.6000,244.6200
IBM,2025-04-23 14:33:00,244.6400,244.4450
IBM,2025-04-23 14:34:00,244.4250,244.4321
IBM,2025-04-23 14:35:00,244.3700,244.2400
IBM,2025-04-23 14:36:00,244.2500,244.3050
IBM,2025-04-23 14:37:00,244.4200,244.5000
IBM,2025-04-23 14:38:00,244.5100,244.5200
IBM,2025-04-23 14:39:00,244.5200,244.5600
IBM,2025-04-23 14:40:00,244.5400,244.3650
IBM,2025-04-23 14:41:00,244.3500,244.4900
IBM,2025-04-23 14:42:00,244.3600,244.4350
IBM,2025-04-23 14:43:00,244.4200,244.3901
IBM,2025-04-23 14:44:00,244.4400,244.4003
IBM,2025-04-23 14:45:00,244.4100,244.3300
IBM,2025-04-23 14:46:00,244.3600,244.4800
IBM,2025-04-23 14:47:00,244.4400,244.7200
IBM,2025-04-23 14:48:00,244.8020,244.7900
IBM,2025-04-23 14:49:00,244.8300,244.7500
IBM,2025-04-23 14:50:00,244.7525,244.7300
IBM,2025-04-23 14:51:00,244.7700,244.7150
IBM,2025-04-23 14:52:00,244.7500,244.8300
IBM,2025-04-23 14:53:00,244.8550,244.8450
IBM,2025-04-23 14:54:00,244.8450,244.9250
IBM,2025-04-23 14:55:00,244.9225,245.1000
IBM,2025-04-23 14:56:00,245.0900,245.3675
IBM,2025-04-23 14:57:00,245.4200,245.0850
IBM,2025-04-23 14:58:00,245.1900,245.5000
IBM,2025-04-23 14:59:00,245.5599,245.2618
IBM,2025-04-23 15:00:00,245.2500,245.3500
IBM,2025-04-23 15:01:00,245.3500,244.9900
IBM,2025-04-23 15:02:00,245.0000,244.8800
IBM,2025-04-23 15:03:00,244.8200,244.7100
IBM,2025-04-23 15:04:00,244.7650,244.4450
IBM,2025-04-23 15:05:00,244.4300,244.6950
IBM,2025-04-23 15:06:00,244.6950,244.7300
IBM,2025-04-23 15:07:00,244.7300,244.6516
IBM,2025-04-23 15:08:00,244.7700,244.6750
IBM,2025-04-23 15:09:00,244.6400,244.5650
IBM,2025-04-23 15:10:00,244.5750,244.6900
IBM,2025-04-23 15:11:00,244.6900,244.8500
IBM,2025-04-23 15:12:00,244.8600,244.6900
IBM,2025-04-23 15:13:00,244.7050,244.6950
IBM,2025-04-23 15:14:00,244.7000,244.6800
IBM,2025-04-23 15:15:00,244.6450,244.6300
IBM,2025-04-23 15:16:00,244.6400,244.5100
IBM,2025-04-23 15:17:00,244.4600,244.4900
IBM,2025-04-23 15:18:00,244.4100,244.3200
IBM,2025-04-23 15:19:00,244.3900,244.2050
IBM,2025-04-23 15:20:00,244.1800,244.1650
IBM,2025-04-23 15:21:00,244.1850,244.2400
IBM,2025-04-23 15:22:00,244.2500,243.9900
IBM,2025-04-23 15:23:00,243.9600,243.9400
IBM,2025-04-23 15:24:00,243.9400,243.9250
IBM,2025-04-23 15:25:00,243.9500,243.8750
IBM,2025-04-23 15:26:00,243.8750,244.3000
IBM,2025-04-23 15:27:00,244.2550,244.3150
IBM,2025-04-23 15:28:00,244.3150,244.1200
IBM,2025-04-23 15:29:00,244.0400,244.0517
IBM,2025-04-23 15:30:00,244.1200,244.2000
IBM,2025-04-23 15:31:00,244.2100,244.6500
IBM,2025-04-23 15:32:00,244.6000,244.4099
IBM,2025-04-23 15:33:00,244.3600,244.7050
IBM,2025-04-23 15:34:00,244.6500,244.3750
IBM,2025-04-23 15:35:00,244.2900,243.9413
IBM,2025-04-23 15:36:00,243.9950,244.0850
IBM,2025-04-23 15:37:00,244.1200,244.0200
IBM,2025-04-23 15:38:00,244.0700,244.0450
IBM,2025-04-23 15:39:00,244.0300,243.9800
IBM,2025-04-23 15:40:00,244.1000,244.2350
IBM,2025-04-23 15:41:00,244.2800,244.2400
IBM,2025-04-23 15:42:00,244.2800,244.2200
IBM,2025-04-23 15:43:00,244.2700,244.1900
IBM,2025-04-23 15:44:00,244.1700,244.3200
IBM,2025-04-23 15:45:00,244.3250,244.3900
IBM,2025-04-23 15:46:00,244.3684,244.1425
IBM,2025-04-23 15:47:00,244.2000,244.3550
IBM,2025-04-23 15:48:00,244.4100,244.6100
IBM,2025-04-23 15:49:00,244.6250,244.8799
IBM,2025-04-23 15:50:00,244.8900,245.3700
IBM,2025-04-23 15:51:00,245.3673,245.4700
IBM,2025-04-23 15:52:00,245.4800,245.7000
IBM,2025-04-23 15:53:00,245.8400,245.7300
IBM,2025-04-23 15:54:00,245.7700,245.8700
IBM,2025-04-23 15:55:00,245.8000,246.0250
IBM,2025-04-23 15:56:00,246.0050,245.8300
IBM,2025-04-23 15:57:00,245.8300,246.1900
IBM,2025-04-23 15:58:00,246.1700,245.9425
IBM,2025-04-23 15:59:00,245.9525,245.2100
IBM,2025-04-24 09:30:00,231.1750,228.3900
IBM,2025-04-24 09:31:00,228.4700,228.8900
IBM,2025-04-24 09:32:00,228.6955,226.9480
IBM,2025-04-24 09:33:00,227.1300,227.0500
IBM,2025-04-24 09:34:00,227.0500,227.0700
IBM,2025-04-24 09:35:00,227.1350,226.4000
IBM,2025-04-24 09:36:00,226.7100,225.8820
IBM,2025-04-24 09:37:00,225.8700,225.4900
IBM,2025-04-24 09:38:00,225.4900,225.5600
IBM,2025-04-24 09:39:00,225.7000,225.7000
IBM,2025-04-24 09:40:00,225.6600,225.1400
IBM,2025-04-24 09:41:00,225.1800,225.5200
IBM,2025-04-24 09:42:00,225.4300,224.7300
IBM,2025-04-24 09:43:00,224.8800,225.2950
IBM,2025-04-24 09:44:00,225.2865,225.7000
IBM,2025-04-24 09:45:00,225.6500,225.2304
IBM,2025-04-24 09:46:00,225.2356,227.3110
IBM,2025-04-24 09:47:00,227.2100,225.3100
IBM,2025-04-24 09:48:00,225.3400,225.4800
IBM,2025-04-24 09:49:00,225.4800,225.5699
IBM,2025-04-24 09:50:00,225.4900,226.1360
IBM,2025-04-24 09:51:00,226.1650,227.7836
IBM,2025-04-24 09:52:00,227.7945,228.7500
IBM,2025-04-24 09:53:00,228.7500,229.7204
IBM,2025-04-24 09:54:00,229.7300,229.8400
IBM,2025-04-24 09:55:00,229.8800,229.5100
IBM,2025-04-24 09:56:00,229.4093,229.2850
IBM,2025-04-24 09:57:00,229.3098,229.3300
IBM,2025-04-24 09:58:00,229.3365,229.4124
IBM,2025-04-24 09:59:00,229.3000,228.5200
IBM,2025-04-24 10:00:00,228.5000,228.6000
IBM,2025-04-24 10:01:00,228.6100,229.1400
IBM,2025-04-24 10:02:00,229.2199,229.0822
IBM,2025-04-24 10:03:00,229.2400,229.1800
IBM,2025-04-24 10:04:00,229.2200,229.7250
IBM,2025-04-24 10:05:00,229.7250,230.2730
IBM,2025-04-24 10:06:00,230.3450,229.9600
IBM,2025-04-24 10:07:00,229.9450,230.2000
IBM,2025-04-24 10:08:00,230.2250,231.3600
IBM,2025-04-24 10:09:00,231.2450,231.0250
IBM,2025-04-24 10:10:00,231.0250,230.7800
IBM,2025-04-24 10:11:00,230.8326,231.9769
IBM,2025-04-24 10:12:00,231.8400,231.1000
IBM,2025-04-24 10:13:00,231.0100,231.0750
IBM,2025-04-24 10:14:00,231.0750,231.1250
IBM,2025-04-24 10:15:00,231.1550,231.2086
IBM,2025-04-24 10:16:00,231.4600,231.7240
IBM,2025-04-24 10:17:00,231.7288,231.9100
IBM,2025-04-24 10:18:00,231.8900,232.1600
IBM,2025-04-24 10:19:00,232.0401,232.0000
IBM,2025-04-24 10:20:00,232.0000,231.7100
IBM,2025-04-24 10:21:00,231.7100,232.0900
IBM,2025-04-24 10:22:00,232.0900,231.6740
IBM,2025-04-24 10:23:00,231.4830,231.7000
IBM,2025-04-24 10:24:00,231.6900,232.1000
IBM,2025-04-24 10:25:00,232.0700,232.1600
IBM,2025-04-24 10:26:00,232.0300,231.5150
IBM,2025-04-24 10:27:00,231.5100,231.4400
IBM,2025-04-24 10:28:00,231.5000,231.0450
IBM,2025-04-24 10:29:00,231.0500,231.3950
IBM,2025-04-24 10:30:00,231.3950,230.8328
IBM,2025-04-24 10:31:00,230.9250,230.9050
IBM,2025-04-24 10:32:00,230.9200,231.0300
IBM,2025-04-24 10:33:00,231.0200,230.9700
IBM,2025-04-24 10:34:00,231.0350,231.6100
IBM,2025-04-24 10:35:00,231.6837,231.6000
IBM,2025-04-24 10:36:00,231.6500,231.5600
IBM,2025-04-24 10:37:00,231.5600,231.5400
IBM,2025-04-24 10:38:00,231.5400,231.8100
IBM,2025-04-24 10:39:00,231.8050,231.8900
IBM,2025-04-24 10:40:00,231.8400,232.3400
IBM,2025-04-24 10:41:00,232.3200,232.5050
IBM,2025-04-24 10:42:00,232.6000,232.3500
IBM,2025-04-24 10:43:00,232.4040,232.3400
IBM,2025-04-24 10:44:00,232.3250,232.3500
IBM,2025-04-24 10:45:00,232.4899,231.7500
IBM,2025-04-24 10:46:00,231.7500,231.1761
IBM,2025-04-24 10:47:00,231.5061,230.3345
IBM,2025-04-24 10:48:00,230.3700,230.5300
IBM,2025-04-24 10:49:00,230.4950,231.2200
IBM,2025-04-24 10:50:00,231.2400,230.4850
IBM,2025-04-24 10:51:00,230.4000,230.4250
IBM,2025-04-24 10:52:00,230.3300,230.2350
IBM,2025-04-24 10:53:00,230.2500,230.5992
IBM,2025-04-24 10:54:00,230.5950,231.0898
IBM,2025-04-24 10:55:00,230.9300,230.8959
IBM,2025-04-24 10:56:00,230.7500,230.8350
IBM,2025-04-24 10:57:00,230.8350,230.8250
IBM,2025-04-24 10:58:00,230.8500,230.5800
IBM,2025-04-24 10:59:00,230.5500,230.3735
IBM,2025-04-24 11:00:00,230.6299,229.8700
IBM,2025-04-24 11:01:00,229.8810,229.7200
IBM,2025-04-24 11:02:00,229.8100,230.1100
IBM,2025-04-24 11:03:00,230.1965,230.3950
IBM,2025-04-24 11:04:00,230.4000,230.7600
IBM,2025-04-24 11:05:00,230.6900,230.7150
IBM,2025-04-24 11:06:00,230.7150,230.3100
IBM,2025-04-24 11:07:00,230.3044,229.9550
IBM,2025-04-24 11:08:00,229.9300,229.7110
IBM,2025-04-24 11:09:00,229.7808,229.6400
IBM,2025-04-24 11:10:00,229.6600,229.6200
IBM,2025-04-24 11:11:00,229.7450,229.8250
IBM,2025-04-24 11:12:00,229.8250,229.8100
IBM,2025-04-24 11:13:00,229.8100,230.0000
IBM,2025-04-24 11:14:00,230.0200,229.6800
IBM,2025-04-24 11:15:00,229.6800,229.4500
IBM,2025-04-24 11:16:00,229.4636,229.0200
IBM,2025-04-24 11:17:00,229.0100,228.9465
IBM,2025-04-24 11:18:00,228.9900,228.9185
IBM,2025-04-24 11:19:00,229.0499,228.8220
IBM,2025-04-24 11:20:00,228.9000,228.7300
IBM,2025-04-24 11:21:00,228.6700,228.7537
IBM,2025-04-24 11:22:00,228.8450,228.4300
IBM,2025-04-24 11:23:00,228.3828,228.4400
IBM,2025-04-24 11:24:00,228.4500,228.6500
IBM,2025-04-24 11:25:00,228.6400,228.3600
IBM,2025-04-24 11:26:00,228.3700,227.9750
IBM,2025-04-24 11:27:00,227.9000,227.7200
IBM,2025-04-24 11:28:00,227.7935,227.8800
IBM,2025-04-24 11:29:00,227.8800,227.8600
IBM,2025-04-24 11:30:00,227.8600,227.6210
IBM,2025-04-24 11:31:00,227.7199,227.3301
IBM,2025-04-24 11:32:00,227.3350,227.0350
IBM,2025-04-24 11:33:00,227.0100,226.8000
IBM,2025-04-24 11:34:00,226.7600,227.3400
IBM,2025-04-24 11:35:00,227.3400,227.1600
IBM,2025-04-24 11:36:00,227.1700,227.1623
IBM,2025-04-24 11:37:00,227.2700,227.0050
IBM,2025-04-24 11:38:00,226.9300,227.1000
IBM,2025-04-24 11:39:00,227.1100,226.9000
IBM,2025-04-24 11:40:00,226.8500,227.1277
IBM,2025-04-24 11:41:00,226.9600,227.0376
IBM,2025-04-24 11:42:00,226.8500,226.7500
IBM,2025-04-24 11:43:00,226.7900,226.7000
IBM,2025-04-24 11:44:00,226.6350,226.6350
IBM,2025-04-24 11:45:00,226.6350,226.4600
IBM,2025-04-24 11:46:00,226.5000,226.5800
IBM,2025-04-24 11:47:00,226.5800,226.5800
IBM,2025-04-24 11:48:00,226.5700,226.7136
IBM,2025-04-24 11:49:00,226.7350,226.8300
IBM,2025-04-24 11:50:00,226.9150,226.8400
IBM,2025-04-24 11:51:00,226.8000,226.6600
IBM,2025-04-24 11:52:00,226.6500,226.6900
IBM,2025-04-24 11:53:00,226.7400,227.1950
IBM,2025-04-24 11:54:00,227.2500,227.6552
IBM,2025-04-24 11:55:00,227.6581,227.5740
IBM,2025-04-24 11:56:00,227.5800,227.2700
IBM,2025-04-24 11:57:00,227.1300,227.1699
IBM,2025-04-24 11:58:00,227.1500,227.2200
IBM,2025-04-24 11:59:00,227.2250,227.5500
IBM,2025-04-24 12:00:00,227.5000,227.0800
IBM,2025-04-24 12:01:00,227.1150,226.9400
IBM,2025-04-24 12:02:00,226.9300,227.1300
IBM,2025-04-24 12:03:00,227.2000,227.0400
IBM,2025-04-24 12:04:00,227.0400,226.9825
IBM,2025-04-24 12:05:00,226.9250,226.7900
IBM,2025-04-24 12:06:00,226.8400,226.8700
IBM,2025-04-24 12:07:00,226.9050,226.8000
IBM,2025-04-24 12:08:00,226.8000,226.6500
IBM,2025-04-24 12:09:00,226.6400,226.8050
IBM,2025-04-24 12:10:00,226.8000,227.2400
IBM,2025-04-24 12:11:00,227.2400,227.2250
IBM,2025-04-24 12:12:00,227.2600,227.4735
IBM,2025-04-24 12:13:00,227.3300,227.2050
IBM,2025-04-24 12:14:00,227.2100,227.3500
IBM,2025-04-24 12:15:00,227.3500,227.3700
IBM,2025-04-24 12:16:00,227.3700,227.5600
IBM,2025-04-24 12:17:00,227.5300,227.3900
IBM,2025-04-24 12:18:00,227.4426,227.2800
IBM,2025-04-24 12:19:00,227.2813,227.0000
IBM,2025-04-24 12:20:00,226.9900,226.8994
IBM,2025-04-24 12:21:00,226.9000,226.6000
IBM,2025-04-24 12:22:00,226.6250,226.5556
IBM,2025-04-24 12:23:00,226.5600,226.7950
IBM,2025-04-24 12:24:00,226.7950,226.7149
IBM,2025-04-24 12:25:00,226.6850,226.6050
IBM,2025-04-24 12:26:00,226.6100,226.5600
IBM,2025-04-24 12:27:00,226.7199,226.7450
IBM,2025-04-24 12:28:00,226.7400,227.3320
IBM,2025-04-24 12:29:00,227.4400,227.5000
IBM,2025-04-24 12:30:00,227.4400,227.2600
IBM,2025-04-24 12:31:00,227.3250,227.3400
IBM,2025-04-24 12:32:00,227.2700,227.2750
IBM,2025-04-24 12:33:00,227.3500,227.7000
IBM,2025-04-24 12:34:00,227.6750,227.8400
IBM,2025-04-24 12:35:00,227.8275,228.0400
IBM,2025-04-24 12:36:00,228.0300,228.1199
IBM,2025-04-24 12:37:00,228.0100,228.0400
IBM,2025-04-24 12:38:00,228.0700,228.3500
IBM,2025-04-24 12:39:00,228.3100,228.0100
IBM,2025-04-24 12:40:00,228.0000,228.4050
IBM,2025-04-24 12:41:00,228.3700,228.2600
IBM,2025-04-24 12:42:00,228.2700,228.2700
IBM,2025-04-24 12:43:00,228.2300,228.3465
IBM,2025-04-24 12:44:00,228.3350,228.6750
IBM,2025-04-24 12:45:00,228.7250,228.5300
IBM,2025-04-24 12:46:00,228.6300,228.8800
IBM,2025-04-24 12:47:00,228.9000,229.0700
IBM,2025-04-24 12:48:00,229.0112,228.6500
IBM,2025-04-24 12:49:00,228.6400,228.5125
IBM,2025-04-24 12:50:00,228.5307,228.3400
IBM,2025-04-24 12:51:00,228.2800,228.3350
IBM,2025-04-24 12:52:00,228.3982,228.3000
IBM,2025-04-24 12:53:00,228.3900,228.7821
IBM,2025-04-24 12:54:00,228.9882,229.0896
IBM,2025-04-24 12:55:00,229.0900,229.0400
IBM,2025-04-24 12:56:00,229.0650,229.1100
IBM,2025-04-24 12:57:00,229.0800,229.2596
IBM,2025-04-24 12:58:00,229.2500,229.2200
IBM,2025-04-24 12:59:00,229.1400,228.7900
IBM,2025-04-24 13:00:00,228.6900,228.7900
IBM,2025-04-24 13:01:00,228.7900,228.9300
IBM,2025-04-24 13:02:00,228.8700,229.0435
IBM,2025-04-24 13:03:00,229.0150,229.2857
IBM,2025-04-24 13:04:00,229.1300,229.0380
IBM,2025-04-24 13:05:00,229.0700,229.3000
IBM,2025-04-24 13:06:00,229.3000,229.3400
IBM,2025-04-24 13:07:00,229.3100,229.4010
IBM,2025-04-24 13:08:00,229.3800,229.2900
IBM,2025-04-24 13:09:00,229.1800,228.8800
IBM,2025-04-24 13:10:00,228.9075,228.9400
IBM,2025-04-24 13:11:00,228.9600,228.8600
IBM,2025-04-24 13:12:00,228.8650,229.0200
IBM,2025-04-24 13:13:00,228.9600,228.9300
IBM,2025-04-24 13:14:00,228.8878,228.7012
IBM,2025-04-24 13:15:00,228.7000,228.6250
IBM,2025-04-24 13:16:00,228.5300,228.1700
IBM,2025-04-24 13:17:00,228.3000,228.2240
IBM,2025-04-24 13:18:00,228.2100,228.1600
IBM,2025-04-24 13:19:00,228.1400,228.4950
IBM,2025-04-24 13:20:00,228.3795,228.2200
IBM,2025-04-24 13:21:00,228.3799,228.1500
IBM,2025-04-24 13:22:00,228.1500,228.1000
IBM,2025-04-24 13:23:00,228.0800,228.0100
IBM,2025-04-24 13:24:00,227.9100,227.9870
IBM,2025-04-24 13:25:00,228.1300,228.2200
IBM,2025-04-24 13:26:00,228.2200,228.2700
IBM,2025-04-24 13:27:00,228.2350,228.4282
IBM,2025-04-24 13:28:00,228.2600,228.2500
IBM,2025-04-24 13:29:00,228.1700,227.8710
IBM,2025-04-24 13:30:00,227.9200,228.0700
IBM,2025-04-24 13:31:00,228.0728,228.3850
IBM,2025-04-24 13:32:00,228.4100,228.2050
IBM,2025-04-24 13:33:00,228.1700,227.9530
IBM,2025-04-24 13:34:00,227.8940,227.8750
IBM,2025-04-24 13:35:00,227.8251,227.6500
IBM,2025-04-24 13:36:00,227.5824,227.5600
IBM,2025-04-24 13:37:00,227.6000,227.5700
IBM,2025-04-24 13:38:00,227.6200,227.7800
IBM,2025-04-24 13:39:00,227.7050,227.7900
IBM,2025-04-24 13:40:00,227.7700,227.5900
IBM,2025-04-24 13:41:00,227.6550,227.3175
IBM,2025-04-24 13:42:00,227.3133,227.3280
IBM,2025-04-24 13:43:00,227.3250,227.2300
IBM,2025-04-24 13:44:00,227.2900,227.2900
IBM,2025-04-24 13:45:00,227.2400,227.3500
IBM,2025-04-24 13:46:00,227.3850,227.2043
IBM,2025-04-24 13:47:00,227.2450,227.2800
IBM,2025-04-24 13:48:00,227.2900,227.1800
IBM,2025-04-24 13:49:00,227.2450,227.3600
IBM,2025-04-24 13:50:00,227.2700,227.3918
IBM,2025-04-24 13:51:00,227.3500,227.3100
IBM,2025-04-24 13:52:00,227.3500,227.3100
IBM,2025-04-24 13:53:00,227.3100,227.4900
IBM,2025-04-24 13:54:00,227.4600,227.5328
IBM,2025-04-24 13:55:00,227.5600,227.3800
IBM,2025-04-24 13:56:00,227.4200,227.4090
IBM,2025-04-24 13:57:00,227.3400,227.4600
IBM,2025-04-24 13:58:00,227.4100,227.4101
IBM,2025-04-24 13:59:00,227.4500,227.8550
IBM,2025-04-24 14:00:00,227.8175,227.6500
IBM,2025-04-24 14:01:00,227.6900,227.7100
IBM,2025-04-24 14:02:00,227.7800,227.9500
IBM,2025-04-24 14:03:00,227.9550,227.6000
IBM,2025-04-24 14:04:00,227.5600,227.4600
IBM,2025-04-24 14:05:00,227.3900,227.7500
IBM,2025-04-24 14:06:00,227.7793,227.9000
IBM,2025-04-24 14:07:00,227.9100,227.9250
IBM,2025-04-24 14:08:00,227.9250,227.9400
IBM,2025-04-24 14:09:00,227.8300,227.9900
IBM,2025-04-24 14:10:00,227.9845,228.1300
IBM,2025-04-24 14:11:00,228.0900,228.2500
IBM,2025-04-24 14:12:00,228.3599,228.4900
IBM,2025-04-24 14:13:00,228.5299,228.5300
IBM,2025-04-24 14:14:00,228.6050,228.6650
IBM,2025-04-24 14:15:00,228.6500,229.2350
IBM,2025-04-24 14:16:00,229.1800,229.1000
IBM,2025-04-24 14:17:00,228.9700,228.9700
IBM,2025-04-24 14:18:00,229.0300,229.0000
IBM,2025-04-24 14:19:00,228.9600,228.7500
IBM,2025-04-24 14:20:00,228.6500,228.2300
IBM,2025-04-24 14:21:00,228.2700,228.3000
IBM,2025-04-24 14:22:00,228.3000,228.3700
IBM,2025-04-24 14:23:00,228.3200,228.3500
IBM,2025-04-24 14:24:00,228.4300,228.4750
IBM,2025-04-24 14:25:00,228.4750,228.6086
IBM,2025-04-24 14:26:00,228.5450,228.5450
IBM,2025-04-24 14:27:00,228.5450,228.7200
IBM,2025-04-24 14:28:00,228.7300,228.7900
IBM,2025-04-24 14:29:00,228.7700,228.9550
IBM,2025-04-24 14:30:00,228.9100,228.9850
IBM,2025-04-24 14:31:00,228.9900,229.3850
IBM,2025-04-24 14:32:00,229.2985,229.2800
IBM,2025-04-24 14:33:00,229.3200,229.1450
IBM,2025-04-24 14:34:00,229.1000,229.1900
IBM,2025-04-24 14:35:00,229.1900,229.3900
IBM,2025-04-24 14:36:00,229.2745,229.7400
IBM,2025-04-24 14:37:00,229.7437,229.9264
IBM,2025-04-24 14:38:00,229.8500,230.0000
IBM,2025-04-24 14:39:00,230.0000,230.2300
IBM,2025-04-24 14:40:00,230.2300,230.1800
IBM,2025-04-24 14:41:00,230.1900,230.2000
IBM,2025-04-24 14:42:00,230.0700,230.2400
IBM,2025-04-24 14:43:00,230.2340,230.2353
IBM,2025-04-24 14:44:00,230.1900,230.3000
IBM,2025-04-24 14:45:00,230.2350,230.2600
IBM,2025-04-24 14:46:00,230.2600,230.2700
IBM,2025-04-24 14:47:00,230.2600,229.9900
IBM,2025-04-24 14:48:00,229.9900,230.0400
IBM,2025-04-24 14:49:00,230.0400,230.0880
IBM,2025-04-24 14:50:00,230.0800,230.3700
IBM,2025-04-24 14:51:00,230.3550,230.1700
IBM,2025-04-24 14:52:00,230.1000,230.3800
IBM,2025-04-24 14:53:00,230.3450,230.4000
IBM,2025-04-24 14:54:00,230.3900,230.2800
IBM,2025-04-24 14:55:00,230.2700,230.2000
IBM,2025-04-24 14:56:00,230.2600,230.2850
IBM,2025-04-24 14:57:00,230.2407,230.2627
IBM,2025-04-24 14:58:00,230.2200,230.2491
IBM,2025-04-24 14:59:00,230.2500,230.2900
IBM,2025-04-24 15:00:00,230.1300,229.7100
IBM,2025-04-24 15:01:00,229.7309,229.6700
IBM,2025-04-24 15:02:00,229.6945,229.4600
IBM,2025-04-24 15:03:00,229.3900,229.3300
IBM,2025-04-24 15:04:00,229.2841,229.3400
IBM,2025-04-24 15:05:00,229.3400,229.6199
IBM,2025-04-24 15:06:00,229.5650,229.5500
IBM,2025-04-24 15:07:00,229.4964,229.3875
IBM,2025-04-24 15:08:00,229.3245,229.3700
IBM,2025-04-24 15:09:00,229.3200,229.3000
IBM,2025-04-24 15:10:00,229.2700,229.1800
IBM,2025-04-24 15:11:00,229.2150,229.0700
IBM,2025-04-24 15:12:00,229.0300,229.0300
IBM,2025-04-24 15:13:00,229.0230,228.7400
IBM,2025-04-24 15:14:00,228.7150,228.7150
IBM,2025-04-24 15:15:00,228.6400,228.6600
IBM,2025-04-24 15:16:00,228.6550,228.6000
IBM,2025-04-24 15:17:00,228.6600,228.8600
IBM,2025-04-24 15:18:00,228.8600,228.8550
IBM,2025-04-24 15:19:00,228.8950,228.8570
IBM,2025-04-24 15:20:00,228.8500,228.8900
IBM,2025-04-24 15:21:00,228.9200,229.2350
IBM,2025-04-24 15:22:00,229.2300,228.5642
IBM,2025-04-24 15:23:00,228.5500,228.2750
IBM,2025-04-24 15:24:00,228.2100,228.2150
IBM,2025-04-24 15:25:00,228.2128,228.2800
IBM,2025-04-24 15:26:00,228.3555,228.5600
IBM,2025-04-24 15:27:00,228.6000,228.6250
IBM,2025-04-24 15:28:00,228.6750,228.5500
IBM,2025-04-24 15:29:00,228.5700,228.3650
IBM,2025-04-24 15:30:00,228.3500,228.5800
IBM,2025-04-24 15:31:00,228.5850,228.8100
IBM,2025-04-24 15:32:00,228.7900,228.6300
IBM,2025-04-24 15:33:00,228.6650,228.7400
IBM,2025-04-24 15:34:00,228.7900,228.5100
IBM,2025-04-24 15:35:00,228.4900,228.5750
IBM,2025-04-24 15:36:00,228.6000,228.7000
IBM,2025-04-24 15:37:00,228.6677,229.0400
IBM,2025-04-24 15:38:00,229.0400,229.3500
IBM,2025-04-24 15:39:00,229.2950,229.2100
IBM,2025-04-24 15:40:00,229.3050,229.7400
IBM,2025-04-24 15:41:00,229.7400,229.6550
IBM,2025-04-24 15:42:00,229.7300,229.5800
IBM,2025-04-24 15:43:00,229.5864,229.6375
IBM,2025-04-24 15:44:00,229.6350,229.3950
IBM,2025-04-24 15:45:00,229.4700,229.1100
IBM,2025-04-24 15:46:00,229.1240,229.2600
IBM,2025-04-24 15:47:00,229.3200,229.2100
IBM,2025-04-24 15:48:00,229.2110,229.3000
IBM,2025-04-24 15:49:00,229.2900,229.6400
IBM,2025-04-24 15:50:00,229.6950,229.2295
IBM,2025-04-24 15:51:00,229.2250,229.0700
IBM,2025-04-24 15:52:00,229.1000,229.4200
IBM,2025-04-24 15:53:00,229.3900,229.6550
IBM,2025-04-24 15:54:00,229.7100,229.8000
IBM,2025-04-24 15:55:00,229.8020,229.6100
IBM,2025-04-24 15:56:00,229.6400,229.7000
IBM,2025-04-24 15:57:00,229.6850,229.2844
IBM,2025-04-24 15:58:00,229.2700,229.2400
IBM,2025-04-24 15:59:00,229.2400,229.2100
IBM,2025-04-25 09:30:00,228.9500,229.0025
IBM,2025-04-25 09:31:00,228.7660,228.9850
IBM,2025-04-25 09:32:00,228.8201,229.0682
IBM,2025-04-25 09:33:00,228.7850,229.0850
IBM,2025-04-25 09:34:00,228.8901,228.6500
IBM,2025-04-25 09:35:00,228.4300,228.1000
IBM,2025-04-25 09:36:00,228.0900,228.0000
IBM,2025-04-25 09:37:00,228.0000,228.1850
IBM,2025-04-25 09:38:00,228.3200,228.0750
IBM,2025-04-25 09:39:00,228.0700,227.8000
IBM,2025-04-25 09:40:00,227.7800,227.8000
IBM,2025-04-25 09:41:00,227.7600,227.4036
IBM,2025-04-25 09:42:00,227.4950,227.2800
IBM,2025-04-25 09:43:00,227.2900,227.3200
IBM,2025-04-25 09:44:00,227.2700,227.1950
IBM,2025-04-25 09:45:00,227.0600,227.1100
IBM,2025-04-25 09:46:00,227.0956,226.9850
IBM,2025-04-25 09:47:00,227.0999,226.5600
IBM,2025-04-25 09:48:00,226.5600,226.7300
IBM,2025-04-25 09:49:00,226.7200,227.0400
IBM,2025-04-25 09:50:00,226.9650,227.0750
IBM,2025-04-25 09:51:00,227.0750,227.1150
IBM,2025-04-25 09:52:00,227.2700,227.9700
IBM,2025-04-25 09:53:00,227.9500,228.2700
IBM,2025-04-25 09:54:00,228.3000,228.1760
IBM,2025-04-25 09:55:00,228.2000,227.9100
IBM,2025-04-25 09:56:00,228.0100,227.7750
IBM,2025-04-25 09:57:00,227.7100,227.3000
IBM,2025-04-25 09:58:00,227.3900,227.4400
IBM,2025-04-25 09:59:00,227.3400,227.1100
IBM,2025-04-25 10:00:00,227.3600,227.7050
IBM,2025-04-25 10:01:00,227.7050,227.6900
IBM,2025-04-25 10:02:00,227.7400,227.7300
IBM,2025-04-25 10:03:00,227.7500,227.7101
IBM,2025-04-25 10:04:00,227.9700,227.9400
IBM,2025-04-25 10:05:00,227.9650,227.8350
IBM,2025-04-25 10:06:00,227.8350,227.9800
IBM,2025-04-25 10:07:00,228.1200,228.7800
IBM,2025-04-25 10:08:00,228.7900,228.7900
IBM,2025-04-25 10:09:00,228.8600,228.7060
IBM,2025-04-25 10:10:00,228.5801,228.6700
IBM,2025-04-25 10:11:00,228.5500,228.6400
IBM,2025-04-25 10:12:00,228.6400,229.1049
IBM,2025-04-25 10:13:00,229.0250,228.8000
IBM,2025-04-25 10:14:00,228.9600,228.9500
IBM,2025-04-25 10:15:00,228.9500,228.9750
IBM,2025-04-25 10:16:00,228.9965,229.3000
IBM,2025-04-25 10:17:00,229.3000,229.4500
IBM,2025-04-25 10:18:00,229.4100,229.0900
IBM,2025-04-25 10:19:00,229.2500,229.0985
IBM,2025-04-25 10:20:00,229.0800,228.9900
IBM,2025-04-25 10:21:00,228.9900,228.4400
IBM,2025-04-25 10:22:00,228.4200,228.0450
IBM,2025-04-25 10:23:00,227.9200,228.1900
IBM,2025-04-25 10:24:00,228.2300,228.5950
IBM,2025-04-25 10:25:00,228.4900,228.4700
IBM,2025-04-25 10:26:00,228.4700,228.1130
IBM,2025-04-25 10:27:00,228.1250,228.1750
IBM,2025-04-25 10:28:00,228.1650,228.0800
IBM,2025-04-25 10:29:00,228.1468,228.3300
IBM,2025-04-25 10:30:00,228.3300,228.2900
IBM,2025-04-25 10:31:00,228.2400,227.9800
IBM,2025-04-25 10:32:00,228.0565,228.3683
IBM,2025-04-25 10:33:00,228.2574,228.5092
IBM,2025-04-25 10:34:00,228.5800,228.7525
IBM,2025-04-25 10:35:00,228.7450,228.8800
IBM,2025-04-25 10:36:00,228.9600,228.5500
IBM,2025-04-25 10:37:00,228.5400,228.2900
IBM,2025-04-25 10:38:00,228.2900,228.5200
IBM,2025-04-25 10:39:00,228.6300,228.5350
IBM,2025-04-25 10:40:00,228.6200,228.7500
IBM,2025-04-25 10:41:00,228.8200,228.8000
IBM,2025-04-25 10:42:00,228.8000,228.5500
IBM,2025-04-25 10:43:00,228.8200,228.6350
IBM,2025-04-25 10:44:00,228.5600,228.5300
IBM,2025-04-25 10:45:00,228.5500,228.5400
IBM,2025-04-25 10:46:00,228.5000,228.3600
IBM,2025-04-25 10:47:00,228.4200,228.4000
IBM,2025-04-25 10:48:00,228.4200,228.4450
IBM,2025-04-25 10:49:00,228.4800,228.5950
IBM,2025-04-25 10:50:00,228.5800,228.6700
IBM,2025-04-25 10:51:00,228.6000,228.6200
IBM,2025-04-25 10:52:00,228.6500,228.3500
IBM,2025-04-25 10:53:00,228.3600,228.6263
IBM,2025-04-25 10:54:00,228.5950,228.5200
IBM,2025-04-25 10:55:00,228.5200,228.6150
IBM,2025-04-25 10:56:00,228.6150,228.5969
IBM,2025-04-25 10:57:00,228.5100,228.6500
IBM,2025-04-25 10:58:00,228.6417,229.0000
IBM,2025-04-25 10:59:00,229.0500,229.3000
IBM,2025-04-25 11:00:00,229.2700,229.0700
IBM,2025-04-25 11:01:00,229.1350,229.1100
IBM,2025-04-25 11:02:00,229.1500,229.1700
IBM,2025-04-25 11:03:00,229.1200,229.3799
IBM,2025-04-25 11:04:00,229.3350,229.4900
IBM,2025-04-25 11:05:00,229.4900,229.6800
IBM,2025-04-25 11:06:00,229.6700,229.6000
IBM,2025-04-25 11:07:00,229.5700,229.4700
IBM,2025-04-25 11:08:00,229.5812,230.2500
IBM,2025-04-25 11:09:00,230.0600,230.0107
IBM,2025-04-25 11:10:00,230.1050,230.1450
IBM,2025-04-25 11:11:00,230.1000,230.2100
IBM,2025-04-25 11:12:00,230.1400,230.0750
IBM,2025-04-25 11:13:00,230.0300,230.0200
IBM,2025-04-25 11:14:00,230.0150,229.8600
IBM,2025-04-25 11:15:00,229.8300,229.6600
IBM,2025-04-25 11:16:00,229.6700,229.7000
IBM,2025-04-25 11:17:00,229.6600,229.5600
IBM,2025-04-25 11:18:00,229.6062,229.6600
IBM,2025-04-25 11:19:00,229.6700,229.5400
IBM,2025-04-25 11:20:00,229.5300,229.4950
IBM,2025-04-25 11:21:00,229.5484,229.5100
IBM,2025-04-25 11:22:00,229.5400,229.4500
IBM,2025-04-25 11:23:00,229.4600,229.4800
IBM,2025-04-25 11:24:00,229.5150,229.5250
IBM,2025-04-25 11:25:00,229.5200,229.1750
IBM,2025-04-25 11:26:00,229.1500,229.1200
IBM,2025-04-25 11:27:00,229.1950,229.1050
IBM,2025-04-25 11:28:00,229.1050,228.9400
IBM,2025-04-25 11:29:00,228.8500,228.9400
IBM,2025-04-25 11:30:00,228.9200,228.9308
IBM,2025-04-25 11:31:00,228.9100,229.1500
IBM,2025-04-25 11:32:00,229.1000,229.2200
IBM,2025-04-25 11:33:00,229.2300,229.2900
IBM,2025-04-25 11:34:00,229.3200,229.3200
IBM,2025-04-25 11:35:00,229.2400,229.1900
IBM,2025-04-25 11:36:00,229.1400,228.9800
IBM,2025-04-25 11:37:00,228.9000,228.8900
IBM,2025-04-25 11:38:00,228.9100,228.8250
IBM,2025-04-25 11:39:00,228.8650,228.8000
IBM,2025-04-25 11:40:00,228.8400,228.9775
IBM,2025-04-25 11:41:00,229.0300,229.1290
IBM,2025-04-25 11:42:00,229.1200,229.1100
IBM,2025-04-25 11:43:00,229.0000,228.6700
IBM,2025-04-25 11:44:00,228.6700,228.6600
IBM,2025-04-25 11:45:00,228.6800,228.7045
IBM,2025-04-25 11:46:00,228.6950,228.6400
IBM,2025-04-25 11:47:00,228.7000,228.8032
IBM,2025-04-25 11:48:00,228.7700,228.7900
IBM,2025-04-25 11:49:00,228.7955,228.9500
IBM,2025-04-25 11:50:00,229.0400,229.0550
IBM,2025-04-25 11:51:00,229.0550,228.9400
IBM,2025-04-25 11:52:00,228.9500,228.9200
IBM,2025-04-25 11:53:00,228.9200,228.9000
IBM,2025-04-25 11:54:00,228.8900,228.9500
IBM,2025-04-25 11:55:00,228.9900,228.9650
IBM,2025-04-25 11:56:00,228.9700,228.9700
IBM,2025-04-25 11:57:00,228.9700,228.9750
IBM,2025-04-25 11:58:00,228.9950,229.0590
IBM,2025-04-25 11:59:00,229.1150,228.9300
IBM,2025-04-25 12:00:00,228.9000,228.8950
IBM,2025-04-25 12:01:00,228.9500,229.0700
IBM,2025-04-25 12:02:00,229.0500,229.0850
IBM,2025-04-25 12:03:00,229.1100,229.1000
IBM,2025-04-25 12:04:00,229.1250,229.1900
IBM,2025-04-25 12:05:00,229.1600,229.2700
IBM,2025-04-25 12:06:00,229.3300,229.4200
IBM,2025-04-25 12:07:00,229.4125,229.4100
IBM,2025-04-25 12:08:00,229.3400,229.5899
IBM,2025-04-25 12:09:00,229.5750,229.5450
IBM,2025-04-25 12:10:00,229.5000,229.4900
IBM,2025-04-25 12:11:00,229.5000,229.4250
IBM,2025-04-25 12:12:00,229.4580,229.4800
IBM,2025-04-25 12:13:00,229.4801,229.4500
IBM,2025-04-25 12:14:00,229.4500,229.6350
IBM,2025-04-25 12:15:00,229.6350,229.5400
IBM,2025-04-25 12:16:00,229.5100,229.5400
IBM,2025-04-25 12:17:00,229.5500,230.0899
IBM,2025-04-25 12:18:00,230.0899,230.0650
IBM,2025-04-25 12:19:00,230.0510,230.1599
IBM,2025-04-25 12:20:00,230.1350,230.3350
IBM,2025-04-25 12:21:00,230.2801,230.3675
IBM,2025-04-25 12:22:00,230.4170,230.6305
IBM,2025-04-25 12:23:00,230.6750,230.8100
IBM,2025-04-25 12:24:00,230.8100,230.9540
IBM,2025-04-25 12:25:00,230.9800,230.7500
IBM,2025-04-25 12:26:00,230.7500,230.5400
IBM,2025-04-25 12:27:00,230.5700,230.4200
IBM,2025-04-25 12:28:00,230.4100,230.7649
IBM,2025-04-25 12:29:00,230.7050,230.6340
IBM,2025-04-25 12:30:00,230.6100,230.5900
IBM,2025-04-25 12:31:00,230.5515,230.4900
IBM,2025-04-25 12:32:00,230.5000,230.6082
IBM,2025-04-25 12:33:00,230.5440,230.5325
IBM,2025-04-25 12:34:00,230.6000,230.7100
IBM,2025-04-25 12:35:00,230.6900,230.6300
IBM,2025-04-25 12:36:00,230.6300,230.5056
IBM,2025-04-25 12:37:00,230.5999,230.5350
IBM,2025-04-25 12:38:00,230.5700,230.6485
IBM,2025-04-25 12:39:00,230.5900,230.5200
IBM,2025-04-25 12:40:00,230.5900,230.6200
IBM,2025-04-25 12:41:00,230.6200,230.5600
IBM,2025-04-25 12:42:00,230.5200,230.5150
IBM,2025-04-25 12:43:00,230.4800,230.6550
IBM,2025-04-25 12:44:00,230.7000,230.7500
IBM,2025-04-25 12:45:00,230.7100,230.7515
IBM,2025-04-25 12:46:00,230.7650,230.5900
IBM,2025-04-25 12:47:00,230.6200,230.4700
IBM,2025-04-25 12:48:00,230.3800,230.5100
IBM,2025-04-25 12:49:00,230.6090,230.7750
IBM,2025-04-25 12:50:00,230.8233,230.6600
IBM,2025-04-25 12:51:00,230.7300,230.7300
IBM,2025-04-25 12:52:00,230.7300,230.7939
IBM,2025-04-25 12:53:00,230.8770,231.1400
IBM,2025-04-25 12:54:00,231.1400,231.1400
IBM,2025-04-25 12:55:00,231.2400,231.1210
IBM,2025-04-25 12:56:00,231.1400,231.2200
IBM,2025-04-25 12:57:00,231.2000,231.1907
IBM,2025-04-25 12:58:00,231.2500,231.2000
IBM,2025-04-25 12:59:00,231.2050,231.0800
IBM,2025-04-25 13:00:00,231.0300,231.2100
IBM,2025-04-25 13:01:00,231.2500,231.3792
IBM,2025-04-25 13:02:00,231.3800,231.3750
IBM,2025-04-25 13:03:00,231.3700,231.7200
IBM,2025-04-25 13:04:00,231.7050,231.2400
IBM,2025-04-25 13:05:00,231.2600,231.4500
IBM,2025-04-25 13:06:00,231.4500,231.4100
IBM,2025-04-25 13:07:00,231.5100,231.3738
IBM,2025-04-25 13:08:00,231.3650,231.3600
IBM,2025-04-25 13:09:00,231.3500,231.3392
IBM,2025-04-25 13:10:00,231.2600,231.2100
IBM,2025-04-25 13:11:00,231.2000,231.2700
IBM,2025-04-25 13:12:00,231.2700,231.2300
IBM,2025-04-25 13:13:00,231.2300,231.2400
IBM,2025-04-25 13:14:00,231.2400,231.3200
IBM,2025-04-25 13:15:00,231.2700,231.1650
IBM,2025-04-25 13:16:00,231.1650,231.1100
IBM,2025-04-25 13:17:00,231.1000,231.2900
IBM,2025-04-25 13:18:00,231.2900,231.2700
IBM,2025-04-25 13:19:00,231.3900,231.4100
IBM,2025-04-25 13:20:00,231.3900,231.7620
IBM,2025-04-25 13:21:00,231.7000,231.8550
IBM,2025-04-25 13:22:00,231.8400,231.7300
IBM,2025-04-25 13:23:00,231.7300,231.8600
IBM,2025-04-25 13:24:00,231.9100,232.0500
IBM,2025-04-25 13:25:00,231.9600,232.0225
IBM,2025-04-25 13:26:00,232.0000,232.1300
IBM,2025-04-25 13:27:00,232.0950,232.0450
IBM,2025-04-25 13:28:00,232.0450,232.0500
IBM,2025-04-25 13:29:00,232.0700,232.1457
IBM,2025-04-25 13:30:00,232.0500,231.7500
IBM,2025-04-25 13:31:00,231.7750,231.8379
IBM,2025-04-25 13:32:00,231.8800,232.1400
IBM,2025-04-25 13:33:00,232.1200,232.3454
IBM,2025-04-25 13:34:00,232.3350,232.1838
IBM,2025-04-25 13:35:00,232.2000,232.1750
IBM,2025-04-25 13:36:00,232.2260,232.2067
IBM,2025-04-25 13:37:00,232.1450,232.1750
IBM,2025-04-25 13:38:00,232.1750,231.8000
IBM,2025-04-25 13:39:00,231.8300,231.5900
IBM,2025-04-25 13:40:00,231.5500,231.5728
IBM,2025-04-25 13:41:00,231.4700,231.5800
IBM,2025-04-25 13:42:00,231.5700,231.4400
IBM,2025-04-25 13:43:00,231.3900,231.2400
IBM,2025-04-25 13:44:00,231.3500,231.2999
IBM,2025-04-25 13:45:00,231.1600,231.0200
IBM,2025-04-25 13:46:00,231.0350,231.0200
IBM,2025-04-25 13:47:00,230.9700,230.7500
IBM,2025-04-25 13:48:00,230.7300,230.7100
IBM,2025-04-25 13:49:00,230.7100,230.9200
IBM,2025-04-25 13:50:00,230.8500,230.7400
IBM,2025-04-25 13:51:00,230.7400,230.7600
IBM,2025-04-25 13:52:00,230.7300,230.4900
IBM,2025-04-25 13:53:00,230.5100,230.4400
IBM,2025-04-25 13:54:00,230.4400,230.4500
IBM,2025-04-25 13:55:00,230.4800,230.4550
IBM,2025-04-25 13:56:00,230.4100,230.3300
IBM,2025-04-25 13:57:00,230.2900,230.2800
IBM,2025-04-25 13:58:00,230.2300,230.3800
IBM,2025-04-25 13:59:00,230.3800,230.4900
IBM,2025-04-25 14:00:00,230.4300,230.5350
IBM,2025-04-25 14:01:00,230.4800,230.7100
IBM,2025-04-25 14:02:00,230.7500,230.8679
IBM,2025-04-25 14:03:00,230.9900,231.1350
IBM,2025-04-25 14:04:00,231.1350,231.0000
IBM,2025-04-25 14:05:00,231.0000,230.9400
IBM,2025-04-25 14:06:00,230.9500,231.1400
IBM,2025-04-25 14:07:00,231.1400,231.1000
IBM,2025-04-25 14:08:00,231.1400,231.1650
IBM,2025-04-25 14:09:00,231.1000,231.1100
IBM,2025-04-25 14:10:00,231.1750,231.2200
IBM,2025-04-25 14:11:00,231.2800,231.1800
IBM,2025-04-25 14:12:00,231.1950,231.1750
IBM,2025-04-25 14:13:00,231.1700,231.3300
IBM,2025-04-25 14:14:00,231.3300,231.4150
IBM,2025-04-25 14:15:00,231.4700,231.4000
IBM,2025-04-25 14:16:00,231.3500,231.3100
IBM,2025-04-25 14:17:00,231.3850,231.2700
IBM,2025-04-25 14:18:00,231.3500,231.3550
IBM,2025-04-25 14:19:00,231.2700,231.3100
IBM,2025-04-25 14:20:00,231.3100,231.1850
IBM,2025-04-25 14:21:00,231.1400,231.2600
IBM,2025-04-25 14:22:00,231.2400,231.2600
IBM,2025-04-25 14:23:00,231.2800,231.2400
IBM,2025-04-25 14:24:00,231.2300,231.2200
IBM,2025-04-25 14:25:00,231.2200,231.2450
IBM,2025-04-25 14:26:00,231.2350,231.2900
IBM,2025-04-25 14:27:00,231.3300,231.1500
IBM,2025-04-25 14:28:00,231.1500,231.4050
IBM,2025-04-25 14:29:00,231.4300,231.4000
IBM,2025-04-25 14:30:00,231.4000,231.7100
IBM,2025-04-25 14:31:00,231.7200,231.9250
IBM,2025-04-25 14:32:00,231.9400,231.8900
IBM,2025-04-25 14:33:00,231.8550,231.8300
IBM,2025-04-25 14:34:00,231.8400,231.8170
IBM,2025-04-25 14:35:00,231.9400,232.0900
IBM,2025-04-25 14:36:00,232.0600,232.1150
IBM,2025-04-25 14:37:00,232.0900,232.3000
IBM,2025-04-25 14:38:00,232.2900,232.4200
IBM,2025-04-25 14:39:00,232.4500,232.4800
IBM,2025-04-25 14:40:00,232.4800,232.2300
IBM,2025-04-25 14:41:00,232.2300,232.4700
IBM,2025-04-25 14:42:00,232.4700,232.5600
IBM,2025-04-25 14:43:00,232.5900,232.7000
IBM,2025-04-25 14:44:00,232.7000,232.2700
IBM,2025-04-25 14:45:00,232.2900,232.3400
IBM,2025-04-25 14:46:00,232.3600,232.3800
IBM,2025-04-25 14:47:00,232.3860,232.3404
IBM,2025-04-25 14:48:00,232.3450,232.3800
IBM,2025-04-25 14:49:00,232.3600,232.2700
IBM,2025-04-25 14:50:00,232.3400,232.3400
IBM,2025-04-25 14:51:00,232.2200,232.2308
IBM,2025-04-25 14:52:00,232.2900,232.1900
IBM,2025-04-25 14:53:00,232.1500,232.5950
IBM,2025-04-25 14:54:00,232.5924,232.7050
IBM,2025-04-25 14:55:00,232.7000,232.7800
IBM,2025-04-25 14:56:00,232.7400,232.6200
IBM,2025-04-25 14:57:00,232.5734,232.7300
IBM,2025-04-25 14:58:00,232.7700,232.9300
IBM,2025-04-25 14:59:00,232.8800,232.9000
IBM,2025-04-25 15:00:00,232.9500,232.8650
IBM,2025-04-25 15:01:00,232.8800,232.9500
IBM,2025-04-25 15:02:00,232.9300,232.9850
IBM,2025-04-25 15:03:00,232.9600,233.1800
IBM,2025-04-25 15:04:00,233.2000,233.1900
IBM,2025-04-25 15:05:00,233.1900,233.0850
IBM,2025-04-25 15:06:00,233.0800,233.1200
IBM,2025-04-25 15:07:00,233.1386,233.0700
IBM,2025-04-25 15:08:00,233.0800,232.9550
IBM,2025-04-25 15:09:00,232.9300,232.9700
IBM,2025-04-25 15:10:00,232.9650,232.9500
IBM,2025-04-25 15:11:00,232.8900,232.7700
IBM,2025-04-25 15:12:00,232.7800,232.7200
IBM,2025-04-25 15:13:00,232.7675,232.6200
IBM,2025-04-25 15:14:00,232.6000,232.6250
IBM,2025-04-25 15:15:00,232.6800,232.5300
IBM,2025-04-25 15:16:00,232.4800,232.7400
IBM,2025-04-25 15:17:00,232.7900,232.7700
IBM,2025-04-25 15:18:00,232.8172,232.7800
IBM,2025-04-25 15:19:00,232.7300,232.6700
IBM,2025-04-25 15:20:00,232.6600,232.6100
IBM,2025-04-25 15:21:00,232.6100,232.9100
IBM,2025-04-25 15:22:00,232.9599,232.8300
IBM,2025-04-25 15:23:00,232.8000,232.8300
IBM,2025-04-25 15:24:00,232.8000,232.7898
IBM,2025-04-25 15:25:00,232.7600,232.5100
IBM,2025-04-25 15:26:00,232.4700,232.6850
IBM,2025-04-25 15:27:00,232.6900,232.5850
IBM,2025-04-25 15:28:00,232.6200,232.4200
IBM,2025-04-25 15:29:00,232.4600,232.4400
IBM,2025-04-25 15:30:00,232.3800,232.3900
IBM,2025-04-25 15:31:00,232.3800,232.3250
IBM,2025-04-25 15:32:00,232.3000,232.3250
IBM,2025-04-25 15:33:00,232.4200,232.3438
IBM,2025-04-25 15:34:00,232.3600,232.2800
IBM,2025-04-25 15:35:00,232.2300,232.4150
IBM,2025-04-25 15:36:00,232.4400,232.3550
IBM,2025-04-25 15:37:00,232.3400,232.2628
IBM,2025-04-25 15:38:00,232.3000,232.3350
IBM,2025-04-25 15:39:00,232.3250,232.2750
IBM,2025-04-25 15:40:00,232.3000,232.2300
IBM,2025-04-25 15:41:00,232.2500,232.0900
IBM,2025-04-25 15:42:00,232.1000,232.2400
IBM,2025-04-25 15:43:00,232.2000,232.3900
IBM,2025-04-25 15:44:00,232.3850,232.3650
IBM,2025-04-25 15:45:00,232.4000,232.5400
IBM,2025-04-25 15:46:00,232.5104,232.5800
IBM,2025-04-25 15:47:00,232.5800,232.5600
IBM,2025-04-25 15:48:00,232.5923,232.4900
IBM,2025-04-25 15:49:00,232.5550,232.5200
IBM,2025-04-25 15:50:00,232.7000,232.7600
IBM,2025-04-25 15:51:00,232.8400,232.7604
IBM,2025-04-25 15:52:00,232.7400,232.6500
IBM,2025-04-25 15:53:00,232.6525,232.9200
IBM,2025-04-25 15:54:00,232.9250,232.8500
IBM,2025-04-25 15:55:00,232.8800,232.7700
IBM,2025-04-25 15:56:00,232.7800,232.5200
IBM,2025-04-25 15:57:00,232.5500,232.6000
IBM,2025-04-25 15:58:00,232.6000,232.6100
IBM,2025-04-25 15:59:00,232.6300,232.4000
