STOCK_SYMBOL,DATE_TIME,OPEN_PRICE,CLOSE_PRICE
META,2025-04-14 09:30:00,556.1750,556.0000
META,2025-04-14 09:31:00,556.5100,554.5700
META,2025-04-14 09:32:00,554.5100,555.9241
META,2025-04-14 09:33:00,555.7600,553.2550
META,2025-04-14 09:34:00,553.2350,554.1600
META,2025-04-14 09:35:00,554.0150,551.8000
META,2025-04-14 09:36:00,551.8750,548.8175
META,2025-04-14 09:37:00,548.9590,548.5100
META,2025-04-14 09:38:00,548.4900,548.1600
META,2025-04-14 09:39:00,548.4400,545.8000
META,2025-04-14 09:40:00,545.9350,544.4000
META,2025-04-14 09:41:00,544.4750,542.9350
META,2025-04-14 09:42:00,543.0000,542.7800
META,2025-04-14 09:43:00,542.6400,540.1550
META,2025-04-14 09:44:00,540.1550,542.1700
META,2025-04-14 09:45:00,542.0400,545.3571
META,2025-04-14 09:46:00,545.0950,542.6000
META,2025-04-14 09:47:00,542.6950,542.1110
META,2025-04-14 09:48:00,542.1250,543.2900
META,2025-04-14 09:49:00,543.8100,543.8934
META,2025-04-14 09:50:00,543.9950,544.8610
META,2025-04-14 09:51:00,545.0800,544.4099
META,2025-04-14 09:52:00,544.1600,544.2000
META,2025-04-14 09:53:00,544.0000,546.1000
META,2025-04-14 09:54:00,546.1000,545.7400
META,2025-04-14 09:55:00,545.7400,545.9000
META,2025-04-14 09:56:00,546.0599,544.5744
META,2025-04-14 09:57:00,544.5450,544.5100
META,2025-04-14 09:58:00,544.5950,544.7000
META,2025-04-14 09:59:00,544.9800,543.7750
META,2025-04-14 10:00:00,544.0000,544.2400
META,2025-04-14 10:01:00,544.1200,544.6900
META,2025-04-14 10:02:00,544.8750,546.7700
META,2025-04-14 10:03:00,546.7900,547.6550
META,2025-04-14 10:04:00,547.7100,548.1405
META,2025-04-14 10:05:00,548.0300,549.4600
META,2025-04-14 10:06:00,549.4550,548.3350
META,2025-04-14 10:07:00,548.0600,549.1400
META,2025-04-14 10:08:00,548.8590,548.4350
META,2025-04-14 10:09:00,548.6700,547.0650
META,2025-04-14 10:10:00,547.1200,546.7750
META,2025-04-14 10:11:00,546.8375,546.2300
META,2025-04-14 10:12:00,546.2500,546.3900
META,2025-04-14 10:13:00,546.5800,547.0500
META,2025-04-14 10:14:00,547.0800,546.5300
META,2025-04-14 10:15:00,546.4000,545.3000
META,2025-04-14 10:16:00,545.2550,545.1870
META,2025-04-14 10:17:00,545.2000,544.1200
META,2025-04-14 10:18:00,544.0700,545.4800
META,2025-04-14 10:19:00,545.4800,546.2400
META,2025-04-14 10:20:00,546.3400,546.6059
META,2025-04-14 10:21:00,546.5100,546.2900
META,2025-04-14 10:22:00,546.4500,545.8000
META,2025-04-14 10:23:00,545.8700,545.5450
META,2025-04-14 10:24:00,545.4900,546.0700
META,2025-04-14 10:25:00,546.2400,545.9878
META,2025-04-14 10:26:00,545.6650,546.1600
META,2025-04-14 10:27:00,546.3250,546.0900
META,2025-04-14 10:28:00,545.9850,546.5400
META,2025-04-14 10:29:00,546.5300,545.8300
META,2025-04-14 10:30:00,545.8300,545.3900
META,2025-04-14 10:31:00,545.3800,545.9100
META,2025-04-14 10:32:00,545.8400,545.6850
META,2025-04-14 10:33:00,545.6600,546.3800
META,2025-04-14 10:34:00,546.2400,545.9300
META,2025-04-14 10:35:00,545.9300,545.7700
META,2025-04-14 10:36:00,545.8100,545.7050
META,2025-04-14 10:37:00,545.7050,545.0500
META,2025-04-14 10:38:00,545.0900,545.2050
META,2025-04-14 10:39:00,545.2150,545.3150
META,2025-04-14 10:40:00,545.3050,544.7800
META,2025-04-14 10:41:00,544.6100,545.8121
META,2025-04-14 10:42:00,545.9800,545.4600
META,2025-04-14 10:43:00,545.1900,545.0000
META,2025-04-14 10:44:00,545.0300,544.9100
META,2025-04-14 10:45:00,544.9100,544.5800
META,2025-04-14 10:46:00,544.4250,543.3100
META,2025-04-14 10:47:00,543.3200,545.1250
META,2025-04-14 10:48:00,545.0000,544.7250
META,2025-04-14 10:49:00,544.8100,544.8117
META,2025-04-14 10:50:00,544.8440,544.9700
META,2025-04-14 10:51:00,544.9800,545.0800
META,2025-04-14 10:52:00,545.0800,545.4550
META,2025-04-14 10:53:00,545.6200,545.2710
META,2025-04-14 10:54:00,545.2900,545.3550
META,2025-04-14 10:55:00,545.3300,544.1300
META,2025-04-14 10:56:00,544.0300,542.4200
META,2025-04-14 10:57:00,542.4000,542.6200
META,2025-04-14 10:58:00,542.5200,542.3700
META,2025-04-14 10:59:00,542.5350,542.2600
META,2025-04-14 11:00:00,542.1350,541.7750
META,2025-04-14 11:01:00,541.6100,542.1750
META,2025-04-14 11:02:00,542.0900,541.5000
META,2025-04-14 11:03:00,541.6030,540.6850
META,2025-04-14 11:04:00,540.6850,540.4862
META,2025-04-14 11:05:00,540.5945,539.8750
META,2025-04-14 11:06:00,539.8800,539.9900
META,2025-04-14 11:07:00,540.0800,539.0600
META,2025-04-14 11:08:00,539.0600,539.0400
META,2025-04-14 11:09:00,538.8300,538.9700
META,2025-04-14 11:10:00,538.8600,539.3618
META,2025-04-14 11:11:00,539.3750,539.0200
META,2025-04-14 11:12:00,539.0400,538.4700
META,2025-04-14 11:13:00,538.4700,537.9900
META,2025-04-14 11:14:00,537.7450,537.7900
META,2025-04-14 11:15:00,537.9700,538.5800
META,2025-04-14 11:16:00,538.5550,538.5211
META,2025-04-14 11:17:00,538.3400,538.6300
META,2025-04-14 11:18:00,538.5300,539.5833
META,2025-04-14 11:19:00,539.4556,539.6799
META,2025-04-14 11:20:00,539.5900,539.2900
META,2025-04-14 11:21:00,539.2300,539.5300
META,2025-04-14 11:22:00,539.5300,539.7750
META,2025-04-14 11:23:00,539.9000,539.2000
META,2025-04-14 11:24:00,539.1125,539.1850
META,2025-04-14 11:25:00,539.1900,538.6600
META,2025-04-14 11:26:00,538.7100,538.1600
META,2025-04-14 11:27:00,538.3400,537.3001
META,2025-04-14 11:28:00,537.5777,537.2400
META,2025-04-14 11:29:00,537.2400,536.6600
META,2025-04-14 11:30:00,536.6600,537.1300
META,2025-04-14 11:31:00,537.2444,538.6400
META,2025-04-14 11:32:00,538.6900,539.1600
META,2025-04-14 11:33:00,539.2800,539.2300
META,2025-04-14 11:34:00,539.3000,538.9650
META,2025-04-14 11:35:00,538.9800,538.3900
META,2025-04-14 11:36:00,538.4900,538.3550
META,2025-04-14 11:37:00,538.3550,537.4000
META,2025-04-14 11:38:00,537.4111,536.6400
META,2025-04-14 11:39:00,536.6400,536.9000
META,2025-04-14 11:40:00,536.7500,536.4600
META,2025-04-14 11:41:00,536.3926,536.7500
META,2025-04-14 11:42:00,536.6500,536.6800
META,2025-04-14 11:43:00,536.6600,537.2000
META,2025-04-14 11:44:00,537.3128,537.8550
META,2025-04-14 11:45:00,537.9000,536.1500
META,2025-04-14 11:46:00,536.0150,535.0000
META,2025-04-14 11:47:00,534.8800,534.7500
META,2025-04-14 11:48:00,534.7500,533.8050
META,2025-04-14 11:49:00,533.8550,534.0000
META,2025-04-14 11:50:00,533.7916,533.8700
META,2025-04-14 11:51:00,533.7300,533.3850
META,2025-04-14 11:52:00,533.4300,532.9000
META,2025-04-14 11:53:00,533.0150,533.7550
META,2025-04-14 11:54:00,533.7850,533.9800
META,2025-04-14 11:55:00,534.0000,534.8700
META,2025-04-14 11:56:00,534.7400,534.6900
META,2025-04-14 11:57:00,534.6700,534.9277
META,2025-04-14 11:58:00,535.0000,534.5900
META,2025-04-14 11:59:00,534.1200,533.5950
META,2025-04-14 12:00:00,533.4000,534.1550
META,2025-04-14 12:01:00,534.4300,535.1900
META,2025-04-14 12:02:00,535.2000,534.8100
META,2025-04-14 12:03:00,534.8450,533.9850
META,2025-04-14 12:04:00,533.9850,535.1050
META,2025-04-14 12:05:00,535.1000,534.9000
META,2025-04-14 12:06:00,534.9200,534.4600
META,2025-04-14 12:07:00,534.5700,534.4200
META,2025-04-14 12:08:00,534.5068,533.8300
META,2025-04-14 12:09:00,533.8266,533.5250
META,2025-04-14 12:10:00,533.5250,532.6500
META,2025-04-14 12:11:00,532.6100,531.1400
META,2025-04-14 12:12:00,530.9795,530.7304
META,2025-04-14 12:13:00,530.8600,531.2850
META,2025-04-14 12:14:00,531.2909,531.7700
META,2025-04-14 12:15:00,531.5300,531.8900
META,2025-04-14 12:16:00,531.9850,532.4600
META,2025-04-14 12:17:00,532.5250,532.2000
META,2025-04-14 12:18:00,532.0000,531.9300
META,2025-04-14 12:19:00,532.0800,533.4100
META,2025-04-14 12:20:00,533.1705,532.3850
META,2025-04-14 12:21:00,532.5950,533.8500
META,2025-04-14 12:22:00,533.9900,533.0228
META,2025-04-14 12:23:00,532.6500,531.6800
META,2025-04-14 12:24:00,531.5150,532.1500
META,2025-04-14 12:25:00,532.4400,532.2950
META,2025-04-14 12:26:00,532.2800,531.6200
META,2025-04-14 12:27:00,531.4850,530.7100
META,2025-04-14 12:28:00,530.8150,530.9100
META,2025-04-14 12:29:00,530.8350,530.9258
META,2025-04-14 12:30:00,531.3200,530.5600
META,2025-04-14 12:31:00,530.5200,531.1600
META,2025-04-14 12:32:00,531.2830,531.1300
META,2025-04-14 12:33:00,531.2750,531.5908
META,2025-04-14 12:34:00,531.3500,532.0000
META,2025-04-14 12:35:00,531.9100,532.2450
META,2025-04-14 12:36:00,532.2600,532.2000
META,2025-04-14 12:37:00,532.0700,531.8500
META,2025-04-14 12:38:00,531.8717,531.1300
META,2025-04-14 12:39:00,531.3400,531.3900
META,2025-04-14 12:40:00,531.3000,531.5150
META,2025-04-14 12:41:00,531.5350,531.2900
META,2025-04-14 12:42:00,531.3515,530.5550
META,2025-04-14 12:43:00,530.7203,531.0700
META,2025-04-14 12:44:00,531.2315,531.3700
META,2025-04-14 12:45:00,531.3700,531.5200
META,2025-04-14 12:46:00,531.3558,531.4418
META,2025-04-14 12:47:00,531.7000,532.0000
META,2025-04-14 12:48:00,532.0000,531.4600
META,2025-04-14 12:49:00,531.4200,531.0705
META,2025-04-14 12:50:00,531.0160,530.4225
META,2025-04-14 12:51:00,530.3500,529.9505
META,2025-04-14 12:52:00,529.9100,529.6715
META,2025-04-14 12:53:00,529.7150,530.4700
META,2025-04-14 12:54:00,530.4817,531.1200
META,2025-04-14 12:55:00,531.0850,530.8539
META,2025-04-14 12:56:00,530.3100,529.8200
META,2025-04-14 12:57:00,529.3900,529.2550
META,2025-04-14 12:58:00,529.1000,528.6500
META,2025-04-14 12:59:00,528.7771,528.8300
META,2025-04-14 13:00:00,528.8900,530.7950
META,2025-04-14 13:01:00,531.0400,530.8400
META,2025-04-14 13:02:00,531.2300,530.4850
META,2025-04-14 13:03:00,530.5800,529.4900
META,2025-04-14 13:04:00,529.7200,530.7500
META,2025-04-14 13:05:00,530.7200,529.6800
META,2025-04-14 13:06:00,529.9550,530.2177
META,2025-04-14 13:07:00,530.0300,529.8150
META,2025-04-14 13:08:00,529.6100,529.5700
META,2025-04-14 13:09:00,529.4600,529.8900
META,2025-04-14 13:10:00,529.7400,529.0000
META,2025-04-14 13:11:00,529.0000,529.6300
META,2025-04-14 13:12:00,529.9200,530.4700
META,2025-04-14 13:13:00,530.3300,530.7910
META,2025-04-14 13:14:00,530.4000,530.1871
META,2025-04-14 13:15:00,530.0800,529.5100
META,2025-04-14 13:16:00,529.5000,529.2650
META,2025-04-14 13:17:00,529.2350,529.9700
META,2025-04-14 13:18:00,530.0000,530.9450
META,2025-04-14 13:19:00,530.9250,530.9050
META,2025-04-14 13:20:00,530.9100,531.0325
META,2025-04-14 13:21:00,531.0539,531.4300
META,2025-04-14 13:22:00,531.3450,531.5000
META,2025-04-14 13:23:00,531.5450,531.6000
META,2025-04-14 13:24:00,531.6000,532.3058
META,2025-04-14 13:25:00,532.1600,531.3100
META,2025-04-14 13:26:00,531.5500,531.7500
META,2025-04-14 13:27:00,531.7500,531.0450
META,2025-04-14 13:28:00,530.9000,530.7750
META,2025-04-14 13:29:00,530.7800,530.1000
META,2025-04-14 13:30:00,530.1000,530.7200
META,2025-04-14 13:31:00,530.9800,529.6400
META,2025-04-14 13:32:00,529.8100,530.5000
META,2025-04-14 13:33:00,530.3200,530.8350
META,2025-04-14 13:34:00,530.8350,530.3558
META,2025-04-14 13:35:00,530.3976,530.9900
META,2025-04-14 13:36:00,531.0400,530.8900
META,2025-04-14 13:37:00,530.7400,531.3400
META,2025-04-14 13:38:00,531.4031,530.8100
META,2025-04-14 13:39:00,530.7400,531.2200
META,2025-04-14 13:40:00,531.0050,530.5600
META,2025-04-14 13:41:00,530.5600,531.0550
META,2025-04-14 13:42:00,531.0950,531.9659
META,2025-04-14 13:43:00,531.7050,531.3200
META,2025-04-14 13:44:00,531.6772,530.6372
META,2025-04-14 13:45:00,530.7200,531.6200
META,2025-04-14 13:46:00,531.6200,530.7550
META,2025-04-14 13:47:00,530.7000,530.0500
META,2025-04-14 13:48:00,530.2700,531.1600
META,2025-04-14 13:49:00,531.1300,531.1550
META,2025-04-14 13:50:00,531.5000,531.5600
META,2025-04-14 13:51:00,531.8288,532.5000
META,2025-04-14 13:52:00,532.5000,532.8300
META,2025-04-14 13:53:00,533.0400,533.4600
META,2025-04-14 13:54:00,533.2848,533.5300
META,2025-04-14 13:55:00,533.5500,533.7700
META,2025-04-14 13:56:00,533.7500,533.2250
META,2025-04-14 13:57:00,533.4700,534.3000
META,2025-04-14 13:58:00,534.3550,534.3050
META,2025-04-14 13:59:00,534.3050,533.9975
META,2025-04-14 14:00:00,533.9900,534.2750
META,2025-04-14 14:01:00,534.2600,534.2661
META,2025-04-14 14:02:00,534.4643,534.4000
META,2025-04-14 14:03:00,534.4100,535.1300
META,2025-04-14 14:04:00,535.2200,535.0000
META,2025-04-14 14:05:00,534.8700,534.3600
META,2025-04-14 14:06:00,534.3600,535.0100
META,2025-04-14 14:07:00,534.8900,534.3000
META,2025-04-14 14:08:00,534.2400,534.2900
META,2025-04-14 14:09:00,534.3000,534.2700
META,2025-04-14 14:10:00,534.2700,533.7100
META,2025-04-14 14:11:00,533.8200,532.8600
META,2025-04-14 14:12:00,533.0203,533.0000
META,2025-04-14 14:13:00,532.9600,533.6952
META,2025-04-14 14:14:00,533.6152,533.6750
META,2025-04-14 14:15:00,533.2000,532.9950
META,2025-04-14 14:16:00,533.1900,533.4000
META,2025-04-14 14:17:00,533.5300,533.9343
META,2025-04-14 14:18:00,533.8100,534.0200
META,2025-04-14 14:19:00,534.1150,533.9700
META,2025-04-14 14:20:00,534.0300,534.3916
META,2025-04-14 14:21:00,534.5000,534.3850
META,2025-04-14 14:22:00,534.4900,534.8200
META,2025-04-14 14:23:00,534.8500,534.6000
META,2025-04-14 14:24:00,534.6000,534.4900
META,2025-04-14 14:25:00,534.2139,533.7200
META,2025-04-14 14:26:00,533.8050,534.0350
META,2025-04-14 14:27:00,534.1000,534.2050
META,2025-04-14 14:28:00,534.0300,534.1050
META,2025-04-14 14:29:00,534.0100,533.7900
META,2025-04-14 14:30:00,533.6800,533.7900
META,2025-04-14 14:31:00,533.9400,533.8250
META,2025-04-14 14:32:00,533.8250,534.0000
META,2025-04-14 14:33:00,534.0000,533.7000
META,2025-04-14 14:34:00,533.6050,533.7500
META,2025-04-14 14:35:00,533.8200,533.8800
META,2025-04-14 14:36:00,533.7600,533.5000
META,2025-04-14 14:37:00,533.8300,534.0600
META,2025-04-14 14:38:00,533.8900,533.9109
META,2025-04-14 14:39:00,533.9300,533.7320
META,2025-04-14 14:40:00,533.5000,533.9647
META,2025-04-14 14:41:00,533.7000,533.8050
META,2025-04-14 14:42:00,533.8050,533.8219
META,2025-04-14 14:43:00,533.9700,534.8750
META,2025-04-14 14:44:00,534.9700,535.2700
META,2025-04-14 14:45:00,535.0850,535.0200
META,2025-04-14 14:46:00,535.0250,534.3300
META,2025-04-14 14:47:00,534.7257,534.1700
META,2025-04-14 14:48:00,534.1095,534.2500
META,2025-04-14 14:49:00,534.2597,534.3500
META,2025-04-14 14:50:00,534.4900,534.6900
META,2025-04-14 14:51:00,534.4143,534.1150
META,2025-04-14 14:52:00,534.0136,534.2800
META,2025-04-14 14:53:00,534.1600,534.1300
META,2025-04-14 14:54:00,534.1800,533.8900
META,2025-04-14 14:55:00,533.8738,533.8598
META,2025-04-14 14:56:00,534.0900,534.1300
META,2025-04-14 14:57:00,534.0201,533.5101
META,2025-04-14 14:58:00,533.6700,534.1268
META,2025-04-14 14:59:00,533.7635,533.7900
META,2025-04-14 15:00:00,533.8325,534.5640
META,2025-04-14 15:01:00,534.4600,534.2416
META,2025-04-14 15:02:00,534.3800,534.0600
META,2025-04-14 15:03:00,533.9425,534.3350
META,2025-04-14 15:04:00,534.2027,534.5700
META,2025-04-14 15:05:00,534.5850,534.7900
META,2025-04-14 15:06:00,534.8300,534.8000
META,2025-04-14 15:07:00,534.9400,535.6500
META,2025-04-14 15:08:00,535.6000,535.6800
META,2025-04-14 15:09:00,535.6800,535.7235
META,2025-04-14 15:10:00,535.8539,535.4000
META,2025-04-14 15:11:00,535.4505,535.8600
META,2025-04-14 15:12:00,535.7400,536.0000
META,2025-04-14 15:13:00,536.0800,536.1800
META,2025-04-14 15:14:00,536.3300,536.4412
META,2025-04-14 15:15:00,536.2950,535.4300
META,2025-04-14 15:16:00,535.5500,534.8051
META,2025-04-14 15:17:00,534.5550,535.1000
META,2025-04-14 15:18:00,534.9000,534.6525
META,2025-04-14 15:19:00,534.6800,534.7800
META,2025-04-14 15:20:00,534.6900,534.3150
META,2025-04-14 15:21:00,534.4300,534.7351
META,2025-04-14 15:22:00,534.7750,534.5180
META,2025-04-14 15:23:00,534.4000,534.6800
META,2025-04-14 15:24:00,534.5400,534.6800
META,2025-04-14 15:25:00,534.6000,534.3000
META,2025-04-14 15:26:00,534.0000,533.7650
META,2025-04-14 15:27:00,533.6000,534.0000
META,2025-04-14 15:28:00,534.0300,534.3609
META,2025-04-14 15:29:00,534.4000,534.0600
META,2025-04-14 15:30:00,534.0300,534.0900
META,2025-04-14 15:31:00,534.0600,534.0900
META,2025-04-14 15:32:00,534.0000,533.7400
META,2025-04-14 15:33:00,533.5900,534.2200
META,2025-04-14 15:34:00,534.1100,534.4500
META,2025-04-14 15:35:00,534.3900,534.0200
META,2025-04-14 15:36:00,534.0700,534.4750
META,2025-04-14 15:37:00,534.4200,533.8000
META,2025-04-14 15:38:00,533.8000,534.1100
META,2025-04-14 15:39:00,534.2200,534.1800
META,2025-04-14 15:40:00,534.1200,534.8500
META,2025-04-14 15:41:00,534.9300,534.6000
META,2025-04-14 15:42:00,534.5400,534.8250
META,2025-04-14 15:43:00,534.7875,534.6400
META,2025-04-14 15:44:00,534.8000,534.3862
META,2025-04-14 15:45:00,534.3550,534.3900
META,2025-04-14 15:46:00,534.4100,534.7725
META,2025-04-14 15:47:00,534.7100,533.9550
META,2025-04-14 15:48:00,534.0800,533.4550
META,2025-04-14 15:49:00,533.4905,533.7500
META,2025-04-14 15:50:00,533.6300,532.0850
META,2025-04-14 15:51:00,532.0900,533.3400
META,2025-04-14 15:52:00,533.3650,532.7300
META,2025-04-14 15:53:00,532.6500,532.5300
META,2025-04-14 15:54:00,532.6254,532.0000
META,2025-04-14 15:55:00,531.8900,531.1900
META,2025-04-14 15:56:00,531.1450,531.3300
META,2025-04-14 15:57:00,531.3300,530.8900
META,2025-04-14 15:58:00,530.8800,530.6475
META,2025-04-14 15:59:00,530.6300,531.7100
META,2025-04-15 09:30:00,532.1050,530.0450
META,2025-04-15 09:31:00,530.0400,530.6169
META,2025-04-15 09:32:00,530.5500,531.6600
META,2025-04-15 09:33:00,531.5529,531.5000
META,2025-04-15 09:34:00,531.2800,531.0601
META,2025-04-15 09:35:00,531.2000,530.7900
META,2025-04-15 09:36:00,530.7900,530.7000
META,2025-04-15 09:37:00,530.7000,532.0100
META,2025-04-15 09:38:00,532.4600,534.4550
META,2025-04-15 09:39:00,534.4700,535.6900
META,2025-04-15 09:40:00,535.7750,535.8100
META,2025-04-15 09:41:00,535.7500,536.7000
META,2025-04-15 09:42:00,536.5337,536.8650
META,2025-04-15 09:43:00,536.6460,536.7500
META,2025-04-15 09:44:00,536.8500,537.2500
META,2025-04-15 09:45:00,537.2800,536.0000
META,2025-04-15 09:46:00,535.8000,536.2950
META,2025-04-15 09:47:00,536.2414,536.3250
META,2025-04-15 09:48:00,536.4200,537.4200
META,2025-04-15 09:49:00,537.4300,536.2824
META,2025-04-15 09:50:00,536.3815,536.2200
META,2025-04-15 09:51:00,536.3225,536.8600
META,2025-04-15 09:52:00,537.0000,536.1400
META,2025-04-15 09:53:00,536.4200,535.4900
META,2025-04-15 09:54:00,535.5200,534.7800
META,2025-04-15 09:55:00,535.1300,535.0600
META,2025-04-15 09:56:00,535.0500,534.8700
META,2025-04-15 09:57:00,534.7200,533.9850
META,2025-04-15 09:58:00,533.9850,533.9400
META,2025-04-15 09:59:00,533.9400,532.6500
META,2025-04-15 10:00:00,532.6700,532.0850
META,2025-04-15 10:01:00,532.0850,531.7400
META,2025-04-15 10:02:00,531.7400,532.0750
META,2025-04-15 10:03:00,532.0900,532.4000
META,2025-04-15 10:04:00,532.4000,531.7600
META,2025-04-15 10:05:00,531.7600,532.7900
META,2025-04-15 10:06:00,532.7900,533.1100
META,2025-04-15 10:07:00,533.1200,532.9550
META,2025-04-15 10:08:00,533.0965,532.3600
META,2025-04-15 10:09:00,532.3575,531.7600
META,2025-04-15 10:10:00,531.5550,532.5900
META,2025-04-15 10:11:00,532.4950,532.7950
META,2025-04-15 10:12:00,532.7400,533.2900
META,2025-04-15 10:13:00,533.6200,533.7703
META,2025-04-15 10:14:00,533.7400,532.9300
META,2025-04-15 10:15:00,533.1100,533.3455
META,2025-04-15 10:16:00,533.0800,532.7950
META,2025-04-15 10:17:00,532.7200,531.6000
META,2025-04-15 10:18:00,531.4000,529.7400
META,2025-04-15 10:19:00,529.9144,528.1800
META,2025-04-15 10:20:00,528.1750,528.6400
META,2025-04-15 10:21:00,528.6800,529.8150
META,2025-04-15 10:22:00,529.8200,530.5000
META,2025-04-15 10:23:00,530.4217,529.4400
META,2025-04-15 10:24:00,529.4100,528.6800
META,2025-04-15 10:25:00,528.5300,527.8000
META,2025-04-15 10:26:00,528.1065,527.0822
META,2025-04-15 10:27:00,527.0847,527.5100
META,2025-04-15 10:28:00,527.4600,528.1750
META,2025-04-15 10:29:00,528.3400,527.7500
META,2025-04-15 10:30:00,527.7750,528.9950
META,2025-04-15 10:31:00,529.1300,528.3931
META,2025-04-15 10:32:00,528.6000,529.3200
META,2025-04-15 10:33:00,529.2600,530.1900
META,2025-04-15 10:34:00,530.1500,530.1952
META,2025-04-15 10:35:00,530.1150,529.5300
META,2025-04-15 10:36:00,529.6015,530.1040
META,2025-04-15 10:37:00,530.2100,529.6000
META,2025-04-15 10:38:00,529.6000,529.2800
META,2025-04-15 10:39:00,529.1900,528.9842
META,2025-04-15 10:40:00,528.9500,528.8300
META,2025-04-15 10:41:00,529.0000,529.8550
META,2025-04-15 10:42:00,530.0000,531.1500
META,2025-04-15 10:43:00,531.2500,532.5930
META,2025-04-15 10:44:00,532.7000,532.8900
META,2025-04-15 10:45:00,532.8900,533.1600
META,2025-04-15 10:46:00,533.1500,532.4900
META,2025-04-15 10:47:00,532.4900,531.5792
META,2025-04-15 10:48:00,531.6000,531.0700
META,2025-04-15 10:49:00,531.1750,531.6800
META,2025-04-15 10:50:00,531.6100,530.4500
META,2025-04-15 10:51:00,530.2300,531.0000
META,2025-04-15 10:52:00,531.0000,530.6700
META,2025-04-15 10:53:00,530.5100,530.7400
META,2025-04-15 10:54:00,530.7050,530.7800
META,2025-04-15 10:55:00,531.0200,530.8200
META,2025-04-15 10:56:00,531.0000,531.1000
META,2025-04-15 10:57:00,531.3500,530.9000
META,2025-04-15 10:58:00,531.0000,530.4100
META,2025-04-15 10:59:00,530.4100,529.5600
META,2025-04-15 11:00:00,529.5600,530.3150
META,2025-04-15 11:01:00,530.5000,530.7800
META,2025-04-15 11:02:00,530.5700,530.5400
META,2025-04-15 11:03:00,530.5400,530.6650
META,2025-04-15 11:04:00,530.7700,530.8500
META,2025-04-15 11:05:00,530.9800,530.8700
META,2025-04-15 11:06:00,531.0600,530.2400
META,2025-04-15 11:07:00,530.2300,530.7000
META,2025-04-15 11:08:00,530.5900,530.4400
META,2025-04-15 11:09:00,530.2800,530.9800
META,2025-04-15 11:10:00,530.9900,531.6800
META,2025-04-15 11:11:00,531.6915,531.1100
META,2025-04-15 11:12:00,531.1850,532.2150
META,2025-04-15 11:13:00,532.2150,531.3700
META,2025-04-15 11:14:00,531.2100,531.7900
META,2025-04-15 11:15:00,531.5900,531.7300
META,2025-04-15 11:16:00,531.8000,531.7600
META,2025-04-15 11:17:00,531.7600,531.6600
META,2025-04-15 11:18:00,531.7600,531.3200
META,2025-04-15 11:19:00,531.4600,531.7900
META,2025-04-15 11:20:00,531.6900,531.8900
META,2025-04-15 11:21:00,531.8900,531.9800
META,2025-04-15 11:22:00,531.9900,531.9550
META,2025-04-15 11:23:00,531.9600,530.9814
META,2025-04-15 11:24:00,531.0000,531.2900
META,2025-04-15 11:25:00,531.2050,530.0900
META,2025-04-15 11:26:00,530.0600,530.0100
META,2025-04-15 11:27:00,529.9053,529.8300
META,2025-04-15 11:28:00,530.0100,529.8343
META,2025-04-15 11:29:00,529.6800,529.9800
META,2025-04-15 11:30:00,529.8650,530.0600
META,2025-04-15 11:31:00,530.1237,530.9856
META,2025-04-15 11:32:00,530.8700,530.3700
META,2025-04-15 11:33:00,530.3650,530.3100
META,2025-04-15 11:34:00,530.3100,529.7565
META,2025-04-15 11:35:00,529.7500,530.0700
META,2025-04-15 11:36:00,529.9400,529.2575
META,2025-04-15 11:37:00,529.3300,529.4800
META,2025-04-15 11:38:00,529.4800,529.2122
META,2025-04-15 11:39:00,529.1600,529.8100
META,2025-04-15 11:40:00,529.8300,529.8800
META,2025-04-15 11:41:00,529.9221,530.3500
META,2025-04-15 11:42:00,530.3300,530.3962
META,2025-04-15 11:43:00,530.0900,528.8700
META,2025-04-15 11:44:00,528.9600,529.0650
META,2025-04-15 11:45:00,529.2000,529.7700
META,2025-04-15 11:46:00,529.7490,529.5800
META,2025-04-15 11:47:00,529.5800,529.1250
META,2025-04-15 11:48:00,529.1200,529.0500
META,2025-04-15 11:49:00,528.8901,529.5000
META,2025-04-15 11:50:00,529.4300,529.5000
META,2025-04-15 11:51:00,529.3800,529.4100
META,2025-04-15 11:52:00,529.5800,531.0200
META,2025-04-15 11:53:00,531.0400,531.2750
META,2025-04-15 11:54:00,531.4400,530.8300
META,2025-04-15 11:55:00,530.9800,530.4750
META,2025-04-15 11:56:00,530.3400,529.9547
META,2025-04-15 11:57:00,529.6800,530.6100
META,2025-04-15 11:58:00,530.6100,530.4100
META,2025-04-15 11:59:00,530.2850,530.5200
META,2025-04-15 12:00:00,530.5500,530.2500
META,2025-04-15 12:01:00,530.3600,530.7705
META,2025-04-15 12:02:00,530.9100,530.8708
META,2025-04-15 12:03:00,530.8800,530.6700
META,2025-04-15 12:04:00,530.5600,530.5028
META,2025-04-15 12:05:00,530.4800,530.4300
META,2025-04-15 12:06:00,530.2300,530.3000
META,2025-04-15 12:07:00,530.4350,529.7800
META,2025-04-15 12:08:00,529.7700,529.5570
META,2025-04-15 12:09:00,529.5400,530.0700
META,2025-04-15 12:10:00,529.7300,530.3900
META,2025-04-15 12:11:00,530.3750,530.3400
META,2025-04-15 12:12:00,530.2800,530.0800
META,2025-04-15 12:13:00,530.2200,529.9167
META,2025-04-15 12:14:00,529.9342,530.0150
META,2025-04-15 12:15:00,529.9472,530.4900
META,2025-04-15 12:16:00,530.4250,530.6500
META,2025-04-15 12:17:00,530.5900,530.2500
META,2025-04-15 12:18:00,530.3912,530.2600
META,2025-04-15 12:19:00,530.1800,530.1450
META,2025-04-15 12:20:00,530.1500,529.6524
META,2025-04-15 12:21:00,529.8700,529.6950
META,2025-04-15 12:22:00,529.6950,529.9700
META,2025-04-15 12:23:00,529.7901,530.0200
META,2025-04-15 12:24:00,530.0016,530.3600
META,2025-04-15 12:25:00,530.3350,530.8048
META,2025-04-15 12:26:00,530.8760,531.4442
META,2025-04-15 12:27:00,531.2600,531.5075
META,2025-04-15 12:28:00,531.4600,530.5515
META,2025-04-15 12:29:00,530.4300,531.1900
META,2025-04-15 12:30:00,530.9800,530.7100
META,2025-04-15 12:31:00,530.5500,530.2900
META,2025-04-15 12:32:00,530.2850,530.5650
META,2025-04-15 12:33:00,530.4200,530.2250
META,2025-04-15 12:34:00,530.0800,529.7900
META,2025-04-15 12:35:00,529.8100,530.0900
META,2025-04-15 12:36:00,530.2229,530.1800
META,2025-04-15 12:37:00,530.0600,529.7800
META,2025-04-15 12:38:00,529.7950,529.5807
META,2025-04-15 12:39:00,529.6700,528.8500
META,2025-04-15 12:40:00,528.7800,528.8200
META,2025-04-15 12:41:00,528.9978,528.4230
META,2025-04-15 12:42:00,528.2800,528.7200
META,2025-04-15 12:43:00,528.7400,528.4050
META,2025-04-15 12:44:00,528.4350,528.9600
META,2025-04-15 12:45:00,528.8300,528.9400
META,2025-04-15 12:46:00,528.9700,528.7500
META,2025-04-15 12:47:00,528.8407,528.0900
META,2025-04-15 12:48:00,528.0600,527.5850
META,2025-04-15 12:49:00,527.5618,527.6300
META,2025-04-15 12:50:00,527.7498,527.2100
META,2025-04-15 12:51:00,527.1500,527.0700
META,2025-04-15 12:52:00,527.1000,526.4400
META,2025-04-15 12:53:00,526.3100,526.2450
META,2025-04-15 12:54:00,526.2400,525.5582
META,2025-04-15 12:55:00,525.4600,525.1600
META,2025-04-15 12:56:00,525.1669,525.4134
META,2025-04-15 12:57:00,525.3400,524.7416
META,2025-04-15 12:58:00,524.7500,525.0134
META,2025-04-15 12:59:00,525.0900,524.6250
META,2025-04-15 13:00:00,524.6050,524.1200
META,2025-04-15 13:01:00,524.1500,524.6200
META,2025-04-15 13:02:00,524.6200,524.3200
META,2025-04-15 13:03:00,524.4200,524.9600
META,2025-04-15 13:04:00,524.9600,524.9800
META,2025-04-15 13:05:00,525.0700,524.8000
META,2025-04-15 13:06:00,524.6750,524.7250
META,2025-04-15 13:07:00,524.7300,524.3112
META,2025-04-15 13:08:00,524.2500,524.0050
META,2025-04-15 13:09:00,523.9100,523.3000
META,2025-04-15 13:10:00,523.3200,522.8900
META,2025-04-15 13:11:00,523.0500,522.8700
META,2025-04-15 13:12:00,522.9400,522.1087
META,2025-04-15 13:13:00,522.2600,522.3100
META,2025-04-15 13:14:00,522.3600,522.5946
META,2025-04-15 13:15:00,522.6299,521.9700
META,2025-04-15 13:16:00,522.0300,521.4200
META,2025-04-15 13:17:00,521.3538,521.1500
META,2025-04-15 13:18:00,521.1500,521.4700
META,2025-04-15 13:19:00,521.6708,521.4100
META,2025-04-15 13:20:00,521.3300,521.7018
META,2025-04-15 13:21:00,521.5550,521.4304
META,2025-04-15 13:22:00,521.2126,520.7200
META,2025-04-15 13:23:00,520.6600,520.3100
META,2025-04-15 13:24:00,520.3518,520.4500
META,2025-04-15 13:25:00,520.4700,519.8250
META,2025-04-15 13:26:00,519.6500,520.8350
META,2025-04-15 13:27:00,521.0000,521.3726
META,2025-04-15 13:28:00,521.1600,520.7730
META,2025-04-15 13:29:00,520.8050,520.3800
META,2025-04-15 13:30:00,520.3800,521.9800
META,2025-04-15 13:31:00,522.1500,522.4733
META,2025-04-15 13:32:00,522.5300,522.1030
META,2025-04-15 13:33:00,522.2100,522.2752
META,2025-04-15 13:34:00,522.1450,521.5347
META,2025-04-15 13:35:00,521.7650,521.5347
META,2025-04-15 13:36:00,521.5000,521.9200
META,2025-04-15 13:37:00,521.5800,521.8700
META,2025-04-15 13:38:00,521.7950,521.7450
META,2025-04-15 13:39:00,521.6123,521.4350
META,2025-04-15 13:40:00,521.2537,522.3379
META,2025-04-15 13:41:00,522.3200,521.9900
META,2025-04-15 13:42:00,521.9900,522.0800
META,2025-04-15 13:43:00,522.0800,522.3100
META,2025-04-15 13:44:00,522.2350,521.9476
META,2025-04-15 13:45:00,521.9600,521.5937
META,2025-04-15 13:46:00,521.5000,521.9400
META,2025-04-15 13:47:00,521.9800,522.0300
META,2025-04-15 13:48:00,522.0650,522.1800
META,2025-04-15 13:49:00,522.2250,521.9300
META,2025-04-15 13:50:00,522.0600,521.7200
META,2025-04-15 13:51:00,521.6120,521.5300
META,2025-04-15 13:52:00,521.6126,521.0900
META,2025-04-15 13:53:00,521.0400,520.1026
META,2025-04-15 13:54:00,520.2500,519.9800
META,2025-04-15 13:55:00,519.9387,519.9800
META,2025-04-15 13:56:00,520.1038,520.2000
META,2025-04-15 13:57:00,520.1000,520.2000
META,2025-04-15 13:58:00,520.2700,520.8900
META,2025-04-15 13:59:00,520.8200,520.9735
META,2025-04-15 14:00:00,520.8350,521.3500
META,2025-04-15 14:01:00,521.4500,520.5800
META,2025-04-15 14:02:00,520.7200,520.5750
META,2025-04-15 14:03:00,520.5000,520.0500
META,2025-04-15 14:04:00,520.2250,520.4400
META,2025-04-15 14:05:00,520.3800,520.2000
META,2025-04-15 14:06:00,519.9500,520.0100
META,2025-04-15 14:07:00,520.0906,520.0650
META,2025-04-15 14:08:00,520.0650,519.6800
META,2025-04-15 14:09:00,519.8050,520.0700
META,2025-04-15 14:10:00,520.0700,520.0900
META,2025-04-15 14:11:00,520.0900,519.4525
META,2025-04-15 14:12:00,519.3000,518.9454
META,2025-04-15 14:13:00,518.8586,518.4000
META,2025-04-15 14:14:00,518.3665,518.3300
META,2025-04-15 14:15:00,518.2350,517.8000
META,2025-04-15 14:16:00,517.8713,518.3300
META,2025-04-15 14:17:00,518.3000,518.3250
META,2025-04-15 14:18:00,518.4800,518.1100
META,2025-04-15 14:19:00,518.1100,517.9000
META,2025-04-15 14:20:00,517.8500,517.8000
META,2025-04-15 14:21:00,517.7550,517.7700
META,2025-04-15 14:22:00,517.7500,517.9945
META,2025-04-15 14:23:00,518.0000,518.1600
META,2025-04-15 14:24:00,518.0450,517.8711
META,2025-04-15 14:25:00,517.9950,519.0800
META,2025-04-15 14:26:00,519.1450,519.0500
META,2025-04-15 14:27:00,519.1100,518.8137
META,2025-04-15 14:28:00,518.6800,518.7675
META,2025-04-15 14:29:00,518.9261,519.0000
META,2025-04-15 14:30:00,518.8300,519.1900
META,2025-04-15 14:31:00,519.1545,519.3250
META,2025-04-15 14:32:00,519.3250,519.5900
META,2025-04-15 14:33:00,519.6500,519.3650
META,2025-04-15 14:34:00,519.4650,519.6700
META,2025-04-15 14:35:00,519.6600,519.8100
META,2025-04-15 14:36:00,519.7900,519.8800
META,2025-04-15 14:37:00,519.9500,519.3700
META,2025-04-15 14:38:00,519.2800,519.3200
META,2025-04-15 14:39:00,519.6038,519.6625
META,2025-04-15 14:40:00,519.6650,519.8000
META,2025-04-15 14:41:00,519.9716,520.6350
META,2025-04-15 14:42:00,520.5300,520.1900
META,2025-04-15 14:43:00,520.2000,520.6000
META,2025-04-15 14:44:00,520.5250,520.7900
META,2025-04-15 14:45:00,520.7900,520.9254
META,2025-04-15 14:46:00,521.0000,520.5583
META,2025-04-15 14:47:00,520.5600,520.3240
META,2025-04-15 14:48:00,520.4600,520.2550
META,2025-04-15 14:49:00,520.1750,519.9900
META,2025-04-15 14:50:00,519.9900,519.6200
META,2025-04-15 14:51:00,519.6750,519.6150
META,2025-04-15 14:52:00,519.6350,519.2000
META,2025-04-15 14:53:00,519.1824,519.5200
META,2025-04-15 14:54:00,519.6060,519.5100
META,2025-04-15 14:55:00,519.5100,519.4150
META,2025-04-15 14:56:00,519.4150,519.1493
META,2025-04-15 14:57:00,519.3900,519.7800
META,2025-04-15 14:58:00,519.7033,519.5600
META,2025-04-15 14:59:00,519.5600,519.4150
META,2025-04-15 15:00:00,519.3000,519.9199
META,2025-04-15 15:01:00,519.8791,519.4050
META,2025-04-15 15:02:00,519.5600,519.3600
META,2025-04-15 15:03:00,519.4200,519.2000
META,2025-04-15 15:04:00,519.1500,520.0900
META,2025-04-15 15:05:00,520.0600,520.2000
META,2025-04-15 15:06:00,520.0400,520.6561
META,2025-04-15 15:07:00,520.6800,520.5200
META,2025-04-15 15:08:00,520.5200,520.8350
META,2025-04-15 15:09:00,520.8350,520.8200
META,2025-04-15 15:10:00,520.8200,521.5400
META,2025-04-15 15:11:00,521.5400,521.1900
META,2025-04-15 15:12:00,521.1050,521.1401
META,2025-04-15 15:13:00,521.2300,522.0100
META,2025-04-15 15:14:00,522.1000,522.0400
META,2025-04-15 15:15:00,522.0300,521.7460
META,2025-04-15 15:16:00,521.7950,521.8400
META,2025-04-15 15:17:00,521.7750,521.9750
META,2025-04-15 15:18:00,522.0200,522.0900
META,2025-04-15 15:19:00,522.0800,521.9468
META,2025-04-15 15:20:00,521.7673,521.7300
META,2025-04-15 15:21:00,521.6000,522.0850
META,2025-04-15 15:22:00,521.9500,522.3300
META,2025-04-15 15:23:00,522.2150,521.6500
META,2025-04-15 15:24:00,521.5300,521.4800
META,2025-04-15 15:25:00,521.3600,520.8600
META,2025-04-15 15:26:00,520.8100,520.7200
META,2025-04-15 15:27:00,520.6850,520.8100
META,2025-04-15 15:28:00,520.8500,520.5500
META,2025-04-15 15:29:00,520.6300,520.9400
META,2025-04-15 15:30:00,520.9400,521.3000
META,2025-04-15 15:31:00,521.2550,520.5450
META,2025-04-15 15:32:00,520.6000,520.9150
META,2025-04-15 15:33:00,520.9000,521.0328
META,2025-04-15 15:34:00,520.9304,520.8200
META,2025-04-15 15:35:00,520.8000,521.1300
META,2025-04-15 15:36:00,521.4299,520.6922
META,2025-04-15 15:37:00,520.5900,520.9830
META,2025-04-15 15:38:00,520.9200,520.8500
META,2025-04-15 15:39:00,520.8500,520.7500
META,2025-04-15 15:40:00,520.6200,520.3345
META,2025-04-15 15:41:00,520.3950,520.9800
META,2025-04-15 15:42:00,520.9800,520.6700
META,2025-04-15 15:43:00,520.6550,520.9200
META,2025-04-15 15:44:00,520.8560,521.2500
META,2025-04-15 15:45:00,521.2500,520.6300
META,2025-04-15 15:46:00,520.6300,520.1000
META,2025-04-15 15:47:00,520.1000,520.4000
META,2025-04-15 15:48:00,520.2201,520.2200
META,2025-04-15 15:49:00,520.4100,520.7972
META,2025-04-15 15:50:00,520.5200,521.5900
META,2025-04-15 15:51:00,521.3601,521.8095
META,2025-04-15 15:52:00,521.7711,521.8450
META,2025-04-15 15:53:00,521.8450,521.8750
META,2025-04-15 15:54:00,521.9500,522.1350
META,2025-04-15 15:55:00,522.0400,521.5700
META,2025-04-15 15:56:00,521.5300,521.5050
META,2025-04-15 15:57:00,521.5200,521.8900
META,2025-04-15 15:58:00,521.9000,521.5394
META,2025-04-15 15:59:00,521.5600,521.3100
META,2025-04-16 09:30:00,508.5100,507.9200
META,2025-04-16 09:31:00,507.9200,508.6200
META,2025-04-16 09:32:00,508.6200,508.9631
META,2025-04-16 09:33:00,509.2300,509.1500
META,2025-04-16 09:34:00,509.4300,509.4800
META,2025-04-16 09:35:00,509.4100,508.7339
META,2025-04-16 09:36:00,508.4350,508.5400
META,2025-04-16 09:37:00,508.5700,510.8400
META,2025-04-16 09:38:00,510.6069,511.5450
META,2025-04-16 09:39:00,511.3700,510.5500
META,2025-04-16 09:40:00,510.5800,510.1700
META,2025-04-16 09:41:00,510.1400,510.2800
META,2025-04-16 09:42:00,510.4100,511.4500
META,2025-04-16 09:43:00,511.5050,510.8000
META,2025-04-16 09:44:00,510.4600,510.8125
META,2025-04-16 09:45:00,510.7950,509.7500
META,2025-04-16 09:46:00,509.6500,510.1800
META,2025-04-16 09:47:00,510.1700,510.8300
META,2025-04-16 09:48:00,510.7050,510.8500
META,2025-04-16 09:49:00,510.8300,510.5286
META,2025-04-16 09:50:00,510.3200,510.3500
META,2025-04-16 09:51:00,510.2300,508.2500
META,2025-04-16 09:52:00,508.2050,507.9000
META,2025-04-16 09:53:00,507.8500,507.7700
META,2025-04-16 09:54:00,507.8400,508.2400
META,2025-04-16 09:55:00,508.1500,508.6400
META,2025-04-16 09:56:00,508.3339,508.4650
META,2025-04-16 09:57:00,508.5000,509.0503
META,2025-04-16 09:58:00,508.9500,508.1450
META,2025-04-16 09:59:00,508.2100,506.9000
META,2025-04-16 10:00:00,506.8600,507.4069
META,2025-04-16 10:01:00,507.4273,507.4100
META,2025-04-16 10:02:00,507.3150,507.8100
META,2025-04-16 10:03:00,507.8325,508.2500
META,2025-04-16 10:04:00,508.2800,508.4400
META,2025-04-16 10:05:00,508.4400,508.6500
META,2025-04-16 10:06:00,508.5646,509.0300
META,2025-04-16 10:07:00,508.9925,509.5200
META,2025-04-16 10:08:00,509.6000,509.2000
META,2025-04-16 10:09:00,509.0200,508.8275
META,2025-04-16 10:10:00,508.6800,508.3350
META,2025-04-16 10:11:00,508.3350,507.8200
META,2025-04-16 10:12:00,507.8450,508.1250
META,2025-04-16 10:13:00,508.0900,507.8000
META,2025-04-16 10:14:00,507.7600,506.7000
META,2025-04-16 10:15:00,506.7050,506.7400
META,2025-04-16 10:16:00,506.8100,507.3000
META,2025-04-16 10:17:00,507.1500,506.9950
META,2025-04-16 10:18:00,506.9900,506.8500
META,2025-04-16 10:19:00,506.9500,507.1556
META,2025-04-16 10:20:00,507.2650,507.4550
META,2025-04-16 10:21:00,507.4550,508.1900
META,2025-04-16 10:22:00,508.2820,508.1530
META,2025-04-16 10:23:00,508.1100,508.2101
META,2025-04-16 10:24:00,508.3150,508.9700
META,2025-04-16 10:25:00,508.9300,509.5000
META,2025-04-16 10:26:00,509.3800,509.0700
META,2025-04-16 10:27:00,509.1600,509.1000
META,2025-04-16 10:28:00,509.2154,509.5300
META,2025-04-16 10:29:00,509.4800,509.3634
META,2025-04-16 10:30:00,509.5150,509.6900
META,2025-04-16 10:31:00,509.6192,509.7600
META,2025-04-16 10:32:00,509.8200,509.9000
META,2025-04-16 10:33:00,509.7700,509.8900
META,2025-04-16 10:34:00,509.9100,510.1550
META,2025-04-16 10:35:00,510.0700,510.0000
META,2025-04-16 10:36:00,509.8500,509.1899
META,2025-04-16 10:37:00,509.0500,508.9746
META,2025-04-16 10:38:00,508.9500,508.9900
META,2025-04-16 10:39:00,508.8550,509.2000
META,2025-04-16 10:40:00,509.3670,509.5400
META,2025-04-16 10:41:00,509.3200,509.6800
META,2025-04-16 10:42:00,509.8000,510.0977
META,2025-04-16 10:43:00,509.9850,510.2350
META,2025-04-16 10:44:00,510.2000,510.1000
META,2025-04-16 10:45:00,510.0500,510.0050
META,2025-04-16 10:46:00,510.0000,510.0174
META,2025-04-16 10:47:00,510.2000,510.2600
META,2025-04-16 10:48:00,510.2400,509.7300
META,2025-04-16 10:49:00,509.7450,509.5300
META,2025-04-16 10:50:00,509.6750,509.7900
META,2025-04-16 10:51:00,509.7900,510.0075
META,2025-04-16 10:52:00,509.9400,510.2900
META,2025-04-16 10:53:00,510.2900,510.1807
META,2025-04-16 10:54:00,510.1500,509.6300
META,2025-04-16 10:55:00,509.7000,509.6400
META,2025-04-16 10:56:00,509.5700,508.7700
META,2025-04-16 10:57:00,508.8800,509.1600
META,2025-04-16 10:58:00,509.2500,509.0700
META,2025-04-16 10:59:00,509.1800,509.1200
META,2025-04-16 11:00:00,509.3000,509.4350
META,2025-04-16 11:01:00,509.3200,508.9400
META,2025-04-16 11:02:00,509.0756,508.1160
META,2025-04-16 11:03:00,508.2389,508.1100
META,2025-04-16 11:04:00,508.2400,507.8350
META,2025-04-16 11:05:00,507.7200,507.6075
META,2025-04-16 11:06:00,507.6800,507.1900
META,2025-04-16 11:07:00,507.2600,507.7350
META,2025-04-16 11:08:00,507.8400,508.3900
META,2025-04-16 11:09:00,508.3500,508.8300
META,2025-04-16 11:10:00,508.8200,508.3841
META,2025-04-16 11:11:00,508.3550,508.9300
META,2025-04-16 11:12:00,509.0000,509.1700
META,2025-04-16 11:13:00,509.0100,509.0200
META,2025-04-16 11:14:00,509.0400,508.5872
META,2025-04-16 11:15:00,508.6700,507.8809
META,2025-04-16 11:16:00,507.8700,508.1850
META,2025-04-16 11:17:00,508.2400,508.4200
META,2025-04-16 11:18:00,508.2300,508.6100
META,2025-04-16 11:19:00,508.6700,508.4300
META,2025-04-16 11:20:00,508.5700,508.4900
META,2025-04-16 11:21:00,508.4150,508.8978
META,2025-04-16 11:22:00,508.9000,510.3500
META,2025-04-16 11:23:00,510.3800,510.9500
META,2025-04-16 11:24:00,511.0000,511.8750
META,2025-04-16 11:25:00,511.8800,513.0400
META,2025-04-16 11:26:00,513.0000,512.6100
META,2025-04-16 11:27:00,512.6000,512.3900
META,2025-04-16 11:28:00,512.3950,512.3725
META,2025-04-16 11:29:00,512.3750,512.3400
META,2025-04-16 11:30:00,512.3600,511.8090
META,2025-04-16 11:31:00,511.7400,511.8100
META,2025-04-16 11:32:00,511.8100,512.1200
META,2025-04-16 11:33:00,512.1700,512.1300
META,2025-04-16 11:34:00,512.0950,511.8950
META,2025-04-16 11:35:00,511.9000,511.7061
META,2025-04-16 11:36:00,511.9200,511.0648
META,2025-04-16 11:37:00,510.9750,510.9550
META,2025-04-16 11:38:00,511.0700,510.5950
META,2025-04-16 11:39:00,510.4900,510.5000
META,2025-04-16 11:40:00,510.5300,510.5100
META,2025-04-16 11:41:00,510.4300,510.6200
META,2025-04-16 11:42:00,510.6600,510.2000
META,2025-04-16 11:43:00,510.1100,510.2000
META,2025-04-16 11:44:00,510.3679,510.3900
META,2025-04-16 11:45:00,510.5190,510.1587
META,2025-04-16 11:46:00,509.9595,510.2800
META,2025-04-16 11:47:00,510.2450,510.1300
META,2025-04-16 11:48:00,510.0800,509.7050
META,2025-04-16 11:49:00,509.5800,509.3967
META,2025-04-16 11:50:00,509.3200,509.4000
META,2025-04-16 11:51:00,509.4855,509.4800
META,2025-04-16 11:52:00,509.4350,509.4000
META,2025-04-16 11:53:00,509.5600,509.5700
META,2025-04-16 11:54:00,509.2950,509.2850
META,2025-04-16 11:55:00,509.4000,509.7000
META,2025-04-16 11:56:00,509.7050,509.6800
META,2025-04-16 11:57:00,509.7400,510.3775
META,2025-04-16 11:58:00,510.3850,509.7900
META,2025-04-16 11:59:00,509.7600,509.6250
META,2025-04-16 12:00:00,509.6300,509.8700
META,2025-04-16 12:01:00,509.9825,510.2200
META,2025-04-16 12:02:00,510.3200,510.1100
META,2025-04-16 12:03:00,510.1100,510.7000
META,2025-04-16 12:04:00,510.7900,510.9550
META,2025-04-16 12:05:00,510.8100,510.1825
META,2025-04-16 12:06:00,510.1300,509.7700
META,2025-04-16 12:07:00,509.8865,510.2200
META,2025-04-16 12:08:00,510.2200,510.2399
META,2025-04-16 12:09:00,510.1300,510.5900
META,2025-04-16 12:10:00,510.4600,510.5900
META,2025-04-16 12:11:00,510.6100,510.8400
META,2025-04-16 12:12:00,510.8800,510.3600
META,2025-04-16 12:13:00,510.3800,510.2335
META,2025-04-16 12:14:00,510.2900,510.6650
META,2025-04-16 12:15:00,510.7000,510.8600
META,2025-04-16 12:16:00,510.9363,510.3200
META,2025-04-16 12:17:00,510.6000,510.4800
META,2025-04-16 12:18:00,510.4000,510.5000
META,2025-04-16 12:19:00,510.5075,511.0375
META,2025-04-16 12:20:00,511.0200,510.9250
META,2025-04-16 12:21:00,510.9700,510.6625
META,2025-04-16 12:22:00,510.7500,510.2950
META,2025-04-16 12:23:00,510.2950,510.0900
META,2025-04-16 12:24:00,509.9300,510.6600
META,2025-04-16 12:25:00,510.5158,511.1800
META,2025-04-16 12:26:00,511.1200,511.2675
META,2025-04-16 12:27:00,511.3800,511.0200
META,2025-04-16 12:28:00,511.1000,511.0825
META,2025-04-16 12:29:00,511.1000,510.9700
META,2025-04-16 12:30:00,510.8900,510.6800
META,2025-04-16 12:31:00,510.7164,511.2400
META,2025-04-16 12:32:00,511.2400,510.9900
META,2025-04-16 12:33:00,510.9700,510.9350
META,2025-04-16 12:34:00,510.9300,511.5500
META,2025-04-16 12:35:00,511.5000,510.8415
META,2025-04-16 12:36:00,510.8400,510.3350
META,2025-04-16 12:37:00,510.2900,510.3100
META,2025-04-16 12:38:00,510.2500,510.2600
META,2025-04-16 12:39:00,510.2500,510.1100
META,2025-04-16 12:40:00,510.0700,509.4665
META,2025-04-16 12:41:00,509.4600,510.5400
META,2025-04-16 12:42:00,510.3000,510.5800
META,2025-04-16 12:43:00,510.5800,510.9582
META,2025-04-16 12:44:00,511.0700,511.8100
META,2025-04-16 12:45:00,511.7700,511.3350
META,2025-04-16 12:46:00,511.3000,510.8705
META,2025-04-16 12:47:00,510.8300,511.0650
META,2025-04-16 12:48:00,511.1900,510.9400
META,2025-04-16 12:49:00,510.9495,511.6500
META,2025-04-16 12:50:00,511.5000,511.5000
META,2025-04-16 12:51:00,511.5700,511.7997
META,2025-04-16 12:52:00,511.7985,511.4300
META,2025-04-16 12:53:00,511.3200,511.9500
META,2025-04-16 12:54:00,511.9500,512.1250
META,2025-04-16 12:55:00,512.1400,512.6400
META,2025-04-16 12:56:00,512.6750,512.2701
META,2025-04-16 12:57:00,512.4200,512.0787
META,2025-04-16 12:58:00,512.1000,512.0400
META,2025-04-16 12:59:00,511.9304,511.4400
META,2025-04-16 13:00:00,511.4600,511.8500
META,2025-04-16 13:01:00,511.8500,511.7072
META,2025-04-16 13:02:00,511.6750,511.5600
META,2025-04-16 13:03:00,511.3000,511.4550
META,2025-04-16 13:04:00,511.1900,510.8750
META,2025-04-16 13:05:00,510.7400,510.6900
META,2025-04-16 13:06:00,510.5500,510.7296
META,2025-04-16 13:07:00,510.8100,510.7900
META,2025-04-16 13:08:00,510.7900,510.1700
META,2025-04-16 13:09:00,510.2000,509.7750
META,2025-04-16 13:10:00,509.8500,509.7000
META,2025-04-16 13:11:00,509.7550,509.2600
META,2025-04-16 13:12:00,509.1600,508.8501
META,2025-04-16 13:13:00,508.8800,508.8900
META,2025-04-16 13:14:00,508.9600,508.9696
META,2025-04-16 13:15:00,508.9400,509.3400
META,2025-04-16 13:16:00,509.1425,509.7400
META,2025-04-16 13:17:00,509.7000,509.6950
META,2025-04-16 13:18:00,509.7150,509.5500
META,2025-04-16 13:19:00,509.5500,509.3600
META,2025-04-16 13:20:00,509.3600,509.0600
META,2025-04-16 13:21:00,509.0750,508.9300
META,2025-04-16 13:22:00,509.0400,509.4400
META,2025-04-16 13:23:00,509.2200,508.1300
META,2025-04-16 13:24:00,508.1100,508.7400
META,2025-04-16 13:25:00,508.6750,508.4250
META,2025-04-16 13:26:00,508.4100,508.4750
META,2025-04-16 13:27:00,508.5400,508.7500
META,2025-04-16 13:28:00,508.8100,508.8300
META,2025-04-16 13:29:00,508.7250,508.9400
META,2025-04-16 13:30:00,508.9900,507.6100
META,2025-04-16 13:31:00,507.5600,505.7700
META,2025-04-16 13:32:00,505.7300,506.1900
META,2025-04-16 13:33:00,506.0000,505.7350
META,2025-04-16 13:34:00,505.7200,505.2800
META,2025-04-16 13:35:00,505.3200,505.4600
META,2025-04-16 13:36:00,505.3900,505.3300
META,2025-04-16 13:37:00,505.2000,505.9400
META,2025-04-16 13:38:00,506.0000,504.6100
META,2025-04-16 13:39:00,504.7029,504.0050
META,2025-04-16 13:40:00,504.0400,502.7500
META,2025-04-16 13:41:00,502.7100,501.8400
META,2025-04-16 13:42:00,501.7700,502.9400
META,2025-04-16 13:43:00,503.1100,503.1100
META,2025-04-16 13:44:00,503.1000,502.7900
META,2025-04-16 13:45:00,502.7900,501.7500
META,2025-04-16 13:46:00,501.7500,501.5800
META,2025-04-16 13:47:00,501.3100,500.8750
META,2025-04-16 13:48:00,500.8000,501.7400
META,2025-04-16 13:49:00,501.6800,501.7306
META,2025-04-16 13:50:00,501.6400,501.1400
META,2025-04-16 13:51:00,501.0400,501.5200
META,2025-04-16 13:52:00,501.5700,501.8000
META,2025-04-16 13:53:00,501.8045,501.0000
META,2025-04-16 13:54:00,500.9600,500.2950
META,2025-04-16 13:55:00,500.3000,500.5028
META,2025-04-16 13:56:00,500.5028,499.8852
META,2025-04-16 13:57:00,499.6951,498.7350
META,2025-04-16 13:58:00,498.7350,499.1500
META,2025-04-16 13:59:00,499.2000,498.9000
META,2025-04-16 14:00:00,498.8900,501.0700
META,2025-04-16 14:01:00,501.0700,500.4250
META,2025-04-16 14:02:00,500.4300,500.6100
META,2025-04-16 14:03:00,500.8200,501.1760
META,2025-04-16 14:04:00,501.1320,501.3350
META,2025-04-16 14:05:00,501.4500,501.7900
META,2025-04-16 14:06:00,501.6700,502.0000
META,2025-04-16 14:07:00,501.9914,501.0650
META,2025-04-16 14:08:00,501.1500,500.9500
META,2025-04-16 14:09:00,500.8700,501.6200
META,2025-04-16 14:10:00,501.6600,501.8100
META,2025-04-16 14:11:00,501.8200,501.4950
META,2025-04-16 14:12:00,501.4950,501.1200
META,2025-04-16 14:13:00,501.1200,500.6100
META,2025-04-16 14:14:00,500.6900,501.0900
META,2025-04-16 14:15:00,501.1800,500.6450
META,2025-04-16 14:16:00,500.5500,500.0421
META,2025-04-16 14:17:00,500.2200,500.1050
META,2025-04-16 14:18:00,500.1050,499.8050
META,2025-04-16 14:19:00,499.8575,500.4125
META,2025-04-16 14:20:00,500.4150,500.3600
META,2025-04-16 14:21:00,500.3700,500.9300
META,2025-04-16 14:22:00,501.0100,501.2300
META,2025-04-16 14:23:00,501.2350,502.0050
META,2025-04-16 14:24:00,502.1100,502.1000
META,2025-04-16 14:25:00,502.0000,501.7500
META,2025-04-16 14:26:00,502.0450,502.6350
META,2025-04-16 14:27:00,502.6300,502.1200
META,2025-04-16 14:28:00,502.1200,501.2950
META,2025-04-16 14:29:00,501.3450,501.4100
META,2025-04-16 14:30:00,501.4600,501.4100
META,2025-04-16 14:31:00,501.4200,501.4850
META,2025-04-16 14:32:00,501.4850,501.4700
META,2025-04-16 14:33:00,501.4700,501.2600
META,2025-04-16 14:34:00,501.2000,501.3500
META,2025-04-16 14:35:00,501.3800,500.7850
META,2025-04-16 14:36:00,500.7500,500.9300
META,2025-04-16 14:37:00,500.7200,500.0100
META,2025-04-16 14:38:00,499.9200,499.3000
META,2025-04-16 14:39:00,499.3000,499.6850
META,2025-04-16 14:40:00,499.6150,499.3685
META,2025-04-16 14:41:00,499.4300,499.3050
META,2025-04-16 14:42:00,499.3050,499.5550
META,2025-04-16 14:43:00,499.6000,498.7000
META,2025-04-16 14:44:00,498.7100,499.0443
META,2025-04-16 14:45:00,498.9450,498.6793
META,2025-04-16 14:46:00,498.6400,499.1300
META,2025-04-16 14:47:00,499.1350,499.3410
META,2025-04-16 14:48:00,499.3200,499.0000
META,2025-04-16 14:49:00,499.0450,499.0600
META,2025-04-16 14:50:00,499.0472,498.8350
META,2025-04-16 14:51:00,498.8325,499.3837
META,2025-04-16 14:52:00,499.3800,499.3350
META,2025-04-16 14:53:00,499.2800,498.9500
META,2025-04-16 14:54:00,498.8800,499.0000
META,2025-04-16 14:55:00,498.9400,499.5200
META,2025-04-16 14:56:00,499.5200,499.5100
META,2025-04-16 14:57:00,499.4200,499.0700
META,2025-04-16 14:58:00,499.2250,498.6650
META,2025-04-16 14:59:00,498.5600,498.2275
META,2025-04-16 15:00:00,498.3100,498.6350
META,2025-04-16 15:01:00,498.7500,498.7700
META,2025-04-16 15:02:00,498.8600,498.4842
META,2025-04-16 15:03:00,498.4822,498.1800
META,2025-04-16 15:04:00,498.1200,497.8800
META,2025-04-16 15:05:00,497.8550,498.0300
META,2025-04-16 15:06:00,497.9500,497.3500
META,2025-04-16 15:07:00,497.2750,497.2900
META,2025-04-16 15:08:00,497.2200,497.2100
META,2025-04-16 15:09:00,497.2050,496.8000
META,2025-04-16 15:10:00,496.9000,496.4900
META,2025-04-16 15:11:00,496.4350,496.3350
META,2025-04-16 15:12:00,496.4000,497.2500
META,2025-04-16 15:13:00,497.3400,497.8600
META,2025-04-16 15:14:00,497.8600,497.4700
META,2025-04-16 15:15:00,497.3400,497.9300
META,2025-04-16 15:16:00,497.8650,497.2350
META,2025-04-16 15:17:00,497.3200,497.1800
META,2025-04-16 15:18:00,497.1800,497.0000
META,2025-04-16 15:19:00,496.9500,496.6200
META,2025-04-16 15:20:00,496.6150,496.9175
META,2025-04-16 15:21:00,496.8000,497.0550
META,2025-04-16 15:22:00,497.0600,496.8100
META,2025-04-16 15:23:00,496.8000,496.8700
META,2025-04-16 15:24:00,496.8000,496.3499
META,2025-04-16 15:25:00,496.3300,496.0300
META,2025-04-16 15:26:00,496.0870,496.0070
META,2025-04-16 15:27:00,496.0000,496.2600
META,2025-04-16 15:28:00,496.2825,496.0600
META,2025-04-16 15:29:00,496.0900,496.1020
META,2025-04-16 15:30:00,496.3000,497.6000
META,2025-04-16 15:31:00,497.5978,497.0762
META,2025-04-16 15:32:00,497.3100,498.1903
META,2025-04-16 15:33:00,498.1200,497.8350
META,2025-04-16 15:34:00,497.6901,497.6900
META,2025-04-16 15:35:00,497.6900,497.7200
META,2025-04-16 15:36:00,497.6850,497.0673
META,2025-04-16 15:37:00,496.8500,496.4450
META,2025-04-16 15:38:00,496.5300,497.1700
META,2025-04-16 15:39:00,497.1100,496.7600
META,2025-04-16 15:40:00,496.7725,497.4200
META,2025-04-16 15:41:00,497.3400,498.1400
META,2025-04-16 15:42:00,497.9900,498.0100
META,2025-04-16 15:43:00,498.0000,497.9100
META,2025-04-16 15:44:00,497.9100,497.3050
META,2025-04-16 15:45:00,497.3200,497.8400
META,2025-04-16 15:46:00,497.8750,498.2950
META,2025-04-16 15:47:00,498.4100,498.6300
META,2025-04-16 15:48:00,498.5200,498.6300
META,2025-04-16 15:49:00,498.5800,498.6900
META,2025-04-16 15:50:00,498.7700,500.9950
META,2025-04-16 15:51:00,500.9101,501.6100
META,2025-04-16 15:52:00,501.5600,502.6700
META,2025-04-16 15:53:00,502.5385,501.9050
META,2025-04-16 15:54:00,501.8443,503.0300
META,2025-04-16 15:55:00,503.1400,502.0450
META,2025-04-16 15:56:00,501.9700,502.9800
META,2025-04-16 15:57:00,503.0400,502.8500
META,2025-04-16 15:58:00,502.9200,503.0200
META,2025-04-16 15:59:00,503.0500,502.3100
META,2025-04-17 09:30:00,505.2500,504.1175
META,2025-04-17 09:31:00,504.0300,505.6000
META,2025-04-17 09:32:00,505.6100,504.3100
META,2025-04-17 09:33:00,504.5100,503.4800
META,2025-04-17 09:34:00,503.4800,502.3650
META,2025-04-17 09:35:00,502.0800,501.7300
META,2025-04-17 09:36:00,501.5400,502.0600
META,2025-04-17 09:37:00,502.0200,502.0000
META,2025-04-17 09:38:00,501.8800,501.1500
META,2025-04-17 09:39:00,501.1500,502.0550
META,2025-04-17 09:40:00,502.1299,501.9200
META,2025-04-17 09:41:00,502.1600,503.5800
META,2025-04-17 09:42:00,503.5500,503.0700
META,2025-04-17 09:43:00,503.2600,503.5600
META,2025-04-17 09:44:00,503.6950,503.3100
META,2025-04-17 09:45:00,503.2600,503.0800
META,2025-04-17 09:46:00,503.2326,502.6400
META,2025-04-17 09:47:00,502.6600,502.9990
META,2025-04-17 09:48:00,503.0700,503.7500
META,2025-04-17 09:49:00,503.7400,504.4100
META,2025-04-17 09:50:00,504.6000,505.6400
META,2025-04-17 09:51:00,505.7600,505.8150
META,2025-04-17 09:52:00,505.7400,506.2500
META,2025-04-17 09:53:00,506.0600,505.5300
META,2025-04-17 09:54:00,505.6500,505.6300
META,2025-04-17 09:55:00,505.6900,505.5700
META,2025-04-17 09:56:00,505.5700,505.4800
META,2025-04-17 09:57:00,505.4800,505.2400
META,2025-04-17 09:58:00,505.2400,504.8500
META,2025-04-17 09:59:00,504.9600,505.6500
META,2025-04-17 10:00:00,505.5200,504.8533
META,2025-04-17 10:01:00,504.7100,505.1800
META,2025-04-17 10:02:00,505.1575,504.2600
META,2025-04-17 10:03:00,504.3100,503.1500
META,2025-04-17 10:04:00,503.0200,503.3800
META,2025-04-17 10:05:00,503.4700,503.5722
META,2025-04-17 10:06:00,503.7200,502.9850
META,2025-04-17 10:07:00,502.6897,501.5300
META,2025-04-17 10:08:00,501.5400,502.0300
META,2025-04-17 10:09:00,501.8201,501.7900
META,2025-04-17 10:10:00,501.9900,501.7700
META,2025-04-17 10:11:00,502.0000,501.7100
META,2025-04-17 10:12:00,501.8910,502.2250
META,2025-04-17 10:13:00,502.2250,501.5250
META,2025-04-17 10:14:00,501.5500,500.7700
META,2025-04-17 10:15:00,500.8800,501.2500
META,2025-04-17 10:16:00,501.2500,500.2899
META,2025-04-17 10:17:00,500.2900,500.6450
META,2025-04-17 10:18:00,500.6300,499.9900
META,2025-04-17 10:19:00,500.1200,500.5700
META,2025-04-17 10:20:00,500.5547,500.1500
META,2025-04-17 10:21:00,500.2500,500.3236
META,2025-04-17 10:22:00,500.4700,501.3700
META,2025-04-17 10:23:00,501.5050,501.2300
META,2025-04-17 10:24:00,501.2350,500.5900
META,2025-04-17 10:25:00,500.6946,500.9400
META,2025-04-17 10:26:00,500.9200,500.7850
META,2025-04-17 10:27:00,500.8000,500.0800
META,2025-04-17 10:28:00,500.1800,499.9860
META,2025-04-17 10:29:00,499.8800,499.2375
META,2025-04-17 10:30:00,499.3600,498.6400
META,2025-04-17 10:31:00,498.8300,498.8750
META,2025-04-17 10:32:00,498.8500,500.0350
META,2025-04-17 10:33:00,500.2100,499.9000
META,2025-04-17 10:34:00,499.9400,499.7300
META,2025-04-17 10:35:00,499.7645,498.8500
META,2025-04-17 10:36:00,498.7750,499.0700
META,2025-04-17 10:37:00,499.2500,498.9100
META,2025-04-17 10:38:00,498.9150,498.8900
META,2025-04-17 10:39:00,498.8000,500.3750
META,2025-04-17 10:40:00,500.3000,500.9845
META,2025-04-17 10:41:00,500.8700,502.6800
META,2025-04-17 10:42:00,502.5800,503.8000
META,2025-04-17 10:43:00,503.8000,503.7000
META,2025-04-17 10:44:00,503.7600,504.9350
META,2025-04-17 10:45:00,504.9350,504.6200
META,2025-04-17 10:46:00,504.6300,504.3500
META,2025-04-17 10:47:00,504.4500,503.9200
META,2025-04-17 10:48:00,504.1100,504.0810
META,2025-04-17 10:49:00,504.0500,503.7750
META,2025-04-17 10:50:00,503.6400,503.5300
META,2025-04-17 10:51:00,503.5300,502.6700
META,2025-04-17 10:52:00,502.6700,502.5000
META,2025-04-17 10:53:00,502.5800,502.7150
META,2025-04-17 10:54:00,502.8871,503.2900
META,2025-04-17 10:55:00,503.3800,502.9550
META,2025-04-17 10:56:00,502.8300,502.3100
META,2025-04-17 10:57:00,502.2000,502.4100
META,2025-04-17 10:58:00,502.4550,501.8100
META,2025-04-17 10:59:00,501.8135,500.9700
META,2025-04-17 11:00:00,501.0900,501.7300
META,2025-04-17 11:01:00,501.6600,501.6100
META,2025-04-17 11:02:00,501.5984,501.6000
META,2025-04-17 11:03:00,501.6250,501.7300
META,2025-04-17 11:04:00,501.7300,501.9300
META,2025-04-17 11:05:00,501.8000,503.0000
META,2025-04-17 11:06:00,503.1700,504.4900
META,2025-04-17 11:07:00,504.6500,504.6400
META,2025-04-17 11:08:00,504.8000,504.6100
META,2025-04-17 11:09:00,504.7600,504.2100
META,2025-04-17 11:10:00,503.9100,504.2700
META,2025-04-17 11:11:00,504.2700,504.4999
META,2025-04-17 11:12:00,504.1950,504.2300
META,2025-04-17 11:13:00,504.1150,504.1250
META,2025-04-17 11:14:00,504.0700,504.6850
META,2025-04-17 11:15:00,504.6900,503.5700
META,2025-04-17 11:16:00,503.4100,503.0800
META,2025-04-17 11:17:00,502.9900,503.7400
META,2025-04-17 11:18:00,503.6850,504.0750
META,2025-04-17 11:19:00,504.1250,503.5900
META,2025-04-17 11:20:00,503.5900,503.0550
META,2025-04-17 11:21:00,503.0450,502.9200
META,2025-04-17 11:22:00,502.8500,502.8100
META,2025-04-17 11:23:00,502.8900,503.3950
META,2025-04-17 11:24:00,503.4000,503.5100
META,2025-04-17 11:25:00,503.5800,503.1200
META,2025-04-17 11:26:00,503.2300,503.4200
META,2025-04-17 11:27:00,503.2600,502.5600
META,2025-04-17 11:28:00,502.6150,502.1250
META,2025-04-17 11:29:00,502.0400,502.0050
META,2025-04-17 11:30:00,502.1000,502.7406
META,2025-04-17 11:31:00,503.0300,503.7650
META,2025-04-17 11:32:00,503.8000,503.8500
META,2025-04-17 11:33:00,503.8600,503.8118
META,2025-04-17 11:34:00,503.8400,503.1750
META,2025-04-17 11:35:00,503.1700,502.7200
META,2025-04-17 11:36:00,502.7200,503.1200
META,2025-04-17 11:37:00,503.0147,504.5700
META,2025-04-17 11:38:00,504.6000,503.2801
META,2025-04-17 11:39:00,503.3100,503.8800
META,2025-04-17 11:40:00,503.8700,503.7400
META,2025-04-17 11:41:00,503.8700,503.4700
META,2025-04-17 11:42:00,503.5599,502.6250
META,2025-04-17 11:43:00,502.6050,502.7850
META,2025-04-17 11:44:00,502.6600,502.3100
META,2025-04-17 11:45:00,502.3100,502.1375
META,2025-04-17 11:46:00,502.1450,502.6000
META,2025-04-17 11:47:00,502.5550,502.3901
META,2025-04-17 11:48:00,502.7300,502.7900
META,2025-04-17 11:49:00,502.8650,501.9200
META,2025-04-17 11:50:00,501.9500,501.4800
META,2025-04-17 11:51:00,501.5300,502.8500
META,2025-04-17 11:52:00,502.9000,502.4500
META,2025-04-17 11:53:00,502.4200,501.6000
META,2025-04-17 11:54:00,501.6200,501.3300
META,2025-04-17 11:55:00,501.4474,501.6700
META,2025-04-17 11:56:00,501.6900,501.5250
META,2025-04-17 11:57:00,501.4100,500.8800
META,2025-04-17 11:58:00,500.9450,500.9161
META,2025-04-17 11:59:00,500.9894,500.9100
META,2025-04-17 12:00:00,501.0000,501.6700
META,2025-04-17 12:01:00,501.5050,501.2550
META,2025-04-17 12:02:00,501.4400,501.2500
META,2025-04-17 12:03:00,501.1600,501.3300
META,2025-04-17 12:04:00,501.4700,500.8100
META,2025-04-17 12:05:00,500.7200,502.6900
META,2025-04-17 12:06:00,502.9800,502.3500
META,2025-04-17 12:07:00,502.6047,503.3500
META,2025-04-17 12:08:00,503.3100,504.2824
META,2025-04-17 12:09:00,504.1080,503.6322
META,2025-04-17 12:10:00,503.2242,502.7000
META,2025-04-17 12:11:00,502.7000,502.9900
META,2025-04-17 12:12:00,502.5100,501.5600
META,2025-04-17 12:13:00,501.5700,502.4350
META,2025-04-17 12:14:00,502.2850,503.4400
META,2025-04-17 12:15:00,503.2300,503.3550
META,2025-04-17 12:16:00,503.6900,504.0800
META,2025-04-17 12:17:00,504.1200,504.0242
META,2025-04-17 12:18:00,503.7500,503.9900
META,2025-04-17 12:19:00,504.0100,505.2163
META,2025-04-17 12:20:00,504.8500,504.3225
META,2025-04-17 12:21:00,504.4569,504.8500
META,2025-04-17 12:22:00,505.0000,504.4000
META,2025-04-17 12:23:00,504.4821,504.2485
META,2025-04-17 12:24:00,504.2428,503.9950
META,2025-04-17 12:25:00,503.9950,504.2250
META,2025-04-17 12:26:00,504.0400,503.9962
META,2025-04-17 12:27:00,504.2925,504.2900
META,2025-04-17 12:28:00,504.2900,504.3050
META,2025-04-17 12:29:00,504.3050,503.9500
META,2025-04-17 12:30:00,503.7300,503.4000
META,2025-04-17 12:31:00,503.4699,503.7100
META,2025-04-17 12:32:00,503.7650,503.5600
META,2025-04-17 12:33:00,503.5050,504.2550
META,2025-04-17 12:34:00,504.3500,504.0595
META,2025-04-17 12:35:00,504.0250,504.1750
META,2025-04-17 12:36:00,504.2500,503.2500
META,2025-04-17 12:37:00,503.2400,502.9100
META,2025-04-17 12:38:00,502.9300,502.5888
META,2025-04-17 12:39:00,502.5903,501.8300
META,2025-04-17 12:40:00,501.7200,501.6200
META,2025-04-17 12:41:00,501.6200,501.1500
META,2025-04-17 12:42:00,501.2500,500.6001
META,2025-04-17 12:43:00,500.7750,500.2500
META,2025-04-17 12:44:00,500.1500,499.8600
META,2025-04-17 12:45:00,499.8600,499.6285
META,2025-04-17 12:46:00,499.5050,500.9499
META,2025-04-17 12:47:00,500.8000,500.7900
META,2025-04-17 12:48:00,500.7400,500.3650
META,2025-04-17 12:49:00,500.3200,500.8700
META,2025-04-17 12:50:00,500.8850,501.2373
META,2025-04-17 12:51:00,501.3400,501.1799
META,2025-04-17 12:52:00,501.0145,501.6000
META,2025-04-17 12:53:00,501.6100,501.8200
META,2025-04-17 12:54:00,501.5001,501.7100
META,2025-04-17 12:55:00,501.8400,501.9200
META,2025-04-17 12:56:00,501.9917,501.9350
META,2025-04-17 12:57:00,501.8850,501.8000
META,2025-04-17 12:58:00,501.8000,502.2500
META,2025-04-17 12:59:00,502.2000,501.9050
META,2025-04-17 13:00:00,501.7700,502.2650
META,2025-04-17 13:01:00,502.2150,502.3300
META,2025-04-17 13:02:00,502.4300,502.1850
META,2025-04-17 13:03:00,502.1200,501.4850
META,2025-04-17 13:04:00,501.4400,501.8381
META,2025-04-17 13:05:00,501.8600,501.5600
META,2025-04-17 13:06:00,501.5582,501.4800
META,2025-04-17 13:07:00,501.5300,502.0250
META,2025-04-17 13:08:00,502.0600,502.1850
META,2025-04-17 13:09:00,502.1850,501.9300
META,2025-04-17 13:10:00,501.9400,501.9000
META,2025-04-17 13:11:00,502.0700,501.2400
META,2025-04-17 13:12:00,501.2350,501.3550
META,2025-04-17 13:13:00,501.3550,501.4100
META,2025-04-17 13:14:00,501.4981,501.4200
META,2025-04-17 13:15:00,501.2700,501.5400
META,2025-04-17 13:16:00,501.5583,501.0650
META,2025-04-17 13:17:00,501.0600,500.9200
META,2025-04-17 13:18:00,500.9900,500.8950
META,2025-04-17 13:19:00,500.8167,501.1420
META,2025-04-17 13:20:00,501.1000,500.7800
META,2025-04-17 13:21:00,500.7000,500.8747
META,2025-04-17 13:22:00,500.8200,500.7300
META,2025-04-17 13:23:00,500.7700,500.4400
META,2025-04-17 13:24:00,500.3900,500.6000
META,2025-04-17 13:25:00,500.5300,501.3150
META,2025-04-17 13:26:00,501.1800,500.4925
META,2025-04-17 13:27:00,500.4100,500.8500
META,2025-04-17 13:28:00,500.8500,500.6100
META,2025-04-17 13:29:00,500.5500,500.1600
META,2025-04-17 13:30:00,500.1700,500.1350
META,2025-04-17 13:31:00,500.4400,500.7800
META,2025-04-17 13:32:00,500.7895,501.0450
META,2025-04-17 13:33:00,501.1800,501.5300
META,2025-04-17 13:34:00,501.6330,501.3750
META,2025-04-17 13:35:00,501.2300,501.2100
META,2025-04-17 13:36:00,501.2100,501.8300
META,2025-04-17 13:37:00,501.8950,501.7100
META,2025-04-17 13:38:00,501.7600,502.1050
META,2025-04-17 13:39:00,501.9800,502.5232
META,2025-04-17 13:40:00,502.5300,501.9400
META,2025-04-17 13:41:00,502.0200,501.5700
META,2025-04-17 13:42:00,501.5350,501.1969
META,2025-04-17 13:43:00,501.0450,501.5000
META,2025-04-17 13:44:00,501.4900,501.8400
META,2025-04-17 13:45:00,501.7200,502.1500
META,2025-04-17 13:46:00,502.1500,503.1150
META,2025-04-17 13:47:00,503.2700,503.4250
META,2025-04-17 13:48:00,503.3600,502.8050
META,2025-04-17 13:49:00,502.9800,502.1550
META,2025-04-17 13:50:00,502.1550,502.4200
META,2025-04-17 13:51:00,502.3800,502.7100
META,2025-04-17 13:52:00,502.7100,502.9800
META,2025-04-17 13:53:00,502.8900,503.0350
META,2025-04-17 13:54:00,503.0300,502.9500
META,2025-04-17 13:55:00,502.8200,503.4500
META,2025-04-17 13:56:00,503.3900,503.0354
META,2025-04-17 13:57:00,502.8450,503.1500
META,2025-04-17 13:58:00,503.0400,503.0850
META,2025-04-17 13:59:00,502.8901,502.8450
META,2025-04-17 14:00:00,502.8200,503.0200
META,2025-04-17 14:01:00,503.1400,503.3975
META,2025-04-17 14:02:00,503.4600,503.7457
META,2025-04-17 14:03:00,503.7500,503.7500
META,2025-04-17 14:04:00,503.7300,504.5721
META,2025-04-17 14:05:00,504.5400,504.9500
META,2025-04-17 14:06:00,504.9500,504.6600
META,2025-04-17 14:07:00,504.5900,504.5550
META,2025-04-17 14:08:00,504.5650,505.1500
META,2025-04-17 14:09:00,505.1499,505.0650
META,2025-04-17 14:10:00,505.1000,505.0150
META,2025-04-17 14:11:00,505.0050,505.1200
META,2025-04-17 14:12:00,505.1800,504.8350
META,2025-04-17 14:13:00,504.6501,504.3800
META,2025-04-17 14:14:00,504.4700,504.1600
META,2025-04-17 14:15:00,504.1425,504.2200
META,2025-04-17 14:16:00,504.1700,503.9275
META,2025-04-17 14:17:00,504.0100,505.0200
META,2025-04-17 14:18:00,505.1000,504.9400
META,2025-04-17 14:19:00,504.9000,505.6600
META,2025-04-17 14:20:00,505.5492,506.0950
META,2025-04-17 14:21:00,506.0191,505.8800
META,2025-04-17 14:22:00,505.9900,506.4750
META,2025-04-17 14:23:00,506.4477,506.4350
META,2025-04-17 14:24:00,506.5329,506.2400
META,2025-04-17 14:25:00,506.1200,506.4600
META,2025-04-17 14:26:00,506.6000,505.9881
META,2025-04-17 14:27:00,505.8300,506.1600
META,2025-04-17 14:28:00,505.9950,506.0001
META,2025-04-17 14:29:00,506.1100,505.5650
META,2025-04-17 14:30:00,505.5650,506.0600
META,2025-04-17 14:31:00,506.1000,507.0800
META,2025-04-17 14:32:00,507.1899,507.1600
META,2025-04-17 14:33:00,507.2200,506.9350
META,2025-04-17 14:34:00,506.8400,506.2200
META,2025-04-17 14:35:00,506.0900,506.6900
META,2025-04-17 14:36:00,506.7000,506.1850
META,2025-04-17 14:37:00,506.2600,506.6500
META,2025-04-17 14:38:00,506.7200,507.0000
META,2025-04-17 14:39:00,507.0000,507.1354
META,2025-04-17 14:40:00,507.1550,506.7324
META,2025-04-17 14:41:00,506.7167,506.7600
META,2025-04-17 14:42:00,506.6800,506.2350
META,2025-04-17 14:43:00,506.2400,506.4900
META,2025-04-17 14:44:00,506.4200,506.5225
META,2025-04-17 14:45:00,506.3500,506.7850
META,2025-04-17 14:46:00,506.8700,506.5400
META,2025-04-17 14:47:00,506.5900,505.9200
META,2025-04-17 14:48:00,506.0500,506.2000
META,2025-04-17 14:49:00,506.1350,505.4250
META,2025-04-17 14:50:00,505.2900,504.4500
META,2025-04-17 14:51:00,504.3100,504.9805
META,2025-04-17 14:52:00,505.1100,505.8868
META,2025-04-17 14:53:00,505.9100,506.0300
META,2025-04-17 14:54:00,505.9800,505.3780
META,2025-04-17 14:55:00,505.2700,505.0000
META,2025-04-17 14:56:00,504.7600,504.4750
META,2025-04-17 14:57:00,504.4500,504.5800
META,2025-04-17 14:58:00,504.6617,504.4400
META,2025-04-17 14:59:00,504.4300,503.9500
META,2025-04-17 15:00:00,504.0200,504.1100
META,2025-04-17 15:01:00,504.0900,503.7400
META,2025-04-17 15:02:00,503.7800,503.6350
META,2025-04-17 15:03:00,503.7568,503.6725
META,2025-04-17 15:04:00,503.8000,503.9300
META,2025-04-17 15:05:00,503.8750,503.5175
META,2025-04-17 15:06:00,503.4200,503.4700
META,2025-04-17 15:07:00,503.5700,503.6350
META,2025-04-17 15:08:00,503.5100,503.6250
META,2025-04-17 15:09:00,503.6100,503.2601
META,2025-04-17 15:10:00,503.2600,502.8400
META,2025-04-17 15:11:00,502.7300,502.8500
META,2025-04-17 15:12:00,502.7900,502.6200
META,2025-04-17 15:13:00,502.4800,502.2700
META,2025-04-17 15:14:00,502.1800,502.0100
META,2025-04-17 15:15:00,501.9700,502.1920
META,2025-04-17 15:16:00,502.0810,501.4600
META,2025-04-17 15:17:00,501.5000,502.0300
META,2025-04-17 15:18:00,501.7925,501.6750
META,2025-04-17 15:19:00,501.6500,501.9200
META,2025-04-17 15:20:00,502.0500,501.2400
META,2025-04-17 15:21:00,501.1800,500.7000
META,2025-04-17 15:22:00,500.7000,501.1100
META,2025-04-17 15:23:00,501.1100,502.0750
META,2025-04-17 15:24:00,502.2100,501.9900
META,2025-04-17 15:25:00,501.7900,501.9110
META,2025-04-17 15:26:00,501.9300,502.4431
META,2025-04-17 15:27:00,502.4434,502.6500
META,2025-04-17 15:28:00,502.5200,501.9300
META,2025-04-17 15:29:00,501.9200,501.4100
META,2025-04-17 15:30:00,501.5000,502.2150
META,2025-04-17 15:31:00,502.0900,502.2800
META,2025-04-17 15:32:00,502.3700,502.0000
META,2025-04-17 15:33:00,501.8500,501.7900
META,2025-04-17 15:34:00,501.7300,502.0200
META,2025-04-17 15:35:00,502.0193,501.7550
META,2025-04-17 15:36:00,501.7600,502.2975
META,2025-04-17 15:37:00,502.4000,501.9550
META,2025-04-17 15:38:00,502.0500,502.1600
META,2025-04-17 15:39:00,502.1950,502.2050
META,2025-04-17 15:40:00,502.2600,501.5288
META,2025-04-17 15:41:00,501.4400,501.9700
META,2025-04-17 15:42:00,502.0500,502.7875
META,2025-04-17 15:43:00,502.8400,502.3800
META,2025-04-17 15:44:00,502.4276,502.4300
META,2025-04-17 15:45:00,502.5400,502.0200
META,2025-04-17 15:46:00,502.2200,501.7300
META,2025-04-17 15:47:00,501.7300,501.5300
META,2025-04-17 15:48:00,501.5200,501.3500
META,2025-04-17 15:49:00,501.3100,501.3300
META,2025-04-17 15:50:00,501.0700,500.3400
META,2025-04-17 15:51:00,500.3800,500.3900
META,2025-04-17 15:52:00,500.4900,500.2300
META,2025-04-17 15:53:00,500.2700,500.1100
META,2025-04-17 15:54:00,500.2200,501.2600
META,2025-04-17 15:55:00,501.2400,500.3450
META,2025-04-17 15:56:00,500.3000,500.7100
META,2025-04-17 15:57:00,500.7600,501.1300
META,2025-04-17 15:58:00,501.1300,501.1600
META,2025-04-17 15:59:00,501.2000,501.6290
META,2025-04-21 09:30:00,491.3250,490.2600
META,2025-04-21 09:31:00,490.3000,491.5452
META,2025-04-21 09:32:00,491.3200,492.2500
META,2025-04-21 09:33:00,492.1200,493.2629
META,2025-04-21 09:34:00,493.1701,492.5550
META,2025-04-21 09:35:00,492.6200,491.4650
META,2025-04-21 09:36:00,491.3300,492.0600
META,2025-04-21 09:37:00,492.0300,491.9000
META,2025-04-21 09:38:00,491.6530,490.6600
META,2025-04-21 09:39:00,490.7923,491.7850
META,2025-04-21 09:40:00,491.8900,490.8450
META,2025-04-21 09:41:00,490.8050,490.9585
META,2025-04-21 09:42:00,491.0400,490.5500
META,2025-04-21 09:43:00,490.4200,490.1600
META,2025-04-21 09:44:00,490.1600,489.5501
META,2025-04-21 09:45:00,489.6200,488.9420
META,2025-04-21 09:46:00,489.3499,488.6080
META,2025-04-21 09:47:00,488.7800,488.9100
META,2025-04-21 09:48:00,488.9550,489.8350
META,2025-04-21 09:49:00,489.8400,489.9100
META,2025-04-21 09:50:00,489.9100,489.2650
META,2025-04-21 09:51:00,489.3200,488.5100
META,2025-04-21 09:52:00,488.4050,488.3400
META,2025-04-21 09:53:00,488.4420,487.2950
META,2025-04-21 09:54:00,487.2950,487.8100
META,2025-04-21 09:55:00,487.7678,487.2458
META,2025-04-21 09:56:00,487.3950,485.8300
META,2025-04-21 09:57:00,485.8200,485.7400
META,2025-04-21 09:58:00,485.8072,485.0700
META,2025-04-21 09:59:00,485.1960,484.7192
META,2025-04-21 10:00:00,484.5500,484.3800
META,2025-04-21 10:01:00,484.3300,484.4900
META,2025-04-21 10:02:00,484.4900,484.3100
META,2025-04-21 10:03:00,484.1000,483.5975
META,2025-04-21 10:04:00,483.5750,484.1200
META,2025-04-21 10:05:00,484.1200,483.9600
META,2025-04-21 10:06:00,483.8800,483.6400
META,2025-04-21 10:07:00,483.7100,483.7500
META,2025-04-21 10:08:00,483.8179,484.1650
META,2025-04-21 10:09:00,484.0101,483.5560
META,2025-04-21 10:10:00,483.5450,484.4700
META,2025-04-21 10:11:00,484.4800,484.8700
META,2025-04-21 10:12:00,484.8100,485.7518
META,2025-04-21 10:13:00,485.7500,485.9200
META,2025-04-21 10:14:00,485.9200,485.6400
META,2025-04-21 10:15:00,485.9000,485.5062
META,2025-04-21 10:16:00,485.6200,484.3300
META,2025-04-21 10:17:00,484.0701,485.1635
META,2025-04-21 10:18:00,484.8800,483.9000
META,2025-04-21 10:19:00,484.0900,485.1999
META,2025-04-21 10:20:00,485.0500,485.4999
META,2025-04-21 10:21:00,485.3800,485.2250
META,2025-04-21 10:22:00,485.3500,484.9500
META,2025-04-21 10:23:00,484.9200,484.9900
META,2025-04-21 10:24:00,484.9950,484.9334
META,2025-04-21 10:25:00,484.9300,485.3000
META,2025-04-21 10:26:00,485.4000,485.3000
META,2025-04-21 10:27:00,485.2950,484.4300
META,2025-04-21 10:28:00,484.3787,484.8900
META,2025-04-21 10:29:00,484.7800,484.4050
META,2025-04-21 10:30:00,484.3400,484.0000
META,2025-04-21 10:31:00,484.2500,483.5201
META,2025-04-21 10:32:00,483.6450,483.6400
META,2025-04-21 10:33:00,483.7100,484.1050
META,2025-04-21 10:34:00,484.2499,484.2150
META,2025-04-21 10:35:00,484.3200,485.0900
META,2025-04-21 10:36:00,485.1712,485.1100
META,2025-04-21 10:37:00,485.0750,485.3900
META,2025-04-21 10:38:00,485.3900,485.5800
META,2025-04-21 10:39:00,485.7200,485.6900
META,2025-04-21 10:40:00,485.7728,486.0000
META,2025-04-21 10:41:00,485.8235,485.3910
META,2025-04-21 10:42:00,485.4900,485.1338
META,2025-04-21 10:43:00,485.0400,484.6600
META,2025-04-21 10:44:00,484.5900,484.2400
META,2025-04-21 10:45:00,484.2400,484.8500
META,2025-04-21 10:46:00,484.8500,485.0200
META,2025-04-21 10:47:00,485.0200,484.9400
META,2025-04-21 10:48:00,485.1364,484.7300
META,2025-04-21 10:49:00,484.9500,484.7000
META,2025-04-21 10:50:00,484.6000,484.8500
META,2025-04-21 10:51:00,484.8700,485.2099
META,2025-04-21 10:52:00,485.1200,485.0220
META,2025-04-21 10:53:00,485.1250,485.2550
META,2025-04-21 10:54:00,485.3900,485.4200
META,2025-04-21 10:55:00,485.4550,485.7023
META,2025-04-21 10:56:00,485.5700,485.7450
META,2025-04-21 10:57:00,485.5401,485.3820
META,2025-04-21 10:58:00,485.3200,486.1800
META,2025-04-21 10:59:00,486.2200,485.9900
META,2025-04-21 11:00:00,486.0050,486.1800
META,2025-04-21 11:01:00,486.1100,485.3228
META,2025-04-21 11:02:00,485.3500,485.2600
META,2025-04-21 11:03:00,485.1500,485.1900
META,2025-04-21 11:04:00,485.2500,485.6600
META,2025-04-21 11:05:00,485.7699,486.0500
META,2025-04-21 11:06:00,485.8300,486.0312
META,2025-04-21 11:07:00,485.9300,485.5600
META,2025-04-21 11:08:00,485.7200,485.8800
META,2025-04-21 11:09:00,485.9700,485.9029
META,2025-04-21 11:10:00,485.8900,485.7800
META,2025-04-21 11:11:00,486.0599,485.8347
META,2025-04-21 11:12:00,485.9457,485.4600
META,2025-04-21 11:13:00,485.5481,484.9801
META,2025-04-21 11:14:00,484.9850,484.1500
META,2025-04-21 11:15:00,484.1700,484.8300
META,2025-04-21 11:16:00,484.7450,484.5300
META,2025-04-21 11:17:00,484.6450,484.7459
META,2025-04-21 11:18:00,484.7100,484.9300
META,2025-04-21 11:19:00,484.9700,485.1050
META,2025-04-21 11:20:00,485.0700,484.6100
META,2025-04-21 11:21:00,484.5800,484.6200
META,2025-04-21 11:22:00,484.5600,483.8800
META,2025-04-21 11:23:00,483.9200,484.1200
META,2025-04-21 11:24:00,484.3250,483.9175
META,2025-04-21 11:25:00,484.0500,483.7685
META,2025-04-21 11:26:00,483.7700,483.4400
META,2025-04-21 11:27:00,483.3400,483.6950
META,2025-04-21 11:28:00,483.7700,483.6500
META,2025-04-21 11:29:00,483.7411,484.1550
META,2025-04-21 11:30:00,484.0200,483.9400
META,2025-04-21 11:31:00,483.9500,483.1200
META,2025-04-21 11:32:00,483.2300,482.8250
META,2025-04-21 11:33:00,482.8200,482.5450
META,2025-04-21 11:34:00,482.5300,482.5199
META,2025-04-21 11:35:00,482.3800,482.6700
META,2025-04-21 11:36:00,482.6600,482.2409
META,2025-04-21 11:37:00,482.2900,482.4600
META,2025-04-21 11:38:00,482.3700,482.4318
META,2025-04-21 11:39:00,482.5125,482.2068
META,2025-04-21 11:40:00,482.1200,482.3300
META,2025-04-21 11:41:00,482.3650,482.2000
META,2025-04-21 11:42:00,482.1800,482.2100
META,2025-04-21 11:43:00,482.3300,482.0180
META,2025-04-21 11:44:00,481.9300,481.5250
META,2025-04-21 11:45:00,481.4500,481.1616
META,2025-04-21 11:46:00,481.1100,480.8700
META,2025-04-21 11:47:00,480.7900,480.1100
META,2025-04-21 11:48:00,480.1540,480.3300
META,2025-04-21 11:49:00,480.1800,480.7200
META,2025-04-21 11:50:00,480.6900,480.3000
META,2025-04-21 11:51:00,480.4000,480.2900
META,2025-04-21 11:52:00,480.2536,480.6750
META,2025-04-21 11:53:00,480.6750,481.2150
META,2025-04-21 11:54:00,481.2500,480.9300
META,2025-04-21 11:55:00,480.8700,481.4350
META,2025-04-21 11:56:00,481.4100,481.2850
META,2025-04-21 11:57:00,481.3100,481.6000
META,2025-04-21 11:58:00,481.5800,481.7500
META,2025-04-21 11:59:00,481.8450,481.8250
META,2025-04-21 12:00:00,481.8250,482.4600
META,2025-04-21 12:01:00,482.4700,482.6200
META,2025-04-21 12:02:00,482.6398,482.5300
META,2025-04-21 12:03:00,482.5600,482.2400
META,2025-04-21 12:04:00,482.2350,482.2580
META,2025-04-21 12:05:00,482.2700,482.5445
META,2025-04-21 12:06:00,482.5400,482.7701
META,2025-04-21 12:07:00,483.0000,482.9200
META,2025-04-21 12:08:00,482.9000,482.6700
META,2025-04-21 12:09:00,482.5865,483.2155
META,2025-04-21 12:10:00,483.0062,482.8400
META,2025-04-21 12:11:00,482.9500,482.9450
META,2025-04-21 12:12:00,482.9100,483.4000
META,2025-04-21 12:13:00,483.4850,483.4050
META,2025-04-21 12:14:00,483.4088,483.4100
META,2025-04-21 12:15:00,483.4100,483.2500
META,2025-04-21 12:16:00,483.2150,483.0000
META,2025-04-21 12:17:00,483.0700,483.2656
META,2025-04-21 12:18:00,483.2700,482.5196
META,2025-04-21 12:19:00,482.5700,482.4950
META,2025-04-21 12:20:00,482.4950,483.1000
META,2025-04-21 12:21:00,483.1000,482.7450
META,2025-04-21 12:22:00,482.8499,482.6050
META,2025-04-21 12:23:00,482.5900,482.9400
META,2025-04-21 12:24:00,482.9400,482.8950
META,2025-04-21 12:25:00,483.0000,483.1050
META,2025-04-21 12:26:00,483.1050,482.3821
META,2025-04-21 12:27:00,482.3193,482.3208
META,2025-04-21 12:28:00,482.3800,482.5103
META,2025-04-21 12:29:00,482.4400,482.3800
META,2025-04-21 12:30:00,482.4100,482.8400
META,2025-04-21 12:31:00,482.8900,482.9900
META,2025-04-21 12:32:00,483.0620,483.1000
META,2025-04-21 12:33:00,483.1800,483.1450
META,2025-04-21 12:34:00,483.0300,483.1550
META,2025-04-21 12:35:00,483.2014,483.1700
META,2025-04-21 12:36:00,483.2400,483.8000
META,2025-04-21 12:37:00,483.8900,483.8100
META,2025-04-21 12:38:00,483.7800,483.7600
META,2025-04-21 12:39:00,483.7600,483.7000
META,2025-04-21 12:40:00,483.7600,484.0200
META,2025-04-21 12:41:00,484.0200,483.9900
META,2025-04-21 12:42:00,483.9350,483.9999
META,2025-04-21 12:43:00,483.8900,484.3500
META,2025-04-21 12:44:00,484.2700,484.4000
META,2025-04-21 12:45:00,484.3400,484.5900
META,2025-04-21 12:46:00,484.6350,484.2400
META,2025-04-21 12:47:00,484.2900,483.9600
META,2025-04-21 12:48:00,483.9600,483.9793
META,2025-04-21 12:49:00,483.9850,484.0260
META,2025-04-21 12:50:00,484.0200,483.7700
META,2025-04-21 12:51:00,483.8000,483.5150
META,2025-04-21 12:52:00,483.6031,483.1300
META,2025-04-21 12:53:00,483.1300,482.8000
META,2025-04-21 12:54:00,482.8900,483.0700
META,2025-04-21 12:55:00,482.9800,482.9620
META,2025-04-21 12:56:00,482.8800,483.1300
META,2025-04-21 12:57:00,483.1000,482.8300
META,2025-04-21 12:58:00,482.8600,482.7900
META,2025-04-21 12:59:00,482.8000,483.0100
META,2025-04-21 13:00:00,483.0100,483.3300
META,2025-04-21 13:01:00,483.2665,483.1300
META,2025-04-21 13:02:00,483.0200,482.5900
META,2025-04-21 13:03:00,482.5865,482.4450
META,2025-04-21 13:04:00,482.4275,482.5200
META,2025-04-21 13:05:00,482.5050,482.5000
META,2025-04-21 13:06:00,482.3800,482.2800
META,2025-04-21 13:07:00,482.3100,482.4400
META,2025-04-21 13:08:00,482.5512,482.3000
META,2025-04-21 13:09:00,482.2343,482.1850
META,2025-04-21 13:10:00,482.1500,482.2000
META,2025-04-21 13:11:00,482.1950,482.4850
META,2025-04-21 13:12:00,482.5864,482.4700
META,2025-04-21 13:13:00,482.6050,482.4750
META,2025-04-21 13:14:00,482.4550,482.5650
META,2025-04-21 13:15:00,482.6799,482.5450
META,2025-04-21 13:16:00,482.5450,482.9150
META,2025-04-21 13:17:00,483.0000,483.0850
META,2025-04-21 13:18:00,482.9800,483.1050
META,2025-04-21 13:19:00,483.1350,483.8250
META,2025-04-21 13:20:00,483.9200,484.5900
META,2025-04-21 13:21:00,484.5300,484.6554
META,2025-04-21 13:22:00,484.4600,483.8750
META,2025-04-21 13:23:00,483.9900,484.6200
META,2025-04-21 13:24:00,484.6500,483.5300
META,2025-04-21 13:25:00,483.6350,483.4800
META,2025-04-21 13:26:00,483.4001,483.5900
META,2025-04-21 13:27:00,483.5154,483.9300
META,2025-04-21 13:28:00,483.8800,483.5946
META,2025-04-21 13:29:00,483.5200,483.5300
META,2025-04-21 13:30:00,483.5300,484.0014
META,2025-04-21 13:31:00,484.0050,484.1100
META,2025-04-21 13:32:00,484.2000,484.1100
META,2025-04-21 13:33:00,484.0000,483.6000
META,2025-04-21 13:34:00,483.6950,483.8350
META,2025-04-21 13:35:00,483.9241,483.8800
META,2025-04-21 13:36:00,483.7600,484.3000
META,2025-04-21 13:37:00,484.2169,483.6600
META,2025-04-21 13:38:00,483.5700,483.6600
META,2025-04-21 13:39:00,483.5739,483.5850
META,2025-04-21 13:40:00,483.6000,483.5300
META,2025-04-21 13:41:00,483.4673,483.5200
META,2025-04-21 13:42:00,483.4600,483.2400
META,2025-04-21 13:43:00,483.2616,482.9000
META,2025-04-21 13:44:00,482.9000,483.3600
META,2025-04-21 13:45:00,483.2758,483.2350
META,2025-04-21 13:46:00,483.2250,483.0200
META,2025-04-21 13:47:00,482.9850,483.2100
META,2025-04-21 13:48:00,483.3500,483.2230
META,2025-04-21 13:49:00,483.2100,482.9500
META,2025-04-21 13:50:00,482.9500,483.3350
META,2025-04-21 13:51:00,483.3400,482.9550
META,2025-04-21 13:52:00,482.7900,483.0050
META,2025-04-21 13:53:00,483.0076,483.0750
META,2025-04-21 13:54:00,483.0750,483.3150
META,2025-04-21 13:55:00,483.3150,483.1700
META,2025-04-21 13:56:00,483.2500,482.9950
META,2025-04-21 13:57:00,482.9300,483.0400
META,2025-04-21 13:58:00,483.1100,482.9425
META,2025-04-21 13:59:00,482.9500,483.3100
META,2025-04-21 14:00:00,483.4300,483.1875
META,2025-04-21 14:01:00,483.2700,483.3700
META,2025-04-21 14:02:00,483.3900,483.7600
META,2025-04-21 14:03:00,483.7600,483.6900
META,2025-04-21 14:04:00,483.6750,483.3550
META,2025-04-21 14:05:00,483.4900,483.4500
META,2025-04-21 14:06:00,483.3600,483.3800
META,2025-04-21 14:07:00,483.4900,482.9200
META,2025-04-21 14:08:00,483.0050,483.4950
META,2025-04-21 14:09:00,483.5400,483.4350
META,2025-04-21 14:10:00,483.4650,483.3850
META,2025-04-21 14:11:00,483.3100,483.9786
META,2025-04-21 14:12:00,483.9932,483.9700
META,2025-04-21 14:13:00,483.9400,483.6150
META,2025-04-21 14:14:00,483.7099,483.7900
META,2025-04-21 14:15:00,483.7400,483.7195
META,2025-04-21 14:16:00,483.8300,484.3550
META,2025-04-21 14:17:00,484.3550,484.5400
META,2025-04-21 14:18:00,484.5700,485.1023
META,2025-04-21 14:19:00,484.9950,484.2700
META,2025-04-21 14:20:00,484.2800,484.0900
META,2025-04-21 14:21:00,484.0800,484.2900
META,2025-04-21 14:22:00,484.2000,484.3200
META,2025-04-21 14:23:00,484.2864,484.1700
META,2025-04-21 14:24:00,484.1700,484.1900
META,2025-04-21 14:25:00,484.3698,484.0200
META,2025-04-21 14:26:00,484.1900,484.0650
META,2025-04-21 14:27:00,484.1200,484.1500
META,2025-04-21 14:28:00,484.1500,484.3250
META,2025-04-21 14:29:00,484.3100,484.2201
META,2025-04-21 14:30:00,484.3000,484.5250
META,2025-04-21 14:31:00,484.5250,484.5000
META,2025-04-21 14:32:00,484.6577,484.0950
META,2025-04-21 14:33:00,484.0950,484.1800
META,2025-04-21 14:34:00,484.2500,484.0550
META,2025-04-21 14:35:00,484.0875,484.4000
META,2025-04-21 14:36:00,484.3300,483.7800
META,2025-04-21 14:37:00,483.7800,483.6540
META,2025-04-21 14:38:00,483.6600,483.6300
META,2025-04-21 14:39:00,483.5300,483.6500
META,2025-04-21 14:40:00,483.5800,483.5350
META,2025-04-21 14:41:00,483.5350,483.3835
META,2025-04-21 14:42:00,483.4450,483.3950
META,2025-04-21 14:43:00,483.3400,483.1000
META,2025-04-21 14:44:00,483.2000,483.0700
META,2025-04-21 14:45:00,483.0700,483.5450
META,2025-04-21 14:46:00,483.5050,483.3600
META,2025-04-21 14:47:00,483.3600,482.9000
META,2025-04-21 14:48:00,482.7500,482.9600
META,2025-04-21 14:49:00,483.0896,483.0900
META,2025-04-21 14:50:00,482.9900,483.0300
META,2025-04-21 14:51:00,483.0117,483.0878
META,2025-04-21 14:52:00,483.1700,482.6350
META,2025-04-21 14:53:00,482.7100,482.5383
META,2025-04-21 14:54:00,482.5000,482.5100
META,2025-04-21 14:55:00,482.5800,483.0000
META,2025-04-21 14:56:00,482.9600,483.3300
META,2025-04-21 14:57:00,483.4600,483.3600
META,2025-04-21 14:58:00,483.6000,483.1400
META,2025-04-21 14:59:00,483.3169,483.2600
META,2025-04-21 15:00:00,483.1800,483.7700
META,2025-04-21 15:01:00,483.8900,483.9700
META,2025-04-21 15:02:00,484.1500,483.9900
META,2025-04-21 15:03:00,483.9400,484.1900
META,2025-04-21 15:04:00,484.0900,484.0600
META,2025-04-21 15:05:00,484.2200,484.1950
META,2025-04-21 15:06:00,484.1300,484.4699
META,2025-04-21 15:07:00,484.3200,484.2850
META,2025-04-21 15:08:00,484.1600,484.3250
META,2025-04-21 15:09:00,484.2200,484.2900
META,2025-04-21 15:10:00,484.3000,484.4100
META,2025-04-21 15:11:00,484.4200,484.3900
META,2025-04-21 15:12:00,484.4525,484.5900
META,2025-04-21 15:13:00,484.5900,484.0300
META,2025-04-21 15:14:00,484.1250,483.9200
META,2025-04-21 15:15:00,483.9600,484.3974
META,2025-04-21 15:16:00,484.2600,483.8847
META,2025-04-21 15:17:00,483.9300,484.1200
META,2025-04-21 15:18:00,484.1000,484.4200
META,2025-04-21 15:19:00,484.4000,484.7050
META,2025-04-21 15:20:00,484.6350,484.8114
META,2025-04-21 15:21:00,484.8100,484.2900
META,2025-04-21 15:22:00,484.2400,484.4550
META,2025-04-21 15:23:00,484.5500,483.9350
META,2025-04-21 15:24:00,483.9300,484.2100
META,2025-04-21 15:25:00,484.2100,483.9450
META,2025-04-21 15:26:00,483.9450,483.7800
META,2025-04-21 15:27:00,483.7750,483.5600
META,2025-04-21 15:28:00,483.6700,483.5150
META,2025-04-21 15:29:00,483.4300,483.6000
META,2025-04-21 15:30:00,483.6100,483.6900
META,2025-04-21 15:31:00,483.7800,483.9800
META,2025-04-21 15:32:00,484.0600,484.4050
META,2025-04-21 15:33:00,484.3200,484.3100
META,2025-04-21 15:34:00,484.3900,484.4200
META,2025-04-21 15:35:00,484.5000,484.6700
META,2025-04-21 15:36:00,484.6800,484.9200
META,2025-04-21 15:37:00,484.9400,484.6825
META,2025-04-21 15:38:00,484.7050,484.9250
META,2025-04-21 15:39:00,484.9300,484.9100
META,2025-04-21 15:40:00,484.9175,484.8900
META,2025-04-21 15:41:00,484.9600,484.7200
META,2025-04-21 15:42:00,484.7500,484.8450
META,2025-04-21 15:43:00,484.8600,485.2372
META,2025-04-21 15:44:00,485.1500,485.0500
META,2025-04-21 15:45:00,485.0650,484.8400
META,2025-04-21 15:46:00,484.8400,484.1700
META,2025-04-21 15:47:00,484.2100,484.3100
META,2025-04-21 15:48:00,484.3600,484.8183
META,2025-04-21 15:49:00,484.9300,484.8100
META,2025-04-21 15:50:00,484.9200,484.9500
META,2025-04-21 15:51:00,485.0000,484.8150
META,2025-04-21 15:52:00,484.8700,484.5700
META,2025-04-21 15:53:00,484.5700,484.6500
META,2025-04-21 15:54:00,484.6500,485.3450
META,2025-04-21 15:55:00,485.4500,485.5800
META,2025-04-21 15:56:00,485.4700,485.8350
META,2025-04-21 15:57:00,485.8550,485.9193
META,2025-04-21 15:58:00,485.9200,485.3550
META,2025-04-21 15:59:00,485.3550,484.4800
META,2025-04-22 09:30:00,491.8700,491.3000
META,2025-04-22 09:31:00,491.4700,491.8000
META,2025-04-22 09:32:00,491.8100,490.0600
META,2025-04-22 09:33:00,490.2050,489.5115
META,2025-04-22 09:34:00,489.0100,488.1701
META,2025-04-22 09:35:00,488.2300,489.0300
META,2025-04-22 09:36:00,489.0650,488.9600
META,2025-04-22 09:37:00,489.3230,489.7815
META,2025-04-22 09:38:00,489.5000,488.9450
META,2025-04-22 09:39:00,488.9544,489.4600
META,2025-04-22 09:40:00,489.4175,490.1250
META,2025-04-22 09:41:00,490.3700,490.8701
META,2025-04-22 09:42:00,490.8100,490.5000
META,2025-04-22 09:43:00,490.4900,490.9800
META,2025-04-22 09:44:00,491.0190,491.5000
META,2025-04-22 09:45:00,491.4750,492.4898
META,2025-04-22 09:46:00,492.4000,492.0850
META,2025-04-22 09:47:00,492.0000,491.9900
META,2025-04-22 09:48:00,492.1500,491.5100
META,2025-04-22 09:49:00,491.5000,491.5500
META,2025-04-22 09:50:00,491.3500,491.5898
META,2025-04-22 09:51:00,491.5001,491.6650
META,2025-04-22 09:52:00,491.6300,491.2500
META,2025-04-22 09:53:00,491.4740,491.5700
META,2025-04-22 09:54:00,491.5650,491.8150
META,2025-04-22 09:55:00,491.7928,491.2350
META,2025-04-22 09:56:00,491.4900,491.4400
META,2025-04-22 09:57:00,491.4700,491.3400
META,2025-04-22 09:58:00,491.3300,492.0000
META,2025-04-22 09:59:00,492.0090,492.6000
META,2025-04-22 10:00:00,492.7400,492.8400
META,2025-04-22 10:01:00,492.9300,493.0000
META,2025-04-22 10:02:00,493.0300,492.7050
META,2025-04-22 10:03:00,492.8200,493.1614
META,2025-04-22 10:04:00,493.0600,492.9100
META,2025-04-22 10:05:00,492.9100,492.5691
META,2025-04-22 10:06:00,492.5900,493.6400
META,2025-04-22 10:07:00,493.6400,493.5100
META,2025-04-22 10:08:00,493.5100,493.6500
META,2025-04-22 10:09:00,493.6600,494.2700
META,2025-04-22 10:10:00,494.2700,494.3500
META,2025-04-22 10:11:00,494.3900,494.2750
META,2025-04-22 10:12:00,494.3200,493.3900
META,2025-04-22 10:13:00,493.2300,492.5800
META,2025-04-22 10:14:00,492.5800,492.9200
META,2025-04-22 10:15:00,492.7800,491.7100
META,2025-04-22 10:16:00,491.6000,490.7750
META,2025-04-22 10:17:00,490.6700,490.1750
META,2025-04-22 10:18:00,490.2864,489.7900
META,2025-04-22 10:19:00,489.7900,489.8050
META,2025-04-22 10:20:00,489.8050,489.6300
META,2025-04-22 10:21:00,489.6350,490.0300
META,2025-04-22 10:22:00,490.0750,489.2450
META,2025-04-22 10:23:00,489.1950,489.0600
META,2025-04-22 10:24:00,489.0600,488.9250
META,2025-04-22 10:25:00,488.9250,488.3100
META,2025-04-22 10:26:00,488.3050,488.5250
META,2025-04-22 10:27:00,488.4550,488.6100
META,2025-04-22 10:28:00,488.6000,488.2000
META,2025-04-22 10:29:00,488.0600,488.2236
META,2025-04-22 10:30:00,488.1850,486.5650
META,2025-04-22 10:31:00,486.5650,486.8600
META,2025-04-22 10:32:00,486.7250,487.1050
META,2025-04-22 10:33:00,487.1850,487.3700
META,2025-04-22 10:34:00,487.4100,487.3150
META,2025-04-22 10:35:00,487.4100,487.2100
META,2025-04-22 10:36:00,487.1766,487.4100
META,2025-04-22 10:37:00,487.3100,488.1200
META,2025-04-22 10:38:00,488.0400,488.1800
META,2025-04-22 10:39:00,488.0450,488.9150
META,2025-04-22 10:40:00,489.0300,488.8100
META,2025-04-22 10:41:00,488.8559,488.5000
META,2025-04-22 10:42:00,488.5200,488.9250
META,2025-04-22 10:43:00,488.9250,489.3500
META,2025-04-22 10:44:00,489.4600,489.7800
META,2025-04-22 10:45:00,489.8705,489.7609
META,2025-04-22 10:46:00,489.8900,490.2300
META,2025-04-22 10:47:00,490.3200,490.4740
META,2025-04-22 10:48:00,490.3550,490.2400
META,2025-04-22 10:49:00,490.1800,490.2500
META,2025-04-22 10:50:00,490.0600,489.8900
META,2025-04-22 10:51:00,489.9589,489.2400
META,2025-04-22 10:52:00,489.2800,489.6500
META,2025-04-22 10:53:00,489.7200,490.4300
META,2025-04-22 10:54:00,490.3900,490.6437
META,2025-04-22 10:55:00,490.4800,490.5650
META,2025-04-22 10:56:00,490.5650,490.7300
META,2025-04-22 10:57:00,490.7400,491.8700
META,2025-04-22 10:58:00,491.7200,491.2644
META,2025-04-22 10:59:00,491.2490,491.4850
META,2025-04-22 11:00:00,491.4400,491.7400
META,2025-04-22 11:01:00,491.8300,491.8800
META,2025-04-22 11:02:00,491.8800,491.7400
META,2025-04-22 11:03:00,491.8663,491.9800
META,2025-04-22 11:04:00,491.9500,492.5600
META,2025-04-22 11:05:00,492.5482,492.8100
META,2025-04-22 11:06:00,492.8400,493.3300
META,2025-04-22 11:07:00,493.3300,493.4800
META,2025-04-22 11:08:00,493.3550,493.5400
META,2025-04-22 11:09:00,493.5400,494.4200
META,2025-04-22 11:10:00,494.3900,493.9450
META,2025-04-22 11:11:00,493.9200,494.3700
META,2025-04-22 11:12:00,494.4900,494.2700
META,2025-04-22 11:13:00,494.3000,494.4300
META,2025-04-22 11:14:00,494.4600,494.6850
META,2025-04-22 11:15:00,494.6550,495.2800
META,2025-04-22 11:16:00,495.2100,495.4250
META,2025-04-22 11:17:00,495.4050,495.5000
META,2025-04-22 11:18:00,495.5100,495.9400
META,2025-04-22 11:19:00,495.9050,496.1697
META,2025-04-22 11:20:00,496.0696,495.8900
META,2025-04-22 11:21:00,495.7900,496.1700
META,2025-04-22 11:22:00,496.1800,496.6400
META,2025-04-22 11:23:00,496.6400,496.2972
META,2025-04-22 11:24:00,496.2500,496.0501
META,2025-04-22 11:25:00,496.1250,495.9400
META,2025-04-22 11:26:00,495.6900,496.2684
META,2025-04-22 11:27:00,496.4083,496.0050
META,2025-04-22 11:28:00,496.0100,496.2200
META,2025-04-22 11:29:00,496.1734,495.7000
META,2025-04-22 11:30:00,495.6900,495.2850
META,2025-04-22 11:31:00,495.2850,495.8177
META,2025-04-22 11:32:00,495.7000,495.7002
META,2025-04-22 11:33:00,495.8600,496.1200
META,2025-04-22 11:34:00,496.1300,496.3300
META,2025-04-22 11:35:00,496.4100,495.6800
META,2025-04-22 11:36:00,495.7350,495.1100
META,2025-04-22 11:37:00,495.0300,495.3100
META,2025-04-22 11:38:00,495.2400,495.1288
META,2025-04-22 11:39:00,495.1700,494.8800
META,2025-04-22 11:40:00,494.8450,494.3100
META,2025-04-22 11:41:00,494.3568,494.2900
META,2025-04-22 11:42:00,494.3350,494.0125
META,2025-04-22 11:43:00,494.0100,494.0100
META,2025-04-22 11:44:00,494.0100,493.5100
META,2025-04-22 11:45:00,493.6200,494.3100
META,2025-04-22 11:46:00,494.3800,494.4100
META,2025-04-22 11:47:00,494.5100,494.4600
META,2025-04-22 11:48:00,494.3100,493.9500
META,2025-04-22 11:49:00,494.0400,494.5100
META,2025-04-22 11:50:00,494.4700,494.6319
META,2025-04-22 11:51:00,494.8300,495.3564
META,2025-04-22 11:52:00,495.5000,495.2400
META,2025-04-22 11:53:00,495.4352,494.9599
META,2025-04-22 11:54:00,494.6652,494.9500
META,2025-04-22 11:55:00,494.8450,494.9000
META,2025-04-22 11:56:00,494.8300,494.5500
META,2025-04-22 11:57:00,494.5900,494.4900
META,2025-04-22 11:58:00,494.4350,494.9200
META,2025-04-22 11:59:00,495.1100,496.3150
META,2025-04-22 12:00:00,496.3400,498.4500
META,2025-04-22 12:01:00,498.3301,498.7500
META,2025-04-22 12:02:00,498.6900,498.8350
META,2025-04-22 12:03:00,499.0000,498.6175
META,2025-04-22 12:04:00,498.7700,499.2016
META,2025-04-22 12:05:00,499.1850,499.2600
META,2025-04-22 12:06:00,499.4600,500.2475
META,2025-04-22 12:07:00,500.1300,500.5350
META,2025-04-22 12:08:00,500.5350,500.2300
META,2025-04-22 12:09:00,500.5000,500.3600
META,2025-04-22 12:10:00,500.5800,500.8000
META,2025-04-22 12:11:00,500.8000,501.4050
META,2025-04-22 12:12:00,501.6200,501.9000
META,2025-04-22 12:13:00,502.0000,502.0100
META,2025-04-22 12:14:00,502.1920,502.9700
META,2025-04-22 12:15:00,503.0100,503.6699
META,2025-04-22 12:16:00,503.5350,503.6100
META,2025-04-22 12:17:00,503.6235,505.1389
META,2025-04-22 12:18:00,505.1900,504.4524
META,2025-04-22 12:19:00,504.6700,505.2200
META,2025-04-22 12:20:00,505.2100,506.2700
META,2025-04-22 12:21:00,506.1851,506.4610
META,2025-04-22 12:22:00,506.4987,505.8400
META,2025-04-22 12:23:00,505.9400,506.7600
META,2025-04-22 12:24:00,506.8300,506.5350
META,2025-04-22 12:25:00,506.6500,506.3025
META,2025-04-22 12:26:00,506.3600,506.2500
META,2025-04-22 12:27:00,506.3900,506.1300
META,2025-04-22 12:28:00,506.1100,506.0450
META,2025-04-22 12:29:00,505.8795,506.0200
META,2025-04-22 12:30:00,506.1100,505.8650
META,2025-04-22 12:31:00,505.7700,505.6100
META,2025-04-22 12:32:00,505.5100,505.6400
META,2025-04-22 12:33:00,505.8200,505.1950
META,2025-04-22 12:34:00,505.2500,504.4050
META,2025-04-22 12:35:00,504.4750,503.8500
META,2025-04-22 12:36:00,503.7800,503.0500
META,2025-04-22 12:37:00,503.0500,503.4000
META,2025-04-22 12:38:00,503.4100,502.9200
META,2025-04-22 12:39:00,502.8900,502.5700
META,2025-04-22 12:40:00,502.6000,502.0900
META,2025-04-22 12:41:00,502.0319,501.6500
META,2025-04-22 12:42:00,501.7500,502.3900
META,2025-04-22 12:43:00,502.2700,502.4200
META,2025-04-22 12:44:00,502.4600,503.1600
META,2025-04-22 12:45:00,503.1050,502.6300
META,2025-04-22 12:46:00,502.5700,502.6700
META,2025-04-22 12:47:00,502.5100,502.3600
META,2025-04-22 12:48:00,502.3600,501.6650
META,2025-04-22 12:49:00,501.6745,502.1250
META,2025-04-22 12:50:00,502.1250,501.8500
META,2025-04-22 12:51:00,501.6600,501.0700
META,2025-04-22 12:52:00,501.0000,501.0550
META,2025-04-22 12:53:00,501.0550,501.7600
META,2025-04-22 12:54:00,501.6700,501.5900
META,2025-04-22 12:55:00,501.5900,501.9200
META,2025-04-22 12:56:00,502.0000,502.0500
META,2025-04-22 12:57:00,502.0900,502.2100
META,2025-04-22 12:58:00,502.2100,501.6200
META,2025-04-22 12:59:00,501.6200,501.5300
META,2025-04-22 13:00:00,501.4865,501.9900
META,2025-04-22 13:01:00,502.0500,502.4899
META,2025-04-22 13:02:00,502.0250,502.0000
META,2025-04-22 13:03:00,502.2800,502.1200
META,2025-04-22 13:04:00,502.2600,502.2650
META,2025-04-22 13:05:00,502.2700,502.1150
META,2025-04-22 13:06:00,502.2400,501.4850
META,2025-04-22 13:07:00,501.4850,501.2000
META,2025-04-22 13:08:00,501.3600,502.3050
META,2025-04-22 13:09:00,502.5000,502.2600
META,2025-04-22 13:10:00,502.0900,500.4950
META,2025-04-22 13:11:00,500.1701,499.2100
META,2025-04-22 13:12:00,499.2000,499.8700
META,2025-04-22 13:13:00,499.8400,499.4500
META,2025-04-22 13:14:00,499.2500,498.8500
META,2025-04-22 13:15:00,498.7750,497.4600
META,2025-04-22 13:16:00,497.4800,497.1400
META,2025-04-22 13:17:00,497.0300,496.9100
META,2025-04-22 13:18:00,496.9100,497.7850
META,2025-04-22 13:19:00,497.7850,498.0700
META,2025-04-22 13:20:00,497.8600,495.8200
META,2025-04-22 13:21:00,495.7700,495.4000
META,2025-04-22 13:22:00,495.4225,495.6200
META,2025-04-22 13:23:00,495.4000,494.9350
META,2025-04-22 13:24:00,494.8700,495.0500
META,2025-04-22 13:25:00,495.0668,495.5800
META,2025-04-22 13:26:00,495.6000,496.2000
META,2025-04-22 13:27:00,496.5400,495.7800
META,2025-04-22 13:28:00,495.5000,495.3200
META,2025-04-22 13:29:00,495.0500,494.7500
META,2025-04-22 13:30:00,494.9400,495.0400
META,2025-04-22 13:31:00,495.0400,495.4200
META,2025-04-22 13:32:00,494.9700,496.3500
META,2025-04-22 13:33:00,496.1500,495.9050
META,2025-04-22 13:34:00,495.6800,496.2757
META,2025-04-22 13:35:00,496.5450,496.8400
META,2025-04-22 13:36:00,496.6576,498.0100
META,2025-04-22 13:37:00,498.1500,497.7559
META,2025-04-22 13:38:00,497.4000,497.5206
META,2025-04-22 13:39:00,497.3800,496.9950
META,2025-04-22 13:40:00,496.8750,496.6700
META,2025-04-22 13:41:00,496.6700,496.5850
META,2025-04-22 13:42:00,496.5000,496.2000
META,2025-04-22 13:43:00,496.1800,496.5500
META,2025-04-22 13:44:00,496.3000,496.8099
META,2025-04-22 13:45:00,496.6350,496.3550
META,2025-04-22 13:46:00,496.3500,495.9250
META,2025-04-22 13:47:00,496.0178,495.9250
META,2025-04-22 13:48:00,495.9900,495.3300
META,2025-04-22 13:49:00,495.0901,494.9100
META,2025-04-22 13:50:00,495.1100,494.8935
META,2025-04-22 13:51:00,494.7140,494.4000
META,2025-04-22 13:52:00,494.3000,494.8550
META,2025-04-22 13:53:00,494.9000,494.9452
META,2025-04-22 13:54:00,494.8100,495.2522
META,2025-04-22 13:55:00,495.0900,494.9500
META,2025-04-22 13:56:00,494.9200,494.3900
META,2025-04-22 13:57:00,494.4950,494.2050
META,2025-04-22 13:58:00,494.2050,494.6550
META,2025-04-22 13:59:00,494.5800,494.1000
META,2025-04-22 14:00:00,494.0000,494.0000
META,2025-04-22 14:01:00,493.9000,494.1200
META,2025-04-22 14:02:00,494.0100,494.4450
META,2025-04-22 14:03:00,494.6600,495.5000
META,2025-04-22 14:04:00,495.5036,495.9000
META,2025-04-22 14:05:00,495.9200,496.6400
META,2025-04-22 14:06:00,496.7157,496.9920
META,2025-04-22 14:07:00,496.7400,496.9550
META,2025-04-22 14:08:00,496.9000,496.4650
META,2025-04-22 14:09:00,496.6300,496.8200
META,2025-04-22 14:10:00,496.9278,496.8750
META,2025-04-22 14:11:00,496.9000,496.7392
META,2025-04-22 14:12:00,496.7850,496.2715
META,2025-04-22 14:13:00,496.3350,496.7950
META,2025-04-22 14:14:00,496.7100,496.6700
META,2025-04-22 14:15:00,496.7889,496.7400
META,2025-04-22 14:16:00,496.6800,496.4675
META,2025-04-22 14:17:00,496.4475,496.5050
META,2025-04-22 14:18:00,496.4300,496.6400
META,2025-04-22 14:19:00,496.6650,496.8500
META,2025-04-22 14:20:00,496.7500,496.9516
META,2025-04-22 14:21:00,496.9650,497.4250
META,2025-04-22 14:22:00,497.5000,497.7800
META,2025-04-22 14:23:00,497.6700,498.1900
META,2025-04-22 14:24:00,498.1400,497.7900
META,2025-04-22 14:25:00,497.6750,497.6000
META,2025-04-22 14:26:00,497.6800,497.6700
META,2025-04-22 14:27:00,497.6000,497.9900
META,2025-04-22 14:28:00,497.9900,497.6355
META,2025-04-22 14:29:00,497.7372,497.7000
META,2025-04-22 14:30:00,497.7000,497.5350
META,2025-04-22 14:31:00,497.6700,497.6750
META,2025-04-22 14:32:00,497.6001,497.8050
META,2025-04-22 14:33:00,497.8896,497.7650
META,2025-04-22 14:34:00,497.9011,497.7925
META,2025-04-22 14:35:00,497.8800,497.7900
META,2025-04-22 14:36:00,497.8399,498.2600
META,2025-04-22 14:37:00,498.1300,498.3150
META,2025-04-22 14:38:00,498.3160,497.8100
META,2025-04-22 14:39:00,497.8150,497.5300
META,2025-04-22 14:40:00,497.6900,497.9900
META,2025-04-22 14:41:00,498.0100,498.3600
META,2025-04-22 14:42:00,498.4241,498.7000
META,2025-04-22 14:43:00,498.6350,498.8700
META,2025-04-22 14:44:00,498.8300,498.6100
META,2025-04-22 14:45:00,498.6100,498.6900
META,2025-04-22 14:46:00,498.8000,499.3700
META,2025-04-22 14:47:00,499.3400,499.0750
META,2025-04-22 14:48:00,499.0600,499.3400
META,2025-04-22 14:49:00,499.1825,499.3000
META,2025-04-22 14:50:00,499.3050,499.6200
META,2025-04-22 14:51:00,499.8200,499.2000
META,2025-04-22 14:52:00,499.1900,499.2500
META,2025-04-22 14:53:00,499.3750,499.3500
META,2025-04-22 14:54:00,499.3600,499.0500
META,2025-04-22 14:55:00,499.0700,499.6250
META,2025-04-22 14:56:00,499.6250,499.6200
META,2025-04-22 14:57:00,499.4900,499.4399
META,2025-04-22 14:58:00,499.4200,499.4947
META,2025-04-22 14:59:00,499.3800,499.1200
META,2025-04-22 15:00:00,499.1200,499.3038
META,2025-04-22 15:01:00,499.2800,499.0300
META,2025-04-22 15:02:00,499.1600,498.5700
META,2025-04-22 15:03:00,498.5000,498.5897
META,2025-04-22 15:04:00,498.7220,499.1100
META,2025-04-22 15:05:00,499.1100,498.7700
META,2025-04-22 15:06:00,498.8450,498.0000
META,2025-04-22 15:07:00,498.1050,497.9760
META,2025-04-22 15:08:00,497.9768,497.7300
META,2025-04-22 15:09:00,497.8400,497.5900
META,2025-04-22 15:10:00,497.6900,497.4700
META,2025-04-22 15:11:00,497.4700,497.0550
META,2025-04-22 15:12:00,496.9550,497.1000
META,2025-04-22 15:13:00,497.1250,497.1900
META,2025-04-22 15:14:00,497.1250,496.6400
META,2025-04-22 15:15:00,496.7593,496.6900
META,2025-04-22 15:16:00,496.6600,496.5401
META,2025-04-22 15:17:00,496.5500,496.7748
META,2025-04-22 15:18:00,496.7100,496.0300
META,2025-04-22 15:19:00,496.0550,495.9950
META,2025-04-22 15:20:00,496.0100,495.8600
META,2025-04-22 15:21:00,495.7600,495.5000
META,2025-04-22 15:22:00,495.3500,495.0900
META,2025-04-22 15:23:00,495.2050,495.1957
META,2025-04-22 15:24:00,495.2100,495.8128
META,2025-04-22 15:25:00,495.9300,496.4950
META,2025-04-22 15:26:00,496.4500,495.7300
META,2025-04-22 15:27:00,495.7211,495.3550
META,2025-04-22 15:28:00,495.4000,495.6700
META,2025-04-22 15:29:00,495.6700,495.6100
META,2025-04-22 15:30:00,495.6100,496.1500
META,2025-04-22 15:31:00,496.2500,496.5300
META,2025-04-22 15:32:00,496.4550,496.1500
META,2025-04-22 15:33:00,496.1500,496.2400
META,2025-04-22 15:34:00,496.3900,496.4300
META,2025-04-22 15:35:00,496.4600,496.9375
META,2025-04-22 15:36:00,496.8800,496.6500
META,2025-04-22 15:37:00,496.5350,497.0050
META,2025-04-22 15:38:00,497.0800,496.5100
META,2025-04-22 15:39:00,496.3741,496.4466
META,2025-04-22 15:40:00,496.4600,496.7800
META,2025-04-22 15:41:00,496.6000,497.5700
META,2025-04-22 15:42:00,497.5400,498.1200
META,2025-04-22 15:43:00,498.2800,498.6188
META,2025-04-22 15:44:00,498.6350,498.6425
META,2025-04-22 15:45:00,498.5800,498.8900
META,2025-04-22 15:46:00,499.0300,498.9250
META,2025-04-22 15:47:00,499.0600,499.3500
META,2025-04-22 15:48:00,499.3950,499.2500
META,2025-04-22 15:49:00,499.3108,499.8599
META,2025-04-22 15:50:00,499.5900,499.3300
META,2025-04-22 15:51:00,499.4000,498.5800
META,2025-04-22 15:52:00,498.6200,498.2524
META,2025-04-22 15:53:00,498.3700,498.9750
META,2025-04-22 15:54:00,499.0600,500.0600
META,2025-04-22 15:55:00,500.2100,499.2650
META,2025-04-22 15:56:00,499.3000,500.4500
META,2025-04-22 15:57:00,500.3600,500.6400
META,2025-04-22 15:58:00,500.5900,501.0100
META,2025-04-22 15:59:00,500.8100,500.3100
META,2025-04-23 09:30:00,528.5250,530.3700
META,2025-04-23 09:31:00,530.4900,532.2800
META,2025-04-23 09:32:00,532.1300,531.6200
META,2025-04-23 09:33:00,531.5850,532.3200
META,2025-04-23 09:34:00,532.3200,531.2760
META,2025-04-23 09:35:00,531.3050,529.3118
META,2025-04-23 09:36:00,529.2100,527.8550
META,2025-04-23 09:37:00,527.8600,532.3600
META,2025-04-23 09:38:00,532.4200,530.0300
META,2025-04-23 09:39:00,529.9700,528.7525
META,2025-04-23 09:40:00,528.7500,529.0200
META,2025-04-23 09:41:00,529.1204,530.4200
META,2025-04-23 09:42:00,530.3619,530.1100
META,2025-04-23 09:43:00,530.1300,531.4800
META,2025-04-23 09:44:00,531.3580,531.5100
META,2025-04-23 09:45:00,531.5250,534.0800
META,2025-04-23 09:46:00,534.1600,535.0000
META,2025-04-23 09:47:00,535.0000,534.0600
META,2025-04-23 09:48:00,534.0600,533.9650
META,2025-04-23 09:49:00,534.0900,533.8100
META,2025-04-23 09:50:00,533.7200,533.2150
META,2025-04-23 09:51:00,533.3000,534.3100
META,2025-04-23 09:52:00,534.3900,531.5800
META,2025-04-23 09:53:00,531.8900,532.1050
META,2025-04-23 09:54:00,532.2250,531.3300
META,2025-04-23 09:55:00,531.2406,529.8400
META,2025-04-23 09:56:00,529.7750,530.1900
META,2025-04-23 09:57:00,530.0900,529.0075
META,2025-04-23 09:58:00,529.0000,529.7075
META,2025-04-23 09:59:00,529.9099,529.6200
META,2025-04-23 10:00:00,529.7150,528.9214
META,2025-04-23 10:01:00,528.9300,528.6000
META,2025-04-23 10:02:00,528.4600,529.2500
META,2025-04-23 10:03:00,529.5850,529.0000
META,2025-04-23 10:04:00,529.2000,530.3450
META,2025-04-23 10:05:00,530.5000,529.8128
META,2025-04-23 10:06:00,529.8664,530.4000
META,2025-04-23 10:07:00,530.3200,529.3600
META,2025-04-23 10:08:00,529.1000,530.9700
META,2025-04-23 10:09:00,530.9700,530.1200
META,2025-04-23 10:10:00,530.2250,529.7450
META,2025-04-23 10:11:00,529.5200,530.2650
META,2025-04-23 10:12:00,530.2650,531.4200
META,2025-04-23 10:13:00,531.3500,530.9300
META,2025-04-23 10:14:00,530.7100,530.5300
META,2025-04-23 10:15:00,530.5725,529.3200
META,2025-04-23 10:16:00,529.3500,528.4500
META,2025-04-23 10:17:00,528.2550,527.3500
META,2025-04-23 10:18:00,527.3100,526.5800
META,2025-04-23 10:19:00,526.5100,527.7100
META,2025-04-23 10:20:00,527.7110,527.1500
META,2025-04-23 10:21:00,526.9550,526.3300
META,2025-04-23 10:22:00,526.3900,527.5300
META,2025-04-23 10:23:00,527.3500,529.2700
META,2025-04-23 10:24:00,529.3040,529.1100
META,2025-04-23 10:25:00,529.1050,530.0000
META,2025-04-23 10:26:00,530.1700,530.4700
META,2025-04-23 10:27:00,530.3301,529.0750
META,2025-04-23 10:28:00,529.0150,529.8800
META,2025-04-23 10:29:00,529.6500,530.0000
META,2025-04-23 10:30:00,529.9150,530.2200
META,2025-04-23 10:31:00,530.1100,530.6599
META,2025-04-23 10:32:00,530.5100,530.5400
META,2025-04-23 10:33:00,530.6300,530.6500
META,2025-04-23 10:34:00,530.4001,530.7700
META,2025-04-23 10:35:00,530.7700,531.4773
META,2025-04-23 10:36:00,531.5172,531.9600
META,2025-04-23 10:37:00,531.8000,531.1750
META,2025-04-23 10:38:00,531.2250,530.5300
META,2025-04-23 10:39:00,530.4862,530.4750
META,2025-04-23 10:40:00,530.4750,530.9100
META,2025-04-23 10:41:00,530.9900,531.2200
META,2025-04-23 10:42:00,530.9340,530.9500
META,2025-04-23 10:43:00,531.2173,532.0200
META,2025-04-23 10:44:00,531.8950,531.4100
META,2025-04-23 10:45:00,531.3550,531.4100
META,2025-04-23 10:46:00,531.6200,531.3800
META,2025-04-23 10:47:00,531.5100,531.5100
META,2025-04-23 10:48:00,531.4500,531.3595
META,2025-04-23 10:49:00,531.2500,530.6950
META,2025-04-23 10:50:00,530.7100,530.0300
META,2025-04-23 10:51:00,529.9950,529.6800
META,2025-04-23 10:52:00,529.8800,529.1700
META,2025-04-23 10:53:00,529.1800,528.3695
META,2025-04-23 10:54:00,528.4000,528.5800
META,2025-04-23 10:55:00,528.3700,528.5650
META,2025-04-23 10:56:00,528.6800,528.5000
META,2025-04-23 10:57:00,528.4500,529.0000
META,2025-04-23 10:58:00,528.9300,528.6400
META,2025-04-23 10:59:00,528.6400,528.5000
META,2025-04-23 11:00:00,528.5400,527.7550
META,2025-04-23 11:01:00,527.8050,527.5500
META,2025-04-23 11:02:00,527.5100,527.1000
META,2025-04-23 11:03:00,527.2500,527.7464
META,2025-04-23 11:04:00,527.7100,528.9400
META,2025-04-23 11:05:00,529.0200,527.8318
META,2025-04-23 11:06:00,528.0900,529.2000
META,2025-04-23 11:07:00,529.3799,529.2500
META,2025-04-23 11:08:00,529.3800,529.5000
META,2025-04-23 11:09:00,529.4706,528.2700
META,2025-04-23 11:10:00,528.3400,528.1800
META,2025-04-23 11:11:00,528.0300,528.3000
META,2025-04-23 11:12:00,528.1300,528.3300
META,2025-04-23 11:13:00,528.3900,528.2536
META,2025-04-23 11:14:00,528.4590,528.4800
META,2025-04-23 11:15:00,528.3475,527.8200
META,2025-04-23 11:16:00,527.8200,527.0050
META,2025-04-23 11:17:00,526.9300,527.2100
META,2025-04-23 11:18:00,527.1000,527.4714
META,2025-04-23 11:19:00,527.3400,526.2525
META,2025-04-23 11:20:00,526.2699,526.0650
META,2025-04-23 11:21:00,526.0900,526.6350
META,2025-04-23 11:22:00,526.6800,526.5500
META,2025-04-23 11:23:00,526.6100,525.4400
META,2025-04-23 11:24:00,525.6000,526.0100
META,2025-04-23 11:25:00,525.9700,526.0300
META,2025-04-23 11:26:00,525.9400,524.9910
META,2025-04-23 11:27:00,524.9100,524.4801
META,2025-04-23 11:28:00,524.5000,523.4500
META,2025-04-23 11:29:00,523.4500,524.3800
META,2025-04-23 11:30:00,524.4600,524.6300
META,2025-04-23 11:31:00,524.5000,523.7950
META,2025-04-23 11:32:00,523.7273,523.0800
META,2025-04-23 11:33:00,523.2300,523.8600
META,2025-04-23 11:34:00,523.8200,524.7272
META,2025-04-23 11:35:00,524.9300,524.2250
META,2025-04-23 11:36:00,524.1500,524.3600
META,2025-04-23 11:37:00,524.1300,524.6600
META,2025-04-23 11:38:00,524.6600,525.4000
META,2025-04-23 11:39:00,525.3450,525.6400
META,2025-04-23 11:40:00,525.6800,525.5000
META,2025-04-23 11:41:00,525.6800,525.4500
META,2025-04-23 11:42:00,525.5200,524.6400
META,2025-04-23 11:43:00,524.6950,523.5375
META,2025-04-23 11:44:00,523.6900,522.8900
META,2025-04-23 11:45:00,523.0547,522.6900
META,2025-04-23 11:46:00,522.7800,521.3600
META,2025-04-23 11:47:00,521.2500,520.8550
META,2025-04-23 11:48:00,520.8550,520.5625
META,2025-04-23 11:49:00,520.6100,519.5900
META,2025-04-23 11:50:00,519.6200,520.5501
META,2025-04-23 11:51:00,520.8500,520.0100
META,2025-04-23 11:52:00,520.0100,520.1656
META,2025-04-23 11:53:00,520.2700,520.5350
META,2025-04-23 11:54:00,520.5560,521.7650
META,2025-04-23 11:55:00,521.7800,522.1858
META,2025-04-23 11:56:00,522.0700,522.5550
META,2025-04-23 11:57:00,522.6583,522.8600
META,2025-04-23 11:58:00,522.6600,522.4100
META,2025-04-23 11:59:00,522.3100,521.7800
META,2025-04-23 12:00:00,521.7500,521.2350
META,2025-04-23 12:01:00,521.0000,521.1800
META,2025-04-23 12:02:00,521.1900,521.1400
META,2025-04-23 12:03:00,521.2300,521.7200
META,2025-04-23 12:04:00,521.7765,521.3160
META,2025-04-23 12:05:00,521.3250,521.1100
META,2025-04-23 12:06:00,520.8800,520.2450
META,2025-04-23 12:07:00,520.2450,520.2375
META,2025-04-23 12:08:00,520.1750,519.6100
META,2025-04-23 12:09:00,519.5000,518.6801
META,2025-04-23 12:10:00,518.7800,519.8900
META,2025-04-23 12:11:00,519.6950,518.6100
META,2025-04-23 12:12:00,518.4600,518.4956
META,2025-04-23 12:13:00,518.6299,519.2100
META,2025-04-23 12:14:00,519.3100,519.5525
META,2025-04-23 12:15:00,519.5800,519.2487
META,2025-04-23 12:16:00,519.3300,519.0300
META,2025-04-23 12:17:00,518.9900,518.8576
META,2025-04-23 12:18:00,518.8650,518.2250
META,2025-04-23 12:19:00,518.1000,517.6300
META,2025-04-23 12:20:00,517.6190,517.2200
META,2025-04-23 12:21:00,517.1000,517.2500
META,2025-04-23 12:22:00,517.2500,517.5300
META,2025-04-23 12:23:00,517.3700,517.9217
META,2025-04-23 12:24:00,518.0000,518.0900
META,2025-04-23 12:25:00,518.0850,518.3900
META,2025-04-23 12:26:00,518.3100,517.8650
META,2025-04-23 12:27:00,518.0000,518.3839
META,2025-04-23 12:28:00,518.4300,519.9900
META,2025-04-23 12:29:00,520.1600,520.3500
META,2025-04-23 12:30:00,520.3000,520.8550
META,2025-04-23 12:31:00,521.0226,520.8700
META,2025-04-23 12:32:00,520.7100,520.5112
META,2025-04-23 12:33:00,520.5452,520.8150
META,2025-04-23 12:34:00,520.8100,520.8000
META,2025-04-23 12:35:00,520.9200,521.4050
META,2025-04-23 12:36:00,521.4850,521.8250
META,2025-04-23 12:37:00,521.8500,522.1300
META,2025-04-23 12:38:00,522.0900,521.9700
META,2025-04-23 12:39:00,521.9610,521.2200
META,2025-04-23 12:40:00,521.2899,521.1800
META,2025-04-23 12:41:00,521.1825,520.4576
META,2025-04-23 12:42:00,520.4400,520.4620
META,2025-04-23 12:43:00,520.5000,520.7700
META,2025-04-23 12:44:00,520.7500,520.6500
META,2025-04-23 12:45:00,520.5500,520.6650
META,2025-04-23 12:46:00,520.3500,520.2750
META,2025-04-23 12:47:00,520.4200,520.2550
META,2025-04-23 12:48:00,520.2550,519.5400
META,2025-04-23 12:49:00,519.4550,519.2000
META,2025-04-23 12:50:00,519.2000,519.0950
META,2025-04-23 12:51:00,519.0000,519.9350
META,2025-04-23 12:52:00,519.9300,520.1000
META,2025-04-23 12:53:00,519.8772,520.3000
META,2025-04-23 12:54:00,520.1600,520.2800
META,2025-04-23 12:55:00,520.0450,520.9400
META,2025-04-23 12:56:00,520.8125,521.5700
META,2025-04-23 12:57:00,521.5700,522.0650
META,2025-04-23 12:58:00,522.3300,522.1200
META,2025-04-23 12:59:00,522.1200,521.7000
META,2025-04-23 13:00:00,522.0700,521.0000
META,2025-04-23 13:01:00,521.2000,520.9609
META,2025-04-23 13:02:00,521.3900,521.3300
META,2025-04-23 13:03:00,521.6700,521.8250
META,2025-04-23 13:04:00,521.9700,522.0000
META,2025-04-23 13:05:00,521.8600,521.9950
META,2025-04-23 13:06:00,522.0500,522.2000
META,2025-04-23 13:07:00,522.2000,522.1000
META,2025-04-23 13:08:00,522.2500,522.6950
META,2025-04-23 13:09:00,522.6500,522.4800
META,2025-04-23 13:10:00,522.5200,522.5800
META,2025-04-23 13:11:00,522.5100,522.5455
META,2025-04-23 13:12:00,522.6900,523.0750
META,2025-04-23 13:13:00,523.1400,522.9500
META,2025-04-23 13:14:00,523.0400,523.5200
META,2025-04-23 13:15:00,523.4000,523.2650
META,2025-04-23 13:16:00,523.2000,523.6332
META,2025-04-23 13:17:00,523.6850,523.7306
META,2025-04-23 13:18:00,523.7000,523.3875
META,2025-04-23 13:19:00,523.2050,523.4584
META,2025-04-23 13:20:00,523.4500,523.4000
META,2025-04-23 13:21:00,523.3900,523.5000
META,2025-04-23 13:22:00,523.5400,523.5400
META,2025-04-23 13:23:00,523.3301,523.1200
META,2025-04-23 13:24:00,523.0201,523.4999
META,2025-04-23 13:25:00,523.2124,523.5400
META,2025-04-23 13:26:00,523.2600,522.7400
META,2025-04-23 13:27:00,522.7400,523.1500
META,2025-04-23 13:28:00,523.1500,522.6700
META,2025-04-23 13:29:00,522.5500,521.9700
META,2025-04-23 13:30:00,522.0000,522.0650
META,2025-04-23 13:31:00,522.1600,521.8450
META,2025-04-23 13:32:00,521.8400,521.6852
META,2025-04-23 13:33:00,521.7800,521.4400
META,2025-04-23 13:34:00,521.3300,521.1295
META,2025-04-23 13:35:00,521.1155,521.2300
META,2025-04-23 13:36:00,521.3300,521.2100
META,2025-04-23 13:37:00,521.1500,520.1900
META,2025-04-23 13:38:00,520.1786,520.1400
META,2025-04-23 13:39:00,520.1650,520.4100
META,2025-04-23 13:40:00,520.5900,520.5229
META,2025-04-23 13:41:00,520.4200,520.4600
META,2025-04-23 13:42:00,520.3400,520.3500
META,2025-04-23 13:43:00,520.3250,521.2648
META,2025-04-23 13:44:00,521.3200,521.6000
META,2025-04-23 13:45:00,521.6736,520.8100
META,2025-04-23 13:46:00,520.8800,521.4800
META,2025-04-23 13:47:00,521.3750,521.0700
META,2025-04-23 13:48:00,520.9100,520.4250
META,2025-04-23 13:49:00,520.3900,520.5600
META,2025-04-23 13:50:00,520.4050,520.5900
META,2025-04-23 13:51:00,520.5500,520.7200
META,2025-04-23 13:52:00,520.6800,521.2600
META,2025-04-23 13:53:00,521.1800,521.3850
META,2025-04-23 13:54:00,521.3700,521.9000
META,2025-04-23 13:55:00,521.9804,521.7950
META,2025-04-23 13:56:00,521.9300,522.2100
META,2025-04-23 13:57:00,522.2100,522.6600
META,2025-04-23 13:58:00,522.7400,522.8000
META,2025-04-23 13:59:00,522.8200,522.3700
META,2025-04-23 14:00:00,522.2100,522.5500
META,2025-04-23 14:01:00,522.5500,522.1400
META,2025-04-23 14:02:00,522.1950,521.8350
META,2025-04-23 14:03:00,521.8600,520.9650
META,2025-04-23 14:04:00,521.1000,521.6900
META,2025-04-23 14:05:00,521.7500,521.8550
META,2025-04-23 14:06:00,521.8950,521.5900
META,2025-04-23 14:07:00,521.5300,521.4100
META,2025-04-23 14:08:00,521.5160,521.8764
META,2025-04-23 14:09:00,522.0283,521.9775
META,2025-04-23 14:10:00,521.9100,522.5397
META,2025-04-23 14:11:00,522.4600,523.0200
META,2025-04-23 14:12:00,523.2200,523.4400
META,2025-04-23 14:13:00,523.6300,523.7700
META,2025-04-23 14:14:00,523.7300,522.7900
META,2025-04-23 14:15:00,523.2625,523.3700
META,2025-04-23 14:16:00,523.4899,523.0750
META,2025-04-23 14:17:00,523.2300,522.8226
META,2025-04-23 14:18:00,522.8000,522.4400
META,2025-04-23 14:19:00,522.4400,522.6664
META,2025-04-23 14:20:00,522.6450,523.1088
META,2025-04-23 14:21:00,523.1300,523.5000
META,2025-04-23 14:22:00,523.4100,523.1900
META,2025-04-23 14:23:00,523.1100,522.2578
META,2025-04-23 14:24:00,522.0650,522.4200
META,2025-04-23 14:25:00,522.2650,521.7200
META,2025-04-23 14:26:00,521.6500,521.8200
META,2025-04-23 14:27:00,521.8392,522.0000
META,2025-04-23 14:28:00,521.9700,521.0300
META,2025-04-23 14:29:00,521.0300,521.1300
META,2025-04-23 14:30:00,521.2300,521.2037
META,2025-04-23 14:31:00,521.1000,521.8800
META,2025-04-23 14:32:00,521.7800,522.0050
META,2025-04-23 14:33:00,521.8950,521.7500
META,2025-04-23 14:34:00,521.4800,521.6300
META,2025-04-23 14:35:00,521.6800,521.6550
META,2025-04-23 14:36:00,521.5858,521.4000
META,2025-04-23 14:37:00,521.3675,521.2700
META,2025-04-23 14:38:00,521.3700,521.1999
META,2025-04-23 14:39:00,521.3600,521.5000
META,2025-04-23 14:40:00,521.5900,521.5200
META,2025-04-23 14:41:00,521.3700,521.5472
META,2025-04-23 14:42:00,521.3300,521.7700
META,2025-04-23 14:43:00,521.6150,521.3700
META,2025-04-23 14:44:00,521.3100,520.8100
META,2025-04-23 14:45:00,520.8600,521.4100
META,2025-04-23 14:46:00,521.2500,521.2100
META,2025-04-23 14:47:00,521.2300,522.0400
META,2025-04-23 14:48:00,522.1200,522.2200
META,2025-04-23 14:49:00,522.0856,522.0900
META,2025-04-23 14:50:00,521.9400,521.4400
META,2025-04-23 14:51:00,521.3200,520.5400
META,2025-04-23 14:52:00,520.5800,520.7550
META,2025-04-23 14:53:00,520.7200,520.3300
META,2025-04-23 14:54:00,520.1650,520.1779
META,2025-04-23 14:55:00,520.3800,521.1300
META,2025-04-23 14:56:00,521.0466,521.7800
META,2025-04-23 14:57:00,521.9800,521.4700
META,2025-04-23 14:58:00,521.4400,521.7500
META,2025-04-23 14:59:00,521.7550,520.9598
META,2025-04-23 15:00:00,520.9100,521.9000
META,2025-04-23 15:01:00,521.6668,521.2750
META,2025-04-23 15:02:00,521.2850,520.8825
META,2025-04-23 15:03:00,521.0000,520.8900
META,2025-04-23 15:04:00,520.9400,519.8500
META,2025-04-23 15:05:00,519.8625,520.0900
META,2025-04-23 15:06:00,520.3900,520.5750
META,2025-04-23 15:07:00,520.5800,520.8500
META,2025-04-23 15:08:00,520.9800,520.9400
META,2025-04-23 15:09:00,520.9450,520.6600
META,2025-04-23 15:10:00,520.5697,520.7000
META,2025-04-23 15:11:00,520.6800,521.2300
META,2025-04-23 15:12:00,520.8828,520.8200
META,2025-04-23 15:13:00,520.7800,520.8900
META,2025-04-23 15:14:00,521.0300,520.5300
META,2025-04-23 15:15:00,520.3171,519.7600
META,2025-04-23 15:16:00,519.7450,520.0700
META,2025-04-23 15:17:00,520.0600,520.3448
META,2025-04-23 15:18:00,520.2700,520.0850
META,2025-04-23 15:19:00,520.0900,519.8782
META,2025-04-23 15:20:00,519.8600,519.5200
META,2025-04-23 15:21:00,519.4850,519.5902
META,2025-04-23 15:22:00,519.7100,518.6050
META,2025-04-23 15:23:00,518.5500,518.3900
META,2025-04-23 15:24:00,518.4158,518.6400
META,2025-04-23 15:25:00,518.6400,518.2900
META,2025-04-23 15:26:00,518.2400,518.9556
META,2025-04-23 15:27:00,518.8000,519.0200
META,2025-04-23 15:28:00,518.7127,518.6300
META,2025-04-23 15:29:00,518.6300,518.5350
META,2025-04-23 15:30:00,518.4500,519.0500
META,2025-04-23 15:31:00,518.8600,519.7750
META,2025-04-23 15:32:00,519.6140,519.0750
META,2025-04-23 15:33:00,519.0750,519.2650
META,2025-04-23 15:34:00,519.1450,518.2700
META,2025-04-23 15:35:00,518.0000,517.2750
META,2025-04-23 15:36:00,517.3000,517.0000
META,2025-04-23 15:37:00,516.8000,516.9650
META,2025-04-23 15:38:00,516.9600,517.2000
META,2025-04-23 15:39:00,517.2300,517.0400
META,2025-04-23 15:40:00,517.1000,517.3400
META,2025-04-23 15:41:00,517.4200,517.6200
META,2025-04-23 15:42:00,517.7300,517.5700
META,2025-04-23 15:43:00,517.6900,517.9425
META,2025-04-23 15:44:00,517.9200,518.1000
META,2025-04-23 15:45:00,518.2000,518.6200
META,2025-04-23 15:46:00,518.7300,518.0700
META,2025-04-23 15:47:00,518.0750,518.8100
META,2025-04-23 15:48:00,518.7750,519.1600
META,2025-04-23 15:49:00,519.1800,519.1100
META,2025-04-23 15:50:00,519.1700,520.7400
META,2025-04-23 15:51:00,520.6550,519.9950
META,2025-04-23 15:52:00,519.9200,520.8800
META,2025-04-23 15:53:00,520.8700,520.8700
META,2025-04-23 15:54:00,520.9900,520.8000
META,2025-04-23 15:55:00,520.9600,520.8500
META,2025-04-23 15:56:00,520.9700,520.5900
META,2025-04-23 15:57:00,520.6200,520.6100
META,2025-04-23 15:58:00,520.6100,520.6500
META,2025-04-23 15:59:00,520.6700,520.0100
META,2025-04-24 09:30:00,518.7300,518.6600
META,2025-04-24 09:31:00,518.8100,520.8600
META,2025-04-24 09:32:00,521.1400,519.5450
META,2025-04-24 09:33:00,519.3250,520.1250
META,2025-04-24 09:34:00,520.4000,521.2600
META,2025-04-24 09:35:00,521.4418,520.1644
META,2025-04-24 09:36:00,519.9100,520.7000
META,2025-04-24 09:37:00,520.7500,520.6400
META,2025-04-24 09:38:00,520.7600,521.3500
META,2025-04-24 09:39:00,521.5400,522.1300
META,2025-04-24 09:40:00,521.9900,522.8500
META,2025-04-24 09:41:00,522.8700,522.6900
META,2025-04-24 09:42:00,522.6850,522.0100
META,2025-04-24 09:43:00,521.9800,522.3640
META,2025-04-24 09:44:00,522.3500,521.3900
META,2025-04-24 09:45:00,521.3604,521.7850
META,2025-04-24 09:46:00,521.7850,521.4600
META,2025-04-24 09:47:00,521.6100,522.1600
META,2025-04-24 09:48:00,522.1300,521.6500
META,2025-04-24 09:49:00,521.6000,521.4900
META,2025-04-24 09:50:00,521.4900,521.5700
META,2025-04-24 09:51:00,521.4300,521.1337
META,2025-04-24 09:52:00,521.3150,521.3575
META,2025-04-24 09:53:00,521.4200,522.2688
META,2025-04-24 09:54:00,522.1600,523.0700
META,2025-04-24 09:55:00,523.1300,522.5800
META,2025-04-24 09:56:00,522.6200,524.1750
META,2025-04-24 09:57:00,524.1200,524.6800
META,2025-04-24 09:58:00,524.6300,526.3250
META,2025-04-24 09:59:00,526.3250,526.1200
META,2025-04-24 10:00:00,525.9900,525.7350
META,2025-04-24 10:01:00,525.8800,526.2950
META,2025-04-24 10:02:00,526.2900,526.2500
META,2025-04-24 10:03:00,526.1600,526.0300
META,2025-04-24 10:04:00,525.9700,525.9100
META,2025-04-24 10:05:00,525.9400,526.4513
META,2025-04-24 10:06:00,526.4900,527.0000
META,2025-04-24 10:07:00,526.9460,527.7950
META,2025-04-24 10:08:00,527.7500,527.3544
META,2025-04-24 10:09:00,527.4860,527.7400
META,2025-04-24 10:10:00,527.6650,526.3790
META,2025-04-24 10:11:00,526.2150,526.0100
META,2025-04-24 10:12:00,526.1100,526.3500
META,2025-04-24 10:13:00,526.3500,526.5650
META,2025-04-24 10:14:00,526.7200,526.9200
META,2025-04-24 10:15:00,527.0850,527.3500
META,2025-04-24 10:16:00,527.5800,526.7150
META,2025-04-24 10:17:00,526.6825,525.9900
META,2025-04-24 10:18:00,526.1300,526.5000
META,2025-04-24 10:19:00,526.5100,526.7350
META,2025-04-24 10:20:00,526.8050,526.7500
META,2025-04-24 10:21:00,526.8706,527.1500
META,2025-04-24 10:22:00,527.0300,528.5357
META,2025-04-24 10:23:00,528.7398,528.6721
META,2025-04-24 10:24:00,528.6700,528.4352
META,2025-04-24 10:25:00,528.5000,528.4614
META,2025-04-24 10:26:00,528.3500,528.2320
META,2025-04-24 10:27:00,528.1650,529.0000
META,2025-04-24 10:28:00,529.1425,529.1000
META,2025-04-24 10:29:00,529.1550,529.2962
META,2025-04-24 10:30:00,529.0100,528.9675
META,2025-04-24 10:31:00,528.9900,529.1350
META,2025-04-24 10:32:00,529.0600,529.8100
META,2025-04-24 10:33:00,529.6850,529.7200
META,2025-04-24 10:34:00,529.6700,529.9800
META,2025-04-24 10:35:00,530.0650,529.8701
META,2025-04-24 10:36:00,530.1050,530.3300
META,2025-04-24 10:37:00,530.3200,531.1078
META,2025-04-24 10:38:00,531.1900,530.9600
META,2025-04-24 10:39:00,530.9000,530.9210
META,2025-04-24 10:40:00,531.0500,531.0000
META,2025-04-24 10:41:00,530.8850,530.5200
META,2025-04-24 10:42:00,530.4350,530.4748
META,2025-04-24 10:43:00,530.2900,530.1100
META,2025-04-24 10:44:00,529.9300,529.6200
META,2025-04-24 10:45:00,529.7200,529.1250
META,2025-04-24 10:46:00,529.0200,529.6850
META,2025-04-24 10:47:00,529.7400,529.1100
META,2025-04-24 10:48:00,529.0200,528.7000
META,2025-04-24 10:49:00,528.7100,529.7350
META,2025-04-24 10:50:00,529.7900,529.5800
META,2025-04-24 10:51:00,529.5800,530.1500
META,2025-04-24 10:52:00,530.2300,529.2100
META,2025-04-24 10:53:00,529.3836,529.5400
META,2025-04-24 10:54:00,529.5400,529.8725
META,2025-04-24 10:55:00,530.0000,530.3400
META,2025-04-24 10:56:00,530.3600,530.4600
META,2025-04-24 10:57:00,530.3300,530.8900
META,2025-04-24 10:58:00,530.8800,530.2250
META,2025-04-24 10:59:00,530.2250,530.2425
META,2025-04-24 11:00:00,530.2300,530.4600
META,2025-04-24 11:01:00,530.4000,529.9100
META,2025-04-24 11:02:00,530.0005,529.8100
META,2025-04-24 11:03:00,529.6791,529.8400
META,2025-04-24 11:04:00,529.6900,530.7597
META,2025-04-24 11:05:00,530.6950,530.9700
META,2025-04-24 11:06:00,530.8200,530.7000
META,2025-04-24 11:07:00,530.5600,530.7800
META,2025-04-24 11:08:00,530.7700,531.0400
META,2025-04-24 11:09:00,531.0400,531.0000
META,2025-04-24 11:10:00,531.0650,531.1100
META,2025-04-24 11:11:00,531.1300,531.6600
META,2025-04-24 11:12:00,531.6500,530.8300
META,2025-04-24 11:13:00,530.8450,530.8650
META,2025-04-24 11:14:00,530.6900,530.9900
META,2025-04-24 11:15:00,531.0400,530.8300
META,2025-04-24 11:16:00,530.9000,530.5500
META,2025-04-24 11:17:00,530.6100,530.8300
META,2025-04-24 11:18:00,530.7000,529.9000
META,2025-04-24 11:19:00,529.8200,529.6800
META,2025-04-24 11:20:00,529.8200,529.7600
META,2025-04-24 11:21:00,529.6200,529.0100
META,2025-04-24 11:22:00,529.0100,528.6950
META,2025-04-24 11:23:00,528.6000,527.6300
META,2025-04-24 11:24:00,527.5600,528.0650
META,2025-04-24 11:25:00,528.1300,528.1301
META,2025-04-24 11:26:00,528.3800,528.6237
META,2025-04-24 11:27:00,528.6712,527.9814
META,2025-04-24 11:28:00,527.9700,528.1100
META,2025-04-24 11:29:00,528.1100,528.0100
META,2025-04-24 11:30:00,528.0700,527.3000
META,2025-04-24 11:31:00,527.2900,527.5743
META,2025-04-24 11:32:00,527.6750,527.8350
META,2025-04-24 11:33:00,527.8350,527.7800
META,2025-04-24 11:34:00,527.7900,528.1700
META,2025-04-24 11:35:00,528.0300,527.9200
META,2025-04-24 11:36:00,527.8700,527.8800
META,2025-04-24 11:37:00,528.0050,527.8300
META,2025-04-24 11:38:00,527.9450,528.4050
META,2025-04-24 11:39:00,528.3501,527.8218
META,2025-04-24 11:40:00,527.7900,527.9100
META,2025-04-24 11:41:00,528.1200,528.1500
META,2025-04-24 11:42:00,528.1500,527.6500
META,2025-04-24 11:43:00,527.4530,527.6100
META,2025-04-24 11:44:00,527.7900,527.2758
META,2025-04-24 11:45:00,527.2850,527.8000
META,2025-04-24 11:46:00,527.5900,527.5975
META,2025-04-24 11:47:00,527.5748,527.6425
META,2025-04-24 11:48:00,527.7800,527.6800
META,2025-04-24 11:49:00,527.6000,527.6000
META,2025-04-24 11:50:00,527.6050,527.3300
META,2025-04-24 11:51:00,527.2650,527.8600
META,2025-04-24 11:52:00,527.9500,528.6500
META,2025-04-24 11:53:00,528.6500,529.2400
META,2025-04-24 11:54:00,528.9101,529.3556
META,2025-04-24 11:55:00,529.3550,529.8600
META,2025-04-24 11:56:00,529.8000,528.7400
META,2025-04-24 11:57:00,528.6200,529.1500
META,2025-04-24 11:58:00,529.1050,529.1000
META,2025-04-24 11:59:00,529.1000,528.9600
META,2025-04-24 12:00:00,529.0000,529.0000
META,2025-04-24 12:01:00,529.1400,528.2601
META,2025-04-24 12:02:00,528.4984,528.7900
META,2025-04-24 12:03:00,528.6000,528.7200
META,2025-04-24 12:04:00,528.8100,528.5900
META,2025-04-24 12:05:00,528.5150,528.0000
META,2025-04-24 12:06:00,528.1210,528.1100
META,2025-04-24 12:07:00,528.3000,527.7900
META,2025-04-24 12:08:00,528.0118,527.9950
META,2025-04-24 12:09:00,528.1100,527.6700
META,2025-04-24 12:10:00,527.7000,527.8395
META,2025-04-24 12:11:00,527.9025,527.8001
META,2025-04-24 12:12:00,528.1000,528.4300
META,2025-04-24 12:13:00,528.1860,528.4900
META,2025-04-24 12:14:00,528.4100,528.3950
META,2025-04-24 12:15:00,528.3900,528.8300
META,2025-04-24 12:16:00,528.9499,528.8900
META,2025-04-24 12:17:00,528.9150,529.5000
META,2025-04-24 12:18:00,529.5000,529.2650
META,2025-04-24 12:19:00,529.3600,529.3200
META,2025-04-24 12:20:00,529.3200,529.4000
META,2025-04-24 12:21:00,529.4150,529.5650
META,2025-04-24 12:22:00,529.4300,529.7400
META,2025-04-24 12:23:00,529.6700,530.0775
META,2025-04-24 12:24:00,529.8600,529.3500
META,2025-04-24 12:25:00,529.2000,529.0900
META,2025-04-24 12:26:00,529.2400,528.7650
META,2025-04-24 12:27:00,528.8700,528.9200
META,2025-04-24 12:28:00,528.7300,529.6335
META,2025-04-24 12:29:00,529.7500,529.3200
META,2025-04-24 12:30:00,529.2900,529.6000
META,2025-04-24 12:31:00,529.5800,529.6600
META,2025-04-24 12:32:00,529.6100,529.6400
META,2025-04-24 12:33:00,529.6350,529.7528
META,2025-04-24 12:34:00,529.8500,529.9600
META,2025-04-24 12:35:00,529.9650,530.4075
META,2025-04-24 12:36:00,530.3750,530.3900
META,2025-04-24 12:37:00,530.2950,530.4300
META,2025-04-24 12:38:00,530.4200,530.5999
META,2025-04-24 12:39:00,530.4652,530.6500
META,2025-04-24 12:40:00,530.6500,530.6000
META,2025-04-24 12:41:00,530.4250,529.8900
META,2025-04-24 12:42:00,530.0599,530.0884
META,2025-04-24 12:43:00,530.1500,530.3200
META,2025-04-24 12:44:00,530.3850,530.2200
META,2025-04-24 12:45:00,530.1200,529.4817
META,2025-04-24 12:46:00,529.6800,530.0799
META,2025-04-24 12:47:00,529.8232,530.0764
META,2025-04-24 12:48:00,530.0200,530.0160
META,2025-04-24 12:49:00,530.1400,530.0000
META,2025-04-24 12:50:00,530.0800,529.8000
META,2025-04-24 12:51:00,529.8550,529.9100
META,2025-04-24 12:52:00,529.9800,530.0700
META,2025-04-24 12:53:00,530.1000,529.8200
META,2025-04-24 12:54:00,529.8900,529.9750
META,2025-04-24 12:55:00,529.9750,530.3012
META,2025-04-24 12:56:00,530.2000,530.7450
META,2025-04-24 12:57:00,530.9100,531.1916
META,2025-04-24 12:58:00,531.1050,531.2400
META,2025-04-24 12:59:00,531.2100,530.9200
META,2025-04-24 13:00:00,530.6700,529.9550
META,2025-04-24 13:01:00,529.9800,530.1450
META,2025-04-24 13:02:00,530.3400,530.1400
META,2025-04-24 13:03:00,529.9800,530.6000
META,2025-04-24 13:04:00,530.5000,530.2050
META,2025-04-24 13:05:00,530.2050,530.3600
META,2025-04-24 13:06:00,530.2500,529.7835
META,2025-04-24 13:07:00,529.7600,530.0062
META,2025-04-24 13:08:00,530.0500,530.0050
META,2025-04-24 13:09:00,530.0525,529.5800
META,2025-04-24 13:10:00,529.5800,529.7600
META,2025-04-24 13:11:00,529.7800,529.9100
META,2025-04-24 13:12:00,529.9100,529.9450
META,2025-04-24 13:13:00,529.9700,529.6850
META,2025-04-24 13:14:00,529.8849,529.9525
META,2025-04-24 13:15:00,529.8650,529.5600
META,2025-04-24 13:16:00,529.6400,529.2000
META,2025-04-24 13:17:00,529.2055,529.1900
META,2025-04-24 13:18:00,529.3300,528.5300
META,2025-04-24 13:19:00,528.7600,528.8950
META,2025-04-24 13:20:00,528.8950,528.7000
META,2025-04-24 13:21:00,528.7600,529.0100
META,2025-04-24 13:22:00,528.8600,529.4600
META,2025-04-24 13:23:00,529.5500,529.8200
META,2025-04-24 13:24:00,529.8150,530.0000
META,2025-04-24 13:25:00,529.8800,530.2500
META,2025-04-24 13:26:00,530.4000,530.3550
META,2025-04-24 13:27:00,530.3300,530.0750
META,2025-04-24 13:28:00,530.1900,530.4200
META,2025-04-24 13:29:00,530.3000,530.2325
META,2025-04-24 13:30:00,530.6000,531.0050
META,2025-04-24 13:31:00,531.0900,530.6650
META,2025-04-24 13:32:00,530.6100,530.3070
META,2025-04-24 13:33:00,530.4300,530.0300
META,2025-04-24 13:34:00,530.0000,529.8100
META,2025-04-24 13:35:00,529.8800,529.4800
META,2025-04-24 13:36:00,529.6200,529.8600
META,2025-04-24 13:37:00,529.8200,529.8500
META,2025-04-24 13:38:00,529.9600,529.9900
META,2025-04-24 13:39:00,530.0000,529.8300
META,2025-04-24 13:40:00,529.8600,529.5400
META,2025-04-24 13:41:00,529.5000,529.1450
META,2025-04-24 13:42:00,529.0000,529.2100
META,2025-04-24 13:43:00,529.1050,528.9000
META,2025-04-24 13:44:00,528.9515,529.0100
META,2025-04-24 13:45:00,528.9450,528.4900
META,2025-04-24 13:46:00,528.3401,528.8350
META,2025-04-24 13:47:00,528.7400,529.2250
META,2025-04-24 13:48:00,529.2500,528.8500
META,2025-04-24 13:49:00,528.8200,529.4450
META,2025-04-24 13:50:00,529.4450,529.5250
META,2025-04-24 13:51:00,529.5200,529.7809
META,2025-04-24 13:52:00,529.7100,529.6450
META,2025-04-24 13:53:00,529.6800,530.1500
META,2025-04-24 13:54:00,530.1800,530.3751
META,2025-04-24 13:55:00,530.3200,530.0100
META,2025-04-24 13:56:00,530.0200,530.2400
META,2025-04-24 13:57:00,530.1500,530.1100
META,2025-04-24 13:58:00,530.1230,530.2800
META,2025-04-24 13:59:00,530.3000,530.0150
META,2025-04-24 14:00:00,530.0000,530.0400
META,2025-04-24 14:01:00,530.0500,530.2700
META,2025-04-24 14:02:00,530.3900,530.3000
META,2025-04-24 14:03:00,530.1300,530.0900
META,2025-04-24 14:04:00,530.1763,530.1700
META,2025-04-24 14:05:00,530.1750,530.3700
META,2025-04-24 14:06:00,530.3700,530.6900
META,2025-04-24 14:07:00,530.6900,530.4700
META,2025-04-24 14:08:00,530.5150,530.4450
META,2025-04-24 14:09:00,530.5300,530.5900
META,2025-04-24 14:10:00,530.5700,530.4600
META,2025-04-24 14:11:00,530.4900,530.3600
META,2025-04-24 14:12:00,530.3675,530.4250
META,2025-04-24 14:13:00,530.5010,530.8315
META,2025-04-24 14:14:00,530.7600,530.5900
META,2025-04-24 14:15:00,530.5900,530.6850
META,2025-04-24 14:16:00,530.7200,530.7399
META,2025-04-24 14:17:00,530.6900,529.9408
META,2025-04-24 14:18:00,530.0100,530.5900
META,2025-04-24 14:19:00,530.5000,530.8100
META,2025-04-24 14:20:00,530.8100,530.6900
META,2025-04-24 14:21:00,530.6900,530.6580
META,2025-04-24 14:22:00,530.6900,530.9500
META,2025-04-24 14:23:00,530.9700,530.7855
META,2025-04-24 14:24:00,530.8000,531.0200
META,2025-04-24 14:25:00,530.9666,531.0600
META,2025-04-24 14:26:00,531.0970,531.1650
META,2025-04-24 14:27:00,531.1400,531.5700
META,2025-04-24 14:28:00,531.5892,531.6150
META,2025-04-24 14:29:00,531.5400,531.4850
META,2025-04-24 14:30:00,531.5000,532.0999
META,2025-04-24 14:31:00,532.1743,531.7744
META,2025-04-24 14:32:00,531.7800,531.6350
META,2025-04-24 14:33:00,531.7100,531.8900
META,2025-04-24 14:34:00,532.0000,531.8700
META,2025-04-24 14:35:00,531.8650,532.2199
META,2025-04-24 14:36:00,531.9700,532.1100
META,2025-04-24 14:37:00,532.1220,532.1872
META,2025-04-24 14:38:00,532.1150,532.3300
META,2025-04-24 14:39:00,532.3700,532.2459
META,2025-04-24 14:40:00,532.2900,532.0900
META,2025-04-24 14:41:00,532.1000,531.8400
META,2025-04-24 14:42:00,531.8450,531.9900
META,2025-04-24 14:43:00,531.9150,531.7200
META,2025-04-24 14:44:00,531.7250,531.5850
META,2025-04-24 14:45:00,531.7000,531.6095
META,2025-04-24 14:46:00,531.6300,531.7771
META,2025-04-24 14:47:00,531.8200,531.7800
META,2025-04-24 14:48:00,531.7800,532.1900
META,2025-04-24 14:49:00,532.1550,532.2500
META,2025-04-24 14:50:00,532.2700,532.5650
META,2025-04-24 14:51:00,532.5400,532.6220
META,2025-04-24 14:52:00,532.5980,532.6000
META,2025-04-24 14:53:00,532.7600,532.8150
META,2025-04-24 14:54:00,532.8150,532.6000
META,2025-04-24 14:55:00,532.6000,532.0900
META,2025-04-24 14:56:00,531.9050,531.4400
META,2025-04-24 14:57:00,531.3017,531.5100
META,2025-04-24 14:58:00,531.4750,531.2713
META,2025-04-24 14:59:00,531.4200,531.1900
META,2025-04-24 15:00:00,531.1900,531.0500
META,2025-04-24 15:01:00,531.0604,530.9500
META,2025-04-24 15:02:00,531.0600,531.0453
META,2025-04-24 15:03:00,531.1100,531.0800
META,2025-04-24 15:04:00,531.0700,530.5000
META,2025-04-24 15:05:00,530.5000,530.3300
META,2025-04-24 15:06:00,530.3050,529.8800
META,2025-04-24 15:07:00,530.0699,529.7700
META,2025-04-24 15:08:00,529.7700,530.1000
META,2025-04-24 15:09:00,530.0900,530.0088
META,2025-04-24 15:10:00,529.9350,529.3100
META,2025-04-24 15:11:00,529.1000,529.4000
META,2025-04-24 15:12:00,529.5415,529.3950
META,2025-04-24 15:13:00,529.2200,528.8800
META,2025-04-24 15:14:00,528.8900,529.3553
META,2025-04-24 15:15:00,529.1900,529.4200
META,2025-04-24 15:16:00,529.2900,529.2300
META,2025-04-24 15:17:00,529.2400,529.6686
META,2025-04-24 15:18:00,529.5400,529.5900
META,2025-04-24 15:19:00,529.5900,529.7500
META,2025-04-24 15:20:00,529.8100,529.4373
META,2025-04-24 15:21:00,529.2300,529.6300
META,2025-04-24 15:22:00,529.6300,529.7150
META,2025-04-24 15:23:00,529.6500,529.4200
META,2025-04-24 15:24:00,529.4200,528.8100
META,2025-04-24 15:25:00,528.8050,528.9900
META,2025-04-24 15:26:00,529.0500,528.9450
META,2025-04-24 15:27:00,528.9400,528.8999
META,2025-04-24 15:28:00,528.7200,528.2800
META,2025-04-24 15:29:00,528.2000,528.3700
META,2025-04-24 15:30:00,528.3275,528.9700
META,2025-04-24 15:31:00,528.9800,528.9400
META,2025-04-24 15:32:00,528.9400,529.2600
META,2025-04-24 15:33:00,529.2550,529.5200
META,2025-04-24 15:34:00,529.4700,529.6250
META,2025-04-24 15:35:00,529.6500,529.9850
META,2025-04-24 15:36:00,530.0600,529.7950
META,2025-04-24 15:37:00,529.7900,530.6389
META,2025-04-24 15:38:00,530.5298,530.7500
META,2025-04-24 15:39:00,530.5800,530.6000
META,2025-04-24 15:40:00,530.5900,530.6600
META,2025-04-24 15:41:00,530.6900,530.8145
META,2025-04-24 15:42:00,530.7850,531.3050
META,2025-04-24 15:43:00,531.2400,531.2300
META,2025-04-24 15:44:00,531.2950,531.4900
META,2025-04-24 15:45:00,531.4450,531.8600
META,2025-04-24 15:46:00,531.7800,531.8000
META,2025-04-24 15:47:00,531.7500,531.7800
META,2025-04-24 15:48:00,531.7900,532.1100
META,2025-04-24 15:49:00,532.0600,532.4500
META,2025-04-24 15:50:00,532.5000,532.5000
META,2025-04-24 15:51:00,532.5800,532.0000
META,2025-04-24 15:52:00,532.0000,532.8900
META,2025-04-24 15:53:00,532.8300,532.8700
META,2025-04-24 15:54:00,532.9500,533.7200
META,2025-04-24 15:55:00,533.7200,533.3300
META,2025-04-24 15:56:00,533.3700,533.5001
META,2025-04-24 15:57:00,533.6500,533.3650
META,2025-04-24 15:58:00,533.3700,533.2300
META,2025-04-24 15:59:00,533.1900,532.9800
META,2025-04-25 09:30:00,546.8000,543.6350
META,2025-04-25 09:31:00,543.5200,545.1450
META,2025-04-25 09:32:00,545.1500,543.6600
META,2025-04-25 09:33:00,543.9900,544.3200
META,2025-04-25 09:34:00,544.5550,544.6900
META,2025-04-25 09:35:00,544.8400,543.3050
META,2025-04-25 09:36:00,543.4655,543.2500
META,2025-04-25 09:37:00,543.2000,541.3100
META,2025-04-25 09:38:00,541.4000,541.8125
META,2025-04-25 09:39:00,541.7249,540.8850
META,2025-04-25 09:40:00,540.8615,541.7200
META,2025-04-25 09:41:00,541.7000,541.3200
META,2025-04-25 09:42:00,541.3250,540.5700
META,2025-04-25 09:43:00,540.5500,540.2000
META,2025-04-25 09:44:00,540.1700,540.4199
META,2025-04-25 09:45:00,540.4000,541.7400
META,2025-04-25 09:46:00,541.8300,541.0000
META,2025-04-25 09:47:00,540.8900,539.5400
META,2025-04-25 09:48:00,539.3800,539.1900
META,2025-04-25 09:49:00,539.2000,538.3200
META,2025-04-25 09:50:00,538.2900,538.6300
META,2025-04-25 09:51:00,538.6300,537.3900
META,2025-04-25 09:52:00,537.3100,537.1800
META,2025-04-25 09:53:00,537.1500,536.5150
META,2025-04-25 09:54:00,536.5250,537.3750
META,2025-04-25 09:55:00,537.5000,538.3784
META,2025-04-25 09:56:00,538.3500,538.2200
META,2025-04-25 09:57:00,538.3050,538.3200
META,2025-04-25 09:58:00,538.3050,538.6650
META,2025-04-25 09:59:00,538.5300,538.3900
META,2025-04-25 10:00:00,538.7800,539.7900
META,2025-04-25 10:01:00,539.6373,540.0500
META,2025-04-25 10:02:00,540.0700,540.5700
META,2025-04-25 10:03:00,540.5700,539.2400
META,2025-04-25 10:04:00,539.1800,539.1085
META,2025-04-25 10:05:00,539.0250,539.6800
META,2025-04-25 10:06:00,539.6850,540.2050
META,2025-04-25 10:07:00,540.2770,540.8050
META,2025-04-25 10:08:00,540.8050,541.1000
META,2025-04-25 10:09:00,541.1180,542.5379
META,2025-04-25 10:10:00,542.5888,542.9410
META,2025-04-25 10:11:00,542.8050,542.9400
META,2025-04-25 10:12:00,543.0200,543.7350
META,2025-04-25 10:13:00,543.6200,542.9400
META,2025-04-25 10:14:00,542.9800,543.9000
META,2025-04-25 10:15:00,543.8500,543.8530
META,2025-04-25 10:16:00,543.7200,542.8600
META,2025-04-25 10:17:00,543.1200,544.3500
META,2025-04-25 10:18:00,544.3200,543.9800
META,2025-04-25 10:19:00,543.9000,544.2500
META,2025-04-25 10:20:00,544.3899,543.7006
META,2025-04-25 10:21:00,543.7550,541.6330
META,2025-04-25 10:22:00,541.7950,540.5900
META,2025-04-25 10:23:00,540.4097,540.2400
META,2025-04-25 10:24:00,540.1401,541.0200
META,2025-04-25 10:25:00,540.9500,540.2025
META,2025-04-25 10:26:00,540.2050,539.5750
META,2025-04-25 10:27:00,539.6700,539.5200
META,2025-04-25 10:28:00,539.5000,539.3200
META,2025-04-25 10:29:00,539.3300,539.1400
META,2025-04-25 10:30:00,539.2800,538.8000
META,2025-04-25 10:31:00,538.8038,538.2100
META,2025-04-25 10:32:00,538.0400,538.7646
META,2025-04-25 10:33:00,538.7872,539.1450
META,2025-04-25 10:34:00,539.2900,539.8676
META,2025-04-25 10:35:00,540.0800,540.1200
META,2025-04-25 10:36:00,540.2300,541.1800
META,2025-04-25 10:37:00,541.2100,541.7350
META,2025-04-25 10:38:00,541.8200,542.4997
META,2025-04-25 10:39:00,542.5900,542.7000
META,2025-04-25 10:40:00,542.5600,543.4970
META,2025-04-25 10:41:00,543.3600,543.3100
META,2025-04-25 10:42:00,543.2148,543.4200
META,2025-04-25 10:43:00,543.4200,544.2200
META,2025-04-25 10:44:00,544.2300,544.9900
META,2025-04-25 10:45:00,544.8950,545.1300
META,2025-04-25 10:46:00,545.0900,544.9300
META,2025-04-25 10:47:00,544.9480,544.7050
META,2025-04-25 10:48:00,544.7500,545.1800
META,2025-04-25 10:49:00,545.2400,544.8300
META,2025-04-25 10:50:00,544.7900,543.6200
META,2025-04-25 10:51:00,543.6200,543.4300
META,2025-04-25 10:52:00,543.4300,543.5500
META,2025-04-25 10:53:00,543.7099,543.8450
META,2025-04-25 10:54:00,543.8450,543.3100
META,2025-04-25 10:55:00,543.3000,542.6600
META,2025-04-25 10:56:00,542.6100,541.6800
META,2025-04-25 10:57:00,541.5900,541.4150
META,2025-04-25 10:58:00,541.4150,540.9000
META,2025-04-25 10:59:00,540.9600,542.1100
META,2025-04-25 11:00:00,542.1700,541.6400
META,2025-04-25 11:01:00,541.7300,542.0000
META,2025-04-25 11:02:00,542.1504,542.5165
META,2025-04-25 11:03:00,542.3300,542.4050
META,2025-04-25 11:04:00,542.4367,542.4422
META,2025-04-25 11:05:00,542.5500,542.6085
META,2025-04-25 11:06:00,542.4700,542.6300
META,2025-04-25 11:07:00,542.7500,542.3000
META,2025-04-25 11:08:00,542.2870,541.9200
META,2025-04-25 11:09:00,541.9200,542.1400
META,2025-04-25 11:10:00,542.1400,542.6650
META,2025-04-25 11:11:00,542.6900,542.8650
META,2025-04-25 11:12:00,542.9100,543.1850
META,2025-04-25 11:13:00,543.0000,542.7700
META,2025-04-25 11:14:00,543.0000,543.2000
META,2025-04-25 11:15:00,543.2800,543.3450
META,2025-04-25 11:16:00,543.4599,542.7600
META,2025-04-25 11:17:00,542.8809,542.6400
META,2025-04-25 11:18:00,542.5500,543.2639
META,2025-04-25 11:19:00,543.0800,543.2800
META,2025-04-25 11:20:00,543.2800,543.3800
META,2025-04-25 11:21:00,543.4100,543.8300
META,2025-04-25 11:22:00,543.7400,544.0500
META,2025-04-25 11:23:00,543.8900,543.7350
META,2025-04-25 11:24:00,543.7350,543.3660
META,2025-04-25 11:25:00,543.2600,542.5300
META,2025-04-25 11:26:00,542.6150,542.5150
META,2025-04-25 11:27:00,542.5100,542.7500
META,2025-04-25 11:28:00,542.8350,542.0800
META,2025-04-25 11:29:00,542.0281,542.0300
META,2025-04-25 11:30:00,542.0700,542.3900
META,2025-04-25 11:31:00,542.3666,542.5225
META,2025-04-25 11:32:00,542.5350,542.2400
META,2025-04-25 11:33:00,542.1800,542.5000
META,2025-04-25 11:34:00,542.4700,542.2100
META,2025-04-25 11:35:00,542.4436,541.7100
META,2025-04-25 11:36:00,541.7829,540.9900
META,2025-04-25 11:37:00,541.0900,540.3861
META,2025-04-25 11:38:00,540.4400,539.6620
META,2025-04-25 11:39:00,539.4100,539.6900
META,2025-04-25 11:40:00,539.7300,540.5100
META,2025-04-25 11:41:00,540.5100,539.9950
META,2025-04-25 11:42:00,539.9950,539.5301
META,2025-04-25 11:43:00,539.6600,538.9550
META,2025-04-25 11:44:00,539.0200,538.5300
META,2025-04-25 11:45:00,538.5400,538.5500
META,2025-04-25 11:46:00,538.5650,538.6700
META,2025-04-25 11:47:00,538.7300,539.1500
META,2025-04-25 11:48:00,539.1050,540.3200
META,2025-04-25 11:49:00,540.1850,540.6700
META,2025-04-25 11:50:00,540.7200,541.2300
META,2025-04-25 11:51:00,541.3699,541.2900
META,2025-04-25 11:52:00,541.1100,541.7083
META,2025-04-25 11:53:00,541.7500,541.7000
META,2025-04-25 11:54:00,541.6150,541.9900
META,2025-04-25 11:55:00,542.0700,541.7000
META,2025-04-25 11:56:00,541.8100,541.7200
META,2025-04-25 11:57:00,541.7200,541.3300
META,2025-04-25 11:58:00,541.4148,541.7900
META,2025-04-25 11:59:00,541.7050,541.3800
META,2025-04-25 12:00:00,541.1900,540.9750
META,2025-04-25 12:01:00,540.9225,540.9550
META,2025-04-25 12:02:00,540.9550,540.8100
META,2025-04-25 12:03:00,540.7035,540.6642
META,2025-04-25 12:04:00,540.8300,541.2550
META,2025-04-25 12:05:00,541.4850,541.7150
META,2025-04-25 12:06:00,541.7200,541.2000
META,2025-04-25 12:07:00,541.1735,541.2700
META,2025-04-25 12:08:00,541.3375,542.2300
META,2025-04-25 12:09:00,542.2300,541.8800
META,2025-04-25 12:10:00,541.7500,541.7950
META,2025-04-25 12:11:00,541.8100,541.6650
META,2025-04-25 12:12:00,541.8500,542.6200
META,2025-04-25 12:13:00,542.5648,542.4200
META,2025-04-25 12:14:00,542.3885,543.2000
META,2025-04-25 12:15:00,543.2250,543.0400
META,2025-04-25 12:16:00,543.1850,543.6500
META,2025-04-25 12:17:00,543.6500,543.3100
META,2025-04-25 12:18:00,543.2900,543.2500
META,2025-04-25 12:19:00,543.2500,543.2250
META,2025-04-25 12:20:00,543.2250,543.0850
META,2025-04-25 12:21:00,543.0850,543.1810
META,2025-04-25 12:22:00,543.1090,543.4116
META,2025-04-25 12:23:00,543.4840,543.4900
META,2025-04-25 12:24:00,543.5600,543.3438
META,2025-04-25 12:25:00,543.3350,543.4200
META,2025-04-25 12:26:00,543.4600,543.1699
META,2025-04-25 12:27:00,543.1700,543.9900
META,2025-04-25 12:28:00,544.0000,543.9800
META,2025-04-25 12:29:00,544.0000,544.0200
META,2025-04-25 12:30:00,544.0000,543.9600
META,2025-04-25 12:31:00,543.9350,544.2800
META,2025-04-25 12:32:00,544.3000,544.2950
META,2025-04-25 12:33:00,544.2805,544.2900
META,2025-04-25 12:34:00,544.3079,544.3400
META,2025-04-25 12:35:00,544.4000,544.6350
META,2025-04-25 12:36:00,544.5700,544.5100
META,2025-04-25 12:37:00,544.5154,544.2150
META,2025-04-25 12:38:00,544.3300,544.5000
META,2025-04-25 12:39:00,544.4750,544.7700
META,2025-04-25 12:40:00,544.8767,544.9750
META,2025-04-25 12:41:00,544.9345,544.8700
META,2025-04-25 12:42:00,544.8700,545.0300
META,2025-04-25 12:43:00,544.9550,545.6684
META,2025-04-25 12:44:00,545.6700,545.8100
META,2025-04-25 12:45:00,545.7000,545.3300
META,2025-04-25 12:46:00,545.4400,545.4250
META,2025-04-25 12:47:00,545.4400,544.8265
META,2025-04-25 12:48:00,544.7100,544.6900
META,2025-04-25 12:49:00,544.6800,544.9000
META,2025-04-25 12:50:00,544.9000,544.5700
META,2025-04-25 12:51:00,544.6300,544.8675
META,2025-04-25 12:52:00,544.9548,545.0250
META,2025-04-25 12:53:00,545.1159,545.3301
META,2025-04-25 12:54:00,545.2117,546.0000
META,2025-04-25 12:55:00,545.9100,545.7053
META,2025-04-25 12:56:00,545.6500,545.8000
META,2025-04-25 12:57:00,545.7600,545.8500
META,2025-04-25 12:58:00,545.9100,545.8000
META,2025-04-25 12:59:00,545.9000,545.6450
META,2025-04-25 13:00:00,545.7108,545.8250
META,2025-04-25 13:01:00,545.8300,546.0730
META,2025-04-25 13:02:00,546.1100,546.0750
META,2025-04-25 13:03:00,546.0143,546.4200
META,2025-04-25 13:04:00,546.4719,546.6274
META,2025-04-25 13:05:00,546.5100,546.8550
META,2025-04-25 13:06:00,546.8550,546.8500
META,2025-04-25 13:07:00,546.8950,547.4400
META,2025-04-25 13:08:00,547.5300,547.2700
META,2025-04-25 13:09:00,547.3250,547.8100
META,2025-04-25 13:10:00,547.7200,547.9700
META,2025-04-25 13:11:00,547.9700,547.7500
META,2025-04-25 13:12:00,547.9600,547.5700
META,2025-04-25 13:13:00,547.6000,547.6950
META,2025-04-25 13:14:00,547.6950,547.9600
META,2025-04-25 13:15:00,547.9000,547.7650
META,2025-04-25 13:16:00,547.8500,548.0400
META,2025-04-25 13:17:00,548.0100,548.0100
META,2025-04-25 13:18:00,548.0000,548.2900
META,2025-04-25 13:19:00,548.3700,548.5300
META,2025-04-25 13:20:00,548.6600,548.9300
META,2025-04-25 13:21:00,548.9200,549.3000
META,2025-04-25 13:22:00,549.2700,548.8000
META,2025-04-25 13:23:00,548.7000,549.3100
META,2025-04-25 13:24:00,549.1980,549.1500
META,2025-04-25 13:25:00,549.2350,549.1050
META,2025-04-25 13:26:00,549.0000,549.6050
META,2025-04-25 13:27:00,549.5400,549.6700
META,2025-04-25 13:28:00,549.8110,549.1600
META,2025-04-25 13:29:00,549.1700,548.6800
META,2025-04-25 13:30:00,548.6800,548.5800
META,2025-04-25 13:31:00,548.5500,548.3700
META,2025-04-25 13:32:00,548.4200,548.8800
META,2025-04-25 13:33:00,548.8850,549.2200
META,2025-04-25 13:34:00,549.2440,548.4200
META,2025-04-25 13:35:00,548.5100,548.0400
META,2025-04-25 13:36:00,547.9000,548.1650
META,2025-04-25 13:37:00,548.1400,547.7600
META,2025-04-25 13:38:00,547.7650,545.7250
META,2025-04-25 13:39:00,545.6700,545.3700
META,2025-04-25 13:40:00,545.4700,545.4800
META,2025-04-25 13:41:00,545.3900,546.5999
META,2025-04-25 13:42:00,546.3800,546.2450
META,2025-04-25 13:43:00,546.3291,546.0000
META,2025-04-25 13:44:00,546.1400,546.1250
META,2025-04-25 13:45:00,546.1225,544.9800
META,2025-04-25 13:46:00,545.0800,544.3350
META,2025-04-25 13:47:00,544.3600,544.4750
META,2025-04-25 13:48:00,544.4700,544.3800
META,2025-04-25 13:49:00,544.2400,544.1750
META,2025-04-25 13:50:00,544.4500,543.3100
META,2025-04-25 13:51:00,543.2600,543.9500
META,2025-04-25 13:52:00,543.7800,542.6550
META,2025-04-25 13:53:00,542.6550,543.2500
META,2025-04-25 13:54:00,543.0200,543.0000
META,2025-04-25 13:55:00,542.7501,542.6500
META,2025-04-25 13:56:00,542.6350,543.0000
META,2025-04-25 13:57:00,542.8900,542.9800
META,2025-04-25 13:58:00,542.9700,543.4300
META,2025-04-25 13:59:00,543.4352,544.0000
META,2025-04-25 14:00:00,544.0475,543.7280
META,2025-04-25 14:01:00,543.7000,544.0350
META,2025-04-25 14:02:00,543.9900,544.6000
META,2025-04-25 14:03:00,544.5500,545.0450
META,2025-04-25 14:04:00,545.0450,545.1400
META,2025-04-25 14:05:00,545.2000,545.3600
META,2025-04-25 14:06:00,545.3400,545.6750
META,2025-04-25 14:07:00,545.7800,545.7105
META,2025-04-25 14:08:00,545.8000,546.2800
META,2025-04-25 14:09:00,546.2750,547.0950
META,2025-04-25 14:10:00,547.1250,546.4204
META,2025-04-25 14:11:00,546.5640,546.1250
META,2025-04-25 14:12:00,546.0000,546.4000
META,2025-04-25 14:13:00,546.4900,546.0700
META,2025-04-25 14:14:00,546.1050,545.7402
META,2025-04-25 14:15:00,545.6300,545.4850
META,2025-04-25 14:16:00,545.6500,546.0500
META,2025-04-25 14:17:00,546.1700,546.2100
META,2025-04-25 14:18:00,546.3200,546.3500
META,2025-04-25 14:19:00,546.3500,546.5500
META,2025-04-25 14:20:00,546.4400,546.4600
META,2025-04-25 14:21:00,546.4100,546.7200
META,2025-04-25 14:22:00,546.7900,547.0900
META,2025-04-25 14:23:00,547.0250,547.2900
META,2025-04-25 14:24:00,547.2850,546.9950
META,2025-04-25 14:25:00,546.9900,547.2700
META,2025-04-25 14:26:00,547.2700,547.4500
META,2025-04-25 14:27:00,547.5326,547.3100
META,2025-04-25 14:28:00,547.2116,547.5835
META,2025-04-25 14:29:00,547.3300,547.2100
META,2025-04-25 14:30:00,547.3400,547.1262
META,2025-04-25 14:31:00,547.1223,547.6600
META,2025-04-25 14:32:00,547.6850,547.8500
META,2025-04-25 14:33:00,547.8500,548.1500
META,2025-04-25 14:34:00,548.0800,547.7400
META,2025-04-25 14:35:00,547.7400,548.1500
META,2025-04-25 14:36:00,548.1400,548.2000
META,2025-04-25 14:37:00,548.1900,548.4978
META,2025-04-25 14:38:00,548.4100,548.3100
META,2025-04-25 14:39:00,548.2100,547.8939
META,2025-04-25 14:40:00,548.0750,548.1300
META,2025-04-25 14:41:00,548.0300,548.4300
META,2025-04-25 14:42:00,548.3975,548.4000
META,2025-04-25 14:43:00,548.3791,548.6100
META,2025-04-25 14:44:00,548.4800,548.4900
META,2025-04-25 14:45:00,548.5100,548.6050
META,2025-04-25 14:46:00,548.4955,548.3300
META,2025-04-25 14:47:00,548.2700,547.9300
META,2025-04-25 14:48:00,547.8200,548.0500
META,2025-04-25 14:49:00,548.0500,548.0800
META,2025-04-25 14:50:00,548.2075,547.6400
META,2025-04-25 14:51:00,547.5850,547.3900
META,2025-04-25 14:52:00,547.3800,546.7400
META,2025-04-25 14:53:00,546.6900,547.7200
META,2025-04-25 14:54:00,547.7300,548.0511
META,2025-04-25 14:55:00,548.1600,547.4500
META,2025-04-25 14:56:00,547.4500,546.9400
META,2025-04-25 14:57:00,546.9400,547.2350
META,2025-04-25 14:58:00,547.3300,547.6900
META,2025-04-25 14:59:00,547.5750,547.1200
META,2025-04-25 15:00:00,547.1800,547.1700
META,2025-04-25 15:01:00,547.3100,547.7000
META,2025-04-25 15:02:00,547.6250,547.9100
META,2025-04-25 15:03:00,547.7700,547.9887
META,2025-04-25 15:04:00,548.0325,548.0919
META,2025-04-25 15:05:00,548.0600,548.1185
META,2025-04-25 15:06:00,547.9850,548.1200
META,2025-04-25 15:07:00,547.9850,548.0050
META,2025-04-25 15:08:00,548.0560,547.6000
META,2025-04-25 15:09:00,547.5200,547.7000
META,2025-04-25 15:10:00,547.7900,547.7450
META,2025-04-25 15:11:00,547.6200,546.9500
META,2025-04-25 15:12:00,547.0550,546.9250
META,2025-04-25 15:13:00,546.9250,546.5947
META,2025-04-25 15:14:00,546.6600,547.1600
META,2025-04-25 15:15:00,547.1350,546.7800
META,2025-04-25 15:16:00,546.7500,547.1720
META,2025-04-25 15:17:00,547.2700,547.3550
META,2025-04-25 15:18:00,547.4281,547.1550
META,2025-04-25 15:19:00,547.1550,546.7000
META,2025-04-25 15:20:00,546.6700,546.7600
META,2025-04-25 15:21:00,546.6600,547.2500
META,2025-04-25 15:22:00,547.2400,547.2000
META,2025-04-25 15:23:00,547.2000,547.0100
META,2025-04-25 15:24:00,546.9500,547.0150
META,2025-04-25 15:25:00,547.0100,547.0200
META,2025-04-25 15:26:00,546.8900,546.9000
META,2025-04-25 15:27:00,546.9350,546.8250
META,2025-04-25 15:28:00,546.8500,546.1200
META,2025-04-25 15:29:00,546.2300,546.0700
META,2025-04-25 15:30:00,546.1150,546.2375
META,2025-04-25 15:31:00,546.2800,546.5500
META,2025-04-25 15:32:00,546.5800,547.0900
META,2025-04-25 15:33:00,547.0500,547.1100
META,2025-04-25 15:34:00,547.1888,547.1275
META,2025-04-25 15:35:00,547.1325,547.2900
META,2025-04-25 15:36:00,547.2100,547.3600
META,2025-04-25 15:37:00,547.3175,547.1500
META,2025-04-25 15:38:00,547.0900,547.0700
META,2025-04-25 15:39:00,546.8500,546.8650
META,2025-04-25 15:40:00,547.0200,546.9100
META,2025-04-25 15:41:00,546.9500,546.4300
META,2025-04-25 15:42:00,546.4650,547.2500
META,2025-04-25 15:43:00,547.1650,547.1700
META,2025-04-25 15:44:00,547.1200,546.9500
META,2025-04-25 15:45:00,546.8600,546.4728
META,2025-04-25 15:46:00,546.4950,545.9500
META,2025-04-25 15:47:00,545.8300,545.8400
META,2025-04-25 15:48:00,545.9500,545.9565
META,2025-04-25 15:49:00,545.9700,545.8125
META,2025-04-25 15:50:00,545.9400,547.2400
META,2025-04-25 15:51:00,547.3730,547.1575
META,2025-04-25 15:52:00,547.1450,547.4400
META,2025-04-25 15:53:00,547.4500,547.7050
META,2025-04-25 15:54:00,547.8000,547.2900
META,2025-04-25 15:55:00,547.3700,546.6500
META,2025-04-25 15:56:00,546.7500,546.9801
META,2025-04-25 15:57:00,547.0350,547.1100
META,2025-04-25 15:58:00,547.1600,547.2750
META,2025-04-25 15:59:00,547.3100,547.3700
