STOCK_SYMBOL,DATE_TIME,OPEN_PRICE,CLOSE_PRICE
MSFT,2025-04-14 09:30:00,393.2200,392.5850
MSFT,2025-04-14 09:31:00,392.5850,392.7499
MSFT,2025-04-14 09:32:00,392.6200,392.5800
MSFT,2025-04-14 09:33:00,392.6100,392.6400
MSFT,2025-04-14 09:34:00,392.6500,392.4400
MSFT,2025-04-14 09:35:00,392.3550,392.2500
MSFT,2025-04-14 09:36:00,392.3000,391.8200
MSFT,2025-04-14 09:37:00,391.8200,391.8550
MSFT,2025-04-14 09:38:00,391.9100,391.7000
MSFT,2025-04-14 09:39:00,391.7305,391.7900
MSFT,2025-04-14 09:40:00,391.9300,391.2550
MSFT,2025-04-14 09:41:00,391.3500,391.0050
MSFT,2025-04-14 09:42:00,390.9650,391.2800
MSFT,2025-04-14 09:43:00,391.2477,391.0501
MSFT,2025-04-14 09:44:00,391.1300,391.9200
MSFT,2025-04-14 09:45:00,391.8800,391.6900
MSFT,2025-04-14 09:46:00,391.7800,391.3600
MSFT,2025-04-14 09:47:00,391.2000,391.2700
MSFT,2025-04-14 09:48:00,391.3400,391.6100
MSFT,2025-04-14 09:49:00,391.6603,391.2700
MSFT,2025-04-14 09:50:00,391.4400,391.7000
MSFT,2025-04-14 09:51:00,391.7599,391.4800
MSFT,2025-04-14 09:52:00,391.4300,391.1700
MSFT,2025-04-14 09:53:00,391.2473,391.8850
MSFT,2025-04-14 09:54:00,391.7900,391.8100
MSFT,2025-04-14 09:55:00,391.8600,392.2600
MSFT,2025-04-14 09:56:00,392.1700,391.5000
MSFT,2025-04-14 09:57:00,391.4300,390.6800
MSFT,2025-04-14 09:58:00,390.7000,391.1950
MSFT,2025-04-14 09:59:00,391.2200,390.8900
MSFT,2025-04-14 10:00:00,390.9200,391.2600
MSFT,2025-04-14 10:01:00,391.3500,390.7925
MSFT,2025-04-14 10:02:00,390.7800,390.9650
MSFT,2025-04-14 10:03:00,391.0899,391.8900
MSFT,2025-04-14 10:04:00,391.9600,392.4450
MSFT,2025-04-14 10:05:00,392.5600,393.0950
MSFT,2025-04-14 10:06:00,393.0100,392.8350
MSFT,2025-04-14 10:07:00,392.7800,392.6950
MSFT,2025-04-14 10:08:00,392.7650,392.2550
MSFT,2025-04-14 10:09:00,392.2500,392.4700
MSFT,2025-04-14 10:10:00,392.4045,392.5801
MSFT,2025-04-14 10:11:00,392.5400,392.1700
MSFT,2025-04-14 10:12:00,392.2300,392.1650
MSFT,2025-04-14 10:13:00,392.1650,392.7200
MSFT,2025-04-14 10:14:00,392.7050,392.5800
MSFT,2025-04-14 10:15:00,392.5100,392.0600
MSFT,2025-04-14 10:16:00,392.1150,392.0850
MSFT,2025-04-14 10:17:00,391.9857,391.4400
MSFT,2025-04-14 10:18:00,391.4800,392.0400
MSFT,2025-04-14 10:19:00,392.0600,392.1825
MSFT,2025-04-14 10:20:00,392.2412,392.6300
MSFT,2025-04-14 10:21:00,392.6850,392.9700
MSFT,2025-04-14 10:22:00,393.0000,392.4700
MSFT,2025-04-14 10:23:00,392.4500,392.4400
MSFT,2025-04-14 10:24:00,392.2300,392.6500
MSFT,2025-04-14 10:25:00,392.6000,392.3801
MSFT,2025-04-14 10:26:00,392.4350,392.8500
MSFT,2025-04-14 10:27:00,392.8510,392.9900
MSFT,2025-04-14 10:28:00,392.9400,393.0607
MSFT,2025-04-14 10:29:00,393.1000,392.9100
MSFT,2025-04-14 10:30:00,392.9600,392.4800
MSFT,2025-04-14 10:31:00,392.6100,392.4435
MSFT,2025-04-14 10:32:00,392.3800,392.6950
MSFT,2025-04-14 10:33:00,392.7038,393.3600
MSFT,2025-04-14 10:34:00,393.3000,393.1100
MSFT,2025-04-14 10:35:00,393.0750,393.1700
MSFT,2025-04-14 10:36:00,393.1460,393.2800
MSFT,2025-04-14 10:37:00,393.2400,393.1150
MSFT,2025-04-14 10:38:00,393.1700,393.1100
MSFT,2025-04-14 10:39:00,393.1700,393.4400
MSFT,2025-04-14 10:40:00,393.4400,393.3486
MSFT,2025-04-14 10:41:00,393.3200,393.6700
MSFT,2025-04-14 10:42:00,393.7200,393.8600
MSFT,2025-04-14 10:43:00,393.7900,393.5330
MSFT,2025-04-14 10:44:00,393.6300,393.5400
MSFT,2025-04-14 10:45:00,393.5447,393.4299
MSFT,2025-04-14 10:46:00,393.3450,392.7400
MSFT,2025-04-14 10:47:00,392.7526,393.4600
MSFT,2025-04-14 10:48:00,393.4050,393.8300
MSFT,2025-04-14 10:49:00,393.7550,393.8100
MSFT,2025-04-14 10:50:00,393.7800,394.3996
MSFT,2025-04-14 10:51:00,394.4000,394.1100
MSFT,2025-04-14 10:52:00,394.1225,394.1550
MSFT,2025-04-14 10:53:00,394.1500,393.7750
MSFT,2025-04-14 10:54:00,393.7900,393.9000
MSFT,2025-04-14 10:55:00,393.9300,393.1700
MSFT,2025-04-14 10:56:00,393.1200,392.8300
MSFT,2025-04-14 10:57:00,392.8400,392.7407
MSFT,2025-04-14 10:58:00,392.7000,392.9200
MSFT,2025-04-14 10:59:00,392.8100,392.8600
MSFT,2025-04-14 11:00:00,392.8800,392.6400
MSFT,2025-04-14 11:01:00,392.5000,392.6600
MSFT,2025-04-14 11:02:00,392.6950,392.4800
MSFT,2025-04-14 11:03:00,392.4800,392.1700
MSFT,2025-04-14 11:04:00,392.2700,391.8700
MSFT,2025-04-14 11:05:00,391.9000,391.2200
MSFT,2025-04-14 11:06:00,391.3050,391.1000
MSFT,2025-04-14 11:07:00,391.1200,390.8100
MSFT,2025-04-14 11:08:00,390.8900,390.9700
MSFT,2025-04-14 11:09:00,390.9300,390.6400
MSFT,2025-04-14 11:10:00,390.6000,390.8500
MSFT,2025-04-14 11:11:00,390.9500,390.4400
MSFT,2025-04-14 11:12:00,390.4400,390.2600
MSFT,2025-04-14 11:13:00,390.3000,390.2300
MSFT,2025-04-14 11:14:00,390.2350,390.2000
MSFT,2025-04-14 11:15:00,390.1000,390.3450
MSFT,2025-04-14 11:16:00,390.3450,390.1950
MSFT,2025-04-14 11:17:00,390.1200,390.0400
MSFT,2025-04-14 11:18:00,390.0600,390.2950
MSFT,2025-04-14 11:19:00,390.3300,390.3700
MSFT,2025-04-14 11:20:00,390.3700,390.2400
MSFT,2025-04-14 11:21:00,390.1800,390.0900
MSFT,2025-04-14 11:22:00,390.1800,390.5300
MSFT,2025-04-14 11:23:00,390.4400,389.8900
MSFT,2025-04-14 11:24:00,389.8200,389.6612
MSFT,2025-04-14 11:25:00,389.6600,389.7581
MSFT,2025-04-14 11:26:00,389.7350,389.3300
MSFT,2025-04-14 11:27:00,389.3300,389.0750
MSFT,2025-04-14 11:28:00,389.0600,388.9775
MSFT,2025-04-14 11:29:00,388.9700,388.6800
MSFT,2025-04-14 11:30:00,388.7100,388.9200
MSFT,2025-04-14 11:31:00,388.9254,389.3800
MSFT,2025-04-14 11:32:00,389.3650,389.5700
MSFT,2025-04-14 11:33:00,389.5700,389.5700
MSFT,2025-04-14 11:34:00,389.5700,389.6900
MSFT,2025-04-14 11:35:00,389.7100,389.3300
MSFT,2025-04-14 11:36:00,389.3800,389.2550
MSFT,2025-04-14 11:37:00,389.2350,388.9500
MSFT,2025-04-14 11:38:00,389.0300,388.3400
MSFT,2025-04-14 11:39:00,388.3400,388.4720
MSFT,2025-04-14 11:40:00,388.3784,388.1500
MSFT,2025-04-14 11:41:00,388.1000,388.3100
MSFT,2025-04-14 11:42:00,388.3200,387.9400
MSFT,2025-04-14 11:43:00,387.9400,388.1750
MSFT,2025-04-14 11:44:00,388.1750,388.6350
MSFT,2025-04-14 11:45:00,388.7100,387.8100
MSFT,2025-04-14 11:46:00,387.8000,387.4400
MSFT,2025-04-14 11:47:00,387.4450,387.2200
MSFT,2025-04-14 11:48:00,387.2500,387.0450
MSFT,2025-04-14 11:49:00,387.0450,387.1500
MSFT,2025-04-14 11:50:00,387.1800,387.0058
MSFT,2025-04-14 11:51:00,387.0700,386.7900
MSFT,2025-04-14 11:52:00,386.7650,386.6557
MSFT,2025-04-14 11:53:00,386.4796,386.7000
MSFT,2025-04-14 11:54:00,386.7000,386.8350
MSFT,2025-04-14 11:55:00,386.7700,386.8850
MSFT,2025-04-14 11:56:00,386.9500,386.9100
MSFT,2025-04-14 11:57:00,386.8600,387.1499
MSFT,2025-04-14 11:58:00,387.0650,386.7000
MSFT,2025-04-14 11:59:00,386.6900,386.4500
MSFT,2025-04-14 12:00:00,386.4100,386.5600
MSFT,2025-04-14 12:01:00,386.6200,387.1799
MSFT,2025-04-14 12:02:00,387.1137,387.0100
MSFT,2025-04-14 12:03:00,386.9900,386.6000
MSFT,2025-04-14 12:04:00,386.6650,386.8400
MSFT,2025-04-14 12:05:00,386.8200,386.9200
MSFT,2025-04-14 12:06:00,386.9550,386.4350
MSFT,2025-04-14 12:07:00,386.4100,386.0000
MSFT,2025-04-14 12:08:00,386.0400,386.0500
MSFT,2025-04-14 12:09:00,386.0500,386.0150
MSFT,2025-04-14 12:10:00,385.9501,385.8200
MSFT,2025-04-14 12:11:00,385.8250,384.7400
MSFT,2025-04-14 12:12:00,384.6700,384.9550
MSFT,2025-04-14 12:13:00,384.9550,385.2350
MSFT,2025-04-14 12:14:00,385.2350,385.6000
MSFT,2025-04-14 12:15:00,385.5450,385.6000
MSFT,2025-04-14 12:16:00,385.6000,385.7000
MSFT,2025-04-14 12:17:00,385.7450,385.5950
MSFT,2025-04-14 12:18:00,385.5600,386.0000
MSFT,2025-04-14 12:19:00,386.0000,386.5500
MSFT,2025-04-14 12:20:00,386.3900,386.1000
MSFT,2025-04-14 12:21:00,386.2800,386.8461
MSFT,2025-04-14 12:22:00,386.8500,386.4100
MSFT,2025-04-14 12:23:00,386.4100,386.1350
MSFT,2025-04-14 12:24:00,386.1350,386.3400
MSFT,2025-04-14 12:25:00,386.2950,386.0450
MSFT,2025-04-14 12:26:00,385.9902,385.8713
MSFT,2025-04-14 12:27:00,385.7000,385.3900
MSFT,2025-04-14 12:28:00,385.3850,385.7100
MSFT,2025-04-14 12:29:00,385.7600,385.8100
MSFT,2025-04-14 12:30:00,385.8500,385.9500
MSFT,2025-04-14 12:31:00,385.9000,386.4400
MSFT,2025-04-14 12:32:00,386.3550,386.3000
MSFT,2025-04-14 12:33:00,386.2500,386.3450
MSFT,2025-04-14 12:34:00,386.2600,386.4400
MSFT,2025-04-14 12:35:00,386.3400,386.2050
MSFT,2025-04-14 12:36:00,386.2650,386.3150
MSFT,2025-04-14 12:37:00,386.3100,386.1550
MSFT,2025-04-14 12:38:00,386.1300,385.8500
MSFT,2025-04-14 12:39:00,385.8300,385.6250
MSFT,2025-04-14 12:40:00,385.6100,385.6750
MSFT,2025-04-14 12:41:00,385.6750,385.7650
MSFT,2025-04-14 12:42:00,385.6800,385.1500
MSFT,2025-04-14 12:43:00,385.1134,385.6550
MSFT,2025-04-14 12:44:00,385.5000,385.8100
MSFT,2025-04-14 12:45:00,385.7850,385.9300
MSFT,2025-04-14 12:46:00,385.8615,385.9033
MSFT,2025-04-14 12:47:00,385.9252,386.0250
MSFT,2025-04-14 12:48:00,386.0600,385.8650
MSFT,2025-04-14 12:49:00,385.8400,385.6250
MSFT,2025-04-14 12:50:00,385.6104,385.3000
MSFT,2025-04-14 12:51:00,385.4000,385.0799
MSFT,2025-04-14 12:52:00,385.0000,384.8250
MSFT,2025-04-14 12:53:00,384.8250,385.0650
MSFT,2025-04-14 12:54:00,385.0450,385.3850
MSFT,2025-04-14 12:55:00,385.3850,385.3050
MSFT,2025-04-14 12:56:00,385.3500,384.7500
MSFT,2025-04-14 12:57:00,384.7800,384.5800
MSFT,2025-04-14 12:58:00,384.6600,384.4250
MSFT,2025-04-14 12:59:00,384.4305,384.4450
MSFT,2025-04-14 13:00:00,384.4450,385.1500
MSFT,2025-04-14 13:01:00,385.2800,385.4100
MSFT,2025-04-14 13:02:00,385.4600,385.2100
MSFT,2025-04-14 13:03:00,385.2150,384.8910
MSFT,2025-04-14 13:04:00,384.8300,385.1800
MSFT,2025-04-14 13:05:00,385.2600,385.2252
MSFT,2025-04-14 13:06:00,385.3100,385.3050
MSFT,2025-04-14 13:07:00,385.3500,385.3402
MSFT,2025-04-14 13:08:00,385.1700,385.5300
MSFT,2025-04-14 13:09:00,385.4400,385.6600
MSFT,2025-04-14 13:10:00,385.7600,385.4400
MSFT,2025-04-14 13:11:00,385.5900,385.8338
MSFT,2025-04-14 13:12:00,385.8500,386.1000
MSFT,2025-04-14 13:13:00,386.0800,386.2050
MSFT,2025-04-14 13:14:00,386.1200,386.0150
MSFT,2025-04-14 13:15:00,386.0000,385.9986
MSFT,2025-04-14 13:16:00,385.9300,385.6200
MSFT,2025-04-14 13:17:00,385.6200,386.0000
MSFT,2025-04-14 13:18:00,386.0900,386.3600
MSFT,2025-04-14 13:19:00,386.3850,386.6800
MSFT,2025-04-14 13:20:00,386.6800,386.6200
MSFT,2025-04-14 13:21:00,386.6400,386.9200
MSFT,2025-04-14 13:22:00,386.9700,387.0190
MSFT,2025-04-14 13:23:00,387.0100,386.8550
MSFT,2025-04-14 13:24:00,386.9250,387.1000
MSFT,2025-04-14 13:25:00,387.0900,386.9543
MSFT,2025-04-14 13:26:00,386.8300,386.9746
MSFT,2025-04-14 13:27:00,386.9300,386.7300
MSFT,2025-04-14 13:28:00,386.7050,386.4200
MSFT,2025-04-14 13:29:00,386.3700,386.3100
MSFT,2025-04-14 13:30:00,386.2800,386.5750
MSFT,2025-04-14 13:31:00,386.5850,385.7100
MSFT,2025-04-14 13:32:00,385.6000,386.2300
MSFT,2025-04-14 13:33:00,386.1600,386.2700
MSFT,2025-04-14 13:34:00,386.3600,386.1900
MSFT,2025-04-14 13:35:00,386.2000,386.4050
MSFT,2025-04-14 13:36:00,386.3500,386.3000
MSFT,2025-04-14 13:37:00,386.2200,386.6545
MSFT,2025-04-14 13:38:00,386.6250,386.3200
MSFT,2025-04-14 13:39:00,386.2450,386.3550
MSFT,2025-04-14 13:40:00,386.3500,386.0100
MSFT,2025-04-14 13:41:00,386.0900,386.2000
MSFT,2025-04-14 13:42:00,386.3200,386.6700
MSFT,2025-04-14 13:43:00,386.6100,386.6750
MSFT,2025-04-14 13:44:00,386.6750,386.2025
MSFT,2025-04-14 13:45:00,386.2250,386.5300
MSFT,2025-04-14 13:46:00,386.6000,386.2804
MSFT,2025-04-14 13:47:00,386.2400,386.0400
MSFT,2025-04-14 13:48:00,386.1000,386.5150
MSFT,2025-04-14 13:49:00,386.5100,386.6650
MSFT,2025-04-14 13:50:00,386.7111,386.5350
MSFT,2025-04-14 13:51:00,386.5850,386.9650
MSFT,2025-04-14 13:52:00,387.0400,387.2950
MSFT,2025-04-14 13:53:00,387.3100,387.6850
MSFT,2025-04-14 13:54:00,387.7050,387.6639
MSFT,2025-04-14 13:55:00,387.5850,387.7250
MSFT,2025-04-14 13:56:00,387.6950,387.4200
MSFT,2025-04-14 13:57:00,387.4200,387.8650
MSFT,2025-04-14 13:58:00,387.8650,387.9600
MSFT,2025-04-14 13:59:00,387.9600,387.8800
MSFT,2025-04-14 14:00:00,387.8800,388.1877
MSFT,2025-04-14 14:01:00,388.1750,388.2200
MSFT,2025-04-14 14:02:00,388.2800,388.3100
MSFT,2025-04-14 14:03:00,388.2700,388.2418
MSFT,2025-04-14 14:04:00,388.3972,388.3500
MSFT,2025-04-14 14:05:00,388.3650,388.2300
MSFT,2025-04-14 14:06:00,388.2400,388.6500
MSFT,2025-04-14 14:07:00,388.5850,388.4950
MSFT,2025-04-14 14:08:00,388.4950,388.5800
MSFT,2025-04-14 14:09:00,388.5350,388.5900
MSFT,2025-04-14 14:10:00,388.5850,388.5450
MSFT,2025-04-14 14:11:00,388.5800,388.2500
MSFT,2025-04-14 14:12:00,388.2414,388.2200
MSFT,2025-04-14 14:13:00,388.2600,388.4200
MSFT,2025-04-14 14:14:00,388.3800,388.3850
MSFT,2025-04-14 14:15:00,388.4050,388.1750
MSFT,2025-04-14 14:16:00,388.1750,388.3350
MSFT,2025-04-14 14:17:00,388.3350,388.2800
MSFT,2025-04-14 14:18:00,388.2700,388.1900
MSFT,2025-04-14 14:19:00,388.1800,388.4756
MSFT,2025-04-14 14:20:00,388.4800,388.4900
MSFT,2025-04-14 14:21:00,388.4800,388.5900
MSFT,2025-04-14 14:22:00,388.6100,388.6800
MSFT,2025-04-14 14:23:00,388.6100,388.6150
MSFT,2025-04-14 14:24:00,388.6100,388.4700
MSFT,2025-04-14 14:25:00,388.4700,388.2200
MSFT,2025-04-14 14:26:00,388.0800,388.3425
MSFT,2025-04-14 14:27:00,388.3350,388.5900
MSFT,2025-04-14 14:28:00,388.5100,388.5200
MSFT,2025-04-14 14:29:00,388.5200,388.4825
MSFT,2025-04-14 14:30:00,388.4300,388.5150
MSFT,2025-04-14 14:31:00,388.5800,388.6303
MSFT,2025-04-14 14:32:00,388.6800,388.6600
MSFT,2025-04-14 14:33:00,388.6200,388.4500
MSFT,2025-04-14 14:34:00,388.4500,388.4500
MSFT,2025-04-14 14:35:00,388.5000,388.5000
MSFT,2025-04-14 14:36:00,388.4400,388.2800
MSFT,2025-04-14 14:37:00,388.2600,388.5350
MSFT,2025-04-14 14:38:00,388.5350,388.3350
MSFT,2025-04-14 14:39:00,388.3400,388.3200
MSFT,2025-04-14 14:40:00,388.3200,388.4000
MSFT,2025-04-14 14:41:00,388.4300,388.5450
MSFT,2025-04-14 14:42:00,388.5650,388.4100
MSFT,2025-04-14 14:43:00,388.4250,388.6600
MSFT,2025-04-14 14:44:00,388.6600,388.6019
MSFT,2025-04-14 14:45:00,388.5700,388.4600
MSFT,2025-04-14 14:46:00,388.4600,388.5800
MSFT,2025-04-14 14:47:00,388.6300,388.3700
MSFT,2025-04-14 14:48:00,388.3300,388.5200
MSFT,2025-04-14 14:49:00,388.4900,388.3900
MSFT,2025-04-14 14:50:00,388.3900,388.3836
MSFT,2025-04-14 14:51:00,388.3550,388.1550
MSFT,2025-04-14 14:52:00,388.2100,388.4460
MSFT,2025-04-14 14:53:00,388.3900,388.3700
MSFT,2025-04-14 14:54:00,388.3700,388.3000
MSFT,2025-04-14 14:55:00,388.2800,388.1950
MSFT,2025-04-14 14:56:00,388.2700,388.3500
MSFT,2025-04-14 14:57:00,388.3200,388.0950
MSFT,2025-04-14 14:58:00,388.1600,388.3600
MSFT,2025-04-14 14:59:00,388.3900,388.2300
MSFT,2025-04-14 15:00:00,388.2100,388.6300
MSFT,2025-04-14 15:01:00,388.6100,388.5600
MSFT,2025-04-14 15:02:00,388.6100,388.7000
MSFT,2025-04-14 15:03:00,388.7600,388.7700
MSFT,2025-04-14 15:04:00,388.8200,389.0997
MSFT,2025-04-14 15:05:00,389.0100,389.1650
MSFT,2025-04-14 15:06:00,389.1700,389.3400
MSFT,2025-04-14 15:07:00,389.3400,389.4650
MSFT,2025-04-14 15:08:00,389.5101,389.7350
MSFT,2025-04-14 15:09:00,389.7000,389.7050
MSFT,2025-04-14 15:10:00,389.7100,389.6050
MSFT,2025-04-14 15:11:00,389.6050,389.7300
MSFT,2025-04-14 15:12:00,389.7300,389.8550
MSFT,2025-04-14 15:13:00,389.8900,390.1100
MSFT,2025-04-14 15:14:00,390.1200,390.2100
MSFT,2025-04-14 15:15:00,390.1900,389.7400
MSFT,2025-04-14 15:16:00,389.7700,389.4600
MSFT,2025-04-14 15:17:00,389.4500,389.7500
MSFT,2025-04-14 15:18:00,389.7300,389.7450
MSFT,2025-04-14 15:19:00,389.6700,389.6000
MSFT,2025-04-14 15:20:00,389.5800,389.6050
MSFT,2025-04-14 15:21:00,389.5400,389.7900
MSFT,2025-04-14 15:22:00,389.8250,389.7550
MSFT,2025-04-14 15:23:00,389.7381,389.8926
MSFT,2025-04-14 15:24:00,389.9000,389.9400
MSFT,2025-04-14 15:25:00,389.9100,389.7150
MSFT,2025-04-14 15:26:00,389.7100,389.3800
MSFT,2025-04-14 15:27:00,389.3700,389.5700
MSFT,2025-04-14 15:28:00,389.5700,389.5600
MSFT,2025-04-14 15:29:00,389.5000,389.3401
MSFT,2025-04-14 15:30:00,389.3500,389.4350
MSFT,2025-04-14 15:31:00,389.4350,389.1750
MSFT,2025-04-14 15:32:00,389.1750,388.9700
MSFT,2025-04-14 15:33:00,388.9900,389.1850
MSFT,2025-04-14 15:34:00,389.1600,389.2400
MSFT,2025-04-14 15:35:00,389.2050,389.1500
MSFT,2025-04-14 15:36:00,389.2200,389.2861
MSFT,2025-04-14 15:37:00,389.2300,389.1200
MSFT,2025-04-14 15:38:00,389.1200,389.1200
MSFT,2025-04-14 15:39:00,389.1600,389.3300
MSFT,2025-04-14 15:40:00,389.2800,389.5265
MSFT,2025-04-14 15:41:00,389.5300,389.4600
MSFT,2025-04-14 15:42:00,389.5000,389.5600
MSFT,2025-04-14 15:43:00,389.5600,389.5350
MSFT,2025-04-14 15:44:00,389.5872,389.2750
MSFT,2025-04-14 15:45:00,389.2500,389.2700
MSFT,2025-04-14 15:46:00,389.3000,389.2150
MSFT,2025-04-14 15:47:00,389.1200,388.8300
MSFT,2025-04-14 15:48:00,388.8650,388.4900
MSFT,2025-04-14 15:49:00,388.4750,388.4701
MSFT,2025-04-14 15:50:00,388.4700,387.6200
MSFT,2025-04-14 15:51:00,387.6150,388.2420
MSFT,2025-04-14 15:52:00,388.3200,387.9200
MSFT,2025-04-14 15:53:00,387.9400,387.9800
MSFT,2025-04-14 15:54:00,388.0100,387.7100
MSFT,2025-04-14 15:55:00,387.6600,387.4850
MSFT,2025-04-14 15:56:00,387.5000,387.8100
MSFT,2025-04-14 15:57:00,387.8200,387.7000
MSFT,2025-04-14 15:58:00,387.6600,387.8200
MSFT,2025-04-14 15:59:00,387.7500,388.0500
MSFT,2025-04-15 09:30:00,388.5050,388.7300
MSFT,2025-04-15 09:31:00,388.9100,388.4500
MSFT,2025-04-15 09:32:00,388.0950,388.6176
MSFT,2025-04-15 09:33:00,388.7050,389.3300
MSFT,2025-04-15 09:34:00,389.2600,390.0250
MSFT,2025-04-15 09:35:00,390.0100,389.8670
MSFT,2025-04-15 09:36:00,389.7000,389.1800
MSFT,2025-04-15 09:37:00,389.0200,389.7150
MSFT,2025-04-15 09:38:00,389.8300,390.0000
MSFT,2025-04-15 09:39:00,390.0100,390.6400
MSFT,2025-04-15 09:40:00,390.5700,390.9550
MSFT,2025-04-15 09:41:00,390.9000,390.7650
MSFT,2025-04-15 09:42:00,390.7899,391.5000
MSFT,2025-04-15 09:43:00,391.4000,391.2000
MSFT,2025-04-15 09:44:00,391.1900,390.9950
MSFT,2025-04-15 09:45:00,390.9950,390.5550
MSFT,2025-04-15 09:46:00,390.5300,390.6150
MSFT,2025-04-15 09:47:00,390.6150,390.3700
MSFT,2025-04-15 09:48:00,390.4400,390.7573
MSFT,2025-04-15 09:49:00,390.7500,390.5300
MSFT,2025-04-15 09:50:00,390.6050,390.8800
MSFT,2025-04-15 09:51:00,390.8600,391.0250
MSFT,2025-04-15 09:52:00,391.0700,391.0000
MSFT,2025-04-15 09:53:00,391.0000,391.0650
MSFT,2025-04-15 09:54:00,391.1600,391.1000
MSFT,2025-04-15 09:55:00,391.1400,390.9900
MSFT,2025-04-15 09:56:00,391.0000,390.6900
MSFT,2025-04-15 09:57:00,390.6900,390.2254
MSFT,2025-04-15 09:58:00,390.1600,390.2350
MSFT,2025-04-15 09:59:00,390.2350,389.6950
MSFT,2025-04-15 10:00:00,389.7050,389.3200
MSFT,2025-04-15 10:01:00,389.3200,389.2855
MSFT,2025-04-15 10:02:00,389.1200,389.5050
MSFT,2025-04-15 10:03:00,389.4399,389.3650
MSFT,2025-04-15 10:04:00,389.3400,389.1950
MSFT,2025-04-15 10:05:00,389.2500,389.3000
MSFT,2025-04-15 10:06:00,389.3300,388.8901
MSFT,2025-04-15 10:07:00,388.9700,389.0450
MSFT,2025-04-15 10:08:00,389.0600,388.8050
MSFT,2025-04-15 10:09:00,388.8100,388.4800
MSFT,2025-04-15 10:10:00,388.4800,388.9800
MSFT,2025-04-15 10:11:00,388.9400,389.1850
MSFT,2025-04-15 10:12:00,389.1800,389.5050
MSFT,2025-04-15 10:13:00,389.5300,389.2100
MSFT,2025-04-15 10:14:00,389.3200,388.6400
MSFT,2025-04-15 10:15:00,388.6900,388.6350
MSFT,2025-04-15 10:16:00,388.6500,388.5132
MSFT,2025-04-15 10:17:00,388.4000,388.0900
MSFT,2025-04-15 10:18:00,388.0900,387.5000
MSFT,2025-04-15 10:19:00,387.5550,387.0350
MSFT,2025-04-15 10:20:00,386.9000,386.9100
MSFT,2025-04-15 10:21:00,386.8900,387.0700
MSFT,2025-04-15 10:22:00,387.1900,387.5800
MSFT,2025-04-15 10:23:00,387.7600,387.3500
MSFT,2025-04-15 10:24:00,387.3750,387.2450
MSFT,2025-04-15 10:25:00,387.2900,386.6200
MSFT,2025-04-15 10:26:00,386.6500,385.9250
MSFT,2025-04-15 10:27:00,385.9900,386.1925
MSFT,2025-04-15 10:28:00,386.4300,387.0000
MSFT,2025-04-15 10:29:00,387.0000,386.8800
MSFT,2025-04-15 10:30:00,387.0000,387.3650
MSFT,2025-04-15 10:31:00,387.4000,386.8500
MSFT,2025-04-15 10:32:00,387.0200,387.5100
MSFT,2025-04-15 10:33:00,387.4430,387.5100
MSFT,2025-04-15 10:34:00,387.5700,387.8100
MSFT,2025-04-15 10:35:00,387.8100,387.6900
MSFT,2025-04-15 10:36:00,387.7800,387.8500
MSFT,2025-04-15 10:37:00,387.8550,387.6800
MSFT,2025-04-15 10:38:00,387.6600,387.4600
MSFT,2025-04-15 10:39:00,387.5700,387.5400
MSFT,2025-04-15 10:40:00,387.5800,387.5000
MSFT,2025-04-15 10:41:00,387.6000,387.8300
MSFT,2025-04-15 10:42:00,387.8900,388.1100
MSFT,2025-04-15 10:43:00,388.1450,388.7600
MSFT,2025-04-15 10:44:00,388.7700,388.8000
MSFT,2025-04-15 10:45:00,388.8000,388.8550
MSFT,2025-04-15 10:46:00,388.8644,388.4100
MSFT,2025-04-15 10:47:00,388.4150,387.9500
MSFT,2025-04-15 10:48:00,387.9250,387.9350
MSFT,2025-04-15 10:49:00,387.9900,388.5700
MSFT,2025-04-15 10:50:00,388.5200,388.0100
MSFT,2025-04-15 10:51:00,387.9300,388.5000
MSFT,2025-04-15 10:52:00,388.4450,388.1400
MSFT,2025-04-15 10:53:00,388.1800,388.4050
MSFT,2025-04-15 10:54:00,388.4300,388.6900
MSFT,2025-04-15 10:55:00,388.6850,388.7600
MSFT,2025-04-15 10:56:00,388.7800,388.9600
MSFT,2025-04-15 10:57:00,389.0500,389.2100
MSFT,2025-04-15 10:58:00,389.1800,388.9300
MSFT,2025-04-15 10:59:00,388.9800,388.7300
MSFT,2025-04-15 11:00:00,388.8048,389.1900
MSFT,2025-04-15 11:01:00,389.1900,389.1900
MSFT,2025-04-15 11:02:00,389.2132,389.2100
MSFT,2025-04-15 11:03:00,389.2300,389.2600
MSFT,2025-04-15 11:04:00,389.1800,389.3200
MSFT,2025-04-15 11:05:00,389.3100,389.5300
MSFT,2025-04-15 11:06:00,389.5000,389.1600
MSFT,2025-04-15 11:07:00,389.2100,388.8800
MSFT,2025-04-15 11:08:00,388.9075,388.9150
MSFT,2025-04-15 11:09:00,388.9300,389.0700
MSFT,2025-04-15 11:10:00,389.0300,389.2350
MSFT,2025-04-15 11:11:00,389.1315,388.8350
MSFT,2025-04-15 11:12:00,388.8300,389.2000
MSFT,2025-04-15 11:13:00,389.1900,388.8600
MSFT,2025-04-15 11:14:00,388.9600,389.1400
MSFT,2025-04-15 11:15:00,389.1600,389.1550
MSFT,2025-04-15 11:16:00,389.1550,389.0950
MSFT,2025-04-15 11:17:00,388.9800,389.0500
MSFT,2025-04-15 11:18:00,389.1300,389.0000
MSFT,2025-04-15 11:19:00,388.9700,388.9400
MSFT,2025-04-15 11:20:00,388.9400,389.3022
MSFT,2025-04-15 11:21:00,389.1500,388.9700
MSFT,2025-04-15 11:22:00,388.9400,389.0100
MSFT,2025-04-15 11:23:00,389.0100,389.0100
MSFT,2025-04-15 11:24:00,389.0200,389.0400
MSFT,2025-04-15 11:25:00,389.0400,388.2650
MSFT,2025-04-15 11:26:00,388.2600,388.0800
MSFT,2025-04-15 11:27:00,388.1000,388.2100
MSFT,2025-04-15 11:28:00,388.1400,388.0950
MSFT,2025-04-15 11:29:00,388.0200,387.8250
MSFT,2025-04-15 11:30:00,387.8250,388.1000
MSFT,2025-04-15 11:31:00,388.0842,388.6450
MSFT,2025-04-15 11:32:00,388.6500,388.5000
MSFT,2025-04-15 11:33:00,388.5100,388.4100
MSFT,2025-04-15 11:34:00,388.3600,387.9400
MSFT,2025-04-15 11:35:00,388.0100,388.1050
MSFT,2025-04-15 11:36:00,388.0611,387.7750
MSFT,2025-04-15 11:37:00,387.7234,387.6500
MSFT,2025-04-15 11:38:00,387.6964,387.4350
MSFT,2025-04-15 11:39:00,387.5000,387.6700
MSFT,2025-04-15 11:40:00,387.6900,387.8300
MSFT,2025-04-15 11:41:00,387.7700,387.7900
MSFT,2025-04-15 11:42:00,387.8012,387.6300
MSFT,2025-04-15 11:43:00,387.6700,387.7550
MSFT,2025-04-15 11:44:00,387.7714,387.7000
MSFT,2025-04-15 11:45:00,387.6950,387.7500
MSFT,2025-04-15 11:46:00,387.7250,387.5000
MSFT,2025-04-15 11:47:00,387.4900,387.1500
MSFT,2025-04-15 11:48:00,387.2327,386.7900
MSFT,2025-04-15 11:49:00,386.7600,386.7700
MSFT,2025-04-15 11:50:00,386.8100,386.5800
MSFT,2025-04-15 11:51:00,386.5500,386.3500
MSFT,2025-04-15 11:52:00,386.4700,387.5600
MSFT,2025-04-15 11:53:00,387.5413,387.7900
MSFT,2025-04-15 11:54:00,387.7450,387.6700
MSFT,2025-04-15 11:55:00,387.6837,387.5400
MSFT,2025-04-15 11:56:00,387.5400,387.1900
MSFT,2025-04-15 11:57:00,387.1600,387.5500
MSFT,2025-04-15 11:58:00,387.6000,387.5700
MSFT,2025-04-15 11:59:00,387.5699,387.4900
MSFT,2025-04-15 12:00:00,387.5000,387.4300
MSFT,2025-04-15 12:01:00,387.4300,387.7800
MSFT,2025-04-15 12:02:00,387.7800,387.8490
MSFT,2025-04-15 12:03:00,387.8500,387.9000
MSFT,2025-04-15 12:04:00,387.8300,387.7050
MSFT,2025-04-15 12:05:00,387.6850,387.7200
MSFT,2025-04-15 12:06:00,387.7200,387.7350
MSFT,2025-04-15 12:07:00,387.7100,387.4000
MSFT,2025-04-15 12:08:00,387.4000,387.2450
MSFT,2025-04-15 12:09:00,387.2200,387.3100
MSFT,2025-04-15 12:10:00,387.3150,387.5000
MSFT,2025-04-15 12:11:00,387.4300,387.5300
MSFT,2025-04-15 12:12:00,387.4700,387.3200
MSFT,2025-04-15 12:13:00,387.4000,387.2950
MSFT,2025-04-15 12:14:00,387.3450,387.5300
MSFT,2025-04-15 12:15:00,387.5150,387.7000
MSFT,2025-04-15 12:16:00,387.7050,387.6500
MSFT,2025-04-15 12:17:00,387.6300,387.4300
MSFT,2025-04-15 12:18:00,387.4900,387.4800
MSFT,2025-04-15 12:19:00,387.5600,387.7978
MSFT,2025-04-15 12:20:00,387.7750,387.8900
MSFT,2025-04-15 12:21:00,387.8900,387.8150
MSFT,2025-04-15 12:22:00,387.8800,388.2050
MSFT,2025-04-15 12:23:00,388.2815,388.3200
MSFT,2025-04-15 12:24:00,388.3000,388.3194
MSFT,2025-04-15 12:25:00,388.3200,388.4650
MSFT,2025-04-15 12:26:00,388.4434,388.5300
MSFT,2025-04-15 12:27:00,388.4700,388.4300
MSFT,2025-04-15 12:28:00,388.4300,388.3450
MSFT,2025-04-15 12:29:00,388.4078,388.3900
MSFT,2025-04-15 12:30:00,388.3450,388.5200
MSFT,2025-04-15 12:31:00,388.5500,388.3000
MSFT,2025-04-15 12:32:00,388.3300,388.3316
MSFT,2025-04-15 12:33:00,388.4100,388.1300
MSFT,2025-04-15 12:34:00,388.1350,388.0800
MSFT,2025-04-15 12:35:00,388.0800,388.0700
MSFT,2025-04-15 12:36:00,388.1400,387.8500
MSFT,2025-04-15 12:37:00,387.8500,387.7000
MSFT,2025-04-15 12:38:00,387.6500,387.6050
MSFT,2025-04-15 12:39:00,387.6694,387.4200
MSFT,2025-04-15 12:40:00,387.3900,387.2850
MSFT,2025-04-15 12:41:00,387.3650,386.9950
MSFT,2025-04-15 12:42:00,386.9700,387.0850
MSFT,2025-04-15 12:43:00,387.1300,387.1557
MSFT,2025-04-15 12:44:00,387.0900,387.2300
MSFT,2025-04-15 12:45:00,387.2300,387.2750
MSFT,2025-04-15 12:46:00,387.2750,387.1900
MSFT,2025-04-15 12:47:00,387.1900,387.4350
MSFT,2025-04-15 12:48:00,387.4000,387.0300
MSFT,2025-04-15 12:49:00,386.9650,386.9050
MSFT,2025-04-15 12:50:00,386.9050,386.5513
MSFT,2025-04-15 12:51:00,386.6150,386.4400
MSFT,2025-04-15 12:52:00,386.4700,386.4400
MSFT,2025-04-15 12:53:00,386.3800,386.1800
MSFT,2025-04-15 12:54:00,386.1400,385.8500
MSFT,2025-04-15 12:55:00,385.8800,385.7200
MSFT,2025-04-15 12:56:00,385.7000,385.7600
MSFT,2025-04-15 12:57:00,385.7450,385.4200
MSFT,2025-04-15 12:58:00,385.5200,385.6400
MSFT,2025-04-15 12:59:00,385.6300,385.6800
MSFT,2025-04-15 13:00:00,385.6700,385.5500
MSFT,2025-04-15 13:01:00,385.6100,386.0200
MSFT,2025-04-15 13:02:00,386.0200,385.9700
MSFT,2025-04-15 13:03:00,385.9650,386.1900
MSFT,2025-04-15 13:04:00,386.1900,386.2150
MSFT,2025-04-15 13:05:00,386.2600,386.3800
MSFT,2025-04-15 13:06:00,386.3700,386.3600
MSFT,2025-04-15 13:07:00,386.3200,386.2800
MSFT,2025-04-15 13:08:00,386.2700,386.1100
MSFT,2025-04-15 13:09:00,386.1150,385.8150
MSFT,2025-04-15 13:10:00,385.8100,386.0250
MSFT,2025-04-15 13:11:00,386.0400,386.0600
MSFT,2025-04-15 13:12:00,386.0600,385.9550
MSFT,2025-04-15 13:13:00,386.0900,386.4950
MSFT,2025-04-15 13:14:00,386.4300,386.4650
MSFT,2025-04-15 13:15:00,386.4500,386.3600
MSFT,2025-04-15 13:16:00,386.2476,385.9500
MSFT,2025-04-15 13:17:00,385.9100,385.6900
MSFT,2025-04-15 13:18:00,385.5100,385.8900
MSFT,2025-04-15 13:19:00,385.8900,385.6850
MSFT,2025-04-15 13:20:00,385.6400,385.4950
MSFT,2025-04-15 13:21:00,385.4950,385.3000
MSFT,2025-04-15 13:22:00,385.3200,384.9996
MSFT,2025-04-15 13:23:00,385.0500,384.7000
MSFT,2025-04-15 13:24:00,384.7200,384.8850
MSFT,2025-04-15 13:25:00,384.9200,384.7000
MSFT,2025-04-15 13:26:00,384.7200,384.9300
MSFT,2025-04-15 13:27:00,384.9800,384.8400
MSFT,2025-04-15 13:28:00,384.8250,384.9278
MSFT,2025-04-15 13:29:00,384.9747,384.7900
MSFT,2025-04-15 13:30:00,384.8500,385.3000
MSFT,2025-04-15 13:31:00,385.4200,385.1250
MSFT,2025-04-15 13:32:00,385.2100,385.1000
MSFT,2025-04-15 13:33:00,385.0900,385.0400
MSFT,2025-04-15 13:34:00,385.0000,384.8857
MSFT,2025-04-15 13:35:00,384.7383,384.9200
MSFT,2025-04-15 13:36:00,384.9100,384.8100
MSFT,2025-04-15 13:37:00,384.8300,385.1600
MSFT,2025-04-15 13:38:00,385.1650,385.2000
MSFT,2025-04-15 13:39:00,385.1850,385.3000
MSFT,2025-04-15 13:40:00,385.3950,385.7000
MSFT,2025-04-15 13:41:00,385.6600,385.4750
MSFT,2025-04-15 13:42:00,385.4450,385.6500
MSFT,2025-04-15 13:43:00,385.5600,385.6500
MSFT,2025-04-15 13:44:00,385.7147,385.6600
MSFT,2025-04-15 13:45:00,385.7100,385.4800
MSFT,2025-04-15 13:46:00,385.6300,385.7200
MSFT,2025-04-15 13:47:00,385.7200,385.8000
MSFT,2025-04-15 13:48:00,385.7400,385.8600
MSFT,2025-04-15 13:49:00,385.7400,385.8350
MSFT,2025-04-15 13:50:00,385.7700,385.6750
MSFT,2025-04-15 13:51:00,385.7100,385.3900
MSFT,2025-04-15 13:52:00,385.4100,385.3013
MSFT,2025-04-15 13:53:00,385.3300,384.6401
MSFT,2025-04-15 13:54:00,384.7500,384.6800
MSFT,2025-04-15 13:55:00,384.6700,384.5650
MSFT,2025-04-15 13:56:00,384.5650,384.6100
MSFT,2025-04-15 13:57:00,384.6100,384.7900
MSFT,2025-04-15 13:58:00,384.7600,385.2700
MSFT,2025-04-15 13:59:00,385.2000,385.1982
MSFT,2025-04-15 14:00:00,385.1200,385.4000
MSFT,2025-04-15 14:01:00,385.3300,385.0560
MSFT,2025-04-15 14:02:00,385.0400,385.0225
MSFT,2025-04-15 14:03:00,385.0550,385.0700
MSFT,2025-04-15 14:04:00,385.1100,385.1950
MSFT,2025-04-15 14:05:00,385.1100,384.7050
MSFT,2025-04-15 14:06:00,384.6100,384.8400
MSFT,2025-04-15 14:07:00,384.8601,385.1650
MSFT,2025-04-15 14:08:00,385.2300,385.1950
MSFT,2025-04-15 14:09:00,385.1950,385.3600
MSFT,2025-04-15 14:10:00,385.4300,385.3700
MSFT,2025-04-15 14:11:00,385.3700,385.1700
MSFT,2025-04-15 14:12:00,385.1900,385.2400
MSFT,2025-04-15 14:13:00,385.2800,384.9600
MSFT,2025-04-15 14:14:00,384.9349,384.9350
MSFT,2025-04-15 14:15:00,384.8900,384.5000
MSFT,2025-04-15 14:16:00,384.5850,384.9250
MSFT,2025-04-15 14:17:00,384.8600,384.8900
MSFT,2025-04-15 14:18:00,384.9500,385.0100
MSFT,2025-04-15 14:19:00,385.0585,384.8500
MSFT,2025-04-15 14:20:00,384.9000,384.9300
MSFT,2025-04-15 14:21:00,384.9100,384.9750
MSFT,2025-04-15 14:22:00,384.9300,385.4100
MSFT,2025-04-15 14:23:00,385.3950,385.2900
MSFT,2025-04-15 14:24:00,385.2500,385.4150
MSFT,2025-04-15 14:25:00,385.3500,385.7050
MSFT,2025-04-15 14:26:00,385.7600,385.7300
MSFT,2025-04-15 14:27:00,385.7250,385.5972
MSFT,2025-04-15 14:28:00,385.5200,385.6100
MSFT,2025-04-15 14:29:00,385.6550,385.6800
MSFT,2025-04-15 14:30:00,385.6700,385.6300
MSFT,2025-04-15 14:31:00,385.7200,385.8300
MSFT,2025-04-15 14:32:00,385.8000,386.0648
MSFT,2025-04-15 14:33:00,386.1800,385.9500
MSFT,2025-04-15 14:34:00,386.0250,386.0550
MSFT,2025-04-15 14:35:00,386.0550,386.0900
MSFT,2025-04-15 14:36:00,386.0900,386.1300
MSFT,2025-04-15 14:37:00,386.1500,385.8100
MSFT,2025-04-15 14:38:00,385.7600,385.5800
MSFT,2025-04-15 14:39:00,385.5800,385.6000
MSFT,2025-04-15 14:40:00,385.5600,385.5000
MSFT,2025-04-15 14:41:00,385.4700,385.7250
MSFT,2025-04-15 14:42:00,385.8000,385.6700
MSFT,2025-04-15 14:43:00,385.7150,385.6900
MSFT,2025-04-15 14:44:00,385.7400,386.0400
MSFT,2025-04-15 14:45:00,386.0000,386.3150
MSFT,2025-04-15 14:46:00,386.3000,386.0750
MSFT,2025-04-15 14:47:00,386.0850,385.9200
MSFT,2025-04-15 14:48:00,386.0000,385.7500
MSFT,2025-04-15 14:49:00,385.7414,385.6534
MSFT,2025-04-15 14:50:00,385.6800,385.7251
MSFT,2025-04-15 14:51:00,385.7050,385.6300
MSFT,2025-04-15 14:52:00,385.6250,385.4000
MSFT,2025-04-15 14:53:00,385.4200,385.6000
MSFT,2025-04-15 14:54:00,385.5744,385.6480
MSFT,2025-04-15 14:55:00,385.6500,385.7000
MSFT,2025-04-15 14:56:00,385.7200,385.7100
MSFT,2025-04-15 14:57:00,385.7200,385.9387
MSFT,2025-04-15 14:58:00,385.8950,385.9700
MSFT,2025-04-15 14:59:00,385.9400,385.7900
MSFT,2025-04-15 15:00:00,385.7754,385.7550
MSFT,2025-04-15 15:01:00,385.7100,385.3650
MSFT,2025-04-15 15:02:00,385.3600,385.3200
MSFT,2025-04-15 15:03:00,385.3150,385.1200
MSFT,2025-04-15 15:04:00,385.1600,385.4206
MSFT,2025-04-15 15:05:00,385.4700,385.4900
MSFT,2025-04-15 15:06:00,385.5100,385.5900
MSFT,2025-04-15 15:07:00,385.5900,385.4000
MSFT,2025-04-15 15:08:00,385.3900,385.3000
MSFT,2025-04-15 15:09:00,385.2950,385.2700
MSFT,2025-04-15 15:10:00,385.2600,385.3270
MSFT,2025-04-15 15:11:00,385.2800,385.0085
MSFT,2025-04-15 15:12:00,384.9850,385.1450
MSFT,2025-04-15 15:13:00,385.1900,385.3600
MSFT,2025-04-15 15:14:00,385.3400,385.4650
MSFT,2025-04-15 15:15:00,385.4600,385.5750
MSFT,2025-04-15 15:16:00,385.5750,385.7000
MSFT,2025-04-15 15:17:00,385.6350,385.6600
MSFT,2025-04-15 15:18:00,385.6650,385.5000
MSFT,2025-04-15 15:19:00,385.5000,385.6062
MSFT,2025-04-15 15:20:00,385.5909,385.5000
MSFT,2025-04-15 15:21:00,385.5100,385.6200
MSFT,2025-04-15 15:22:00,385.6200,385.8200
MSFT,2025-04-15 15:23:00,385.8079,385.2600
MSFT,2025-04-15 15:24:00,385.3275,385.2400
MSFT,2025-04-15 15:25:00,385.1700,385.0100
MSFT,2025-04-15 15:26:00,385.0100,385.0750
MSFT,2025-04-15 15:27:00,385.0650,384.9400
MSFT,2025-04-15 15:28:00,384.8700,385.1100
MSFT,2025-04-15 15:29:00,385.1150,385.4900
MSFT,2025-04-15 15:30:00,385.4816,385.5100
MSFT,2025-04-15 15:31:00,385.4900,385.2900
MSFT,2025-04-15 15:32:00,385.3000,385.6100
MSFT,2025-04-15 15:33:00,385.5741,385.5300
MSFT,2025-04-15 15:34:00,385.5000,385.3800
MSFT,2025-04-15 15:35:00,385.3550,385.6350
MSFT,2025-04-15 15:36:00,385.6350,385.3300
MSFT,2025-04-15 15:37:00,385.2900,385.3800
MSFT,2025-04-15 15:38:00,385.4050,385.0650
MSFT,2025-04-15 15:39:00,385.0250,384.9000
MSFT,2025-04-15 15:40:00,384.9700,384.9600
MSFT,2025-04-15 15:41:00,384.9650,385.0550
MSFT,2025-04-15 15:42:00,385.0550,385.0400
MSFT,2025-04-15 15:43:00,385.0500,384.9400
MSFT,2025-04-15 15:44:00,384.9650,384.9501
MSFT,2025-04-15 15:45:00,384.9300,384.8300
MSFT,2025-04-15 15:46:00,384.8300,384.5400
MSFT,2025-04-15 15:47:00,384.5000,384.5400
MSFT,2025-04-15 15:48:00,384.5400,384.4200
MSFT,2025-04-15 15:49:00,384.4200,384.5500
MSFT,2025-04-15 15:50:00,384.5000,385.4687
MSFT,2025-04-15 15:51:00,385.4450,385.6100
MSFT,2025-04-15 15:52:00,385.5609,385.9000
MSFT,2025-04-15 15:53:00,385.8700,385.7000
MSFT,2025-04-15 15:54:00,385.6700,385.7000
MSFT,2025-04-15 15:55:00,385.6950,385.9700
MSFT,2025-04-15 15:56:00,385.9800,386.1950
MSFT,2025-04-15 15:57:00,386.1900,386.0000
MSFT,2025-04-15 15:58:00,386.0500,385.8900
MSFT,2025-04-15 15:59:00,385.9100,385.6040
MSFT,2025-04-16 09:30:00,380.6700,380.6800
MSFT,2025-04-16 09:31:00,380.5000,379.8400
MSFT,2025-04-16 09:32:00,379.9100,380.5200
MSFT,2025-04-16 09:33:00,380.4200,380.2700
MSFT,2025-04-16 09:34:00,380.4100,380.1600
MSFT,2025-04-16 09:35:00,380.0950,379.7450
MSFT,2025-04-16 09:36:00,379.8050,379.9200
MSFT,2025-04-16 09:37:00,379.9650,380.3650
MSFT,2025-04-16 09:38:00,380.3800,379.8200
MSFT,2025-04-16 09:39:00,379.7500,379.7701
MSFT,2025-04-16 09:40:00,379.8700,378.7500
MSFT,2025-04-16 09:41:00,378.7800,379.1000
MSFT,2025-04-16 09:42:00,379.0950,379.5750
MSFT,2025-04-16 09:43:00,379.5700,379.1350
MSFT,2025-04-16 09:44:00,379.1800,378.1400
MSFT,2025-04-16 09:45:00,378.1250,377.6100
MSFT,2025-04-16 09:46:00,377.5370,377.4016
MSFT,2025-04-16 09:47:00,377.3943,377.1900
MSFT,2025-04-16 09:48:00,377.1900,377.5400
MSFT,2025-04-16 09:49:00,377.5400,377.0150
MSFT,2025-04-16 09:50:00,377.0900,377.2400
MSFT,2025-04-16 09:51:00,377.2799,376.7400
MSFT,2025-04-16 09:52:00,376.7400,376.5450
MSFT,2025-04-16 09:53:00,376.5000,376.4800
MSFT,2025-04-16 09:54:00,376.5100,376.2287
MSFT,2025-04-16 09:55:00,376.1700,376.3500
MSFT,2025-04-16 09:56:00,376.3500,376.5500
MSFT,2025-04-16 09:57:00,376.6200,376.6200
MSFT,2025-04-16 09:58:00,376.6750,376.5000
MSFT,2025-04-16 09:59:00,376.4500,376.1600
MSFT,2025-04-16 10:00:00,376.2000,375.9700
MSFT,2025-04-16 10:01:00,375.9500,376.4500
MSFT,2025-04-16 10:02:00,376.5200,376.5300
MSFT,2025-04-16 10:03:00,376.5250,376.6373
MSFT,2025-04-16 10:04:00,376.6550,376.6950
MSFT,2025-04-16 10:05:00,376.7268,377.3549
MSFT,2025-04-16 10:06:00,377.3300,377.2900
MSFT,2025-04-16 10:07:00,377.2750,377.6100
MSFT,2025-04-16 10:08:00,377.6400,377.6250
MSFT,2025-04-16 10:09:00,377.6750,377.8700
MSFT,2025-04-16 10:10:00,377.7900,378.0376
MSFT,2025-04-16 10:11:00,377.9600,377.7200
MSFT,2025-04-16 10:12:00,377.8000,377.7100
MSFT,2025-04-16 10:13:00,377.7200,377.2924
MSFT,2025-04-16 10:14:00,377.3800,377.1900
MSFT,2025-04-16 10:15:00,377.2488,377.6340
MSFT,2025-04-16 10:16:00,377.6340,377.7550
MSFT,2025-04-16 10:17:00,377.7750,377.8130
MSFT,2025-04-16 10:18:00,377.7850,377.7200
MSFT,2025-04-16 10:19:00,377.6850,377.5900
MSFT,2025-04-16 10:20:00,377.6400,378.1600
MSFT,2025-04-16 10:21:00,378.1200,378.2703
MSFT,2025-04-16 10:22:00,378.2500,378.0900
MSFT,2025-04-16 10:23:00,377.9771,378.0000
MSFT,2025-04-16 10:24:00,377.9600,378.4700
MSFT,2025-04-16 10:25:00,378.4800,378.7500
MSFT,2025-04-16 10:26:00,378.7100,378.3700
MSFT,2025-04-16 10:27:00,378.3700,378.2150
MSFT,2025-04-16 10:28:00,378.2700,378.5700
MSFT,2025-04-16 10:29:00,378.5850,378.6350
MSFT,2025-04-16 10:30:00,378.6300,378.5700
MSFT,2025-04-16 10:31:00,378.5775,378.2500
MSFT,2025-04-16 10:32:00,378.3100,378.2700
MSFT,2025-04-16 10:33:00,378.2500,378.2200
MSFT,2025-04-16 10:34:00,378.2000,378.5250
MSFT,2025-04-16 10:35:00,378.5250,378.3200
MSFT,2025-04-16 10:36:00,378.2694,377.9400
MSFT,2025-04-16 10:37:00,377.8239,378.0450
MSFT,2025-04-16 10:38:00,378.0700,377.9300
MSFT,2025-04-16 10:39:00,377.9000,378.1600
MSFT,2025-04-16 10:40:00,378.1800,378.1500
MSFT,2025-04-16 10:41:00,378.1500,378.2899
MSFT,2025-04-16 10:42:00,378.2550,378.4850
MSFT,2025-04-16 10:43:00,378.5100,379.0500
MSFT,2025-04-16 10:44:00,379.0200,378.9600
MSFT,2025-04-16 10:45:00,378.9100,378.8500
MSFT,2025-04-16 10:46:00,378.8100,378.8500
MSFT,2025-04-16 10:47:00,378.8800,379.2600
MSFT,2025-04-16 10:48:00,379.2600,379.0550
MSFT,2025-04-16 10:49:00,379.0500,378.8827
MSFT,2025-04-16 10:50:00,378.8000,378.9430
MSFT,2025-04-16 10:51:00,379.0500,379.0000
MSFT,2025-04-16 10:52:00,378.9725,379.0600
MSFT,2025-04-16 10:53:00,379.0700,378.8900
MSFT,2025-04-16 10:54:00,378.9000,378.7100
MSFT,2025-04-16 10:55:00,378.7300,378.6300
MSFT,2025-04-16 10:56:00,378.6010,378.3400
MSFT,2025-04-16 10:57:00,378.3450,378.4800
MSFT,2025-04-16 10:58:00,378.4900,378.3100
MSFT,2025-04-16 10:59:00,378.3150,378.3900
MSFT,2025-04-16 11:00:00,378.4350,378.7700
MSFT,2025-04-16 11:01:00,378.7350,378.6950
MSFT,2025-04-16 11:02:00,378.6700,378.2300
MSFT,2025-04-16 11:03:00,378.2200,378.2300
MSFT,2025-04-16 11:04:00,378.2800,378.0200
MSFT,2025-04-16 11:05:00,378.0000,378.2000
MSFT,2025-04-16 11:06:00,378.1750,378.1000
MSFT,2025-04-16 11:07:00,378.1300,378.1300
MSFT,2025-04-16 11:08:00,378.1900,378.3822
MSFT,2025-04-16 11:09:00,378.4150,378.6900
MSFT,2025-04-16 11:10:00,378.7250,378.6000
MSFT,2025-04-16 11:11:00,378.6000,378.8285
MSFT,2025-04-16 11:12:00,378.8500,379.0800
MSFT,2025-04-16 11:13:00,379.0200,378.9700
MSFT,2025-04-16 11:14:00,378.9300,378.9300
MSFT,2025-04-16 11:15:00,378.9600,378.5000
MSFT,2025-04-16 11:16:00,378.4800,378.5300
MSFT,2025-04-16 11:17:00,378.5250,378.5600
MSFT,2025-04-16 11:18:00,378.5300,378.6401
MSFT,2025-04-16 11:19:00,378.6700,378.4400
MSFT,2025-04-16 11:20:00,378.4200,378.4800
MSFT,2025-04-16 11:21:00,378.3900,378.4400
MSFT,2025-04-16 11:22:00,378.4300,379.0800
MSFT,2025-04-16 11:23:00,379.0526,379.1050
MSFT,2025-04-16 11:24:00,379.1050,379.7000
MSFT,2025-04-16 11:25:00,379.6500,379.7000
MSFT,2025-04-16 11:26:00,379.7800,379.4800
MSFT,2025-04-16 11:27:00,379.4650,379.5900
MSFT,2025-04-16 11:28:00,379.5300,379.5881
MSFT,2025-04-16 11:29:00,379.5999,379.6300
MSFT,2025-04-16 11:30:00,379.6900,379.2400
MSFT,2025-04-16 11:31:00,379.1944,379.1200
MSFT,2025-04-16 11:32:00,379.1300,379.2200
MSFT,2025-04-16 11:33:00,379.2000,379.3279
MSFT,2025-04-16 11:34:00,379.2700,379.2900
MSFT,2025-04-16 11:35:00,379.2700,379.0800
MSFT,2025-04-16 11:36:00,379.0800,378.8950
MSFT,2025-04-16 11:37:00,378.8300,378.7500
MSFT,2025-04-16 11:38:00,378.7700,378.5650
MSFT,2025-04-16 11:39:00,378.5900,378.5950
MSFT,2025-04-16 11:40:00,378.5500,378.4150
MSFT,2025-04-16 11:41:00,378.4300,378.3600
MSFT,2025-04-16 11:42:00,378.3700,378.2600
MSFT,2025-04-16 11:43:00,378.2750,378.4450
MSFT,2025-04-16 11:44:00,378.3500,378.1850
MSFT,2025-04-16 11:45:00,378.2100,377.9800
MSFT,2025-04-16 11:46:00,377.9707,377.8800
MSFT,2025-04-16 11:47:00,377.8800,377.5250
MSFT,2025-04-16 11:48:00,377.5000,377.3600
MSFT,2025-04-16 11:49:00,377.3900,377.2467
MSFT,2025-04-16 11:50:00,377.2650,377.2700
MSFT,2025-04-16 11:51:00,377.2700,377.4000
MSFT,2025-04-16 11:52:00,377.4500,377.2600
MSFT,2025-04-16 11:53:00,377.2600,377.2450
MSFT,2025-04-16 11:54:00,377.1400,377.0400
MSFT,2025-04-16 11:55:00,377.0900,377.1500
MSFT,2025-04-16 11:56:00,377.1100,376.9300
MSFT,2025-04-16 11:57:00,376.9500,377.1200
MSFT,2025-04-16 11:58:00,377.1800,376.9200
MSFT,2025-04-16 11:59:00,376.9000,376.7400
MSFT,2025-04-16 12:00:00,376.7400,376.8550
MSFT,2025-04-16 12:01:00,376.8498,376.7600
MSFT,2025-04-16 12:02:00,376.8550,376.9142
MSFT,2025-04-16 12:03:00,376.9850,377.0601
MSFT,2025-04-16 12:04:00,377.1854,377.1800
MSFT,2025-04-16 12:05:00,377.1400,376.9600
MSFT,2025-04-16 12:06:00,376.8900,376.6700
MSFT,2025-04-16 12:07:00,376.6700,376.8200
MSFT,2025-04-16 12:08:00,376.7996,377.0000
MSFT,2025-04-16 12:09:00,376.9800,377.2450
MSFT,2025-04-16 12:10:00,377.2550,377.3900
MSFT,2025-04-16 12:11:00,377.4300,377.4500
MSFT,2025-04-16 12:12:00,377.4900,377.3515
MSFT,2025-04-16 12:13:00,377.3050,377.3500
MSFT,2025-04-16 12:14:00,377.3250,377.5600
MSFT,2025-04-16 12:15:00,377.5600,377.7450
MSFT,2025-04-16 12:16:00,377.7350,377.5050
MSFT,2025-04-16 12:17:00,377.5075,377.3650
MSFT,2025-04-16 12:18:00,377.3800,377.3700
MSFT,2025-04-16 12:19:00,377.3450,377.4600
MSFT,2025-04-16 12:20:00,377.4300,377.3500
MSFT,2025-04-16 12:21:00,377.3300,377.1050
MSFT,2025-04-16 12:22:00,377.1500,377.0600
MSFT,2025-04-16 12:23:00,377.0700,377.0600
MSFT,2025-04-16 12:24:00,377.0696,377.2692
MSFT,2025-04-16 12:25:00,377.2400,377.4100
MSFT,2025-04-16 12:26:00,377.4100,377.5700
MSFT,2025-04-16 12:27:00,377.6000,377.3460
MSFT,2025-04-16 12:28:00,377.3400,377.3200
MSFT,2025-04-16 12:29:00,377.2701,377.3550
MSFT,2025-04-16 12:30:00,377.3000,377.2800
MSFT,2025-04-16 12:31:00,377.2000,377.6200
MSFT,2025-04-16 12:32:00,377.5900,377.4157
MSFT,2025-04-16 12:33:00,377.4350,377.4400
MSFT,2025-04-16 12:34:00,377.4300,377.7300
MSFT,2025-04-16 12:35:00,377.7050,377.3350
MSFT,2025-04-16 12:36:00,377.2100,377.2050
MSFT,2025-04-16 12:37:00,377.1700,377.0269
MSFT,2025-04-16 12:38:00,377.0260,376.9800
MSFT,2025-04-16 12:39:00,376.9700,377.0000
MSFT,2025-04-16 12:40:00,376.9850,376.9400
MSFT,2025-04-16 12:41:00,376.9250,377.3800
MSFT,2025-04-16 12:42:00,377.3700,377.4868
MSFT,2025-04-16 12:43:00,377.5316,377.5412
MSFT,2025-04-16 12:44:00,377.6000,377.6600
MSFT,2025-04-16 12:45:00,377.6950,377.4850
MSFT,2025-04-16 12:46:00,377.4400,377.3600
MSFT,2025-04-16 12:47:00,377.3650,377.3850
MSFT,2025-04-16 12:48:00,377.3850,377.3200
MSFT,2025-04-16 12:49:00,377.3200,377.3600
MSFT,2025-04-16 12:50:00,377.3600,377.2400
MSFT,2025-04-16 12:51:00,377.2850,377.6250
MSFT,2025-04-16 12:52:00,377.5800,377.3555
MSFT,2025-04-16 12:53:00,377.3963,377.5500
MSFT,2025-04-16 12:54:00,377.5400,377.5000
MSFT,2025-04-16 12:55:00,377.5050,377.6850
MSFT,2025-04-16 12:56:00,377.6200,377.5100
MSFT,2025-04-16 12:57:00,377.4550,377.2300
MSFT,2025-04-16 12:58:00,377.2950,377.3661
MSFT,2025-04-16 12:59:00,377.2700,377.2950
MSFT,2025-04-16 13:00:00,377.2400,377.4700
MSFT,2025-04-16 13:01:00,377.5800,377.6000
MSFT,2025-04-16 13:02:00,377.5200,377.3300
MSFT,2025-04-16 13:03:00,377.2800,377.3500
MSFT,2025-04-16 13:04:00,377.3500,377.0050
MSFT,2025-04-16 13:05:00,376.9400,376.9900
MSFT,2025-04-16 13:06:00,376.8800,377.1300
MSFT,2025-04-16 13:07:00,377.1500,376.9300
MSFT,2025-04-16 13:08:00,376.9800,376.7650
MSFT,2025-04-16 13:09:00,376.7100,376.6100
MSFT,2025-04-16 13:10:00,376.6150,376.5000
MSFT,2025-04-16 13:11:00,376.4600,376.4650
MSFT,2025-04-16 13:12:00,376.4100,376.4400
MSFT,2025-04-16 13:13:00,376.4050,376.5400
MSFT,2025-04-16 13:14:00,376.4902,376.4952
MSFT,2025-04-16 13:15:00,376.5000,376.7350
MSFT,2025-04-16 13:16:00,376.7600,376.8950
MSFT,2025-04-16 13:17:00,376.8950,376.9400
MSFT,2025-04-16 13:18:00,376.9400,377.0600
MSFT,2025-04-16 13:19:00,377.0700,377.1400
MSFT,2025-04-16 13:20:00,377.1400,377.1750
MSFT,2025-04-16 13:21:00,377.1312,377.4150
MSFT,2025-04-16 13:22:00,377.3400,377.5000
MSFT,2025-04-16 13:23:00,377.4800,376.6850
MSFT,2025-04-16 13:24:00,376.6000,376.6900
MSFT,2025-04-16 13:25:00,376.7200,376.8400
MSFT,2025-04-16 13:26:00,376.7701,377.0700
MSFT,2025-04-16 13:27:00,377.0196,377.0250
MSFT,2025-04-16 13:28:00,377.0800,377.3800
MSFT,2025-04-16 13:29:00,377.3500,377.4900
MSFT,2025-04-16 13:30:00,377.5100,376.7000
MSFT,2025-04-16 13:31:00,376.6400,375.4150
MSFT,2025-04-16 13:32:00,375.3900,375.6700
MSFT,2025-04-16 13:33:00,375.5200,375.2800
MSFT,2025-04-16 13:34:00,375.2800,374.9950
MSFT,2025-04-16 13:35:00,375.0300,375.3200
MSFT,2025-04-16 13:36:00,375.3043,375.1600
MSFT,2025-04-16 13:37:00,375.1800,375.4600
MSFT,2025-04-16 13:38:00,375.4750,375.3000
MSFT,2025-04-16 13:39:00,375.2000,374.8600
MSFT,2025-04-16 13:40:00,374.8250,374.2700
MSFT,2025-04-16 13:41:00,374.1400,374.0800
MSFT,2025-04-16 13:42:00,374.1465,374.5550
MSFT,2025-04-16 13:43:00,374.5000,374.2500
MSFT,2025-04-16 13:44:00,374.2000,374.3000
MSFT,2025-04-16 13:45:00,374.2500,373.7650
MSFT,2025-04-16 13:46:00,373.7800,373.8050
MSFT,2025-04-16 13:47:00,373.8600,373.3617
MSFT,2025-04-16 13:48:00,373.3600,373.4600
MSFT,2025-04-16 13:49:00,373.4300,373.4325
MSFT,2025-04-16 13:50:00,373.3300,373.0800
MSFT,2025-04-16 13:51:00,373.1300,373.4350
MSFT,2025-04-16 13:52:00,373.4350,373.7600
MSFT,2025-04-16 13:53:00,373.7750,373.6600
MSFT,2025-04-16 13:54:00,373.6750,373.4450
MSFT,2025-04-16 13:55:00,373.4550,373.1212
MSFT,2025-04-16 13:56:00,373.1200,372.9800
MSFT,2025-04-16 13:57:00,372.9750,372.4150
MSFT,2025-04-16 13:58:00,372.4000,372.5550
MSFT,2025-04-16 13:59:00,372.5550,372.2800
MSFT,2025-04-16 14:00:00,372.2300,373.1200
MSFT,2025-04-16 14:01:00,373.1450,372.7000
MSFT,2025-04-16 14:02:00,372.5600,373.1700
MSFT,2025-04-16 14:03:00,373.0950,373.3900
MSFT,2025-04-16 14:04:00,373.3750,373.3500
MSFT,2025-04-16 14:05:00,373.4300,373.5450
MSFT,2025-04-16 14:06:00,373.6000,373.4600
MSFT,2025-04-16 14:07:00,373.4950,372.8700
MSFT,2025-04-16 14:08:00,372.8500,372.6500
MSFT,2025-04-16 14:09:00,372.6500,372.9200
MSFT,2025-04-16 14:10:00,372.9200,373.0800
MSFT,2025-04-16 14:11:00,373.0950,373.2546
MSFT,2025-04-16 14:12:00,373.1850,373.2200
MSFT,2025-04-16 14:13:00,373.1100,372.9250
MSFT,2025-04-16 14:14:00,372.8818,373.3825
MSFT,2025-04-16 14:15:00,373.4500,373.1450
MSFT,2025-04-16 14:16:00,373.1450,372.9144
MSFT,2025-04-16 14:17:00,372.9000,372.6150
MSFT,2025-04-16 14:18:00,372.6550,372.5900
MSFT,2025-04-16 14:19:00,372.5600,372.7650
MSFT,2025-04-16 14:20:00,372.7500,372.6300
MSFT,2025-04-16 14:21:00,372.6350,372.8600
MSFT,2025-04-16 14:22:00,372.8000,373.0135
MSFT,2025-04-16 14:23:00,373.0468,373.4000
MSFT,2025-04-16 14:24:00,373.4900,373.5000
MSFT,2025-04-16 14:25:00,373.4833,373.3300
MSFT,2025-04-16 14:26:00,373.3300,373.5600
MSFT,2025-04-16 14:27:00,373.6200,373.5500
MSFT,2025-04-16 14:28:00,373.5750,373.2350
MSFT,2025-04-16 14:29:00,373.2350,373.1300
MSFT,2025-04-16 14:30:00,373.1100,372.8600
MSFT,2025-04-16 14:31:00,372.9200,372.6900
MSFT,2025-04-16 14:32:00,372.6900,372.6200
MSFT,2025-04-16 14:33:00,372.7150,372.6100
MSFT,2025-04-16 14:34:00,372.6600,372.5850
MSFT,2025-04-16 14:35:00,372.6700,372.3321
MSFT,2025-04-16 14:36:00,372.3850,372.6300
MSFT,2025-04-16 14:37:00,372.5800,372.2500
MSFT,2025-04-16 14:38:00,372.2100,372.0100
MSFT,2025-04-16 14:39:00,372.0400,371.9250
MSFT,2025-04-16 14:40:00,372.0700,371.8400
MSFT,2025-04-16 14:41:00,371.8300,371.8011
MSFT,2025-04-16 14:42:00,371.8300,372.1200
MSFT,2025-04-16 14:43:00,372.1999,371.8500
MSFT,2025-04-16 14:44:00,371.8400,372.0500
MSFT,2025-04-16 14:45:00,372.0000,371.9900
MSFT,2025-04-16 14:46:00,371.9700,372.0100
MSFT,2025-04-16 14:47:00,372.0050,372.0950
MSFT,2025-04-16 14:48:00,372.1300,372.1050
MSFT,2025-04-16 14:49:00,372.1050,371.9150
MSFT,2025-04-16 14:50:00,371.9400,371.4050
MSFT,2025-04-16 14:51:00,371.4050,371.5100
MSFT,2025-04-16 14:52:00,371.5200,371.3025
MSFT,2025-04-16 14:53:00,371.3800,370.9604
MSFT,2025-04-16 14:54:00,370.9500,370.8850
MSFT,2025-04-16 14:55:00,370.8550,371.0350
MSFT,2025-04-16 14:56:00,371.0275,371.0500
MSFT,2025-04-16 14:57:00,371.0530,370.7600
MSFT,2025-04-16 14:58:00,370.7600,370.5200
MSFT,2025-04-16 14:59:00,370.5200,370.5700
MSFT,2025-04-16 15:00:00,370.5700,370.5100
MSFT,2025-04-16 15:01:00,370.5300,370.3600
MSFT,2025-04-16 15:02:00,370.3600,370.2800
MSFT,2025-04-16 15:03:00,370.1700,370.0600
MSFT,2025-04-16 15:04:00,369.9700,369.7638
MSFT,2025-04-16 15:05:00,369.8600,370.0400
MSFT,2025-04-16 15:06:00,369.9650,369.5400
MSFT,2025-04-16 15:07:00,369.5300,369.7300
MSFT,2025-04-16 15:08:00,369.6900,369.5229
MSFT,2025-04-16 15:09:00,369.4800,369.3200
MSFT,2025-04-16 15:10:00,369.3600,368.9500
MSFT,2025-04-16 15:11:00,368.9100,368.9500
MSFT,2025-04-16 15:12:00,368.8401,369.7600
MSFT,2025-04-16 15:13:00,369.7600,370.1150
MSFT,2025-04-16 15:14:00,370.0800,370.0950
MSFT,2025-04-16 15:15:00,370.0900,370.4151
MSFT,2025-04-16 15:16:00,370.3650,369.9600
MSFT,2025-04-16 15:17:00,370.0100,369.9500
MSFT,2025-04-16 15:18:00,369.9300,369.8800
MSFT,2025-04-16 15:19:00,369.8800,369.6250
MSFT,2025-04-16 15:20:00,369.6100,369.5550
MSFT,2025-04-16 15:21:00,369.6100,369.4400
MSFT,2025-04-16 15:22:00,369.4500,369.0700
MSFT,2025-04-16 15:23:00,369.0700,368.7900
MSFT,2025-04-16 15:24:00,368.8197,368.7500
MSFT,2025-04-16 15:25:00,368.7700,368.3950
MSFT,2025-04-16 15:26:00,368.4300,368.4777
MSFT,2025-04-16 15:27:00,368.4900,368.5850
MSFT,2025-04-16 15:28:00,368.6000,368.5000
MSFT,2025-04-16 15:29:00,368.5400,368.6400
MSFT,2025-04-16 15:30:00,368.6500,369.1700
MSFT,2025-04-16 15:31:00,369.1600,368.7500
MSFT,2025-04-16 15:32:00,368.7500,369.4200
MSFT,2025-04-16 15:33:00,369.4200,369.1650
MSFT,2025-04-16 15:34:00,369.1700,369.4200
MSFT,2025-04-16 15:35:00,369.3400,369.2000
MSFT,2025-04-16 15:36:00,369.2050,368.8312
MSFT,2025-04-16 15:37:00,368.8200,368.6500
MSFT,2025-04-16 15:38:00,368.7634,368.7450
MSFT,2025-04-16 15:39:00,368.6900,369.0750
MSFT,2025-04-16 15:40:00,369.0450,369.4100
MSFT,2025-04-16 15:41:00,369.4400,369.4500
MSFT,2025-04-16 15:42:00,369.4300,369.5100
MSFT,2025-04-16 15:43:00,369.5200,369.6600
MSFT,2025-04-16 15:44:00,369.6600,369.4550
MSFT,2025-04-16 15:45:00,369.4200,369.8000
MSFT,2025-04-16 15:46:00,369.8100,369.5000
MSFT,2025-04-16 15:47:00,369.5000,369.1900
MSFT,2025-04-16 15:48:00,369.1800,368.9900
MSFT,2025-04-16 15:49:00,369.0200,369.1200
MSFT,2025-04-16 15:50:00,369.1800,370.8700
MSFT,2025-04-16 15:51:00,370.9200,371.2600
MSFT,2025-04-16 15:52:00,371.2700,371.4999
MSFT,2025-04-16 15:53:00,371.4800,371.2575
MSFT,2025-04-16 15:54:00,371.2900,371.8200
MSFT,2025-04-16 15:55:00,371.9300,372.1550
MSFT,2025-04-16 15:56:00,372.1100,371.5000
MSFT,2025-04-16 15:57:00,371.4100,371.3500
MSFT,2025-04-16 15:58:00,371.3800,371.5500
MSFT,2025-04-16 15:59:00,371.5400,371.6100
MSFT,2025-04-17 09:30:00,373.7450,373.8800
MSFT,2025-04-17 09:31:00,373.8650,373.3192
MSFT,2025-04-17 09:32:00,373.2700,372.8900
MSFT,2025-04-17 09:33:00,372.8900,372.8400
MSFT,2025-04-17 09:34:00,372.9700,372.2763
MSFT,2025-04-17 09:35:00,372.3000,372.7000
MSFT,2025-04-17 09:36:00,372.6100,372.5150
MSFT,2025-04-17 09:37:00,372.4300,372.0231
MSFT,2025-04-17 09:38:00,372.1111,371.5800
MSFT,2025-04-17 09:39:00,371.6450,371.7300
MSFT,2025-04-17 09:40:00,371.8216,371.5950
MSFT,2025-04-17 09:41:00,371.5900,372.5500
MSFT,2025-04-17 09:42:00,372.5500,372.3000
MSFT,2025-04-17 09:43:00,372.3400,371.9000
MSFT,2025-04-17 09:44:00,371.9400,371.6250
MSFT,2025-04-17 09:45:00,371.6450,371.6500
MSFT,2025-04-17 09:46:00,371.6500,371.0000
MSFT,2025-04-17 09:47:00,371.0555,371.1100
MSFT,2025-04-17 09:48:00,371.1400,371.3600
MSFT,2025-04-17 09:49:00,371.3300,371.8650
MSFT,2025-04-17 09:50:00,371.9458,372.6100
MSFT,2025-04-17 09:51:00,372.5550,372.4900
MSFT,2025-04-17 09:52:00,372.5000,372.9400
MSFT,2025-04-17 09:53:00,372.9100,372.7200
MSFT,2025-04-17 09:54:00,372.7600,372.7250
MSFT,2025-04-17 09:55:00,372.7250,372.7426
MSFT,2025-04-17 09:56:00,372.6750,372.2800
MSFT,2025-04-17 09:57:00,372.2700,371.9400
MSFT,2025-04-17 09:58:00,371.9400,372.0000
MSFT,2025-04-17 09:59:00,372.0000,372.3700
MSFT,2025-04-17 10:00:00,372.3700,372.0375
MSFT,2025-04-17 10:01:00,371.9400,372.0450
MSFT,2025-04-17 10:02:00,372.1200,371.6050
MSFT,2025-04-17 10:03:00,371.6050,371.1250
MSFT,2025-04-17 10:04:00,371.0600,371.2350
MSFT,2025-04-17 10:05:00,371.2350,371.3350
MSFT,2025-04-17 10:06:00,371.3350,370.7125
MSFT,2025-04-17 10:07:00,370.6900,370.0100
MSFT,2025-04-17 10:08:00,370.0600,370.1750
MSFT,2025-04-17 10:09:00,370.0800,370.4350
MSFT,2025-04-17 10:10:00,370.5250,370.6152
MSFT,2025-04-17 10:11:00,370.5400,370.7550
MSFT,2025-04-17 10:12:00,370.7100,371.3165
MSFT,2025-04-17 10:13:00,371.2000,370.7350
MSFT,2025-04-17 10:14:00,370.7700,370.6100
MSFT,2025-04-17 10:15:00,370.6900,370.8350
MSFT,2025-04-17 10:16:00,370.8600,370.7600
MSFT,2025-04-17 10:17:00,370.7050,370.7000
MSFT,2025-04-17 10:18:00,370.7000,370.6210
MSFT,2025-04-17 10:19:00,370.6400,370.6650
MSFT,2025-04-17 10:20:00,370.6100,370.7586
MSFT,2025-04-17 10:21:00,370.7642,370.7035
MSFT,2025-04-17 10:22:00,370.7150,370.9600
MSFT,2025-04-17 10:23:00,370.9750,370.6450
MSFT,2025-04-17 10:24:00,370.6567,370.1750
MSFT,2025-04-17 10:25:00,370.1650,370.3000
MSFT,2025-04-17 10:26:00,370.2400,370.2900
MSFT,2025-04-17 10:27:00,370.2900,370.0600
MSFT,2025-04-17 10:28:00,370.0600,370.2100
MSFT,2025-04-17 10:29:00,370.2700,370.3150
MSFT,2025-04-17 10:30:00,370.3400,369.8100
MSFT,2025-04-17 10:31:00,369.8350,369.9200
MSFT,2025-04-17 10:32:00,370.0500,369.6100
MSFT,2025-04-17 10:33:00,369.6100,369.8650
MSFT,2025-04-17 10:34:00,369.9400,369.5150
MSFT,2025-04-17 10:35:00,369.4600,369.2700
MSFT,2025-04-17 10:36:00,369.3500,369.1300
MSFT,2025-04-17 10:37:00,369.2050,369.0900
MSFT,2025-04-17 10:38:00,369.0400,368.7950
MSFT,2025-04-17 10:39:00,368.7300,368.8000
MSFT,2025-04-17 10:40:00,368.8800,369.3500
MSFT,2025-04-17 10:41:00,369.2500,369.5600
MSFT,2025-04-17 10:42:00,369.5700,369.6100
MSFT,2025-04-17 10:43:00,369.7000,369.6200
MSFT,2025-04-17 10:44:00,369.6750,369.8113
MSFT,2025-04-17 10:45:00,369.9036,369.8800
MSFT,2025-04-17 10:46:00,369.9300,370.0000
MSFT,2025-04-17 10:47:00,370.0800,370.0000
MSFT,2025-04-17 10:48:00,370.0400,370.1400
MSFT,2025-04-17 10:49:00,370.1200,370.2300
MSFT,2025-04-17 10:50:00,370.1800,370.1250
MSFT,2025-04-17 10:51:00,370.0900,370.0800
MSFT,2025-04-17 10:52:00,370.1000,369.8600
MSFT,2025-04-17 10:53:00,369.8141,369.9700
MSFT,2025-04-17 10:54:00,369.9800,370.0400
MSFT,2025-04-17 10:55:00,370.0550,370.0600
MSFT,2025-04-17 10:56:00,369.9800,369.9600
MSFT,2025-04-17 10:57:00,369.9950,370.1350
MSFT,2025-04-17 10:58:00,370.0700,369.9100
MSFT,2025-04-17 10:59:00,369.9000,369.7544
MSFT,2025-04-17 11:00:00,369.7100,369.9300
MSFT,2025-04-17 11:01:00,369.8900,369.3900
MSFT,2025-04-17 11:02:00,369.4100,369.5500
MSFT,2025-04-17 11:03:00,369.5500,369.5000
MSFT,2025-04-17 11:04:00,369.5050,369.4100
MSFT,2025-04-17 11:05:00,369.5000,369.9200
MSFT,2025-04-17 11:06:00,369.9250,371.2100
MSFT,2025-04-17 11:07:00,371.2200,371.1700
MSFT,2025-04-17 11:08:00,371.2200,371.4900
MSFT,2025-04-17 11:09:00,371.4800,371.2900
MSFT,2025-04-17 11:10:00,371.2300,371.5768
MSFT,2025-04-17 11:11:00,371.7100,371.5900
MSFT,2025-04-17 11:12:00,371.6400,371.6400
MSFT,2025-04-17 11:13:00,371.6300,371.6400
MSFT,2025-04-17 11:14:00,371.6400,371.8950
MSFT,2025-04-17 11:15:00,371.9400,371.5400
MSFT,2025-04-17 11:16:00,371.5400,371.3800
MSFT,2025-04-17 11:17:00,371.3400,371.9790
MSFT,2025-04-17 11:18:00,371.9301,372.2501
MSFT,2025-04-17 11:19:00,372.2600,372.0800
MSFT,2025-04-17 11:20:00,372.1500,371.7800
MSFT,2025-04-17 11:21:00,371.8000,371.5050
MSFT,2025-04-17 11:22:00,371.5300,371.4300
MSFT,2025-04-17 11:23:00,371.3900,371.2850
MSFT,2025-04-17 11:24:00,371.2850,371.4350
MSFT,2025-04-17 11:25:00,371.4350,371.1500
MSFT,2025-04-17 11:26:00,371.2764,370.9573
MSFT,2025-04-17 11:27:00,371.0300,370.6600
MSFT,2025-04-17 11:28:00,370.6950,370.6200
MSFT,2025-04-17 11:29:00,370.5648,370.3950
MSFT,2025-04-17 11:30:00,370.4500,370.6400
MSFT,2025-04-17 11:31:00,370.6736,371.0400
MSFT,2025-04-17 11:32:00,371.1000,371.2550
MSFT,2025-04-17 11:33:00,371.2999,371.3750
MSFT,2025-04-17 11:34:00,371.3300,371.2400
MSFT,2025-04-17 11:35:00,371.2950,370.8250
MSFT,2025-04-17 11:36:00,370.7600,370.9615
MSFT,2025-04-17 11:37:00,370.9100,371.8050
MSFT,2025-04-17 11:38:00,371.8050,371.2000
MSFT,2025-04-17 11:39:00,371.2650,371.4750
MSFT,2025-04-17 11:40:00,371.5600,371.5850
MSFT,2025-04-17 11:41:00,371.6500,371.2000
MSFT,2025-04-17 11:42:00,371.1700,371.0100
MSFT,2025-04-17 11:43:00,370.9500,370.8800
MSFT,2025-04-17 11:44:00,370.8700,370.7600
MSFT,2025-04-17 11:45:00,370.8400,370.6400
MSFT,2025-04-17 11:46:00,370.6350,370.8250
MSFT,2025-04-17 11:47:00,370.8250,370.9600
MSFT,2025-04-17 11:48:00,370.9750,370.9700
MSFT,2025-04-17 11:49:00,370.9600,370.5150
MSFT,2025-04-17 11:50:00,370.5350,370.4300
MSFT,2025-04-17 11:51:00,370.4300,371.1450
MSFT,2025-04-17 11:52:00,371.1450,371.0500
MSFT,2025-04-17 11:53:00,370.9750,370.6750
MSFT,2025-04-17 11:54:00,370.6750,370.6500
MSFT,2025-04-17 11:55:00,370.6500,371.0250
MSFT,2025-04-17 11:56:00,371.0300,371.0000
MSFT,2025-04-17 11:57:00,371.0600,370.9408
MSFT,2025-04-17 11:58:00,370.9751,370.8850
MSFT,2025-04-17 11:59:00,370.8850,370.8500
MSFT,2025-04-17 12:00:00,370.8900,371.0100
MSFT,2025-04-17 12:01:00,371.0550,370.9300
MSFT,2025-04-17 12:02:00,371.0200,371.0000
MSFT,2025-04-17 12:03:00,370.9798,371.0125
MSFT,2025-04-17 12:04:00,371.0200,370.6550
MSFT,2025-04-17 12:05:00,370.5901,371.7050
MSFT,2025-04-17 12:06:00,371.7550,371.4300
MSFT,2025-04-17 12:07:00,371.3550,371.7875
MSFT,2025-04-17 12:08:00,371.8800,372.3100
MSFT,2025-04-17 12:09:00,372.2300,372.1300
MSFT,2025-04-17 12:10:00,372.1650,371.8200
MSFT,2025-04-17 12:11:00,371.7000,371.7100
MSFT,2025-04-17 12:12:00,371.6600,370.9900
MSFT,2025-04-17 12:13:00,370.8200,371.1500
MSFT,2025-04-17 12:14:00,371.2800,371.9000
MSFT,2025-04-17 12:15:00,371.8200,371.8800
MSFT,2025-04-17 12:16:00,371.8800,372.1150
MSFT,2025-04-17 12:17:00,372.1875,371.6350
MSFT,2025-04-17 12:18:00,371.6350,371.8100
MSFT,2025-04-17 12:19:00,371.8800,372.1500
MSFT,2025-04-17 12:20:00,372.1400,371.7950
MSFT,2025-04-17 12:21:00,371.8000,372.0650
MSFT,2025-04-17 12:22:00,372.1789,371.7741
MSFT,2025-04-17 12:23:00,371.7200,371.7950
MSFT,2025-04-17 12:24:00,371.7950,371.6600
MSFT,2025-04-17 12:25:00,371.6700,371.8150
MSFT,2025-04-17 12:26:00,371.8300,371.9000
MSFT,2025-04-17 12:27:00,371.8650,371.8150
MSFT,2025-04-17 12:28:00,371.8150,372.0000
MSFT,2025-04-17 12:29:00,372.0250,371.8200
MSFT,2025-04-17 12:30:00,371.8750,371.4800
MSFT,2025-04-17 12:31:00,371.5200,371.7000
MSFT,2025-04-17 12:32:00,371.6950,371.5000
MSFT,2025-04-17 12:33:00,371.5200,372.0100
MSFT,2025-04-17 12:34:00,372.0700,371.9140
MSFT,2025-04-17 12:35:00,371.8600,371.9500
MSFT,2025-04-17 12:36:00,371.9499,371.6000
MSFT,2025-04-17 12:37:00,371.5900,371.4500
MSFT,2025-04-17 12:38:00,371.4500,371.3900
MSFT,2025-04-17 12:39:00,371.3750,371.1000
MSFT,2025-04-17 12:40:00,371.0600,371.0900
MSFT,2025-04-17 12:41:00,371.1050,370.9300
MSFT,2025-04-17 12:42:00,370.8768,370.5600
MSFT,2025-04-17 12:43:00,370.6600,370.1800
MSFT,2025-04-17 12:44:00,370.1001,370.0750
MSFT,2025-04-17 12:45:00,370.0500,369.8240
MSFT,2025-04-17 12:46:00,369.8500,370.2100
MSFT,2025-04-17 12:47:00,370.2700,370.2500
MSFT,2025-04-17 12:48:00,370.2800,370.0700
MSFT,2025-04-17 12:49:00,370.0200,370.1500
MSFT,2025-04-17 12:50:00,370.2000,370.4350
MSFT,2025-04-17 12:51:00,370.4250,370.4250
MSFT,2025-04-17 12:52:00,370.3500,370.9600
MSFT,2025-04-17 12:53:00,371.0008,371.3100
MSFT,2025-04-17 12:54:00,371.3505,371.3300
MSFT,2025-04-17 12:55:00,371.3400,371.3950
MSFT,2025-04-17 12:56:00,371.4000,371.5300
MSFT,2025-04-17 12:57:00,371.5586,371.4150
MSFT,2025-04-17 12:58:00,371.4150,371.6200
MSFT,2025-04-17 12:59:00,371.5850,371.4850
MSFT,2025-04-17 13:00:00,371.5150,371.7301
MSFT,2025-04-17 13:01:00,371.7300,371.6900
MSFT,2025-04-17 13:02:00,371.6700,371.6200
MSFT,2025-04-17 13:03:00,371.6600,371.3200
MSFT,2025-04-17 13:04:00,371.2600,371.4450
MSFT,2025-04-17 13:05:00,371.4450,371.2950
MSFT,2025-04-17 13:06:00,371.2950,371.1250
MSFT,2025-04-17 13:07:00,371.1250,371.3850
MSFT,2025-04-17 13:08:00,371.3850,371.5250
MSFT,2025-04-17 13:09:00,371.4700,371.4900
MSFT,2025-04-17 13:10:00,371.5650,371.4300
MSFT,2025-04-17 13:11:00,371.4300,371.1450
MSFT,2025-04-17 13:12:00,371.0802,370.9500
MSFT,2025-04-17 13:13:00,370.9900,371.1000
MSFT,2025-04-17 13:14:00,371.0988,370.8600
MSFT,2025-04-17 13:15:00,370.7800,370.9300
MSFT,2025-04-17 13:16:00,370.9300,370.7000
MSFT,2025-04-17 13:17:00,370.7000,370.5300
MSFT,2025-04-17 13:18:00,370.5850,370.5900
MSFT,2025-04-17 13:19:00,370.5490,370.6800
MSFT,2025-04-17 13:20:00,370.6800,370.6050
MSFT,2025-04-17 13:21:00,370.5600,370.5450
MSFT,2025-04-17 13:22:00,370.6100,370.5400
MSFT,2025-04-17 13:23:00,370.5650,370.4000
MSFT,2025-04-17 13:24:00,370.4500,370.6650
MSFT,2025-04-17 13:25:00,370.6600,370.8784
MSFT,2025-04-17 13:26:00,370.8700,370.5000
MSFT,2025-04-17 13:27:00,370.4950,370.6700
MSFT,2025-04-17 13:28:00,370.6800,370.6950
MSFT,2025-04-17 13:29:00,370.6200,370.3000
MSFT,2025-04-17 13:30:00,370.3400,370.4400
MSFT,2025-04-17 13:31:00,370.4600,370.7850
MSFT,2025-04-17 13:32:00,370.7850,370.7700
MSFT,2025-04-17 13:33:00,370.8475,371.0000
MSFT,2025-04-17 13:34:00,371.0000,371.0200
MSFT,2025-04-17 13:35:00,370.9916,370.8450
MSFT,2025-04-17 13:36:00,370.8900,371.1000
MSFT,2025-04-17 13:37:00,371.0850,371.0400
MSFT,2025-04-17 13:38:00,370.9800,371.0300
MSFT,2025-04-17 13:39:00,371.1080,371.1800
MSFT,2025-04-17 13:40:00,371.1800,371.0200
MSFT,2025-04-17 13:41:00,371.0400,370.8400
MSFT,2025-04-17 13:42:00,370.8400,370.5950
MSFT,2025-04-17 13:43:00,370.6100,370.7250
MSFT,2025-04-17 13:44:00,370.7250,370.9100
MSFT,2025-04-17 13:45:00,370.8350,371.0200
MSFT,2025-04-17 13:46:00,371.0600,371.5250
MSFT,2025-04-17 13:47:00,371.5250,371.8100
MSFT,2025-04-17 13:48:00,371.8800,371.6000
MSFT,2025-04-17 13:49:00,371.6000,371.3600
MSFT,2025-04-17 13:50:00,371.3600,371.5201
MSFT,2025-04-17 13:51:00,371.5850,371.6800
MSFT,2025-04-17 13:52:00,371.6900,371.8228
MSFT,2025-04-17 13:53:00,371.8175,371.6800
MSFT,2025-04-17 13:54:00,371.6600,371.3700
MSFT,2025-04-17 13:55:00,371.3600,371.7500
MSFT,2025-04-17 13:56:00,371.7300,371.3100
MSFT,2025-04-17 13:57:00,371.3100,371.2200
MSFT,2025-04-17 13:58:00,371.2200,371.1950
MSFT,2025-04-17 13:59:00,371.1850,371.0000
MSFT,2025-04-17 14:00:00,370.9900,370.9000
MSFT,2025-04-17 14:01:00,370.9500,371.0800
MSFT,2025-04-17 14:02:00,371.1400,371.0541
MSFT,2025-04-17 14:03:00,371.0100,371.3100
MSFT,2025-04-17 14:04:00,371.2800,371.6400
MSFT,2025-04-17 14:05:00,371.6200,371.6500
MSFT,2025-04-17 14:06:00,371.6400,371.6800
MSFT,2025-04-17 14:07:00,371.4700,371.4200
MSFT,2025-04-17 14:08:00,371.4000,371.7200
MSFT,2025-04-17 14:09:00,371.6200,371.5100
MSFT,2025-04-17 14:10:00,371.5750,371.5000
MSFT,2025-04-17 14:11:00,371.5050,371.3350
MSFT,2025-04-17 14:12:00,371.4100,371.1300
MSFT,2025-04-17 14:13:00,371.1800,370.8200
MSFT,2025-04-17 14:14:00,370.8900,370.8100
MSFT,2025-04-17 14:15:00,370.8000,370.6600
MSFT,2025-04-17 14:16:00,370.6900,370.4900
MSFT,2025-04-17 14:17:00,370.5500,371.0700
MSFT,2025-04-17 14:18:00,371.0200,370.8050
MSFT,2025-04-17 14:19:00,370.7600,371.3400
MSFT,2025-04-17 14:20:00,371.2700,371.3700
MSFT,2025-04-17 14:21:00,371.3700,371.4350
MSFT,2025-04-17 14:22:00,371.3900,371.5250
MSFT,2025-04-17 14:23:00,371.5250,371.5300
MSFT,2025-04-17 14:24:00,371.5000,371.5099
MSFT,2025-04-17 14:25:00,371.4550,371.4150
MSFT,2025-04-17 14:26:00,371.3900,370.8400
MSFT,2025-04-17 14:27:00,370.7700,370.8900
MSFT,2025-04-17 14:28:00,370.9229,370.9000
MSFT,2025-04-17 14:29:00,370.8600,370.5800
MSFT,2025-04-17 14:30:00,370.5800,370.7450
MSFT,2025-04-17 14:31:00,370.6800,371.0700
MSFT,2025-04-17 14:32:00,371.1200,370.9000
MSFT,2025-04-17 14:33:00,370.9000,370.8100
MSFT,2025-04-17 14:34:00,370.8100,370.4200
MSFT,2025-04-17 14:35:00,370.4800,370.7400
MSFT,2025-04-17 14:36:00,370.6300,370.3400
MSFT,2025-04-17 14:37:00,370.3100,370.4450
MSFT,2025-04-17 14:38:00,370.3600,370.6350
MSFT,2025-04-17 14:39:00,370.5950,370.6950
MSFT,2025-04-17 14:40:00,370.7599,370.4100
MSFT,2025-04-17 14:41:00,370.4000,370.6300
MSFT,2025-04-17 14:42:00,370.6500,370.5000
MSFT,2025-04-17 14:43:00,370.4700,370.5250
MSFT,2025-04-17 14:44:00,370.4500,370.9100
MSFT,2025-04-17 14:45:00,370.8600,370.8900
MSFT,2025-04-17 14:46:00,370.8900,370.5700
MSFT,2025-04-17 14:47:00,370.5700,370.2600
MSFT,2025-04-17 14:48:00,370.3050,370.4900
MSFT,2025-04-17 14:49:00,370.4850,370.1100
MSFT,2025-04-17 14:50:00,370.0600,369.6300
MSFT,2025-04-17 14:51:00,369.7200,369.8600
MSFT,2025-04-17 14:52:00,369.9600,370.2700
MSFT,2025-04-17 14:53:00,370.2700,370.2000
MSFT,2025-04-17 14:54:00,370.2800,369.9400
MSFT,2025-04-17 14:55:00,369.9300,369.9450
MSFT,2025-04-17 14:56:00,369.9650,369.8000
MSFT,2025-04-17 14:57:00,369.7700,369.7650
MSFT,2025-04-17 14:58:00,369.7000,369.7700
MSFT,2025-04-17 14:59:00,369.6600,369.3900
MSFT,2025-04-17 15:00:00,369.4375,369.3800
MSFT,2025-04-17 15:01:00,369.3700,369.1800
MSFT,2025-04-17 15:02:00,369.2700,369.3000
MSFT,2025-04-17 15:03:00,369.2800,369.1900
MSFT,2025-04-17 15:04:00,369.2300,369.3314
MSFT,2025-04-17 15:05:00,369.2200,368.8900
MSFT,2025-04-17 15:06:00,368.9600,369.0800
MSFT,2025-04-17 15:07:00,369.0600,369.1400
MSFT,2025-04-17 15:08:00,369.1981,369.0600
MSFT,2025-04-17 15:09:00,369.0800,369.1000
MSFT,2025-04-17 15:10:00,369.1000,369.0600
MSFT,2025-04-17 15:11:00,369.0400,369.0000
MSFT,2025-04-17 15:12:00,369.0000,368.6950
MSFT,2025-04-17 15:13:00,368.6300,368.5800
MSFT,2025-04-17 15:14:00,368.6400,368.3100
MSFT,2025-04-17 15:15:00,368.2700,368.3475
MSFT,2025-04-17 15:16:00,368.3450,368.0800
MSFT,2025-04-17 15:17:00,368.0600,368.2300
MSFT,2025-04-17 15:18:00,368.2300,368.0500
MSFT,2025-04-17 15:19:00,368.0300,368.3800
MSFT,2025-04-17 15:20:00,368.4400,368.1200
MSFT,2025-04-17 15:21:00,368.1000,367.8550
MSFT,2025-04-17 15:22:00,367.8100,367.9600
MSFT,2025-04-17 15:23:00,367.9400,368.4600
MSFT,2025-04-17 15:24:00,368.4650,368.3500
MSFT,2025-04-17 15:25:00,368.3800,368.1650
MSFT,2025-04-17 15:26:00,368.1100,368.4829
MSFT,2025-04-17 15:27:00,368.5000,368.7050
MSFT,2025-04-17 15:28:00,368.7000,368.5800
MSFT,2025-04-17 15:29:00,368.5600,368.4700
MSFT,2025-04-17 15:30:00,368.4700,368.8766
MSFT,2025-04-17 15:31:00,368.8650,368.8100
MSFT,2025-04-17 15:32:00,368.8100,368.5050
MSFT,2025-04-17 15:33:00,368.5050,368.4500
MSFT,2025-04-17 15:34:00,368.4200,368.6100
MSFT,2025-04-17 15:35:00,368.6800,368.4900
MSFT,2025-04-17 15:36:00,368.5600,368.7050
MSFT,2025-04-17 15:37:00,368.6500,368.3700
MSFT,2025-04-17 15:38:00,368.3900,368.7600
MSFT,2025-04-17 15:39:00,368.7500,368.8400
MSFT,2025-04-17 15:40:00,368.8800,368.3900
MSFT,2025-04-17 15:41:00,368.3900,368.4800
MSFT,2025-04-17 15:42:00,368.4600,368.7500
MSFT,2025-04-17 15:43:00,368.8144,368.8350
MSFT,2025-04-17 15:44:00,368.7700,368.7100
MSFT,2025-04-17 15:45:00,368.7650,368.3300
MSFT,2025-04-17 15:46:00,368.3600,368.1700
MSFT,2025-04-17 15:47:00,368.1100,367.9950
MSFT,2025-04-17 15:48:00,367.9800,368.0400
MSFT,2025-04-17 15:49:00,368.0300,367.9400
MSFT,2025-04-17 15:50:00,367.9300,367.4585
MSFT,2025-04-17 15:51:00,367.4700,367.3000
MSFT,2025-04-17 15:52:00,367.3600,367.3750
MSFT,2025-04-17 15:53:00,367.3100,367.1900
MSFT,2025-04-17 15:54:00,367.2200,367.9300
MSFT,2025-04-17 15:55:00,367.9500,367.6000
MSFT,2025-04-17 15:56:00,367.6150,367.5450
MSFT,2025-04-17 15:57:00,367.5600,367.4200
MSFT,2025-04-17 15:58:00,367.4500,367.4100
MSFT,2025-04-17 15:59:00,367.4100,367.6000
MSFT,2025-04-21 09:30:00,362.8150,363.1500
MSFT,2025-04-21 09:31:00,363.1350,363.2950
MSFT,2025-04-21 09:32:00,363.2900,363.5100
MSFT,2025-04-21 09:33:00,363.3700,363.4900
MSFT,2025-04-21 09:34:00,363.5300,364.1900
MSFT,2025-04-21 09:35:00,364.3100,363.3650
MSFT,2025-04-21 09:36:00,363.3250,363.2100
MSFT,2025-04-21 09:37:00,363.2550,363.2100
MSFT,2025-04-21 09:38:00,363.1700,362.6250
MSFT,2025-04-21 09:39:00,362.6700,363.2500
MSFT,2025-04-21 09:40:00,363.2500,363.3100
MSFT,2025-04-21 09:41:00,363.2600,363.5200
MSFT,2025-04-21 09:42:00,363.4550,363.1140
MSFT,2025-04-21 09:43:00,363.0800,363.3400
MSFT,2025-04-21 09:44:00,363.2900,362.9500
MSFT,2025-04-21 09:45:00,362.9450,362.7000
MSFT,2025-04-21 09:46:00,362.6950,362.3600
MSFT,2025-04-21 09:47:00,362.3100,362.2950
MSFT,2025-04-21 09:48:00,362.2950,363.0100
MSFT,2025-04-21 09:49:00,363.1000,362.6850
MSFT,2025-04-21 09:50:00,362.6850,362.8650
MSFT,2025-04-21 09:51:00,362.7900,362.7000
MSFT,2025-04-21 09:52:00,362.6000,362.4700
MSFT,2025-04-21 09:53:00,362.4900,362.1700
MSFT,2025-04-21 09:54:00,362.1900,362.2350
MSFT,2025-04-21 09:55:00,362.2350,362.1200
MSFT,2025-04-21 09:56:00,362.1200,361.9000
MSFT,2025-04-21 09:57:00,361.9000,361.5200
MSFT,2025-04-21 09:58:00,361.5400,361.3100
MSFT,2025-04-21 09:59:00,361.3000,361.0300
MSFT,2025-04-21 10:00:00,361.0100,360.6700
MSFT,2025-04-21 10:01:00,360.6700,360.8950
MSFT,2025-04-21 10:02:00,360.8700,360.7100
MSFT,2025-04-21 10:03:00,360.7050,360.5400
MSFT,2025-04-21 10:04:00,360.5350,360.4750
MSFT,2025-04-21 10:05:00,360.4440,360.6088
MSFT,2025-04-21 10:06:00,360.5300,360.2600
MSFT,2025-04-21 10:07:00,360.3100,360.4000
MSFT,2025-04-21 10:08:00,360.3900,360.2950
MSFT,2025-04-21 10:09:00,360.2900,360.1100
MSFT,2025-04-21 10:10:00,360.1100,360.2400
MSFT,2025-04-21 10:11:00,360.2000,360.4550
MSFT,2025-04-21 10:12:00,360.4200,360.5500
MSFT,2025-04-21 10:13:00,360.5350,360.1600
MSFT,2025-04-21 10:14:00,360.1600,360.1200
MSFT,2025-04-21 10:15:00,360.0900,360.0000
MSFT,2025-04-21 10:16:00,359.9900,359.7900
MSFT,2025-04-21 10:17:00,359.7400,360.0300
MSFT,2025-04-21 10:18:00,359.9836,359.6700
MSFT,2025-04-21 10:19:00,359.6665,360.0000
MSFT,2025-04-21 10:20:00,359.9550,360.0950
MSFT,2025-04-21 10:21:00,360.1300,360.2650
MSFT,2025-04-21 10:22:00,360.2650,360.0300
MSFT,2025-04-21 10:23:00,360.0100,360.0700
MSFT,2025-04-21 10:24:00,360.0460,360.0800
MSFT,2025-04-21 10:25:00,360.0800,360.4000
MSFT,2025-04-21 10:26:00,360.4000,360.4030
MSFT,2025-04-21 10:27:00,360.3400,360.0350
MSFT,2025-04-21 10:28:00,360.0700,360.0700
MSFT,2025-04-21 10:29:00,360.1100,360.2400
MSFT,2025-04-21 10:30:00,360.2200,360.3000
MSFT,2025-04-21 10:31:00,360.3000,359.9850
MSFT,2025-04-21 10:32:00,359.9300,360.0106
MSFT,2025-04-21 10:33:00,359.9500,360.1700
MSFT,2025-04-21 10:34:00,360.1772,360.3200
MSFT,2025-04-21 10:35:00,360.3498,360.5000
MSFT,2025-04-21 10:36:00,360.4850,360.8200
MSFT,2025-04-21 10:37:00,360.8800,361.0000
MSFT,2025-04-21 10:38:00,361.0000,361.1200
MSFT,2025-04-21 10:39:00,361.2100,361.1100
MSFT,2025-04-21 10:40:00,361.0600,361.3734
MSFT,2025-04-21 10:41:00,361.3600,361.4072
MSFT,2025-04-21 10:42:00,361.3400,361.1300
MSFT,2025-04-21 10:43:00,361.1000,360.9650
MSFT,2025-04-21 10:44:00,360.9200,360.5500
MSFT,2025-04-21 10:45:00,360.6000,360.6900
MSFT,2025-04-21 10:46:00,360.7200,360.4700
MSFT,2025-04-21 10:47:00,360.4832,360.4400
MSFT,2025-04-21 10:48:00,360.4500,360.3200
MSFT,2025-04-21 10:49:00,360.2300,360.1650
MSFT,2025-04-21 10:50:00,360.1000,360.1400
MSFT,2025-04-21 10:51:00,360.0700,359.9500
MSFT,2025-04-21 10:52:00,359.9000,359.8800
MSFT,2025-04-21 10:53:00,359.9400,360.0400
MSFT,2025-04-21 10:54:00,360.0400,360.0700
MSFT,2025-04-21 10:55:00,360.0301,360.1400
MSFT,2025-04-21 10:56:00,360.1800,360.0500
MSFT,2025-04-21 10:57:00,360.1300,359.9211
MSFT,2025-04-21 10:58:00,360.0050,360.0000
MSFT,2025-04-21 10:59:00,360.0400,360.0850
MSFT,2025-04-21 11:00:00,360.0925,360.3150
MSFT,2025-04-21 11:01:00,360.3150,359.9700
MSFT,2025-04-21 11:02:00,359.9600,359.9900
MSFT,2025-04-21 11:03:00,359.9800,360.0000
MSFT,2025-04-21 11:04:00,360.0500,360.3600
MSFT,2025-04-21 11:05:00,360.4300,360.7000
MSFT,2025-04-21 11:06:00,360.6900,360.8310
MSFT,2025-04-21 11:07:00,360.9200,360.6500
MSFT,2025-04-21 11:08:00,360.6300,360.8692
MSFT,2025-04-21 11:09:00,360.8200,360.9036
MSFT,2025-04-21 11:10:00,360.8200,360.8300
MSFT,2025-04-21 11:11:00,360.8300,361.0200
MSFT,2025-04-21 11:12:00,360.9600,360.8500
MSFT,2025-04-21 11:13:00,360.7700,360.6000
MSFT,2025-04-21 11:14:00,360.6000,360.2400
MSFT,2025-04-21 11:15:00,360.1800,360.2050
MSFT,2025-04-21 11:16:00,360.1850,360.2100
MSFT,2025-04-21 11:17:00,360.2100,360.2498
MSFT,2025-04-21 11:18:00,360.2200,360.3650
MSFT,2025-04-21 11:19:00,360.3700,360.5000
MSFT,2025-04-21 11:20:00,360.4900,360.1312
MSFT,2025-04-21 11:21:00,360.1450,360.1100
MSFT,2025-04-21 11:22:00,360.1215,359.6800
MSFT,2025-04-21 11:23:00,359.7036,360.0150
MSFT,2025-04-21 11:24:00,359.9900,359.8000
MSFT,2025-04-21 11:25:00,359.8300,359.8800
MSFT,2025-04-21 11:26:00,359.8750,359.8100
MSFT,2025-04-21 11:27:00,359.8300,360.0000
MSFT,2025-04-21 11:28:00,360.0486,359.6050
MSFT,2025-04-21 11:29:00,359.6050,359.5500
MSFT,2025-04-21 11:30:00,359.5000,359.6900
MSFT,2025-04-21 11:31:00,359.6700,359.4900
MSFT,2025-04-21 11:32:00,359.4950,359.5028
MSFT,2025-04-21 11:33:00,359.4500,359.5200
MSFT,2025-04-21 11:34:00,359.5000,359.2250
MSFT,2025-04-21 11:35:00,359.2250,359.3750
MSFT,2025-04-21 11:36:00,359.3200,359.2000
MSFT,2025-04-21 11:37:00,359.2000,359.2450
MSFT,2025-04-21 11:38:00,359.2450,359.3600
MSFT,2025-04-21 11:39:00,359.3650,359.2800
MSFT,2025-04-21 11:40:00,359.2200,359.3900
MSFT,2025-04-21 11:41:00,359.3900,359.1900
MSFT,2025-04-21 11:42:00,359.1650,359.2200
MSFT,2025-04-21 11:43:00,359.2200,359.0850
MSFT,2025-04-21 11:44:00,359.0300,358.8200
MSFT,2025-04-21 11:45:00,358.8200,358.7300
MSFT,2025-04-21 11:46:00,358.7025,358.5400
MSFT,2025-04-21 11:47:00,358.5800,358.5550
MSFT,2025-04-21 11:48:00,358.5899,358.2800
MSFT,2025-04-21 11:49:00,358.2904,358.6300
MSFT,2025-04-21 11:50:00,358.6800,358.6800
MSFT,2025-04-21 11:51:00,358.6700,358.7500
MSFT,2025-04-21 11:52:00,358.7350,358.7050
MSFT,2025-04-21 11:53:00,358.7100,358.6500
MSFT,2025-04-21 11:54:00,358.6600,358.3000
MSFT,2025-04-21 11:55:00,358.3750,358.0900
MSFT,2025-04-21 11:56:00,358.0900,357.8600
MSFT,2025-04-21 11:57:00,357.8600,358.1700
MSFT,2025-04-21 11:58:00,358.2043,358.2700
MSFT,2025-04-21 11:59:00,358.2650,358.2300
MSFT,2025-04-21 12:00:00,358.2350,358.4800
MSFT,2025-04-21 12:01:00,358.4500,358.4700
MSFT,2025-04-21 12:02:00,358.5200,358.2900
MSFT,2025-04-21 12:03:00,358.2500,358.2200
MSFT,2025-04-21 12:04:00,358.2750,358.2381
MSFT,2025-04-21 12:05:00,358.2500,358.1750
MSFT,2025-04-21 12:06:00,358.1600,358.3200
MSFT,2025-04-21 12:07:00,358.3050,358.1200
MSFT,2025-04-21 12:08:00,358.1100,358.2400
MSFT,2025-04-21 12:09:00,358.2550,358.2400
MSFT,2025-04-21 12:10:00,358.2300,358.2500
MSFT,2025-04-21 12:11:00,358.3000,358.2200
MSFT,2025-04-21 12:12:00,358.2500,358.3500
MSFT,2025-04-21 12:13:00,358.3500,358.3150
MSFT,2025-04-21 12:14:00,358.3450,358.2000
MSFT,2025-04-21 12:15:00,358.1500,358.0700
MSFT,2025-04-21 12:16:00,358.0880,358.1450
MSFT,2025-04-21 12:17:00,358.0801,358.3300
MSFT,2025-04-21 12:18:00,358.3300,358.0650
MSFT,2025-04-21 12:19:00,358.0550,358.1800
MSFT,2025-04-21 12:20:00,358.1800,358.3900
MSFT,2025-04-21 12:21:00,358.3750,358.2825
MSFT,2025-04-21 12:22:00,358.2500,358.2300
MSFT,2025-04-21 12:23:00,358.2300,358.4567
MSFT,2025-04-21 12:24:00,358.4700,358.4300
MSFT,2025-04-21 12:25:00,358.4350,358.4200
MSFT,2025-04-21 12:26:00,358.4100,358.1700
MSFT,2025-04-21 12:27:00,358.1700,358.1600
MSFT,2025-04-21 12:28:00,358.1250,358.1250
MSFT,2025-04-21 12:29:00,358.1772,358.2569
MSFT,2025-04-21 12:30:00,358.2100,358.4350
MSFT,2025-04-21 12:31:00,358.4900,358.5550
MSFT,2025-04-21 12:32:00,358.5800,358.7150
MSFT,2025-04-21 12:33:00,358.7700,358.6540
MSFT,2025-04-21 12:34:00,358.6500,358.5900
MSFT,2025-04-21 12:35:00,358.5300,358.5750
MSFT,2025-04-21 12:36:00,358.5850,358.8895
MSFT,2025-04-21 12:37:00,358.8880,358.9500
MSFT,2025-04-21 12:38:00,358.9008,359.1000
MSFT,2025-04-21 12:39:00,359.1000,359.1300
MSFT,2025-04-21 12:40:00,359.1400,359.1200
MSFT,2025-04-21 12:41:00,359.1200,359.3100
MSFT,2025-04-21 12:42:00,359.2700,359.3800
MSFT,2025-04-21 12:43:00,359.3900,359.5000
MSFT,2025-04-21 12:44:00,359.5000,359.4100
MSFT,2025-04-21 12:45:00,359.4500,359.6400
MSFT,2025-04-21 12:46:00,359.6000,359.3000
MSFT,2025-04-21 12:47:00,359.3250,359.2400
MSFT,2025-04-21 12:48:00,359.1750,359.1250
MSFT,2025-04-21 12:49:00,359.0700,359.1848
MSFT,2025-04-21 12:50:00,359.1680,359.0150
MSFT,2025-04-21 12:51:00,359.0150,358.7900
MSFT,2025-04-21 12:52:00,358.8500,358.7900
MSFT,2025-04-21 12:53:00,358.7750,358.6800
MSFT,2025-04-21 12:54:00,358.7000,358.6600
MSFT,2025-04-21 12:55:00,358.6300,358.6100
MSFT,2025-04-21 12:56:00,358.6150,358.5750
MSFT,2025-04-21 12:57:00,358.6200,358.6950
MSFT,2025-04-21 12:58:00,358.6950,358.6601
MSFT,2025-04-21 12:59:00,358.6950,358.8000
MSFT,2025-04-21 13:00:00,358.8200,359.2300
MSFT,2025-04-21 13:01:00,359.2300,358.9000
MSFT,2025-04-21 13:02:00,358.9400,358.6300
MSFT,2025-04-21 13:03:00,358.5850,358.3750
MSFT,2025-04-21 13:04:00,358.4100,358.3450
MSFT,2025-04-21 13:05:00,358.3450,358.4100
MSFT,2025-04-21 13:06:00,358.4100,358.3700
MSFT,2025-04-21 13:07:00,358.3350,358.3700
MSFT,2025-04-21 13:08:00,358.4237,358.3300
MSFT,2025-04-21 13:09:00,358.3300,358.3300
MSFT,2025-04-21 13:10:00,358.3300,358.2225
MSFT,2025-04-21 13:11:00,358.2100,358.4400
MSFT,2025-04-21 13:12:00,358.5100,358.4400
MSFT,2025-04-21 13:13:00,358.4300,358.4300
MSFT,2025-04-21 13:14:00,358.4250,358.3700
MSFT,2025-04-21 13:15:00,358.4200,358.4700
MSFT,2025-04-21 13:16:00,358.4850,358.5600
MSFT,2025-04-21 13:17:00,358.5534,358.5500
MSFT,2025-04-21 13:18:00,358.5400,358.4800
MSFT,2025-04-21 13:19:00,358.4950,358.5700
MSFT,2025-04-21 13:20:00,358.5100,358.7479
MSFT,2025-04-21 13:21:00,358.8200,358.7950
MSFT,2025-04-21 13:22:00,358.7950,358.8650
MSFT,2025-04-21 13:23:00,358.8650,358.9200
MSFT,2025-04-21 13:24:00,358.9400,358.5777
MSFT,2025-04-21 13:25:00,358.5700,358.3800
MSFT,2025-04-21 13:26:00,358.3500,358.4800
MSFT,2025-04-21 13:27:00,358.5000,358.7650
MSFT,2025-04-21 13:28:00,358.8200,358.5700
MSFT,2025-04-21 13:29:00,358.5200,358.5400
MSFT,2025-04-21 13:30:00,358.4900,358.7300
MSFT,2025-04-21 13:31:00,358.7150,358.9100
MSFT,2025-04-21 13:32:00,358.9100,358.8300
MSFT,2025-04-21 13:33:00,358.7950,358.6300
MSFT,2025-04-21 13:34:00,358.6200,358.5100
MSFT,2025-04-21 13:35:00,358.4900,358.2700
MSFT,2025-04-21 13:36:00,358.2700,358.4800
MSFT,2025-04-21 13:37:00,358.4900,358.2300
MSFT,2025-04-21 13:38:00,358.2100,358.3000
MSFT,2025-04-21 13:39:00,358.3500,358.3100
MSFT,2025-04-21 13:40:00,358.2350,358.3950
MSFT,2025-04-21 13:41:00,358.3950,358.2500
MSFT,2025-04-21 13:42:00,358.2650,358.2100
MSFT,2025-04-21 13:43:00,358.2268,358.0400
MSFT,2025-04-21 13:44:00,358.0500,358.1990
MSFT,2025-04-21 13:45:00,358.1100,358.0600
MSFT,2025-04-21 13:46:00,358.0700,357.9300
MSFT,2025-04-21 13:47:00,357.8300,357.8000
MSFT,2025-04-21 13:48:00,357.8000,357.7200
MSFT,2025-04-21 13:49:00,357.7050,357.6150
MSFT,2025-04-21 13:50:00,357.6400,357.9600
MSFT,2025-04-21 13:51:00,357.9000,357.5760
MSFT,2025-04-21 13:52:00,357.5700,357.5400
MSFT,2025-04-21 13:53:00,357.5700,357.5300
MSFT,2025-04-21 13:54:00,357.5000,357.5100
MSFT,2025-04-21 13:55:00,357.5000,357.5300
MSFT,2025-04-21 13:56:00,357.5550,357.5200
MSFT,2025-04-21 13:57:00,357.5200,357.5500
MSFT,2025-04-21 13:58:00,357.5800,357.4200
MSFT,2025-04-21 13:59:00,357.4050,357.3872
MSFT,2025-04-21 14:00:00,357.3800,357.3200
MSFT,2025-04-21 14:01:00,357.3299,357.3850
MSFT,2025-04-21 14:02:00,357.4300,357.3600
MSFT,2025-04-21 14:03:00,357.3450,357.5000
MSFT,2025-04-21 14:04:00,357.4800,357.2000
MSFT,2025-04-21 14:05:00,357.2400,357.2200
MSFT,2025-04-21 14:06:00,357.1900,357.4700
MSFT,2025-04-21 14:07:00,357.4700,357.0200
MSFT,2025-04-21 14:08:00,357.0350,357.1300
MSFT,2025-04-21 14:09:00,357.1700,357.1200
MSFT,2025-04-21 14:10:00,357.1000,356.9800
MSFT,2025-04-21 14:11:00,356.9500,357.2300
MSFT,2025-04-21 14:12:00,357.2300,357.2100
MSFT,2025-04-21 14:13:00,357.2150,357.1700
MSFT,2025-04-21 14:14:00,357.1600,357.1795
MSFT,2025-04-21 14:15:00,357.2550,357.2356
MSFT,2025-04-21 14:16:00,357.2200,357.4425
MSFT,2025-04-21 14:17:00,357.4560,357.6203
MSFT,2025-04-21 14:18:00,357.5800,357.5600
MSFT,2025-04-21 14:19:00,357.6141,357.4200
MSFT,2025-04-21 14:20:00,357.3700,357.3600
MSFT,2025-04-21 14:21:00,357.3100,357.4300
MSFT,2025-04-21 14:22:00,357.3700,357.4300
MSFT,2025-04-21 14:23:00,357.3800,357.3100
MSFT,2025-04-21 14:24:00,357.3678,357.2250
MSFT,2025-04-21 14:25:00,357.1800,357.1700
MSFT,2025-04-21 14:26:00,357.2266,357.1900
MSFT,2025-04-21 14:27:00,357.1400,357.3900
MSFT,2025-04-21 14:28:00,357.3300,357.3150
MSFT,2025-04-21 14:29:00,357.3500,357.3600
MSFT,2025-04-21 14:30:00,357.3700,357.7300
MSFT,2025-04-21 14:31:00,357.6700,357.6800
MSFT,2025-04-21 14:32:00,357.6500,357.4100
MSFT,2025-04-21 14:33:00,357.4100,357.5750
MSFT,2025-04-21 14:34:00,357.5750,357.5800
MSFT,2025-04-21 14:35:00,357.5575,357.5850
MSFT,2025-04-21 14:36:00,357.5800,357.2100
MSFT,2025-04-21 14:37:00,357.2450,357.1950
MSFT,2025-04-21 14:38:00,357.1950,357.1700
MSFT,2025-04-21 14:39:00,357.1895,357.1750
MSFT,2025-04-21 14:40:00,357.1700,357.0500
MSFT,2025-04-21 14:41:00,356.9825,356.8600
MSFT,2025-04-21 14:42:00,356.8550,356.7200
MSFT,2025-04-21 14:43:00,356.7600,356.5900
MSFT,2025-04-21 14:44:00,356.6000,356.6350
MSFT,2025-04-21 14:45:00,356.6350,356.6100
MSFT,2025-04-21 14:46:00,356.5950,356.4900
MSFT,2025-04-21 14:47:00,356.4500,356.2900
MSFT,2025-04-21 14:48:00,356.3550,356.3700
MSFT,2025-04-21 14:49:00,356.3350,356.4450
MSFT,2025-04-21 14:50:00,356.4500,356.2300
MSFT,2025-04-21 14:51:00,356.2300,356.1900
MSFT,2025-04-21 14:52:00,356.1401,355.9499
MSFT,2025-04-21 14:53:00,355.9150,355.8700
MSFT,2025-04-21 14:54:00,355.8400,355.7450
MSFT,2025-04-21 14:55:00,355.7500,355.7900
MSFT,2025-04-21 14:56:00,355.7650,355.9500
MSFT,2025-04-21 14:57:00,355.9792,355.8500
MSFT,2025-04-21 14:58:00,355.8300,355.9000
MSFT,2025-04-21 14:59:00,355.9000,355.9700
MSFT,2025-04-21 15:00:00,355.9575,356.2700
MSFT,2025-04-21 15:01:00,356.3100,356.3700
MSFT,2025-04-21 15:02:00,356.4000,356.6400
MSFT,2025-04-21 15:03:00,356.6000,356.4301
MSFT,2025-04-21 15:04:00,356.4800,356.5800
MSFT,2025-04-21 15:05:00,356.6200,356.5600
MSFT,2025-04-21 15:06:00,356.5300,356.7000
MSFT,2025-04-21 15:07:00,356.7400,356.5700
MSFT,2025-04-21 15:08:00,356.5650,356.6600
MSFT,2025-04-21 15:09:00,356.6500,356.7400
MSFT,2025-04-21 15:10:00,356.7400,356.9150
MSFT,2025-04-21 15:11:00,356.9152,357.0500
MSFT,2025-04-21 15:12:00,357.0100,357.0500
MSFT,2025-04-21 15:13:00,357.0200,357.0600
MSFT,2025-04-21 15:14:00,357.0850,357.0100
MSFT,2025-04-21 15:15:00,357.0900,357.2100
MSFT,2025-04-21 15:16:00,357.1500,357.0785
MSFT,2025-04-21 15:17:00,357.0600,357.2000
MSFT,2025-04-21 15:18:00,357.2050,357.4100
MSFT,2025-04-21 15:19:00,357.4150,357.3700
MSFT,2025-04-21 15:20:00,357.4150,357.4900
MSFT,2025-04-21 15:21:00,357.5400,357.6900
MSFT,2025-04-21 15:22:00,357.7000,357.8550
MSFT,2025-04-21 15:23:00,357.8800,357.5700
MSFT,2025-04-21 15:24:00,357.5700,357.4600
MSFT,2025-04-21 15:25:00,357.4884,357.3200
MSFT,2025-04-21 15:26:00,357.3800,357.2550
MSFT,2025-04-21 15:27:00,357.2504,357.1940
MSFT,2025-04-21 15:28:00,357.2000,357.0300
MSFT,2025-04-21 15:29:00,356.9350,357.0450
MSFT,2025-04-21 15:30:00,357.0500,357.0900
MSFT,2025-04-21 15:31:00,357.0600,357.3700
MSFT,2025-04-21 15:32:00,357.3900,357.5575
MSFT,2025-04-21 15:33:00,357.6000,357.7300
MSFT,2025-04-21 15:34:00,357.7200,357.5101
MSFT,2025-04-21 15:35:00,357.5600,357.7000
MSFT,2025-04-21 15:36:00,357.7004,357.9100
MSFT,2025-04-21 15:37:00,357.9300,357.9200
MSFT,2025-04-21 15:38:00,357.9550,358.0847
MSFT,2025-04-21 15:39:00,358.0900,358.0000
MSFT,2025-04-21 15:40:00,358.0400,358.2500
MSFT,2025-04-21 15:41:00,358.2550,358.2027
MSFT,2025-04-21 15:42:00,358.2000,358.2300
MSFT,2025-04-21 15:43:00,358.2300,358.5000
MSFT,2025-04-21 15:44:00,358.5200,358.2700
MSFT,2025-04-21 15:45:00,358.3200,358.2496
MSFT,2025-04-21 15:46:00,358.2400,358.1250
MSFT,2025-04-21 15:47:00,358.0800,358.0400
MSFT,2025-04-21 15:48:00,358.0600,358.2300
MSFT,2025-04-21 15:49:00,358.2800,358.1300
MSFT,2025-04-21 15:50:00,358.1400,358.4200
MSFT,2025-04-21 15:51:00,358.3750,358.5200
MSFT,2025-04-21 15:52:00,358.5700,358.1450
MSFT,2025-04-21 15:53:00,358.1700,358.3600
MSFT,2025-04-21 15:54:00,358.3800,358.7900
MSFT,2025-04-21 15:55:00,358.8100,359.2000
MSFT,2025-04-21 15:56:00,359.1550,359.3150
MSFT,2025-04-21 15:57:00,359.3150,359.4900
MSFT,2025-04-21 15:58:00,359.4700,359.6100
MSFT,2025-04-21 15:59:00,359.6000,359.1400
MSFT,2025-04-22 09:30:00,363.3750,361.9092
MSFT,2025-04-22 09:31:00,362.0000,361.8600
MSFT,2025-04-22 09:32:00,361.7950,361.2800
MSFT,2025-04-22 09:33:00,361.3200,360.5200
MSFT,2025-04-22 09:34:00,360.5600,360.0100
MSFT,2025-04-22 09:35:00,360.1200,360.3900
MSFT,2025-04-22 09:36:00,360.4150,360.9700
MSFT,2025-04-22 09:37:00,361.1200,361.1199
MSFT,2025-04-22 09:38:00,361.0500,360.8466
MSFT,2025-04-22 09:39:00,360.7850,360.7260
MSFT,2025-04-22 09:40:00,360.7100,360.3650
MSFT,2025-04-22 09:41:00,360.4500,360.6644
MSFT,2025-04-22 09:42:00,360.5700,360.2550
MSFT,2025-04-22 09:43:00,360.2350,360.4500
MSFT,2025-04-22 09:44:00,360.5100,360.6900
MSFT,2025-04-22 09:45:00,360.7450,361.4000
MSFT,2025-04-22 09:46:00,361.4200,361.5335
MSFT,2025-04-22 09:47:00,361.4600,361.4400
MSFT,2025-04-22 09:48:00,361.4600,361.2800
MSFT,2025-04-22 09:49:00,361.4200,361.2756
MSFT,2025-04-22 09:50:00,361.2300,361.3600
MSFT,2025-04-22 09:51:00,361.3200,360.9100
MSFT,2025-04-22 09:52:00,360.9050,360.7600
MSFT,2025-04-22 09:53:00,360.8200,360.8350
MSFT,2025-04-22 09:54:00,360.8350,360.6200
MSFT,2025-04-22 09:55:00,360.6800,360.2700
MSFT,2025-04-22 09:56:00,360.3000,360.6200
MSFT,2025-04-22 09:57:00,360.6300,360.6000
MSFT,2025-04-22 09:58:00,360.5900,360.8500
MSFT,2025-04-22 09:59:00,360.9350,361.1950
MSFT,2025-04-22 10:00:00,361.1650,361.5175
MSFT,2025-04-22 10:01:00,361.5500,361.4950
MSFT,2025-04-22 10:02:00,361.5000,361.5200
MSFT,2025-04-22 10:03:00,361.5500,361.7150
MSFT,2025-04-22 10:04:00,361.6700,362.0250
MSFT,2025-04-22 10:05:00,362.0400,361.8900
MSFT,2025-04-22 10:06:00,361.8522,362.3200
MSFT,2025-04-22 10:07:00,362.3350,362.3000
MSFT,2025-04-22 10:08:00,362.2900,362.2700
MSFT,2025-04-22 10:09:00,362.2750,362.3850
MSFT,2025-04-22 10:10:00,362.3900,362.5800
MSFT,2025-04-22 10:11:00,362.5800,362.5250
MSFT,2025-04-22 10:12:00,362.5400,362.1607
MSFT,2025-04-22 10:13:00,362.1950,361.9300
MSFT,2025-04-22 10:14:00,361.9550,362.0000
MSFT,2025-04-22 10:15:00,361.9900,361.6500
MSFT,2025-04-22 10:16:00,361.6500,361.6086
MSFT,2025-04-22 10:17:00,361.6500,361.8200
MSFT,2025-04-22 10:18:00,361.8000,361.9050
MSFT,2025-04-22 10:19:00,361.9050,362.1700
MSFT,2025-04-22 10:20:00,362.2400,362.5950
MSFT,2025-04-22 10:21:00,362.6300,362.9400
MSFT,2025-04-22 10:22:00,362.9450,362.9000
MSFT,2025-04-22 10:23:00,362.9175,363.1700
MSFT,2025-04-22 10:24:00,363.1400,363.2700
MSFT,2025-04-22 10:25:00,363.3200,362.9700
MSFT,2025-04-22 10:26:00,362.9600,362.8800
MSFT,2025-04-22 10:27:00,362.8900,362.7200
MSFT,2025-04-22 10:28:00,362.7700,362.7100
MSFT,2025-04-22 10:29:00,362.7050,362.8600
MSFT,2025-04-22 10:30:00,362.9350,362.4600
MSFT,2025-04-22 10:31:00,362.4350,362.4200
MSFT,2025-04-22 10:32:00,362.4750,362.6850
MSFT,2025-04-22 10:33:00,362.6850,362.7750
MSFT,2025-04-22 10:34:00,362.8300,362.9200
MSFT,2025-04-22 10:35:00,362.8800,362.8700
MSFT,2025-04-22 10:36:00,362.8600,362.7250
MSFT,2025-04-22 10:37:00,362.7103,363.0000
MSFT,2025-04-22 10:38:00,363.0400,363.0200
MSFT,2025-04-22 10:39:00,363.0000,363.0500
MSFT,2025-04-22 10:40:00,363.0000,363.2100
MSFT,2025-04-22 10:41:00,363.2500,363.1900
MSFT,2025-04-22 10:42:00,363.1300,363.2309
MSFT,2025-04-22 10:43:00,363.1500,363.2550
MSFT,2025-04-22 10:44:00,363.3000,363.4000
MSFT,2025-04-22 10:45:00,363.4300,363.5566
MSFT,2025-04-22 10:46:00,363.5150,363.8976
MSFT,2025-04-22 10:47:00,363.9050,364.0600
MSFT,2025-04-22 10:48:00,364.1150,364.1400
MSFT,2025-04-22 10:49:00,364.1050,363.7500
MSFT,2025-04-22 10:50:00,363.7450,363.6400
MSFT,2025-04-22 10:51:00,363.6400,363.2550
MSFT,2025-04-22 10:52:00,363.2100,363.5050
MSFT,2025-04-22 10:53:00,363.5900,364.0392
MSFT,2025-04-22 10:54:00,364.0000,364.2100
MSFT,2025-04-22 10:55:00,364.2135,364.4400
MSFT,2025-04-22 10:56:00,364.3850,364.4500
MSFT,2025-04-22 10:57:00,364.4950,365.0050
MSFT,2025-04-22 10:58:00,364.9600,364.6300
MSFT,2025-04-22 10:59:00,364.6700,364.6500
MSFT,2025-04-22 11:00:00,364.6500,364.7450
MSFT,2025-04-22 11:01:00,364.7450,364.6250
MSFT,2025-04-22 11:02:00,364.6305,364.5900
MSFT,2025-04-22 11:03:00,364.6500,364.5700
MSFT,2025-04-22 11:04:00,364.5550,364.9203
MSFT,2025-04-22 11:05:00,364.8850,364.9400
MSFT,2025-04-22 11:06:00,364.9300,364.7500
MSFT,2025-04-22 11:07:00,364.7400,364.5800
MSFT,2025-04-22 11:08:00,364.6000,364.6356
MSFT,2025-04-22 11:09:00,364.6200,364.7800
MSFT,2025-04-22 11:10:00,364.7900,364.7900
MSFT,2025-04-22 11:11:00,364.7500,364.5400
MSFT,2025-04-22 11:12:00,364.5315,364.5250
MSFT,2025-04-22 11:13:00,364.5000,364.5000
MSFT,2025-04-22 11:14:00,364.4750,364.6300
MSFT,2025-04-22 11:15:00,364.6500,364.5214
MSFT,2025-04-22 11:16:00,364.5100,364.5500
MSFT,2025-04-22 11:17:00,364.5000,364.5300
MSFT,2025-04-22 11:18:00,364.5300,364.5150
MSFT,2025-04-22 11:19:00,364.5200,364.5900
MSFT,2025-04-22 11:20:00,364.5900,364.2300
MSFT,2025-04-22 11:21:00,364.2800,364.4000
MSFT,2025-04-22 11:22:00,364.4550,364.6199
MSFT,2025-04-22 11:23:00,364.5950,364.4836
MSFT,2025-04-22 11:24:00,364.4800,364.4500
MSFT,2025-04-22 11:25:00,364.5000,364.3700
MSFT,2025-04-22 11:26:00,364.3300,364.5200
MSFT,2025-04-22 11:27:00,364.5250,364.3900
MSFT,2025-04-22 11:28:00,364.3743,364.3900
MSFT,2025-04-22 11:29:00,364.3500,364.2050
MSFT,2025-04-22 11:30:00,364.2000,364.0669
MSFT,2025-04-22 11:31:00,364.0600,364.3100
MSFT,2025-04-22 11:32:00,364.3100,364.3300
MSFT,2025-04-22 11:33:00,364.3800,364.5700
MSFT,2025-04-22 11:34:00,364.5600,364.5900
MSFT,2025-04-22 11:35:00,364.6400,364.5200
MSFT,2025-04-22 11:36:00,364.5300,364.5100
MSFT,2025-04-22 11:37:00,364.4900,364.6200
MSFT,2025-04-22 11:38:00,364.6299,364.5300
MSFT,2025-04-22 11:39:00,364.5500,364.4600
MSFT,2025-04-22 11:40:00,364.4600,364.3400
MSFT,2025-04-22 11:41:00,364.2900,364.1250
MSFT,2025-04-22 11:42:00,364.0600,363.9500
MSFT,2025-04-22 11:43:00,363.9887,363.8700
MSFT,2025-04-22 11:44:00,363.8350,363.9050
MSFT,2025-04-22 11:45:00,363.9150,364.0600
MSFT,2025-04-22 11:46:00,364.0600,364.1600
MSFT,2025-04-22 11:47:00,364.1650,364.0500
MSFT,2025-04-22 11:48:00,364.0170,363.9550
MSFT,2025-04-22 11:49:00,363.9550,364.0418
MSFT,2025-04-22 11:50:00,364.0800,364.3650
MSFT,2025-04-22 11:51:00,364.3600,364.6300
MSFT,2025-04-22 11:52:00,364.6400,364.6050
MSFT,2025-04-22 11:53:00,364.6200,364.4200
MSFT,2025-04-22 11:54:00,364.4700,364.5100
MSFT,2025-04-22 11:55:00,364.4352,364.6100
MSFT,2025-04-22 11:56:00,364.5750,364.4801
MSFT,2025-04-22 11:57:00,364.5600,364.6000
MSFT,2025-04-22 11:58:00,364.4900,365.1200
MSFT,2025-04-22 11:59:00,365.2100,365.8600
MSFT,2025-04-22 12:00:00,365.9100,367.1000
MSFT,2025-04-22 12:01:00,367.1200,366.8700
MSFT,2025-04-22 12:02:00,366.9035,366.9400
MSFT,2025-04-22 12:03:00,366.9400,366.4000
MSFT,2025-04-22 12:04:00,366.4900,366.6000
MSFT,2025-04-22 12:05:00,366.4500,366.3840
MSFT,2025-04-22 12:06:00,366.3616,366.5950
MSFT,2025-04-22 12:07:00,366.6600,366.5789
MSFT,2025-04-22 12:08:00,366.4500,366.4800
MSFT,2025-04-22 12:09:00,366.5300,366.3050
MSFT,2025-04-22 12:10:00,366.3700,366.2807
MSFT,2025-04-22 12:11:00,366.2200,366.5674
MSFT,2025-04-22 12:12:00,366.5655,366.6800
MSFT,2025-04-22 12:13:00,366.6600,366.6700
MSFT,2025-04-22 12:14:00,366.6700,366.8000
MSFT,2025-04-22 12:15:00,366.8000,366.8100
MSFT,2025-04-22 12:16:00,366.7200,366.6340
MSFT,2025-04-22 12:17:00,366.5400,366.6900
MSFT,2025-04-22 12:18:00,366.6600,366.6100
MSFT,2025-04-22 12:19:00,366.6100,366.7700
MSFT,2025-04-22 12:20:00,366.7450,366.9600
MSFT,2025-04-22 12:21:00,366.9800,367.1500
MSFT,2025-04-22 12:22:00,367.1500,367.1900
MSFT,2025-04-22 12:23:00,367.1900,367.4000
MSFT,2025-04-22 12:24:00,367.4500,367.5572
MSFT,2025-04-22 12:25:00,367.5650,367.6430
MSFT,2025-04-22 12:26:00,367.6600,367.4901
MSFT,2025-04-22 12:27:00,367.5600,367.5900
MSFT,2025-04-22 12:28:00,367.6000,367.4600
MSFT,2025-04-22 12:29:00,367.3700,367.4350
MSFT,2025-04-22 12:30:00,367.3949,367.4950
MSFT,2025-04-22 12:31:00,367.4700,367.4745
MSFT,2025-04-22 12:32:00,367.4400,367.5800
MSFT,2025-04-22 12:33:00,367.6440,367.5800
MSFT,2025-04-22 12:34:00,367.5500,367.2600
MSFT,2025-04-22 12:35:00,367.2600,367.1700
MSFT,2025-04-22 12:36:00,367.1750,367.0400
MSFT,2025-04-22 12:37:00,367.0600,367.1999
MSFT,2025-04-22 12:38:00,367.1900,367.2050
MSFT,2025-04-22 12:39:00,367.2500,367.1950
MSFT,2025-04-22 12:40:00,367.1600,367.0250
MSFT,2025-04-22 12:41:00,367.0600,366.9000
MSFT,2025-04-22 12:42:00,366.8750,367.1800
MSFT,2025-04-22 12:43:00,367.2300,367.1650
MSFT,2025-04-22 12:44:00,367.1650,367.4400
MSFT,2025-04-22 12:45:00,367.3900,367.1801
MSFT,2025-04-22 12:46:00,367.2300,367.2500
MSFT,2025-04-22 12:47:00,367.2500,367.1775
MSFT,2025-04-22 12:48:00,367.2000,367.0000
MSFT,2025-04-22 12:49:00,367.0100,367.1000
MSFT,2025-04-22 12:50:00,367.0100,367.1200
MSFT,2025-04-22 12:51:00,367.1350,366.7000
MSFT,2025-04-22 12:52:00,366.6300,366.7350
MSFT,2025-04-22 12:53:00,366.7153,366.9550
MSFT,2025-04-22 12:54:00,366.9900,367.0300
MSFT,2025-04-22 12:55:00,367.0600,367.0400
MSFT,2025-04-22 12:56:00,367.0300,367.0400
MSFT,2025-04-22 12:57:00,366.9450,367.0100
MSFT,2025-04-22 12:58:00,366.9650,366.8750
MSFT,2025-04-22 12:59:00,366.8750,366.7450
MSFT,2025-04-22 13:00:00,366.7900,366.9700
MSFT,2025-04-22 13:01:00,367.0900,366.9800
MSFT,2025-04-22 13:02:00,366.8300,366.9700
MSFT,2025-04-22 13:03:00,366.9700,366.9600
MSFT,2025-04-22 13:04:00,366.9100,366.9900
MSFT,2025-04-22 13:05:00,366.9800,366.9700
MSFT,2025-04-22 13:06:00,366.9850,366.7900
MSFT,2025-04-22 13:07:00,366.7900,366.5800
MSFT,2025-04-22 13:08:00,366.7100,367.5200
MSFT,2025-04-22 13:09:00,367.4800,367.0200
MSFT,2025-04-22 13:10:00,367.1000,366.0200
MSFT,2025-04-22 13:11:00,366.0400,365.4670
MSFT,2025-04-22 13:12:00,365.4600,365.8105
MSFT,2025-04-22 13:13:00,365.7700,365.7000
MSFT,2025-04-22 13:14:00,365.6624,365.7100
MSFT,2025-04-22 13:15:00,365.6600,364.9700
MSFT,2025-04-22 13:16:00,364.8200,364.5600
MSFT,2025-04-22 13:17:00,364.7099,364.5900
MSFT,2025-04-22 13:18:00,364.6350,365.1000
MSFT,2025-04-22 13:19:00,365.1351,365.1300
MSFT,2025-04-22 13:20:00,365.0900,364.6200
MSFT,2025-04-22 13:21:00,364.5800,364.4150
MSFT,2025-04-22 13:22:00,364.4100,364.2000
MSFT,2025-04-22 13:23:00,364.2000,364.0801
MSFT,2025-04-22 13:24:00,364.2170,363.9700
MSFT,2025-04-22 13:25:00,364.0500,364.1800
MSFT,2025-04-22 13:26:00,364.0900,364.5600
MSFT,2025-04-22 13:27:00,364.4350,364.1196
MSFT,2025-04-22 13:28:00,364.1300,363.7700
MSFT,2025-04-22 13:29:00,363.6699,363.6400
MSFT,2025-04-22 13:30:00,363.6400,363.3195
MSFT,2025-04-22 13:31:00,363.3100,363.5500
MSFT,2025-04-22 13:32:00,363.5800,363.8300
MSFT,2025-04-22 13:33:00,363.8200,363.4200
MSFT,2025-04-22 13:34:00,363.4600,363.7467
MSFT,2025-04-22 13:35:00,363.7428,363.8600
MSFT,2025-04-22 13:36:00,363.8400,364.3250
MSFT,2025-04-22 13:37:00,364.3900,364.1200
MSFT,2025-04-22 13:38:00,364.1100,364.2391
MSFT,2025-04-22 13:39:00,364.2000,364.0400
MSFT,2025-04-22 13:40:00,364.0000,363.8700
MSFT,2025-04-22 13:41:00,363.8150,363.9400
MSFT,2025-04-22 13:42:00,363.8900,363.6450
MSFT,2025-04-22 13:43:00,363.6300,363.6800
MSFT,2025-04-22 13:44:00,363.6650,363.9200
MSFT,2025-04-22 13:45:00,363.9350,363.7900
MSFT,2025-04-22 13:46:00,363.7539,363.8000
MSFT,2025-04-22 13:47:00,363.8000,363.9000
MSFT,2025-04-22 13:48:00,363.9100,363.5100
MSFT,2025-04-22 13:49:00,363.4400,363.1150
MSFT,2025-04-22 13:50:00,363.1700,363.2400
MSFT,2025-04-22 13:51:00,363.2400,362.8100
MSFT,2025-04-22 13:52:00,362.8411,363.0200
MSFT,2025-04-22 13:53:00,363.0250,363.2299
MSFT,2025-04-22 13:54:00,363.1500,363.7000
MSFT,2025-04-22 13:55:00,363.5700,363.5900
MSFT,2025-04-22 13:56:00,363.6200,363.5200
MSFT,2025-04-22 13:57:00,363.5200,363.2950
MSFT,2025-04-22 13:58:00,363.2950,363.4850
MSFT,2025-04-22 13:59:00,363.4850,363.3350
MSFT,2025-04-22 14:00:00,363.3350,363.2000
MSFT,2025-04-22 14:01:00,363.1900,363.4500
MSFT,2025-04-22 14:02:00,363.4969,363.4300
MSFT,2025-04-22 14:03:00,363.5200,364.0050
MSFT,2025-04-22 14:04:00,364.0000,364.2400
MSFT,2025-04-22 14:05:00,364.2500,364.6100
MSFT,2025-04-22 14:06:00,364.6856,364.6900
MSFT,2025-04-22 14:07:00,364.6400,364.8200
MSFT,2025-04-22 14:08:00,364.8200,364.4600
MSFT,2025-04-22 14:09:00,364.4300,364.7500
MSFT,2025-04-22 14:10:00,364.7000,364.7350
MSFT,2025-04-22 14:11:00,364.8000,364.7800
MSFT,2025-04-22 14:12:00,364.8100,364.8150
MSFT,2025-04-22 14:13:00,364.7700,365.0800
MSFT,2025-04-22 14:14:00,364.9900,365.0050
MSFT,2025-04-22 14:15:00,365.0050,365.0250
MSFT,2025-04-22 14:16:00,365.0300,365.0000
MSFT,2025-04-22 14:17:00,365.0250,365.0200
MSFT,2025-04-22 14:18:00,365.0200,365.0200
MSFT,2025-04-22 14:19:00,365.0200,365.0400
MSFT,2025-04-22 14:20:00,365.0050,365.0900
MSFT,2025-04-22 14:21:00,365.0800,365.4400
MSFT,2025-04-22 14:22:00,365.4999,365.5468
MSFT,2025-04-22 14:23:00,365.5300,365.7800
MSFT,2025-04-22 14:24:00,365.7800,365.6150
MSFT,2025-04-22 14:25:00,365.6609,365.6150
MSFT,2025-04-22 14:26:00,365.6150,365.5550
MSFT,2025-04-22 14:27:00,365.5550,365.5900
MSFT,2025-04-22 14:28:00,365.5600,365.5800
MSFT,2025-04-22 14:29:00,365.5900,365.5400
MSFT,2025-04-22 14:30:00,365.5400,365.5600
MSFT,2025-04-22 14:31:00,365.5530,365.7300
MSFT,2025-04-22 14:32:00,365.7129,365.8000
MSFT,2025-04-22 14:33:00,365.8050,365.7300
MSFT,2025-04-22 14:34:00,365.7200,365.7900
MSFT,2025-04-22 14:35:00,365.8000,365.8200
MSFT,2025-04-22 14:36:00,365.8600,365.9500
MSFT,2025-04-22 14:37:00,365.9300,365.9900
MSFT,2025-04-22 14:38:00,366.0250,365.7700
MSFT,2025-04-22 14:39:00,365.7000,365.7400
MSFT,2025-04-22 14:40:00,365.7000,365.7600
MSFT,2025-04-22 14:41:00,365.8200,365.9697
MSFT,2025-04-22 14:42:00,365.8700,365.9900
MSFT,2025-04-22 14:43:00,365.9753,366.1200
MSFT,2025-04-22 14:44:00,366.1650,366.1000
MSFT,2025-04-22 14:45:00,366.0800,366.1800
MSFT,2025-04-22 14:46:00,366.3000,366.4283
MSFT,2025-04-22 14:47:00,366.3489,366.3020
MSFT,2025-04-22 14:48:00,366.3100,366.2900
MSFT,2025-04-22 14:49:00,366.2520,366.2500
MSFT,2025-04-22 14:50:00,366.3200,366.6100
MSFT,2025-04-22 14:51:00,366.6100,366.4900
MSFT,2025-04-22 14:52:00,366.4350,366.6150
MSFT,2025-04-22 14:53:00,366.6000,366.6800
MSFT,2025-04-22 14:54:00,366.6450,366.5750
MSFT,2025-04-22 14:55:00,366.5750,366.8000
MSFT,2025-04-22 14:56:00,366.7600,366.7400
MSFT,2025-04-22 14:57:00,366.7400,366.4400
MSFT,2025-04-22 14:58:00,366.4500,366.5895
MSFT,2025-04-22 14:59:00,366.5900,366.4500
MSFT,2025-04-22 15:00:00,366.4200,366.5100
MSFT,2025-04-22 15:01:00,366.5100,366.3100
MSFT,2025-04-22 15:02:00,366.3200,366.2850
MSFT,2025-04-22 15:03:00,366.2850,366.2550
MSFT,2025-04-22 15:04:00,366.2550,366.4100
MSFT,2025-04-22 15:05:00,366.3700,366.2550
MSFT,2025-04-22 15:06:00,366.2550,366.0300
MSFT,2025-04-22 15:07:00,366.0500,365.9750
MSFT,2025-04-22 15:08:00,365.9750,366.1600
MSFT,2025-04-22 15:09:00,366.1400,365.9700
MSFT,2025-04-22 15:10:00,365.9700,365.9300
MSFT,2025-04-22 15:11:00,365.9300,365.7200
MSFT,2025-04-22 15:12:00,365.7150,365.7350
MSFT,2025-04-22 15:13:00,365.7900,365.7950
MSFT,2025-04-22 15:14:00,365.7600,365.6050
MSFT,2025-04-22 15:15:00,365.6050,365.5650
MSFT,2025-04-22 15:16:00,365.5825,365.4700
MSFT,2025-04-22 15:17:00,365.4850,365.4000
MSFT,2025-04-22 15:18:00,365.4050,365.0000
MSFT,2025-04-22 15:19:00,365.0000,364.9800
MSFT,2025-04-22 15:20:00,364.9800,364.8200
MSFT,2025-04-22 15:21:00,364.7700,364.6600
MSFT,2025-04-22 15:22:00,364.6500,364.4900
MSFT,2025-04-22 15:23:00,364.4500,364.4700
MSFT,2025-04-22 15:24:00,364.5100,364.6400
MSFT,2025-04-22 15:25:00,364.6800,364.9300
MSFT,2025-04-22 15:26:00,364.9300,364.6000
MSFT,2025-04-22 15:27:00,364.5500,364.2717
MSFT,2025-04-22 15:28:00,364.3250,364.5358
MSFT,2025-04-22 15:29:00,364.5500,364.5586
MSFT,2025-04-22 15:30:00,364.4800,364.6500
MSFT,2025-04-22 15:31:00,364.7200,364.8650
MSFT,2025-04-22 15:32:00,364.8300,364.7999
MSFT,2025-04-22 15:33:00,364.7100,364.7050
MSFT,2025-04-22 15:34:00,364.7050,364.7300
MSFT,2025-04-22 15:35:00,364.6800,364.9184
MSFT,2025-04-22 15:36:00,364.9600,364.7070
MSFT,2025-04-22 15:37:00,364.7100,364.7900
MSFT,2025-04-22 15:38:00,364.7500,364.4300
MSFT,2025-04-22 15:39:00,364.4550,364.3600
MSFT,2025-04-22 15:40:00,364.3700,364.5800
MSFT,2025-04-22 15:41:00,364.5300,364.8400
MSFT,2025-04-22 15:42:00,364.8350,365.2200
MSFT,2025-04-22 15:43:00,365.3500,365.5700
MSFT,2025-04-22 15:44:00,365.6200,365.8100
MSFT,2025-04-22 15:45:00,365.7600,366.3350
MSFT,2025-04-22 15:46:00,366.3150,366.2700
MSFT,2025-04-22 15:47:00,366.2600,366.3101
MSFT,2025-04-22 15:48:00,366.3575,366.4200
MSFT,2025-04-22 15:49:00,366.3900,366.7000
MSFT,2025-04-22 15:50:00,366.6400,366.4600
MSFT,2025-04-22 15:51:00,366.5021,366.0800
MSFT,2025-04-22 15:52:00,366.1150,366.0500
MSFT,2025-04-22 15:53:00,365.9950,366.3400
MSFT,2025-04-22 15:54:00,366.2900,366.7500
MSFT,2025-04-22 15:55:00,366.8600,366.6300
MSFT,2025-04-22 15:56:00,366.6300,367.1600
MSFT,2025-04-22 15:57:00,367.1700,367.2000
MSFT,2025-04-22 15:58:00,367.1600,367.2700
MSFT,2025-04-22 15:59:00,367.2750,366.7400
MSFT,2025-04-23 09:30:00,376.0600,375.5000
MSFT,2025-04-23 09:31:00,375.4950,376.7500
MSFT,2025-04-23 09:32:00,376.8400,377.0900
MSFT,2025-04-23 09:33:00,377.0700,378.2150
MSFT,2025-04-23 09:34:00,378.1150,377.7600
MSFT,2025-04-23 09:35:00,377.6700,377.3900
MSFT,2025-04-23 09:36:00,377.4400,376.7700
MSFT,2025-04-23 09:37:00,376.8500,378.9800
MSFT,2025-04-23 09:38:00,378.9700,378.0800
MSFT,2025-04-23 09:39:00,377.9800,377.3396
MSFT,2025-04-23 09:40:00,377.2500,377.1450
MSFT,2025-04-23 09:41:00,377.2789,377.5800
MSFT,2025-04-23 09:42:00,377.6543,376.7300
MSFT,2025-04-23 09:43:00,376.7250,377.0500
MSFT,2025-04-23 09:44:00,377.1400,377.4300
MSFT,2025-04-23 09:45:00,377.3500,378.1200
MSFT,2025-04-23 09:46:00,378.1200,378.6200
MSFT,2025-04-23 09:47:00,378.6450,378.0600
MSFT,2025-04-23 09:48:00,378.1200,378.3150
MSFT,2025-04-23 09:49:00,378.3150,378.4631
MSFT,2025-04-23 09:50:00,378.5400,378.5799
MSFT,2025-04-23 09:51:00,378.5400,379.7900
MSFT,2025-04-23 09:52:00,379.7900,378.3000
MSFT,2025-04-23 09:53:00,378.2500,378.9700
MSFT,2025-04-23 09:54:00,379.0000,378.5100
MSFT,2025-04-23 09:55:00,378.5318,377.5000
MSFT,2025-04-23 09:56:00,377.5900,378.2900
MSFT,2025-04-23 09:57:00,378.3800,378.3350
MSFT,2025-04-23 09:58:00,378.2900,378.6100
MSFT,2025-04-23 09:59:00,378.8100,379.0500
MSFT,2025-04-23 10:00:00,379.2300,378.6760
MSFT,2025-04-23 10:01:00,378.5500,378.6200
MSFT,2025-04-23 10:02:00,378.5400,378.5000
MSFT,2025-04-23 10:03:00,378.5600,378.4157
MSFT,2025-04-23 10:04:00,378.3850,379.0220
MSFT,2025-04-23 10:05:00,378.9800,378.4400
MSFT,2025-04-23 10:06:00,378.5000,378.5100
MSFT,2025-04-23 10:07:00,378.4389,377.7750
MSFT,2025-04-23 10:08:00,377.7750,378.9350
MSFT,2025-04-23 10:09:00,378.8719,378.9800
MSFT,2025-04-23 10:10:00,378.9827,378.8500
MSFT,2025-04-23 10:11:00,378.8800,379.2300
MSFT,2025-04-23 10:12:00,379.1700,379.4300
MSFT,2025-04-23 10:13:00,379.4900,379.0075
MSFT,2025-04-23 10:14:00,379.0200,378.8150
MSFT,2025-04-23 10:15:00,378.8100,378.1000
MSFT,2025-04-23 10:16:00,378.0300,377.4300
MSFT,2025-04-23 10:17:00,377.5050,377.3150
MSFT,2025-04-23 10:18:00,377.3592,377.2000
MSFT,2025-04-23 10:19:00,377.1600,377.5950
MSFT,2025-04-23 10:20:00,377.6100,377.2200
MSFT,2025-04-23 10:21:00,377.2200,377.3000
MSFT,2025-04-23 10:22:00,377.3100,377.7300
MSFT,2025-04-23 10:23:00,377.7935,378.7100
MSFT,2025-04-23 10:24:00,378.7416,378.5700
MSFT,2025-04-23 10:25:00,378.5050,378.6800
MSFT,2025-04-23 10:26:00,378.7050,379.2350
MSFT,2025-04-23 10:27:00,379.2000,378.6100
MSFT,2025-04-23 10:28:00,378.6300,379.3300
MSFT,2025-04-23 10:29:00,379.4487,378.9200
MSFT,2025-04-23 10:30:00,378.8200,378.9700
MSFT,2025-04-23 10:31:00,378.9750,379.2100
MSFT,2025-04-23 10:32:00,379.2100,379.3250
MSFT,2025-04-23 10:33:00,379.3400,379.6000
MSFT,2025-04-23 10:34:00,379.5600,379.5599
MSFT,2025-04-23 10:35:00,379.4800,379.9373
MSFT,2025-04-23 10:36:00,379.8950,380.0600
MSFT,2025-04-23 10:37:00,380.0350,379.8200
MSFT,2025-04-23 10:38:00,379.8600,379.8128
MSFT,2025-04-23 10:39:00,379.8700,379.8300
MSFT,2025-04-23 10:40:00,379.7550,380.0600
MSFT,2025-04-23 10:41:00,380.0350,379.5800
MSFT,2025-04-23 10:42:00,379.5100,379.5900
MSFT,2025-04-23 10:43:00,379.6633,379.8400
MSFT,2025-04-23 10:44:00,379.7850,379.8300
MSFT,2025-04-23 10:45:00,379.8550,379.9410
MSFT,2025-04-23 10:46:00,379.9500,379.9850
MSFT,2025-04-23 10:47:00,379.9600,380.2400
MSFT,2025-04-23 10:48:00,380.1700,380.2000
MSFT,2025-04-23 10:49:00,380.2000,379.7800
MSFT,2025-04-23 10:50:00,379.7100,379.2000
MSFT,2025-04-23 10:51:00,379.0500,379.2700
MSFT,2025-04-23 10:52:00,379.1608,379.4800
MSFT,2025-04-23 10:53:00,379.4700,379.3300
MSFT,2025-04-23 10:54:00,379.4800,379.4900
MSFT,2025-04-23 10:55:00,379.4500,379.4250
MSFT,2025-04-23 10:56:00,379.4250,379.4450
MSFT,2025-04-23 10:57:00,379.4200,379.4200
MSFT,2025-04-23 10:58:00,379.4300,379.4000
MSFT,2025-04-23 10:59:00,379.4400,379.3600
MSFT,2025-04-23 11:00:00,379.3700,379.0700
MSFT,2025-04-23 11:01:00,379.1200,379.3190
MSFT,2025-04-23 11:02:00,379.2350,378.9500
MSFT,2025-04-23 11:03:00,379.0000,379.0600
MSFT,2025-04-23 11:04:00,379.1500,379.5375
MSFT,2025-04-23 11:05:00,379.5000,379.3350
MSFT,2025-04-23 11:06:00,379.4500,379.7100
MSFT,2025-04-23 11:07:00,379.6500,379.7500
MSFT,2025-04-23 11:08:00,379.6100,379.5800
MSFT,2025-04-23 11:09:00,379.5650,379.1500
MSFT,2025-04-23 11:10:00,379.2100,378.8900
MSFT,2025-04-23 11:11:00,378.8900,378.6750
MSFT,2025-04-23 11:12:00,378.6001,378.6300
MSFT,2025-04-23 11:13:00,378.7250,378.7122
MSFT,2025-04-23 11:14:00,378.6236,378.7500
MSFT,2025-04-23 11:15:00,378.7300,378.4150
MSFT,2025-04-23 11:16:00,378.5000,378.0700
MSFT,2025-04-23 11:17:00,378.0950,378.1900
MSFT,2025-04-23 11:18:00,378.1850,378.2600
MSFT,2025-04-23 11:19:00,378.2700,378.0900
MSFT,2025-04-23 11:20:00,378.0900,378.0400
MSFT,2025-04-23 11:21:00,378.0150,378.3400
MSFT,2025-04-23 11:22:00,378.3800,378.7800
MSFT,2025-04-23 11:23:00,378.6750,377.5099
MSFT,2025-04-23 11:24:00,377.4000,377.7000
MSFT,2025-04-23 11:25:00,377.6800,377.8800
MSFT,2025-04-23 11:26:00,377.9000,377.2300
MSFT,2025-04-23 11:27:00,377.1400,376.9100
MSFT,2025-04-23 11:28:00,376.8500,376.3550
MSFT,2025-04-23 11:29:00,376.3300,376.8400
MSFT,2025-04-23 11:30:00,376.8400,376.7200
MSFT,2025-04-23 11:31:00,376.7476,376.5850
MSFT,2025-04-23 11:32:00,376.6700,375.5750
MSFT,2025-04-23 11:33:00,375.5000,376.2399
MSFT,2025-04-23 11:34:00,376.2100,376.5701
MSFT,2025-04-23 11:35:00,376.7000,376.2650
MSFT,2025-04-23 11:36:00,376.2650,376.2750
MSFT,2025-04-23 11:37:00,376.2450,376.5200
MSFT,2025-04-23 11:38:00,376.4736,376.6700
MSFT,2025-04-23 11:39:00,376.6250,376.8800
MSFT,2025-04-23 11:40:00,376.9150,376.8224
MSFT,2025-04-23 11:41:00,376.8400,376.9400
MSFT,2025-04-23 11:42:00,376.9600,376.4350
MSFT,2025-04-23 11:43:00,376.5300,376.1552
MSFT,2025-04-23 11:44:00,376.1600,376.0100
MSFT,2025-04-23 11:45:00,376.0600,376.3150
MSFT,2025-04-23 11:46:00,376.2700,375.6700
MSFT,2025-04-23 11:47:00,375.6800,375.5100
MSFT,2025-04-23 11:48:00,375.5450,374.9300
MSFT,2025-04-23 11:49:00,374.9600,374.7900
MSFT,2025-04-23 11:50:00,374.8700,375.2727
MSFT,2025-04-23 11:51:00,375.2000,374.9200
MSFT,2025-04-23 11:52:00,374.9990,374.7525
MSFT,2025-04-23 11:53:00,374.7350,374.7084
MSFT,2025-04-23 11:54:00,374.7350,375.1900
MSFT,2025-04-23 11:55:00,375.2500,375.7387
MSFT,2025-04-23 11:56:00,375.8375,375.8000
MSFT,2025-04-23 11:57:00,375.7300,376.3050
MSFT,2025-04-23 11:58:00,376.2900,376.1600
MSFT,2025-04-23 11:59:00,376.1400,376.1052
MSFT,2025-04-23 12:00:00,375.9700,375.8000
MSFT,2025-04-23 12:01:00,375.7900,375.5525
MSFT,2025-04-23 12:02:00,375.4700,375.4000
MSFT,2025-04-23 12:03:00,375.4700,375.5150
MSFT,2025-04-23 12:04:00,375.5500,375.6800
MSFT,2025-04-23 12:05:00,375.6780,375.9100
MSFT,2025-04-23 12:06:00,375.7350,375.4800
MSFT,2025-04-23 12:07:00,375.3550,375.5900
MSFT,2025-04-23 12:08:00,375.5450,375.1050
MSFT,2025-04-23 12:09:00,375.1000,374.9000
MSFT,2025-04-23 12:10:00,374.9800,375.2701
MSFT,2025-04-23 12:11:00,375.3750,375.0300
MSFT,2025-04-23 12:12:00,375.0600,374.6600
MSFT,2025-04-23 12:13:00,374.6900,375.1300
MSFT,2025-04-23 12:14:00,375.0650,375.1450
MSFT,2025-04-23 12:15:00,375.1000,374.9301
MSFT,2025-04-23 12:16:00,374.9950,375.0600
MSFT,2025-04-23 12:17:00,375.0450,374.9000
MSFT,2025-04-23 12:18:00,374.8600,374.4850
MSFT,2025-04-23 12:19:00,374.4700,374.3550
MSFT,2025-04-23 12:20:00,374.3600,374.4300
MSFT,2025-04-23 12:21:00,374.4000,374.1300
MSFT,2025-04-23 12:22:00,374.1970,374.1800
MSFT,2025-04-23 12:23:00,374.2229,374.3300
MSFT,2025-04-23 12:24:00,374.3300,374.2658
MSFT,2025-04-23 12:25:00,374.2800,374.2100
MSFT,2025-04-23 12:26:00,374.1600,373.7400
MSFT,2025-04-23 12:27:00,373.7550,374.3250
MSFT,2025-04-23 12:28:00,374.2900,374.7900
MSFT,2025-04-23 12:29:00,374.8450,375.0800
MSFT,2025-04-23 12:30:00,375.1100,375.4000
MSFT,2025-04-23 12:31:00,375.3300,375.1900
MSFT,2025-04-23 12:32:00,375.2350,375.1500
MSFT,2025-04-23 12:33:00,375.1250,375.3500
MSFT,2025-04-23 12:34:00,375.2600,375.1950
MSFT,2025-04-23 12:35:00,375.2000,375.4100
MSFT,2025-04-23 12:36:00,375.4500,375.7100
MSFT,2025-04-23 12:37:00,375.6850,375.7100
MSFT,2025-04-23 12:38:00,375.7300,375.7600
MSFT,2025-04-23 12:39:00,375.7750,375.7600
MSFT,2025-04-23 12:40:00,375.7500,375.7300
MSFT,2025-04-23 12:41:00,375.7813,375.4900
MSFT,2025-04-23 12:42:00,375.4400,375.5700
MSFT,2025-04-23 12:43:00,375.4848,375.6200
MSFT,2025-04-23 12:44:00,375.6800,375.6100
MSFT,2025-04-23 12:45:00,375.6000,375.7900
MSFT,2025-04-23 12:46:00,375.8150,375.4500
MSFT,2025-04-23 12:47:00,375.4650,375.5300
MSFT,2025-04-23 12:48:00,375.5150,375.2100
MSFT,2025-04-23 12:49:00,375.2300,374.9500
MSFT,2025-04-23 12:50:00,374.9200,374.8862
MSFT,2025-04-23 12:51:00,375.0032,375.3450
MSFT,2025-04-23 12:52:00,375.3000,375.4650
MSFT,2025-04-23 12:53:00,375.5300,375.6700
MSFT,2025-04-23 12:54:00,375.7175,375.7600
MSFT,2025-04-23 12:55:00,375.7600,376.1800
MSFT,2025-04-23 12:56:00,376.0850,376.6000
MSFT,2025-04-23 12:57:00,376.5550,377.0150
MSFT,2025-04-23 12:58:00,377.0700,376.8500
MSFT,2025-04-23 12:59:00,376.8900,376.8600
MSFT,2025-04-23 13:00:00,376.8600,376.1100
MSFT,2025-04-23 13:01:00,376.1400,376.3732
MSFT,2025-04-23 13:02:00,376.3700,376.4750
MSFT,2025-04-23 13:03:00,376.5900,376.6700
MSFT,2025-04-23 13:04:00,376.7600,376.8800
MSFT,2025-04-23 13:05:00,376.8600,376.8600
MSFT,2025-04-23 13:06:00,376.9700,376.9150
MSFT,2025-04-23 13:07:00,377.0000,377.0948
MSFT,2025-04-23 13:08:00,377.0400,377.3300
MSFT,2025-04-23 13:09:00,377.3600,377.2180
MSFT,2025-04-23 13:10:00,377.2400,377.2027
MSFT,2025-04-23 13:11:00,377.1400,376.9900
MSFT,2025-04-23 13:12:00,377.0000,377.0400
MSFT,2025-04-23 13:13:00,377.0700,377.0821
MSFT,2025-04-23 13:14:00,377.0950,377.2500
MSFT,2025-04-23 13:15:00,377.3500,377.4150
MSFT,2025-04-23 13:16:00,377.3301,377.2700
MSFT,2025-04-23 13:17:00,377.4020,377.4350
MSFT,2025-04-23 13:18:00,377.4900,377.4800
MSFT,2025-04-23 13:19:00,377.4400,377.4600
MSFT,2025-04-23 13:20:00,377.4400,377.5600
MSFT,2025-04-23 13:21:00,377.6100,377.6050
MSFT,2025-04-23 13:22:00,377.6025,377.5150
MSFT,2025-04-23 13:23:00,377.5050,377.0400
MSFT,2025-04-23 13:24:00,377.0350,377.2300
MSFT,2025-04-23 13:25:00,377.2900,377.6791
MSFT,2025-04-23 13:26:00,377.6600,377.3300
MSFT,2025-04-23 13:27:00,377.2500,377.6700
MSFT,2025-04-23 13:28:00,377.6200,377.3800
MSFT,2025-04-23 13:29:00,377.3550,377.0000
MSFT,2025-04-23 13:30:00,377.0500,377.2500
MSFT,2025-04-23 13:31:00,377.3358,377.1600
MSFT,2025-04-23 13:32:00,377.1400,377.0925
MSFT,2025-04-23 13:33:00,377.0350,376.9850
MSFT,2025-04-23 13:34:00,376.9925,376.7300
MSFT,2025-04-23 13:35:00,376.7200,376.7950
MSFT,2025-04-23 13:36:00,376.7650,376.7950
MSFT,2025-04-23 13:37:00,376.7100,376.1500
MSFT,2025-04-23 13:38:00,376.2400,376.2000
MSFT,2025-04-23 13:39:00,376.1650,376.4500
MSFT,2025-04-23 13:40:00,376.4100,376.3000
MSFT,2025-04-23 13:41:00,376.2850,376.1124
MSFT,2025-04-23 13:42:00,376.1800,375.8950
MSFT,2025-04-23 13:43:00,375.8900,376.1900
MSFT,2025-04-23 13:44:00,376.2150,376.5000
MSFT,2025-04-23 13:45:00,376.5550,376.1400
MSFT,2025-04-23 13:46:00,376.2600,376.4100
MSFT,2025-04-23 13:47:00,376.3850,376.2550
MSFT,2025-04-23 13:48:00,376.2050,376.0100
MSFT,2025-04-23 13:49:00,375.9500,376.1100
MSFT,2025-04-23 13:50:00,376.1000,376.0450
MSFT,2025-04-23 13:51:00,376.0450,376.2700
MSFT,2025-04-23 13:52:00,376.1650,376.4700
MSFT,2025-04-23 13:53:00,376.4400,376.6800
MSFT,2025-04-23 13:54:00,376.8100,377.0200
MSFT,2025-04-23 13:55:00,377.0100,377.1999
MSFT,2025-04-23 13:56:00,377.1400,377.3800
MSFT,2025-04-23 13:57:00,377.4350,377.4300
MSFT,2025-04-23 13:58:00,377.4700,377.3200
MSFT,2025-04-23 13:59:00,377.3300,377.1900
MSFT,2025-04-23 14:00:00,377.0700,377.2600
MSFT,2025-04-23 14:01:00,377.2900,377.4000
MSFT,2025-04-23 14:02:00,377.4000,377.0100
MSFT,2025-04-23 14:03:00,376.8711,376.4900
MSFT,2025-04-23 14:04:00,376.5300,376.8100
MSFT,2025-04-23 14:05:00,377.0300,377.1800
MSFT,2025-04-23 14:06:00,377.0850,377.0700
MSFT,2025-04-23 14:07:00,377.0700,376.8800
MSFT,2025-04-23 14:08:00,376.9700,377.2540
MSFT,2025-04-23 14:09:00,377.3500,377.2350
MSFT,2025-04-23 14:10:00,377.2000,377.3600
MSFT,2025-04-23 14:11:00,377.4160,377.6484
MSFT,2025-04-23 14:12:00,377.5900,377.7100
MSFT,2025-04-23 14:13:00,377.6496,377.8200
MSFT,2025-04-23 14:14:00,377.8516,377.3800
MSFT,2025-04-23 14:15:00,377.3500,377.8619
MSFT,2025-04-23 14:16:00,377.8750,377.8200
MSFT,2025-04-23 14:17:00,377.7900,377.5700
MSFT,2025-04-23 14:18:00,377.4700,377.2100
MSFT,2025-04-23 14:19:00,377.1700,377.0300
MSFT,2025-04-23 14:20:00,377.0200,377.4535
MSFT,2025-04-23 14:21:00,377.4000,377.6750
MSFT,2025-04-23 14:22:00,377.6750,377.3150
MSFT,2025-04-23 14:23:00,377.3050,376.6450
MSFT,2025-04-23 14:24:00,376.6400,376.6800
MSFT,2025-04-23 14:25:00,376.6200,376.3425
MSFT,2025-04-23 14:26:00,376.3550,376.4600
MSFT,2025-04-23 14:27:00,376.4100,376.4100
MSFT,2025-04-23 14:28:00,376.3700,376.0650
MSFT,2025-04-23 14:29:00,375.9400,376.0350
MSFT,2025-04-23 14:30:00,376.0200,376.1800
MSFT,2025-04-23 14:31:00,376.1800,376.5310
MSFT,2025-04-23 14:32:00,376.4650,376.5150
MSFT,2025-04-23 14:33:00,376.4617,376.3700
MSFT,2025-04-23 14:34:00,376.3400,376.2400
MSFT,2025-04-23 14:35:00,376.2400,376.1600
MSFT,2025-04-23 14:36:00,376.2499,376.1100
MSFT,2025-04-23 14:37:00,376.1200,376.1300
MSFT,2025-04-23 14:38:00,376.1750,376.1650
MSFT,2025-04-23 14:39:00,376.2000,376.1781
MSFT,2025-04-23 14:40:00,376.2550,375.9900
MSFT,2025-04-23 14:41:00,376.1191,376.0900
MSFT,2025-04-23 14:42:00,376.0600,376.0800
MSFT,2025-04-23 14:43:00,376.0200,375.9400
MSFT,2025-04-23 14:44:00,375.8900,375.7200
MSFT,2025-04-23 14:45:00,375.7350,375.8600
MSFT,2025-04-23 14:46:00,375.8700,375.7100
MSFT,2025-04-23 14:47:00,375.7750,376.0600
MSFT,2025-04-23 14:48:00,375.9700,376.2200
MSFT,2025-04-23 14:49:00,376.2700,376.2350
MSFT,2025-04-23 14:50:00,376.2350,375.9100
MSFT,2025-04-23 14:51:00,375.8900,375.8650
MSFT,2025-04-23 14:52:00,375.8600,375.9200
MSFT,2025-04-23 14:53:00,375.9250,375.7450
MSFT,2025-04-23 14:54:00,375.7450,375.8750
MSFT,2025-04-23 14:55:00,375.8200,376.2200
MSFT,2025-04-23 14:56:00,376.0600,376.6013
MSFT,2025-04-23 14:57:00,376.6500,376.3308
MSFT,2025-04-23 14:58:00,376.4000,376.6300
MSFT,2025-04-23 14:59:00,376.5550,376.0650
MSFT,2025-04-23 15:00:00,376.1000,376.1800
MSFT,2025-04-23 15:01:00,376.1950,375.7650
MSFT,2025-04-23 15:02:00,375.7650,375.4150
MSFT,2025-04-23 15:03:00,375.4100,375.2800
MSFT,2025-04-23 15:04:00,375.3600,375.0964
MSFT,2025-04-23 15:05:00,375.0200,375.2200
MSFT,2025-04-23 15:06:00,375.3100,375.2900
MSFT,2025-04-23 15:07:00,375.2950,375.3850
MSFT,2025-04-23 15:08:00,375.3700,375.4128
MSFT,2025-04-23 15:09:00,375.4700,375.2500
MSFT,2025-04-23 15:10:00,375.2550,375.2600
MSFT,2025-04-23 15:11:00,375.2950,375.6227
MSFT,2025-04-23 15:12:00,375.4965,375.2600
MSFT,2025-04-23 15:13:00,375.1900,375.2600
MSFT,2025-04-23 15:14:00,375.2900,375.1700
MSFT,2025-04-23 15:15:00,375.1570,374.9050
MSFT,2025-04-23 15:16:00,374.9050,374.9000
MSFT,2025-04-23 15:17:00,374.9700,375.1936
MSFT,2025-04-23 15:18:00,375.2050,375.0250
MSFT,2025-04-23 15:19:00,375.0000,374.8900
MSFT,2025-04-23 15:20:00,374.8900,374.7050
MSFT,2025-04-23 15:21:00,374.6800,374.8100
MSFT,2025-04-23 15:22:00,374.8700,374.3200
MSFT,2025-04-23 15:23:00,374.3000,374.2100
MSFT,2025-04-23 15:24:00,374.2250,374.2500
MSFT,2025-04-23 15:25:00,374.2350,373.9850
MSFT,2025-04-23 15:26:00,373.9950,374.3950
MSFT,2025-04-23 15:27:00,374.3400,374.5475
MSFT,2025-04-23 15:28:00,374.5100,374.4100
MSFT,2025-04-23 15:29:00,374.2900,374.3661
MSFT,2025-04-23 15:30:00,374.2700,374.4600
MSFT,2025-04-23 15:31:00,374.4500,374.8200
MSFT,2025-04-23 15:32:00,374.8284,374.5100
MSFT,2025-04-23 15:33:00,374.5100,374.6150
MSFT,2025-04-23 15:34:00,374.6125,374.0300
MSFT,2025-04-23 15:35:00,373.9700,373.3500
MSFT,2025-04-23 15:36:00,373.3700,373.1900
MSFT,2025-04-23 15:37:00,373.1900,373.2000
MSFT,2025-04-23 15:38:00,373.2250,373.3600
MSFT,2025-04-23 15:39:00,373.3496,373.4900
MSFT,2025-04-23 15:40:00,373.4900,373.6000
MSFT,2025-04-23 15:41:00,373.5650,373.5700
MSFT,2025-04-23 15:42:00,373.5900,373.5300
MSFT,2025-04-23 15:43:00,373.5450,373.5100
MSFT,2025-04-23 15:44:00,373.5500,373.6300
MSFT,2025-04-23 15:45:00,373.6400,373.9200
MSFT,2025-04-23 15:46:00,373.9200,373.5700
MSFT,2025-04-23 15:47:00,373.5650,373.9300
MSFT,2025-04-23 15:48:00,373.9200,374.2000
MSFT,2025-04-23 15:49:00,374.1800,374.2400
MSFT,2025-04-23 15:50:00,374.3500,375.1450
MSFT,2025-04-23 15:51:00,375.1400,374.7900
MSFT,2025-04-23 15:52:00,374.7900,375.4015
MSFT,2025-04-23 15:53:00,375.4450,375.5100
MSFT,2025-04-23 15:54:00,375.5600,375.4300
MSFT,2025-04-23 15:55:00,375.4500,375.2100
MSFT,2025-04-23 15:56:00,375.2100,375.0200
MSFT,2025-04-23 15:57:00,375.1100,374.9000
MSFT,2025-04-23 15:58:00,374.9250,374.8300
MSFT,2025-04-23 15:59:00,374.8500,374.0500
MSFT,2025-04-24 09:30:00,375.6950,375.5300
MSFT,2025-04-24 09:31:00,375.6150,376.3250
MSFT,2025-04-24 09:32:00,376.3200,376.2850
MSFT,2025-04-24 09:33:00,376.2000,376.4600
MSFT,2025-04-24 09:34:00,376.4600,376.3150
MSFT,2025-04-24 09:35:00,376.3550,377.0400
MSFT,2025-04-24 09:36:00,377.0300,376.6300
MSFT,2025-04-24 09:37:00,376.6850,377.0300
MSFT,2025-04-24 09:38:00,377.0400,376.9600
MSFT,2025-04-24 09:39:00,376.8800,377.4600
MSFT,2025-04-24 09:40:00,377.4550,377.5900
MSFT,2025-04-24 09:41:00,377.6000,377.7150
MSFT,2025-04-24 09:42:00,377.8100,378.1900
MSFT,2025-04-24 09:43:00,378.1800,378.5550
MSFT,2025-04-24 09:44:00,378.5300,378.9499
MSFT,2025-04-24 09:45:00,378.8650,379.3000
MSFT,2025-04-24 09:46:00,379.2500,379.4400
MSFT,2025-04-24 09:47:00,379.5100,379.7099
MSFT,2025-04-24 09:48:00,379.6250,378.9400
MSFT,2025-04-24 09:49:00,378.9700,379.7500
MSFT,2025-04-24 09:50:00,379.7800,379.8290
MSFT,2025-04-24 09:51:00,379.8200,379.9650
MSFT,2025-04-24 09:52:00,379.9650,380.0800
MSFT,2025-04-24 09:53:00,380.0800,379.9250
MSFT,2025-04-24 09:54:00,379.8900,379.9700
MSFT,2025-04-24 09:55:00,380.0248,379.8000
MSFT,2025-04-24 09:56:00,379.8000,380.1400
MSFT,2025-04-24 09:57:00,380.1400,380.6475
MSFT,2025-04-24 09:58:00,380.6900,381.0250
MSFT,2025-04-24 09:59:00,381.1400,381.4800
MSFT,2025-04-24 10:00:00,381.3900,381.9000
MSFT,2025-04-24 10:01:00,381.9000,381.4275
MSFT,2025-04-24 10:02:00,381.5025,381.0000
MSFT,2025-04-24 10:03:00,380.9900,381.2000
MSFT,2025-04-24 10:04:00,381.2000,381.3500
MSFT,2025-04-24 10:05:00,381.3125,381.5700
MSFT,2025-04-24 10:06:00,381.5500,381.5900
MSFT,2025-04-24 10:07:00,381.6943,382.1000
MSFT,2025-04-24 10:08:00,382.0250,382.0000
MSFT,2025-04-24 10:09:00,381.9400,381.8800
MSFT,2025-04-24 10:10:00,381.9100,381.6000
MSFT,2025-04-24 10:11:00,381.5900,381.7940
MSFT,2025-04-24 10:12:00,381.7200,381.2101
MSFT,2025-04-24 10:13:00,381.3000,381.6750
MSFT,2025-04-24 10:14:00,381.6750,381.7532
MSFT,2025-04-24 10:15:00,381.7600,381.7800
MSFT,2025-04-24 10:16:00,381.8000,381.4900
MSFT,2025-04-24 10:17:00,381.3950,381.3200
MSFT,2025-04-24 10:18:00,381.3295,381.4700
MSFT,2025-04-24 10:19:00,381.4400,382.0700
MSFT,2025-04-24 10:20:00,382.0200,382.2400
MSFT,2025-04-24 10:21:00,382.2050,382.2600
MSFT,2025-04-24 10:22:00,382.2533,382.3693
MSFT,2025-04-24 10:23:00,382.3100,382.2345
MSFT,2025-04-24 10:24:00,382.2450,382.2900
MSFT,2025-04-24 10:25:00,382.1950,381.9400
MSFT,2025-04-24 10:26:00,381.9250,382.1500
MSFT,2025-04-24 10:27:00,382.1050,382.5400
MSFT,2025-04-24 10:28:00,382.5000,382.7685
MSFT,2025-04-24 10:29:00,382.7650,382.9650
MSFT,2025-04-24 10:30:00,382.9500,383.0900
MSFT,2025-04-24 10:31:00,383.1000,383.1950
MSFT,2025-04-24 10:32:00,383.1200,383.4100
MSFT,2025-04-24 10:33:00,383.3950,383.3000
MSFT,2025-04-24 10:34:00,383.3000,383.5834
MSFT,2025-04-24 10:35:00,383.6400,383.8000
MSFT,2025-04-24 10:36:00,383.7900,383.7750
MSFT,2025-04-24 10:37:00,383.7075,384.2150
MSFT,2025-04-24 10:38:00,384.2350,384.2200
MSFT,2025-04-24 10:39:00,384.1300,383.9000
MSFT,2025-04-24 10:40:00,383.9150,383.7300
MSFT,2025-04-24 10:41:00,383.7300,383.7900
MSFT,2025-04-24 10:42:00,383.6600,383.7100
MSFT,2025-04-24 10:43:00,383.7350,383.3000
MSFT,2025-04-24 10:44:00,383.3000,383.0100
MSFT,2025-04-24 10:45:00,383.1100,383.2200
MSFT,2025-04-24 10:46:00,383.1400,383.1350
MSFT,2025-04-24 10:47:00,383.1400,382.8250
MSFT,2025-04-24 10:48:00,382.8300,382.9100
MSFT,2025-04-24 10:49:00,382.9200,383.5150
MSFT,2025-04-24 10:50:00,383.5800,383.4100
MSFT,2025-04-24 10:51:00,383.4150,383.4600
MSFT,2025-04-24 10:52:00,383.5000,382.9433
MSFT,2025-04-24 10:53:00,382.8950,382.9515
MSFT,2025-04-24 10:54:00,382.9100,383.0800
MSFT,2025-04-24 10:55:00,383.1626,383.3450
MSFT,2025-04-24 10:56:00,383.3505,383.2250
MSFT,2025-04-24 10:57:00,383.3000,383.1100
MSFT,2025-04-24 10:58:00,383.1000,383.1210
MSFT,2025-04-24 10:59:00,382.9200,383.1650
MSFT,2025-04-24 11:00:00,383.1800,383.2450
MSFT,2025-04-24 11:01:00,383.2550,383.0100
MSFT,2025-04-24 11:02:00,383.0905,382.6500
MSFT,2025-04-24 11:03:00,382.7199,382.6400
MSFT,2025-04-24 11:04:00,382.6100,383.2700
MSFT,2025-04-24 11:05:00,383.3000,383.3847
MSFT,2025-04-24 11:06:00,383.4000,383.3000
MSFT,2025-04-24 11:07:00,383.2950,383.3400
MSFT,2025-04-24 11:08:00,383.2158,383.2400
MSFT,2025-04-24 11:09:00,383.2200,383.1972
MSFT,2025-04-24 11:10:00,383.2350,383.3850
MSFT,2025-04-24 11:11:00,383.3624,383.6701
MSFT,2025-04-24 11:12:00,383.7900,383.8014
MSFT,2025-04-24 11:13:00,383.8200,383.9300
MSFT,2025-04-24 11:14:00,383.8900,383.9500
MSFT,2025-04-24 11:15:00,383.9700,384.1300
MSFT,2025-04-24 11:16:00,384.0750,383.9800
MSFT,2025-04-24 11:17:00,383.9600,384.0000
MSFT,2025-04-24 11:18:00,384.0550,383.8400
MSFT,2025-04-24 11:19:00,383.8373,383.5300
MSFT,2025-04-24 11:20:00,383.4800,383.6553
MSFT,2025-04-24 11:21:00,383.6400,383.7200
MSFT,2025-04-24 11:22:00,383.6500,383.5200
MSFT,2025-04-24 11:23:00,383.5851,383.3200
MSFT,2025-04-24 11:24:00,383.2511,383.8100
MSFT,2025-04-24 11:25:00,383.8100,383.9100
MSFT,2025-04-24 11:26:00,383.9300,384.1800
MSFT,2025-04-24 11:27:00,384.1400,383.9200
MSFT,2025-04-24 11:28:00,383.9000,383.7300
MSFT,2025-04-24 11:29:00,383.7700,383.5850
MSFT,2025-04-24 11:30:00,383.6500,383.1943
MSFT,2025-04-24 11:31:00,383.1760,383.5000
MSFT,2025-04-24 11:32:00,383.5900,383.4700
MSFT,2025-04-24 11:33:00,383.4700,383.6350
MSFT,2025-04-24 11:34:00,383.6350,383.7500
MSFT,2025-04-24 11:35:00,383.7500,383.7950
MSFT,2025-04-24 11:36:00,383.7800,383.8100
MSFT,2025-04-24 11:37:00,383.8100,383.7400
MSFT,2025-04-24 11:38:00,383.7500,383.9800
MSFT,2025-04-24 11:39:00,383.9400,383.8400
MSFT,2025-04-24 11:40:00,383.7600,383.7800
MSFT,2025-04-24 11:41:00,383.7900,383.9000
MSFT,2025-04-24 11:42:00,383.8300,383.3800
MSFT,2025-04-24 11:43:00,383.3800,383.3650
MSFT,2025-04-24 11:44:00,383.3800,383.2800
MSFT,2025-04-24 11:45:00,383.2700,383.2600
MSFT,2025-04-24 11:46:00,383.2500,383.2302
MSFT,2025-04-24 11:47:00,383.2300,383.2600
MSFT,2025-04-24 11:48:00,383.2850,383.3500
MSFT,2025-04-24 11:49:00,383.4200,383.4939
MSFT,2025-04-24 11:50:00,383.4800,383.3200
MSFT,2025-04-24 11:51:00,383.3400,383.3800
MSFT,2025-04-24 11:52:00,383.3850,383.8300
MSFT,2025-04-24 11:53:00,383.8800,384.3450
MSFT,2025-04-24 11:54:00,384.3300,384.3200
MSFT,2025-04-24 11:55:00,384.2300,384.4500
MSFT,2025-04-24 11:56:00,384.4200,383.7250
MSFT,2025-04-24 11:57:00,383.7706,383.6700
MSFT,2025-04-24 11:58:00,383.6600,383.6000
MSFT,2025-04-24 11:59:00,383.5039,383.3300
MSFT,2025-04-24 12:00:00,383.3250,383.2393
MSFT,2025-04-24 12:01:00,383.2400,383.0075
MSFT,2025-04-24 12:02:00,383.0075,383.1350
MSFT,2025-04-24 12:03:00,383.1172,383.2000
MSFT,2025-04-24 12:04:00,383.2500,383.3200
MSFT,2025-04-24 12:05:00,383.4400,383.2200
MSFT,2025-04-24 12:06:00,383.2850,383.2700
MSFT,2025-04-24 12:07:00,383.2100,382.9800
MSFT,2025-04-24 12:08:00,383.0327,382.8700
MSFT,2025-04-24 12:09:00,382.9758,382.7950
MSFT,2025-04-24 12:10:00,382.7800,383.0500
MSFT,2025-04-24 12:11:00,382.9750,383.1650
MSFT,2025-04-24 12:12:00,383.3000,383.5000
MSFT,2025-04-24 12:13:00,383.4900,383.6285
MSFT,2025-04-24 12:14:00,383.6999,383.6900
MSFT,2025-04-24 12:15:00,383.6776,383.9300
MSFT,2025-04-24 12:16:00,383.9100,383.9525
MSFT,2025-04-24 12:17:00,384.0050,384.2300
MSFT,2025-04-24 12:18:00,384.2528,384.0950
MSFT,2025-04-24 12:19:00,384.1400,384.3299
MSFT,2025-04-24 12:20:00,384.2400,384.3800
MSFT,2025-04-24 12:21:00,384.3600,384.4124
MSFT,2025-04-24 12:22:00,384.3800,384.2900
MSFT,2025-04-24 12:23:00,384.3300,384.4200
MSFT,2025-04-24 12:24:00,384.3900,384.0050
MSFT,2025-04-24 12:25:00,384.0500,384.2350
MSFT,2025-04-24 12:26:00,384.1900,384.1000
MSFT,2025-04-24 12:27:00,384.1300,384.1900
MSFT,2025-04-24 12:28:00,384.1600,384.6900
MSFT,2025-04-24 12:29:00,384.6000,384.5800
MSFT,2025-04-24 12:30:00,384.5100,384.5250
MSFT,2025-04-24 12:31:00,384.5100,384.4300
MSFT,2025-04-24 12:32:00,384.3800,384.6884
MSFT,2025-04-24 12:33:00,384.5300,384.6676
MSFT,2025-04-24 12:34:00,384.7500,384.8300
MSFT,2025-04-24 12:35:00,384.8100,384.8499
MSFT,2025-04-24 12:36:00,384.8800,384.9500
MSFT,2025-04-24 12:37:00,385.0075,384.9100
MSFT,2025-04-24 12:38:00,384.9399,384.9900
MSFT,2025-04-24 12:39:00,385.0600,384.6600
MSFT,2025-04-24 12:40:00,384.6600,384.5800
MSFT,2025-04-24 12:41:00,384.5800,384.1500
MSFT,2025-04-24 12:42:00,384.1850,384.2900
MSFT,2025-04-24 12:43:00,384.3100,384.0400
MSFT,2025-04-24 12:44:00,384.0500,384.0300
MSFT,2025-04-24 12:45:00,384.0650,383.7600
MSFT,2025-04-24 12:46:00,383.8000,383.9815
MSFT,2025-04-24 12:47:00,383.9700,383.9300
MSFT,2025-04-24 12:48:00,383.9500,383.9750
MSFT,2025-04-24 12:49:00,383.9750,384.2400
MSFT,2025-04-24 12:50:00,384.3100,384.1000
MSFT,2025-04-24 12:51:00,384.0400,384.2500
MSFT,2025-04-24 12:52:00,384.1710,384.1700
MSFT,2025-04-24 12:53:00,384.1200,384.2800
MSFT,2025-04-24 12:54:00,384.2800,384.4100
MSFT,2025-04-24 12:55:00,384.3500,384.3600
MSFT,2025-04-24 12:56:00,384.3900,384.6700
MSFT,2025-04-24 12:57:00,384.6501,384.9900
MSFT,2025-04-24 12:58:00,384.9900,385.1250
MSFT,2025-04-24 12:59:00,385.1250,384.7300
MSFT,2025-04-24 13:00:00,384.7100,384.3300
MSFT,2025-04-24 13:01:00,384.3089,384.2100
MSFT,2025-04-24 13:02:00,384.2700,384.2307
MSFT,2025-04-24 13:03:00,384.2900,384.5200
MSFT,2025-04-24 13:04:00,384.5100,384.3650
MSFT,2025-04-24 13:05:00,384.3800,384.4500
MSFT,2025-04-24 13:06:00,384.4800,384.2700
MSFT,2025-04-24 13:07:00,384.2200,384.3150
MSFT,2025-04-24 13:08:00,384.3250,384.5050
MSFT,2025-04-24 13:09:00,384.4500,384.2500
MSFT,2025-04-24 13:10:00,384.2500,384.3600
MSFT,2025-04-24 13:11:00,384.3200,384.3550
MSFT,2025-04-24 13:12:00,384.3550,384.5400
MSFT,2025-04-24 13:13:00,384.5400,384.4238
MSFT,2025-04-24 13:14:00,384.4700,384.5200
MSFT,2025-04-24 13:15:00,384.4600,384.2600
MSFT,2025-04-24 13:16:00,384.3000,384.0150
MSFT,2025-04-24 13:17:00,384.0150,384.0000
MSFT,2025-04-24 13:18:00,383.9523,383.8500
MSFT,2025-04-24 13:19:00,383.9100,383.8900
MSFT,2025-04-24 13:20:00,383.8600,383.9000
MSFT,2025-04-24 13:21:00,383.9100,384.1400
MSFT,2025-04-24 13:22:00,384.1250,384.3300
MSFT,2025-04-24 13:23:00,384.3300,384.5576
MSFT,2025-04-24 13:24:00,384.5600,384.6900
MSFT,2025-04-24 13:25:00,384.7600,384.9900
MSFT,2025-04-24 13:26:00,384.9900,385.0400
MSFT,2025-04-24 13:27:00,385.0500,384.9800
MSFT,2025-04-24 13:28:00,384.9950,385.1350
MSFT,2025-04-24 13:29:00,385.1300,385.0600
MSFT,2025-04-24 13:30:00,385.0718,385.3300
MSFT,2025-04-24 13:31:00,385.3100,385.1750
MSFT,2025-04-24 13:32:00,385.2600,385.0550
MSFT,2025-04-24 13:33:00,385.0200,384.8300
MSFT,2025-04-24 13:34:00,384.8750,384.5400
MSFT,2025-04-24 13:35:00,384.5900,384.7350
MSFT,2025-04-24 13:36:00,384.6700,385.0200
MSFT,2025-04-24 13:37:00,385.0800,384.9850
MSFT,2025-04-24 13:38:00,384.9762,385.1000
MSFT,2025-04-24 13:39:00,385.0850,385.0200
MSFT,2025-04-24 13:40:00,385.0100,384.9200
MSFT,2025-04-24 13:41:00,384.9700,384.8200
MSFT,2025-04-24 13:42:00,384.8100,384.8600
MSFT,2025-04-24 13:43:00,384.8696,384.9200
MSFT,2025-04-24 13:44:00,384.9800,385.0700
MSFT,2025-04-24 13:45:00,385.0600,384.9150
MSFT,2025-04-24 13:46:00,384.9150,385.0650
MSFT,2025-04-24 13:47:00,385.0800,385.2900
MSFT,2025-04-24 13:48:00,385.2200,385.0600
MSFT,2025-04-24 13:49:00,385.0400,385.3780
MSFT,2025-04-24 13:50:00,385.3300,385.4100
MSFT,2025-04-24 13:51:00,385.3400,385.4800
MSFT,2025-04-24 13:52:00,385.5000,385.6171
MSFT,2025-04-24 13:53:00,385.5924,385.7700
MSFT,2025-04-24 13:54:00,385.7600,385.7900
MSFT,2025-04-24 13:55:00,385.8700,385.6200
MSFT,2025-04-24 13:56:00,385.7300,385.6800
MSFT,2025-04-24 13:57:00,385.6900,385.5900
MSFT,2025-04-24 13:58:00,385.5700,385.6950
MSFT,2025-04-24 13:59:00,385.6600,385.7200
MSFT,2025-04-24 14:00:00,385.6700,385.7400
MSFT,2025-04-24 14:01:00,385.6500,385.8000
MSFT,2025-04-24 14:02:00,385.8800,385.7400
MSFT,2025-04-24 14:03:00,385.7800,385.5650
MSFT,2025-04-24 14:04:00,385.5200,385.5400
MSFT,2025-04-24 14:05:00,385.5200,385.5900
MSFT,2025-04-24 14:06:00,385.6191,385.8750
MSFT,2025-04-24 14:07:00,385.8500,385.7600
MSFT,2025-04-24 14:08:00,385.8200,385.8900
MSFT,2025-04-24 14:09:00,385.8500,385.7655
MSFT,2025-04-24 14:10:00,385.7520,385.5550
MSFT,2025-04-24 14:11:00,385.5700,385.5000
MSFT,2025-04-24 14:12:00,385.5000,385.6300
MSFT,2025-04-24 14:13:00,385.5950,385.6750
MSFT,2025-04-24 14:14:00,385.6800,385.5900
MSFT,2025-04-24 14:15:00,385.5700,385.7650
MSFT,2025-04-24 14:16:00,385.7200,385.8020
MSFT,2025-04-24 14:17:00,385.7300,385.3799
MSFT,2025-04-24 14:18:00,385.3619,385.4900
MSFT,2025-04-24 14:19:00,385.4550,385.6500
MSFT,2025-04-24 14:20:00,385.6500,385.5500
MSFT,2025-04-24 14:21:00,385.5860,385.4500
MSFT,2025-04-24 14:22:00,385.5000,385.7100
MSFT,2025-04-24 14:23:00,385.7150,385.7800
MSFT,2025-04-24 14:24:00,385.7900,385.9700
MSFT,2025-04-24 14:25:00,386.0000,386.0000
MSFT,2025-04-24 14:26:00,386.0000,386.1299
MSFT,2025-04-24 14:27:00,386.1100,386.0600
MSFT,2025-04-24 14:28:00,386.0400,386.0919
MSFT,2025-04-24 14:29:00,386.1000,386.2292
MSFT,2025-04-24 14:30:00,386.2200,386.5700
MSFT,2025-04-24 14:31:00,386.5100,386.5100
MSFT,2025-04-24 14:32:00,386.5100,386.4600
MSFT,2025-04-24 14:33:00,386.4700,386.6500
MSFT,2025-04-24 14:34:00,386.7000,386.7500
MSFT,2025-04-24 14:35:00,386.7700,386.7800
MSFT,2025-04-24 14:36:00,386.6800,386.7150
MSFT,2025-04-24 14:37:00,386.7400,386.7800
MSFT,2025-04-24 14:38:00,386.8100,386.8800
MSFT,2025-04-24 14:39:00,386.8200,386.8800
MSFT,2025-04-24 14:40:00,386.9000,387.1000
MSFT,2025-04-24 14:41:00,387.1285,387.0400
MSFT,2025-04-24 14:42:00,387.0100,387.1700
MSFT,2025-04-24 14:43:00,387.1400,387.3100
MSFT,2025-04-24 14:44:00,387.3400,387.2650
MSFT,2025-04-24 14:45:00,387.2500,387.1100
MSFT,2025-04-24 14:46:00,387.1400,387.2550
MSFT,2025-04-24 14:47:00,387.2700,387.2550
MSFT,2025-04-24 14:48:00,387.3200,387.2201
MSFT,2025-04-24 14:49:00,387.2100,387.2850
MSFT,2025-04-24 14:50:00,387.3000,387.4900
MSFT,2025-04-24 14:51:00,387.5124,387.3800
MSFT,2025-04-24 14:52:00,387.3950,387.5500
MSFT,2025-04-24 14:53:00,387.5100,387.4700
MSFT,2025-04-24 14:54:00,387.4700,387.3000
MSFT,2025-04-24 14:55:00,387.2900,387.0200
MSFT,2025-04-24 14:56:00,387.0500,386.9100
MSFT,2025-04-24 14:57:00,386.9150,387.0400
MSFT,2025-04-24 14:58:00,387.0200,387.0700
MSFT,2025-04-24 14:59:00,387.0700,386.9900
MSFT,2025-04-24 15:00:00,387.0100,386.9500
MSFT,2025-04-24 15:01:00,386.9300,386.9800
MSFT,2025-04-24 15:02:00,386.9750,386.9800
MSFT,2025-04-24 15:03:00,386.9900,387.1100
MSFT,2025-04-24 15:04:00,387.1100,386.6482
MSFT,2025-04-24 15:05:00,386.6899,386.6815
MSFT,2025-04-24 15:06:00,386.6400,386.4100
MSFT,2025-04-24 15:07:00,386.3709,386.3500
MSFT,2025-04-24 15:08:00,386.3500,386.4500
MSFT,2025-04-24 15:09:00,386.4400,386.2700
MSFT,2025-04-24 15:10:00,386.3200,386.1540
MSFT,2025-04-24 15:11:00,386.1100,386.2900
MSFT,2025-04-24 15:12:00,386.3350,386.2650
MSFT,2025-04-24 15:13:00,386.2571,386.0100
MSFT,2025-04-24 15:14:00,386.0500,386.4600
MSFT,2025-04-24 15:15:00,386.4450,386.4250
MSFT,2025-04-24 15:16:00,386.3900,386.6000
MSFT,2025-04-24 15:17:00,386.6100,386.6300
MSFT,2025-04-24 15:18:00,386.6600,386.5750
MSFT,2025-04-24 15:19:00,386.5915,386.5000
MSFT,2025-04-24 15:20:00,386.5000,386.3700
MSFT,2025-04-24 15:21:00,386.3400,386.6050
MSFT,2025-04-24 15:22:00,386.6050,386.6450
MSFT,2025-04-24 15:23:00,386.6450,386.4600
MSFT,2025-04-24 15:24:00,386.4500,386.2350
MSFT,2025-04-24 15:25:00,386.2300,386.3000
MSFT,2025-04-24 15:26:00,386.2200,386.2425
MSFT,2025-04-24 15:27:00,386.2500,386.1800
MSFT,2025-04-24 15:28:00,386.1400,385.9900
MSFT,2025-04-24 15:29:00,385.9800,385.8000
MSFT,2025-04-24 15:30:00,385.8200,386.0400
MSFT,2025-04-24 15:31:00,386.0350,386.1150
MSFT,2025-04-24 15:32:00,386.1700,386.2700
MSFT,2025-04-24 15:33:00,386.2450,386.2100
MSFT,2025-04-24 15:34:00,386.1600,386.0650
MSFT,2025-04-24 15:35:00,386.0650,386.1700
MSFT,2025-04-24 15:36:00,386.1700,386.1300
MSFT,2025-04-24 15:37:00,386.1300,386.2372
MSFT,2025-04-24 15:38:00,386.1800,386.3800
MSFT,2025-04-24 15:39:00,386.4099,386.5799
MSFT,2025-04-24 15:40:00,386.5800,386.6000
MSFT,2025-04-24 15:41:00,386.6800,386.7308
MSFT,2025-04-24 15:42:00,386.7300,386.9450
MSFT,2025-04-24 15:43:00,386.9400,386.9650
MSFT,2025-04-24 15:44:00,386.9431,387.1600
MSFT,2025-04-24 15:45:00,387.1800,387.3199
MSFT,2025-04-24 15:46:00,387.2950,387.4763
MSFT,2025-04-24 15:47:00,387.4500,387.4700
MSFT,2025-04-24 15:48:00,387.4700,387.6600
MSFT,2025-04-24 15:49:00,387.6600,387.9700
MSFT,2025-04-24 15:50:00,388.0000,388.0500
MSFT,2025-04-24 15:51:00,388.1000,387.1500
MSFT,2025-04-24 15:52:00,387.1400,387.2700
MSFT,2025-04-24 15:53:00,387.2400,387.1850
MSFT,2025-04-24 15:54:00,387.1850,387.0500
MSFT,2025-04-24 15:55:00,387.0500,386.8800
MSFT,2025-04-24 15:56:00,386.9000,387.2276
MSFT,2025-04-24 15:57:00,387.2100,387.3400
MSFT,2025-04-24 15:58:00,387.2900,387.3300
MSFT,2025-04-24 15:59:00,387.3100,387.2700
MSFT,2025-04-25 09:30:00,387.0000,388.8150
MSFT,2025-04-25 09:31:00,388.7100,388.3350
MSFT,2025-04-25 09:32:00,388.3000,387.6200
MSFT,2025-04-25 09:33:00,387.7000,388.0350
MSFT,2025-04-25 09:34:00,388.0150,387.7000
MSFT,2025-04-25 09:35:00,387.7075,389.0000
MSFT,2025-04-25 09:36:00,388.9300,389.1350
MSFT,2025-04-25 09:37:00,389.1246,388.6100
MSFT,2025-04-25 09:38:00,388.6500,388.5800
MSFT,2025-04-25 09:39:00,388.6050,388.0350
MSFT,2025-04-25 09:40:00,388.1271,388.1900
MSFT,2025-04-25 09:41:00,388.1200,388.0850
MSFT,2025-04-25 09:42:00,388.1106,387.3550
MSFT,2025-04-25 09:43:00,387.3500,386.9900
MSFT,2025-04-25 09:44:00,387.0000,387.0230
MSFT,2025-04-25 09:45:00,387.0300,387.3399
MSFT,2025-04-25 09:46:00,387.2500,386.5950
MSFT,2025-04-25 09:47:00,386.5000,386.1017
MSFT,2025-04-25 09:48:00,386.1750,386.1100
MSFT,2025-04-25 09:49:00,386.0100,385.6056
MSFT,2025-04-25 09:50:00,385.6910,385.7750
MSFT,2025-04-25 09:51:00,385.8400,385.5900
MSFT,2025-04-25 09:52:00,385.5800,385.3500
MSFT,2025-04-25 09:53:00,385.4050,384.7000
MSFT,2025-04-25 09:54:00,384.7250,385.3600
MSFT,2025-04-25 09:55:00,385.4500,386.2150
MSFT,2025-04-25 09:56:00,386.2300,386.3100
MSFT,2025-04-25 09:57:00,386.3350,386.3550
MSFT,2025-04-25 09:58:00,386.4283,386.6450
MSFT,2025-04-25 09:59:00,386.5800,386.8900
MSFT,2025-04-25 10:00:00,386.7900,387.4900
MSFT,2025-04-25 10:01:00,387.5400,387.5401
MSFT,2025-04-25 10:02:00,387.7000,387.4796
MSFT,2025-04-25 10:03:00,387.3300,387.0000
MSFT,2025-04-25 10:04:00,387.0200,386.8269
MSFT,2025-04-25 10:05:00,386.7290,387.3200
MSFT,2025-04-25 10:06:00,387.3200,387.4500
MSFT,2025-04-25 10:07:00,387.5400,387.9850
MSFT,2025-04-25 10:08:00,387.9500,388.0400
MSFT,2025-04-25 10:09:00,388.0950,388.2700
MSFT,2025-04-25 10:10:00,388.3200,388.3700
MSFT,2025-04-25 10:11:00,388.3800,388.3700
MSFT,2025-04-25 10:12:00,388.3700,388.7585
MSFT,2025-04-25 10:13:00,388.7600,388.3300
MSFT,2025-04-25 10:14:00,388.4050,388.3200
MSFT,2025-04-25 10:15:00,388.2750,388.1300
MSFT,2025-04-25 10:16:00,388.1010,387.8250
MSFT,2025-04-25 10:17:00,387.8700,388.3250
MSFT,2025-04-25 10:18:00,388.3700,388.0700
MSFT,2025-04-25 10:19:00,388.0600,388.0250
MSFT,2025-04-25 10:20:00,388.0150,387.8000
MSFT,2025-04-25 10:21:00,387.8800,386.9900
MSFT,2025-04-25 10:22:00,386.9900,386.2700
MSFT,2025-04-25 10:23:00,386.2100,386.1250
MSFT,2025-04-25 10:24:00,386.1250,386.3800
MSFT,2025-04-25 10:25:00,386.4000,386.3650
MSFT,2025-04-25 10:26:00,386.5000,386.2400
MSFT,2025-04-25 10:27:00,386.2800,386.1450
MSFT,2025-04-25 10:28:00,386.2000,385.7650
MSFT,2025-04-25 10:29:00,385.7450,386.1100
MSFT,2025-04-25 10:30:00,386.1200,385.8100
MSFT,2025-04-25 10:31:00,385.7800,385.5100
MSFT,2025-04-25 10:32:00,385.4700,385.8900
MSFT,2025-04-25 10:33:00,385.9400,386.0600
MSFT,2025-04-25 10:34:00,386.0400,386.1100
MSFT,2025-04-25 10:35:00,386.1600,386.2237
MSFT,2025-04-25 10:36:00,386.2100,386.1900
MSFT,2025-04-25 10:37:00,386.1700,386.4500
MSFT,2025-04-25 10:38:00,386.4100,386.7900
MSFT,2025-04-25 10:39:00,386.8300,386.8350
MSFT,2025-04-25 10:40:00,386.8000,387.4500
MSFT,2025-04-25 10:41:00,387.4500,387.3700
MSFT,2025-04-25 10:42:00,387.4400,387.2450
MSFT,2025-04-25 10:43:00,387.2675,387.2000
MSFT,2025-04-25 10:44:00,387.3100,387.5900
MSFT,2025-04-25 10:45:00,387.5800,387.6550
MSFT,2025-04-25 10:46:00,387.6900,387.2700
MSFT,2025-04-25 10:47:00,387.3700,387.3400
MSFT,2025-04-25 10:48:00,387.3000,387.3950
MSFT,2025-04-25 10:49:00,387.4600,387.5400
MSFT,2025-04-25 10:50:00,387.5400,387.2400
MSFT,2025-04-25 10:51:00,387.1900,387.1850
MSFT,2025-04-25 10:52:00,387.1150,387.1900
MSFT,2025-04-25 10:53:00,387.2000,387.3950
MSFT,2025-04-25 10:54:00,387.4500,387.1800
MSFT,2025-04-25 10:55:00,387.2300,387.1350
MSFT,2025-04-25 10:56:00,387.1800,386.7450
MSFT,2025-04-25 10:57:00,386.8054,386.8300
MSFT,2025-04-25 10:58:00,386.8150,386.9050
MSFT,2025-04-25 10:59:00,386.9100,387.4100
MSFT,2025-04-25 11:00:00,387.4225,387.0400
MSFT,2025-04-25 11:01:00,387.0600,387.2200
MSFT,2025-04-25 11:02:00,387.2200,387.2950
MSFT,2025-04-25 11:03:00,387.3200,387.3575
MSFT,2025-04-25 11:04:00,387.3250,387.4800
MSFT,2025-04-25 11:05:00,387.4400,387.7630
MSFT,2025-04-25 11:06:00,387.7200,387.7200
MSFT,2025-04-25 11:07:00,387.7200,387.5150
MSFT,2025-04-25 11:08:00,387.5100,387.3750
MSFT,2025-04-25 11:09:00,387.2600,387.3800
MSFT,2025-04-25 11:10:00,387.3250,387.5500
MSFT,2025-04-25 11:11:00,387.6100,387.5200
MSFT,2025-04-25 11:12:00,387.5900,387.6150
MSFT,2025-04-25 11:13:00,387.6000,387.4600
MSFT,2025-04-25 11:14:00,387.4650,387.5500
MSFT,2025-04-25 11:15:00,387.5400,387.2950
MSFT,2025-04-25 11:16:00,387.2400,387.0000
MSFT,2025-04-25 11:17:00,387.0400,386.8100
MSFT,2025-04-25 11:18:00,386.8600,387.2000
MSFT,2025-04-25 11:19:00,387.1600,387.4399
MSFT,2025-04-25 11:20:00,387.3640,387.5900
MSFT,2025-04-25 11:21:00,387.5600,387.6600
MSFT,2025-04-25 11:22:00,387.6500,387.8300
MSFT,2025-04-25 11:23:00,387.7700,387.7500
MSFT,2025-04-25 11:24:00,387.6800,387.5450
MSFT,2025-04-25 11:25:00,387.5450,387.3900
MSFT,2025-04-25 11:26:00,387.3700,387.3050
MSFT,2025-04-25 11:27:00,387.3050,387.3300
MSFT,2025-04-25 11:28:00,387.3400,387.2300
MSFT,2025-04-25 11:29:00,387.0950,386.9850
MSFT,2025-04-25 11:30:00,387.0200,387.1800
MSFT,2025-04-25 11:31:00,387.1684,387.2550
MSFT,2025-04-25 11:32:00,387.2350,387.1600
MSFT,2025-04-25 11:33:00,387.1600,387.1850
MSFT,2025-04-25 11:34:00,387.1400,387.1100
MSFT,2025-04-25 11:35:00,387.1000,386.8000
MSFT,2025-04-25 11:36:00,386.8550,386.7799
MSFT,2025-04-25 11:37:00,386.6900,386.6700
MSFT,2025-04-25 11:38:00,386.6100,386.4100
MSFT,2025-04-25 11:39:00,386.4100,386.6350
MSFT,2025-04-25 11:40:00,386.6550,386.9450
MSFT,2025-04-25 11:41:00,386.9900,387.1300
MSFT,2025-04-25 11:42:00,387.1150,387.0000
MSFT,2025-04-25 11:43:00,386.8700,386.5500
MSFT,2025-04-25 11:44:00,386.5100,386.4500
MSFT,2025-04-25 11:45:00,386.4200,386.4200
MSFT,2025-04-25 11:46:00,386.4350,386.3950
MSFT,2025-04-25 11:47:00,386.4300,386.5800
MSFT,2025-04-25 11:48:00,386.5691,386.6600
MSFT,2025-04-25 11:49:00,386.7600,386.8700
MSFT,2025-04-25 11:50:00,386.7300,387.1545
MSFT,2025-04-25 11:51:00,387.1400,387.2400
MSFT,2025-04-25 11:52:00,387.2200,387.4800
MSFT,2025-04-25 11:53:00,387.5000,387.4200
MSFT,2025-04-25 11:54:00,387.3923,387.5800
MSFT,2025-04-25 11:55:00,387.5900,387.5851
MSFT,2025-04-25 11:56:00,387.5450,387.6950
MSFT,2025-04-25 11:57:00,387.7400,387.6900
MSFT,2025-04-25 11:58:00,387.6600,387.6700
MSFT,2025-04-25 11:59:00,387.7130,387.6300
MSFT,2025-04-25 12:00:00,387.6000,387.8300
MSFT,2025-04-25 12:01:00,387.8300,388.0500
MSFT,2025-04-25 12:02:00,388.0250,388.0700
MSFT,2025-04-25 12:03:00,388.0850,387.8750
MSFT,2025-04-25 12:04:00,387.8592,387.9350
MSFT,2025-04-25 12:05:00,387.9800,388.1200
MSFT,2025-04-25 12:06:00,388.1300,387.8350
MSFT,2025-04-25 12:07:00,387.8800,387.8600
MSFT,2025-04-25 12:08:00,387.8900,388.0772
MSFT,2025-04-25 12:09:00,388.0100,388.0200
MSFT,2025-04-25 12:10:00,388.0050,387.9300
MSFT,2025-04-25 12:11:00,387.9300,387.8272
MSFT,2025-04-25 12:12:00,387.7900,388.0200
MSFT,2025-04-25 12:13:00,388.0250,387.8100
MSFT,2025-04-25 12:14:00,387.8700,387.8800
MSFT,2025-04-25 12:15:00,387.8900,387.9300
MSFT,2025-04-25 12:16:00,387.8800,387.8500
MSFT,2025-04-25 12:17:00,387.9100,387.7400
MSFT,2025-04-25 12:18:00,387.7200,387.7850
MSFT,2025-04-25 12:19:00,387.8100,387.7500
MSFT,2025-04-25 12:20:00,387.7500,387.7441
MSFT,2025-04-25 12:21:00,387.7800,387.8250
MSFT,2025-04-25 12:22:00,387.8400,388.0100
MSFT,2025-04-25 12:23:00,387.9900,388.0350
MSFT,2025-04-25 12:24:00,388.0450,388.1000
MSFT,2025-04-25 12:25:00,388.0800,388.0450
MSFT,2025-04-25 12:26:00,388.0450,387.8350
MSFT,2025-04-25 12:27:00,387.9100,388.0991
MSFT,2025-04-25 12:28:00,388.0550,388.1500
MSFT,2025-04-25 12:29:00,388.1600,388.0486
MSFT,2025-04-25 12:30:00,387.9984,387.7700
MSFT,2025-04-25 12:31:00,387.8100,387.8700
MSFT,2025-04-25 12:32:00,387.8750,387.9700
MSFT,2025-04-25 12:33:00,387.9800,387.7500
MSFT,2025-04-25 12:34:00,387.7400,387.8800
MSFT,2025-04-25 12:35:00,387.9150,388.1350
MSFT,2025-04-25 12:36:00,388.1900,388.1050
MSFT,2025-04-25 12:37:00,388.1200,387.9700
MSFT,2025-04-25 12:38:00,387.9700,388.0150
MSFT,2025-04-25 12:39:00,388.0300,387.9800
MSFT,2025-04-25 12:40:00,388.0100,388.1500
MSFT,2025-04-25 12:41:00,388.2000,388.2650
MSFT,2025-04-25 12:42:00,388.2400,388.4600
MSFT,2025-04-25 12:43:00,388.4108,388.5900
MSFT,2025-04-25 12:44:00,388.5700,388.6500
MSFT,2025-04-25 12:45:00,388.6500,388.5100
MSFT,2025-04-25 12:46:00,388.5600,388.5700
MSFT,2025-04-25 12:47:00,388.5300,388.0388
MSFT,2025-04-25 12:48:00,387.9800,388.0500
MSFT,2025-04-25 12:49:00,388.0300,388.2500
MSFT,2025-04-25 12:50:00,388.1750,388.1355
MSFT,2025-04-25 12:51:00,388.1950,388.3350
MSFT,2025-04-25 12:52:00,388.3250,388.3900
MSFT,2025-04-25 12:53:00,388.4000,388.4572
MSFT,2025-04-25 12:54:00,388.4150,388.5852
MSFT,2025-04-25 12:55:00,388.5400,388.5397
MSFT,2025-04-25 12:56:00,388.5500,388.5600
MSFT,2025-04-25 12:57:00,388.5700,388.5900
MSFT,2025-04-25 12:58:00,388.6500,388.5600
MSFT,2025-04-25 12:59:00,388.6000,388.5400
MSFT,2025-04-25 13:00:00,388.4400,388.4200
MSFT,2025-04-25 13:01:00,388.4536,388.5500
MSFT,2025-04-25 13:02:00,388.5700,388.5600
MSFT,2025-04-25 13:03:00,388.6000,388.9100
MSFT,2025-04-25 13:04:00,388.9100,388.6800
MSFT,2025-04-25 13:05:00,388.7050,388.8200
MSFT,2025-04-25 13:06:00,388.8600,388.8000
MSFT,2025-04-25 13:07:00,388.7985,388.8600
MSFT,2025-04-25 13:08:00,388.8600,389.0400
MSFT,2025-04-25 13:09:00,388.9910,389.2300
MSFT,2025-04-25 13:10:00,389.2500,389.4400
MSFT,2025-04-25 13:11:00,389.4550,389.7800
MSFT,2025-04-25 13:12:00,389.7500,389.8300
MSFT,2025-04-25 13:13:00,389.8300,390.0064
MSFT,2025-04-25 13:14:00,390.0000,390.0700
MSFT,2025-04-25 13:15:00,390.0950,390.1500
MSFT,2025-04-25 13:16:00,390.1945,390.3550
MSFT,2025-04-25 13:17:00,390.3450,390.5800
MSFT,2025-04-25 13:18:00,390.5700,390.5200
MSFT,2025-04-25 13:19:00,390.5450,390.6638
MSFT,2025-04-25 13:20:00,390.7100,390.7900
MSFT,2025-04-25 13:21:00,390.7800,390.5950
MSFT,2025-04-25 13:22:00,390.6100,390.5700
MSFT,2025-04-25 13:23:00,390.5700,390.6800
MSFT,2025-04-25 13:24:00,390.6800,390.7000
MSFT,2025-04-25 13:25:00,390.7154,390.7200
MSFT,2025-04-25 13:26:00,390.6600,390.7150
MSFT,2025-04-25 13:27:00,390.7500,390.8948
MSFT,2025-04-25 13:28:00,390.8600,390.5600
MSFT,2025-04-25 13:29:00,390.6300,390.5600
MSFT,2025-04-25 13:30:00,390.5600,390.3000
MSFT,2025-04-25 13:31:00,390.1900,390.1100
MSFT,2025-04-25 13:32:00,390.1500,390.2600
MSFT,2025-04-25 13:33:00,390.3000,390.3072
MSFT,2025-04-25 13:34:00,390.3450,390.0775
MSFT,2025-04-25 13:35:00,390.1200,390.0900
MSFT,2025-04-25 13:36:00,390.1600,390.1600
MSFT,2025-04-25 13:37:00,390.1600,390.2100
MSFT,2025-04-25 13:38:00,390.1600,389.6300
MSFT,2025-04-25 13:39:00,389.6100,389.5200
MSFT,2025-04-25 13:40:00,389.4501,389.5400
MSFT,2025-04-25 13:41:00,389.4900,390.1400
MSFT,2025-04-25 13:42:00,390.1850,389.8400
MSFT,2025-04-25 13:43:00,389.8450,389.8850
MSFT,2025-04-25 13:44:00,389.8900,390.0000
MSFT,2025-04-25 13:45:00,389.9500,389.7950
MSFT,2025-04-25 13:46:00,389.9100,389.7850
MSFT,2025-04-25 13:47:00,389.7650,389.8100
MSFT,2025-04-25 13:48:00,389.8100,389.7000
MSFT,2025-04-25 13:49:00,389.6500,389.9200
MSFT,2025-04-25 13:50:00,389.9900,389.4500
MSFT,2025-04-25 13:51:00,389.5000,389.7700
MSFT,2025-04-25 13:52:00,389.8500,389.4000
MSFT,2025-04-25 13:53:00,389.2660,389.5700
MSFT,2025-04-25 13:54:00,389.4900,389.3300
MSFT,2025-04-25 13:55:00,389.3900,389.2650
MSFT,2025-04-25 13:56:00,389.3000,389.4900
MSFT,2025-04-25 13:57:00,389.4300,389.5100
MSFT,2025-04-25 13:58:00,389.5350,389.7900
MSFT,2025-04-25 13:59:00,389.8050,389.8524
MSFT,2025-04-25 14:00:00,389.9000,389.8450
MSFT,2025-04-25 14:01:00,389.8300,389.7600
MSFT,2025-04-25 14:02:00,389.7700,390.0500
MSFT,2025-04-25 14:03:00,390.0200,390.3200
MSFT,2025-04-25 14:04:00,390.2500,390.0950
MSFT,2025-04-25 14:05:00,390.1300,389.9200
MSFT,2025-04-25 14:06:00,389.8800,389.9200
MSFT,2025-04-25 14:07:00,389.9700,389.8600
MSFT,2025-04-25 14:08:00,389.9900,390.1400
MSFT,2025-04-25 14:09:00,390.0600,390.2600
MSFT,2025-04-25 14:10:00,390.3000,390.1800
MSFT,2025-04-25 14:11:00,390.2800,390.0450
MSFT,2025-04-25 14:12:00,390.0100,390.0600
MSFT,2025-04-25 14:13:00,390.0400,390.0450
MSFT,2025-04-25 14:14:00,390.0350,389.9250
MSFT,2025-04-25 14:15:00,389.9300,389.9200
MSFT,2025-04-25 14:16:00,389.9600,390.0500
MSFT,2025-04-25 14:17:00,390.0800,390.1750
MSFT,2025-04-25 14:18:00,390.1750,390.0720
MSFT,2025-04-25 14:19:00,390.0900,390.1800
MSFT,2025-04-25 14:20:00,390.1750,390.2700
MSFT,2025-04-25 14:21:00,390.1700,390.3100
MSFT,2025-04-25 14:22:00,390.3500,390.4650
MSFT,2025-04-25 14:23:00,390.5000,390.5950
MSFT,2025-04-25 14:24:00,390.5950,390.3500
MSFT,2025-04-25 14:25:00,390.4700,390.6300
MSFT,2025-04-25 14:26:00,390.5850,390.5000
MSFT,2025-04-25 14:27:00,390.4850,390.3700
MSFT,2025-04-25 14:28:00,390.3550,390.3000
MSFT,2025-04-25 14:29:00,390.3050,390.3150
MSFT,2025-04-25 14:30:00,390.2600,390.1300
MSFT,2025-04-25 14:31:00,390.2020,390.1600
MSFT,2025-04-25 14:32:00,390.1550,390.3308
MSFT,2025-04-25 14:33:00,390.2300,390.3100
MSFT,2025-04-25 14:34:00,390.3150,390.2800
MSFT,2025-04-25 14:35:00,390.2500,390.3800
MSFT,2025-04-25 14:36:00,390.3600,390.4200
MSFT,2025-04-25 14:37:00,390.4050,390.3150
MSFT,2025-04-25 14:38:00,390.3600,390.2850
MSFT,2025-04-25 14:39:00,390.2900,390.2800
MSFT,2025-04-25 14:40:00,390.2800,390.3300
MSFT,2025-04-25 14:41:00,390.3300,390.3700
MSFT,2025-04-25 14:42:00,390.4050,390.4200
MSFT,2025-04-25 14:43:00,390.3732,390.5000
MSFT,2025-04-25 14:44:00,390.4900,390.4600
MSFT,2025-04-25 14:45:00,390.4350,390.4200
MSFT,2025-04-25 14:46:00,390.4500,390.5900
MSFT,2025-04-25 14:47:00,390.5850,390.5350
MSFT,2025-04-25 14:48:00,390.5350,390.5750
MSFT,2025-04-25 14:49:00,390.5500,390.6050
MSFT,2025-04-25 14:50:00,390.5800,390.4868
MSFT,2025-04-25 14:51:00,390.4100,390.1100
MSFT,2025-04-25 14:52:00,390.1100,389.8300
MSFT,2025-04-25 14:53:00,389.7500,390.2600
MSFT,2025-04-25 14:54:00,390.2900,390.5600
MSFT,2025-04-25 14:55:00,390.5600,390.4300
MSFT,2025-04-25 14:56:00,390.4999,390.0650
MSFT,2025-04-25 14:57:00,390.0650,390.1900
MSFT,2025-04-25 14:58:00,390.1900,390.3100
MSFT,2025-04-25 14:59:00,390.3000,390.1800
MSFT,2025-04-25 15:00:00,390.1100,390.1900
MSFT,2025-04-25 15:01:00,390.2050,390.4200
MSFT,2025-04-25 15:02:00,390.3500,390.5400
MSFT,2025-04-25 15:03:00,390.5800,390.6384
MSFT,2025-04-25 15:04:00,390.6500,390.6800
MSFT,2025-04-25 15:05:00,390.6850,390.8300
MSFT,2025-04-25 15:06:00,390.8050,390.7800
MSFT,2025-04-25 15:07:00,390.8000,390.8500
MSFT,2025-04-25 15:08:00,390.8100,390.6650
MSFT,2025-04-25 15:09:00,390.6000,390.6300
MSFT,2025-04-25 15:10:00,390.6650,390.7300
MSFT,2025-04-25 15:11:00,390.6900,390.5600
MSFT,2025-04-25 15:12:00,390.5900,390.5300
MSFT,2025-04-25 15:13:00,390.5900,390.3500
MSFT,2025-04-25 15:14:00,390.2800,390.5250
MSFT,2025-04-25 15:15:00,390.5000,390.3400
MSFT,2025-04-25 15:16:00,390.2950,390.4550
MSFT,2025-04-25 15:17:00,390.4550,390.6300
MSFT,2025-04-25 15:18:00,390.6200,390.6250
MSFT,2025-04-25 15:19:00,390.6250,390.4550
MSFT,2025-04-25 15:20:00,390.4900,390.7152
MSFT,2025-04-25 15:21:00,390.6900,391.0386
MSFT,2025-04-25 15:22:00,391.0200,391.0100
MSFT,2025-04-25 15:23:00,391.0200,390.9400
MSFT,2025-04-25 15:24:00,390.9500,390.9300
MSFT,2025-04-25 15:25:00,390.9250,390.8615
MSFT,2025-04-25 15:26:00,390.8600,390.9700
MSFT,2025-04-25 15:27:00,390.9550,390.8100
MSFT,2025-04-25 15:28:00,390.8200,390.4200
MSFT,2025-04-25 15:29:00,390.4200,390.5100
MSFT,2025-04-25 15:30:00,390.4200,390.2100
MSFT,2025-04-25 15:31:00,390.2050,390.2700
MSFT,2025-04-25 15:32:00,390.3300,390.3525
MSFT,2025-04-25 15:33:00,390.3800,390.5450
MSFT,2025-04-25 15:34:00,390.5693,390.4300
MSFT,2025-04-25 15:35:00,390.4300,390.5550
MSFT,2025-04-25 15:36:00,390.5800,390.4400
MSFT,2025-04-25 15:37:00,390.4100,390.4300
MSFT,2025-04-25 15:38:00,390.4300,390.4200
MSFT,2025-04-25 15:39:00,390.3800,390.2700
MSFT,2025-04-25 15:40:00,390.3100,390.1300
MSFT,2025-04-25 15:41:00,390.0800,390.1000
MSFT,2025-04-25 15:42:00,390.1900,390.4200
MSFT,2025-04-25 15:43:00,390.4800,390.5300
MSFT,2025-04-25 15:44:00,390.5600,390.5000
MSFT,2025-04-25 15:45:00,390.5100,390.5150
MSFT,2025-04-25 15:46:00,390.5200,390.2700
MSFT,2025-04-25 15:47:00,390.2300,390.0750
MSFT,2025-04-25 15:48:00,390.0700,390.2850
MSFT,2025-04-25 15:49:00,390.2800,390.3550
MSFT,2025-04-25 15:50:00,390.4300,391.2050
MSFT,2025-04-25 15:51:00,391.2050,391.2250
MSFT,2025-04-25 15:52:00,391.2250,391.4950
MSFT,2025-04-25 15:53:00,391.5200,391.6150
MSFT,2025-04-25 15:54:00,391.6600,391.3700
MSFT,2025-04-25 15:55:00,391.3700,391.8600
MSFT,2025-04-25 15:56:00,391.8800,391.8900
MSFT,2025-04-25 15:57:00,391.8900,391.8800
MSFT,2025-04-25 15:58:00,391.9000,391.9700
MSFT,2025-04-25 15:59:00,391.9800,391.6200
