STOCK_SYMBOL,DATE_TIME,OPEN_PRICE,CLOSE_PRICE
NFLX,2025-04-14 09:30:00,932.7000,936.1321
NFLX,2025-04-14 09:31:00,937.8800,933.0300
NFLX,2025-04-14 09:32:00,933.5200,933.4550
NFLX,2025-04-14 09:33:00,932.0200,933.6500
NFLX,2025-04-14 09:34:00,933.7940,935.7412
NFLX,2025-04-14 09:35:00,934.5823,934.4450
NFLX,2025-04-14 09:36:00,933.9300,933.5200
NFLX,2025-04-14 09:37:00,933.4100,935.0000
NFLX,2025-04-14 09:38:00,935.0000,932.7800
NFLX,2025-04-14 09:39:00,932.4800,933.1500
NFLX,2025-04-14 09:40:00,932.5850,930.2100
NFLX,2025-04-14 09:41:00,930.6082,928.5850
NFLX,2025-04-14 09:42:00,929.2600,928.2500
NFLX,2025-04-14 09:43:00,929.5870,926.1000
NFLX,2025-04-14 09:44:00,926.2960,927.2500
NFLX,2025-04-14 09:45:00,927.2500,926.0700
NFLX,2025-04-14 09:46:00,925.9400,923.1100
NFLX,2025-04-14 09:47:00,922.2200,923.0900
NFLX,2025-04-14 09:48:00,923.6678,923.4000
NFLX,2025-04-14 09:49:00,923.1400,925.8900
NFLX,2025-04-14 09:50:00,925.5400,926.0500
NFLX,2025-04-14 09:51:00,926.1800,926.7150
NFLX,2025-04-14 09:52:00,927.2500,927.3800
NFLX,2025-04-14 09:53:00,926.9600,931.3600
NFLX,2025-04-14 09:54:00,931.3600,931.4529
NFLX,2025-04-14 09:55:00,929.9222,931.3900
NFLX,2025-04-14 09:56:00,931.2200,929.8700
NFLX,2025-04-14 09:57:00,929.7400,930.0000
NFLX,2025-04-14 09:58:00,930.6200,931.7200
NFLX,2025-04-14 09:59:00,931.7200,930.5200
NFLX,2025-04-14 10:00:00,930.6400,929.6000
NFLX,2025-04-14 10:01:00,929.9500,929.7900
NFLX,2025-04-14 10:02:00,930.1875,930.9300
NFLX,2025-04-14 10:03:00,930.9400,933.5002
NFLX,2025-04-14 10:04:00,932.7850,933.9150
NFLX,2025-04-14 10:05:00,933.4600,935.3000
NFLX,2025-04-14 10:06:00,935.1900,932.5075
NFLX,2025-04-14 10:07:00,931.7700,931.4600
NFLX,2025-04-14 10:08:00,931.6500,932.9100
NFLX,2025-04-14 10:09:00,932.2900,931.7854
NFLX,2025-04-14 10:10:00,931.7700,931.7100
NFLX,2025-04-14 10:11:00,932.0000,931.7900
NFLX,2025-04-14 10:12:00,931.8500,932.5400
NFLX,2025-04-14 10:13:00,932.6250,933.9600
NFLX,2025-04-14 10:14:00,933.9500,932.9750
NFLX,2025-04-14 10:15:00,932.2300,931.3500
NFLX,2025-04-14 10:16:00,931.0350,931.4800
NFLX,2025-04-14 10:17:00,932.4450,930.6643
NFLX,2025-04-14 10:18:00,931.0100,932.5000
NFLX,2025-04-14 10:19:00,932.8000,934.4000
NFLX,2025-04-14 10:20:00,935.1200,935.7350
NFLX,2025-04-14 10:21:00,935.8400,936.4532
NFLX,2025-04-14 10:22:00,935.8500,935.4950
NFLX,2025-04-14 10:23:00,935.4950,935.0500
NFLX,2025-04-14 10:24:00,935.0500,937.8530
NFLX,2025-04-14 10:25:00,938.2100,938.4900
NFLX,2025-04-14 10:26:00,937.4911,939.1600
NFLX,2025-04-14 10:27:00,938.7000,939.4100
NFLX,2025-04-14 10:28:00,939.9500,940.5716
NFLX,2025-04-14 10:29:00,940.7700,940.5600
NFLX,2025-04-14 10:30:00,940.9900,939.5769
NFLX,2025-04-14 10:31:00,939.9000,939.9900
NFLX,2025-04-14 10:32:00,940.0300,939.8600
NFLX,2025-04-14 10:33:00,939.8650,941.0250
NFLX,2025-04-14 10:34:00,940.5300,939.3933
NFLX,2025-04-14 10:35:00,939.3800,940.5400
NFLX,2025-04-14 10:36:00,940.9200,941.3865
NFLX,2025-04-14 10:37:00,941.2500,940.9550
NFLX,2025-04-14 10:38:00,940.7850,941.6800
NFLX,2025-04-14 10:39:00,941.9500,942.6300
NFLX,2025-04-14 10:40:00,942.8100,943.2300
NFLX,2025-04-14 10:41:00,943.5900,945.2000
NFLX,2025-04-14 10:42:00,945.2750,944.2000
NFLX,2025-04-14 10:43:00,944.0000,943.8300
NFLX,2025-04-14 10:44:00,944.2900,943.2700
NFLX,2025-04-14 10:45:00,943.5250,943.3200
NFLX,2025-04-14 10:46:00,943.3200,942.5300
NFLX,2025-04-14 10:47:00,942.3500,944.2100
NFLX,2025-04-14 10:48:00,944.7600,944.5100
NFLX,2025-04-14 10:49:00,944.7550,944.6550
NFLX,2025-04-14 10:50:00,944.9700,946.1500
NFLX,2025-04-14 10:51:00,946.3050,946.7100
NFLX,2025-04-14 10:52:00,946.5000,947.0100
NFLX,2025-04-14 10:53:00,947.1000,947.5700
NFLX,2025-04-14 10:54:00,947.4852,948.0300
NFLX,2025-04-14 10:55:00,948.8000,947.1600
NFLX,2025-04-14 10:56:00,947.0500,946.0850
NFLX,2025-04-14 10:57:00,945.5000,946.2800
NFLX,2025-04-14 10:58:00,945.9800,945.9650
NFLX,2025-04-14 10:59:00,946.2200,945.1312
NFLX,2025-04-14 11:00:00,945.6300,944.2933
NFLX,2025-04-14 11:01:00,944.9799,945.0000
NFLX,2025-04-14 11:02:00,944.9001,945.2373
NFLX,2025-04-14 11:03:00,945.0000,943.4697
NFLX,2025-04-14 11:04:00,943.5700,942.8550
NFLX,2025-04-14 11:05:00,942.8500,939.6900
NFLX,2025-04-14 11:06:00,939.6700,939.3400
NFLX,2025-04-14 11:07:00,939.3800,939.3000
NFLX,2025-04-14 11:08:00,939.3600,939.2850
NFLX,2025-04-14 11:09:00,938.8203,939.3900
NFLX,2025-04-14 11:10:00,939.3018,940.5800
NFLX,2025-04-14 11:11:00,941.3306,939.9000
NFLX,2025-04-14 11:12:00,939.4000,938.4900
NFLX,2025-04-14 11:13:00,938.8261,938.2250
NFLX,2025-04-14 11:14:00,938.4900,938.0900
NFLX,2025-04-14 11:15:00,937.7687,938.7700
NFLX,2025-04-14 11:16:00,938.6800,938.1300
NFLX,2025-04-14 11:17:00,937.9400,937.8100
NFLX,2025-04-14 11:18:00,937.7100,938.0700
NFLX,2025-04-14 11:19:00,938.0700,938.6000
NFLX,2025-04-14 11:20:00,938.9800,938.0500
NFLX,2025-04-14 11:21:00,938.0500,937.8700
NFLX,2025-04-14 11:22:00,938.4700,938.9500
NFLX,2025-04-14 11:23:00,938.5180,938.0500
NFLX,2025-04-14 11:24:00,938.0600,937.1000
NFLX,2025-04-14 11:25:00,937.4150,935.8800
NFLX,2025-04-14 11:26:00,935.7854,934.9260
NFLX,2025-04-14 11:27:00,935.0000,932.8050
NFLX,2025-04-14 11:28:00,932.8300,933.2108
NFLX,2025-04-14 11:29:00,933.2200,933.0600
NFLX,2025-04-14 11:30:00,932.9872,934.1792
NFLX,2025-04-14 11:31:00,933.7050,934.6553
NFLX,2025-04-14 11:32:00,934.6650,934.2397
NFLX,2025-04-14 11:33:00,934.7294,934.5982
NFLX,2025-04-14 11:34:00,934.1801,934.0652
NFLX,2025-04-14 11:35:00,934.5300,933.0628
NFLX,2025-04-14 11:36:00,933.1400,933.0655
NFLX,2025-04-14 11:37:00,933.0500,931.9999
NFLX,2025-04-14 11:38:00,931.5000,930.0362
NFLX,2025-04-14 11:39:00,930.0100,930.7294
NFLX,2025-04-14 11:40:00,930.1400,929.4743
NFLX,2025-04-14 11:41:00,929.4600,930.0900
NFLX,2025-04-14 11:42:00,930.1646,930.4599
NFLX,2025-04-14 11:43:00,930.4600,930.5006
NFLX,2025-04-14 11:44:00,930.5100,931.8409
NFLX,2025-04-14 11:45:00,931.2200,928.4600
NFLX,2025-04-14 11:46:00,928.4874,927.8400
NFLX,2025-04-14 11:47:00,928.0000,927.9000
NFLX,2025-04-14 11:48:00,927.1100,926.2800
NFLX,2025-04-14 11:49:00,926.4100,926.1350
NFLX,2025-04-14 11:50:00,926.1800,927.0700
NFLX,2025-04-14 11:51:00,926.0800,925.8001
NFLX,2025-04-14 11:52:00,926.0100,926.8700
NFLX,2025-04-14 11:53:00,926.8700,927.9300
NFLX,2025-04-14 11:54:00,927.9900,927.7125
NFLX,2025-04-14 11:55:00,928.1038,929.1000
NFLX,2025-04-14 11:56:00,929.0000,929.0000
NFLX,2025-04-14 11:57:00,929.5599,928.8773
NFLX,2025-04-14 11:58:00,927.9000,927.1500
NFLX,2025-04-14 11:59:00,926.8700,926.5500
NFLX,2025-04-14 12:00:00,925.8000,926.2500
NFLX,2025-04-14 12:01:00,926.6900,927.3600
NFLX,2025-04-14 12:02:00,927.9968,927.0100
NFLX,2025-04-14 12:03:00,927.6468,926.2900
NFLX,2025-04-14 12:04:00,926.8900,928.2150
NFLX,2025-04-14 12:05:00,928.5800,927.9000
NFLX,2025-04-14 12:06:00,927.8750,926.3753
NFLX,2025-04-14 12:07:00,926.9200,927.1800
NFLX,2025-04-14 12:08:00,926.4500,926.5100
NFLX,2025-04-14 12:09:00,926.0281,926.0750
NFLX,2025-04-14 12:10:00,926.0500,925.7300
NFLX,2025-04-14 12:11:00,925.4845,922.3475
NFLX,2025-04-14 12:12:00,922.0000,921.6850
NFLX,2025-04-14 12:13:00,921.8150,922.3361
NFLX,2025-04-14 12:14:00,922.3400,923.7000
NFLX,2025-04-14 12:15:00,923.0900,925.3300
NFLX,2025-04-14 12:16:00,925.3300,925.1200
NFLX,2025-04-14 12:17:00,924.8600,924.7000
NFLX,2025-04-14 12:18:00,924.5000,924.3100
NFLX,2025-04-14 12:19:00,925.4100,925.8500
NFLX,2025-04-14 12:20:00,926.3200,925.1600
NFLX,2025-04-14 12:21:00,925.6600,925.8450
NFLX,2025-04-14 12:22:00,925.7359,924.8450
NFLX,2025-04-14 12:23:00,924.9450,923.4200
NFLX,2025-04-14 12:24:00,923.2900,924.1200
NFLX,2025-04-14 12:25:00,923.6650,924.9004
NFLX,2025-04-14 12:26:00,923.3466,922.7900
NFLX,2025-04-14 12:27:00,922.6100,922.0138
NFLX,2025-04-14 12:28:00,922.3300,922.0925
NFLX,2025-04-14 12:29:00,921.7600,921.6600
NFLX,2025-04-14 12:30:00,921.4000,922.1500
NFLX,2025-04-14 12:31:00,921.0500,922.4000
NFLX,2025-04-14 12:32:00,922.4000,922.8350
NFLX,2025-04-14 12:33:00,922.8600,923.3500
NFLX,2025-04-14 12:34:00,923.3325,924.0500
NFLX,2025-04-14 12:35:00,923.5100,923.9900
NFLX,2025-04-14 12:36:00,923.9488,923.5728
NFLX,2025-04-14 12:37:00,923.7100,924.1800
NFLX,2025-04-14 12:38:00,924.1500,923.5000
NFLX,2025-04-14 12:39:00,924.2400,923.6000
NFLX,2025-04-14 12:40:00,923.5500,925.1088
NFLX,2025-04-14 12:41:00,924.7900,925.1700
NFLX,2025-04-14 12:42:00,924.8000,925.1000
NFLX,2025-04-14 12:43:00,925.6100,928.0700
NFLX,2025-04-14 12:44:00,927.3300,926.4970
NFLX,2025-04-14 12:45:00,926.5900,927.2150
NFLX,2025-04-14 12:46:00,927.3000,927.1500
NFLX,2025-04-14 12:47:00,926.6500,927.5296
NFLX,2025-04-14 12:48:00,927.0300,927.9650
NFLX,2025-04-14 12:49:00,927.5100,925.9700
NFLX,2025-04-14 12:50:00,926.1700,924.7400
NFLX,2025-04-14 12:51:00,924.8600,924.6350
NFLX,2025-04-14 12:52:00,924.6350,923.7850
NFLX,2025-04-14 12:53:00,923.0200,924.4400
NFLX,2025-04-14 12:54:00,923.2370,925.0000
NFLX,2025-04-14 12:55:00,925.2300,924.2800
NFLX,2025-04-14 12:56:00,923.7150,922.8900
NFLX,2025-04-14 12:57:00,922.2400,922.0150
NFLX,2025-04-14 12:58:00,922.0800,921.3300
NFLX,2025-04-14 12:59:00,921.6700,922.2800
NFLX,2025-04-14 13:00:00,922.3300,924.2500
NFLX,2025-04-14 13:01:00,924.1700,924.1013
NFLX,2025-04-14 13:02:00,923.7700,924.2200
NFLX,2025-04-14 13:03:00,924.4500,922.9100
NFLX,2025-04-14 13:04:00,923.6000,923.3500
NFLX,2025-04-14 13:05:00,924.1500,923.9900
NFLX,2025-04-14 13:06:00,923.0001,924.1000
NFLX,2025-04-14 13:07:00,924.3800,924.5000
NFLX,2025-04-14 13:08:00,924.3800,925.2750
NFLX,2025-04-14 13:09:00,925.5199,925.7100
NFLX,2025-04-14 13:10:00,926.5127,925.4500
NFLX,2025-04-14 13:11:00,925.9999,926.4100
NFLX,2025-04-14 13:12:00,926.4200,926.4100
NFLX,2025-04-14 13:13:00,926.4100,926.8034
NFLX,2025-04-14 13:14:00,926.3000,925.9550
NFLX,2025-04-14 13:15:00,926.5100,924.6950
NFLX,2025-04-14 13:16:00,925.2400,925.1000
NFLX,2025-04-14 13:17:00,925.4200,925.4750
NFLX,2025-04-14 13:18:00,925.5725,926.3259
NFLX,2025-04-14 13:19:00,926.8500,926.7750
NFLX,2025-04-14 13:20:00,926.7750,928.0000
NFLX,2025-04-14 13:21:00,928.1900,928.6300
NFLX,2025-04-14 13:22:00,928.2400,928.9500
NFLX,2025-04-14 13:23:00,929.2892,928.6181
NFLX,2025-04-14 13:24:00,929.5000,928.8200
NFLX,2025-04-14 13:25:00,928.5000,927.8700
NFLX,2025-04-14 13:26:00,927.8700,928.2997
NFLX,2025-04-14 13:27:00,928.0200,927.1500
NFLX,2025-04-14 13:28:00,927.6600,927.1707
NFLX,2025-04-14 13:29:00,927.1800,927.6600
NFLX,2025-04-14 13:30:00,927.3650,927.0316
NFLX,2025-04-14 13:31:00,927.2000,925.7600
NFLX,2025-04-14 13:32:00,926.6300,927.3600
NFLX,2025-04-14 13:33:00,926.8800,927.4900
NFLX,2025-04-14 13:34:00,927.8000,927.0600
NFLX,2025-04-14 13:35:00,927.0400,927.9900
NFLX,2025-04-14 13:36:00,927.5200,927.6500
NFLX,2025-04-14 13:37:00,927.7850,926.6850
NFLX,2025-04-14 13:38:00,927.9800,927.1050
NFLX,2025-04-14 13:39:00,926.4411,927.5100
NFLX,2025-04-14 13:40:00,927.5300,927.2400
NFLX,2025-04-14 13:41:00,926.9650,927.7800
NFLX,2025-04-14 13:42:00,927.6900,928.3450
NFLX,2025-04-14 13:43:00,928.3100,927.7063
NFLX,2025-04-14 13:44:00,928.0000,927.2000
NFLX,2025-04-14 13:45:00,927.2000,927.4250
NFLX,2025-04-14 13:46:00,927.4250,927.1700
NFLX,2025-04-14 13:47:00,926.7700,926.0000
NFLX,2025-04-14 13:48:00,926.3800,927.3300
NFLX,2025-04-14 13:49:00,927.3300,928.0000
NFLX,2025-04-14 13:50:00,928.0000,927.9075
NFLX,2025-04-14 13:51:00,928.4895,929.0000
NFLX,2025-04-14 13:52:00,929.5000,929.3198
NFLX,2025-04-14 13:53:00,930.0000,930.8400
NFLX,2025-04-14 13:54:00,931.3100,931.0308
NFLX,2025-04-14 13:55:00,930.7966,931.2750
NFLX,2025-04-14 13:56:00,931.4566,930.7100
NFLX,2025-04-14 13:57:00,930.9700,931.4850
NFLX,2025-04-14 13:58:00,931.8713,931.5000
NFLX,2025-04-14 13:59:00,931.6900,932.1300
NFLX,2025-04-14 14:00:00,932.1300,932.2950
NFLX,2025-04-14 14:01:00,932.1274,932.0165
NFLX,2025-04-14 14:02:00,932.0000,931.8722
NFLX,2025-04-14 14:03:00,931.8250,931.9800
NFLX,2025-04-14 14:04:00,931.8157,931.6200
NFLX,2025-04-14 14:05:00,931.4000,931.2300
NFLX,2025-04-14 14:06:00,931.4300,932.2850
NFLX,2025-04-14 14:07:00,932.2800,931.5600
NFLX,2025-04-14 14:08:00,931.2900,931.2193
NFLX,2025-04-14 14:09:00,932.0000,931.9000
NFLX,2025-04-14 14:10:00,931.9000,931.5600
NFLX,2025-04-14 14:11:00,931.7800,930.8500
NFLX,2025-04-14 14:12:00,930.1468,930.4600
NFLX,2025-04-14 14:13:00,930.7200,930.9300
NFLX,2025-04-14 14:14:00,931.0050,930.6551
NFLX,2025-04-14 14:15:00,930.1861,930.1252
NFLX,2025-04-14 14:16:00,931.0300,930.9900
NFLX,2025-04-14 14:17:00,930.7800,931.2350
NFLX,2025-04-14 14:18:00,931.1100,931.1100
NFLX,2025-04-14 14:19:00,930.7000,930.8150
NFLX,2025-04-14 14:20:00,931.5000,932.0000
NFLX,2025-04-14 14:21:00,932.4899,932.5250
NFLX,2025-04-14 14:22:00,932.6946,932.8200
NFLX,2025-04-14 14:23:00,932.7500,933.4401
NFLX,2025-04-14 14:24:00,933.5192,933.3900
NFLX,2025-04-14 14:25:00,933.3500,932.9600
NFLX,2025-04-14 14:26:00,933.0100,932.8346
NFLX,2025-04-14 14:27:00,932.5420,933.6800
NFLX,2025-04-14 14:28:00,933.2650,933.3700
NFLX,2025-04-14 14:29:00,933.3700,932.8924
NFLX,2025-04-14 14:30:00,932.8000,932.8000
NFLX,2025-04-14 14:31:00,933.2350,934.1900
NFLX,2025-04-14 14:32:00,933.7270,933.9000
NFLX,2025-04-14 14:33:00,934.1058,933.1700
NFLX,2025-04-14 14:34:00,933.5350,933.5350
NFLX,2025-04-14 14:35:00,933.8100,933.8600
NFLX,2025-04-14 14:36:00,933.2700,933.2800
NFLX,2025-04-14 14:37:00,933.5000,933.7900
NFLX,2025-04-14 14:38:00,933.3178,933.5450
NFLX,2025-04-14 14:39:00,933.7500,933.6050
NFLX,2025-04-14 14:40:00,933.6050,934.0800
NFLX,2025-04-14 14:41:00,934.6599,934.4900
NFLX,2025-04-14 14:42:00,934.2532,934.6400
NFLX,2025-04-14 14:43:00,934.9081,935.5450
NFLX,2025-04-14 14:44:00,935.7650,936.0837
NFLX,2025-04-14 14:45:00,935.5694,934.7200
NFLX,2025-04-14 14:46:00,934.7100,933.7500
NFLX,2025-04-14 14:47:00,934.0000,933.8100
NFLX,2025-04-14 14:48:00,933.7400,933.9400
NFLX,2025-04-14 14:49:00,934.2800,934.1900
NFLX,2025-04-14 14:50:00,934.5500,934.2170
NFLX,2025-04-14 14:51:00,935.0000,933.6100
NFLX,2025-04-14 14:52:00,933.5000,934.3300
NFLX,2025-04-14 14:53:00,934.5350,934.5200
NFLX,2025-04-14 14:54:00,934.0380,934.3660
NFLX,2025-04-14 14:55:00,933.9765,934.0800
NFLX,2025-04-14 14:56:00,933.9000,934.2100
NFLX,2025-04-14 14:57:00,934.6700,933.5600
NFLX,2025-04-14 14:58:00,934.0200,933.7900
NFLX,2025-04-14 14:59:00,933.7900,933.9400
NFLX,2025-04-14 15:00:00,933.9400,935.1400
NFLX,2025-04-14 15:01:00,934.9880,935.2045
NFLX,2025-04-14 15:02:00,934.9650,934.8729
NFLX,2025-04-14 15:03:00,934.3950,935.2217
NFLX,2025-04-14 15:04:00,935.4200,935.6000
NFLX,2025-04-14 15:05:00,935.2651,935.4400
NFLX,2025-04-14 15:06:00,935.9968,936.4999
NFLX,2025-04-14 15:07:00,936.4500,936.8150
NFLX,2025-04-14 15:08:00,936.9800,936.8250
NFLX,2025-04-14 15:09:00,936.6056,936.5700
NFLX,2025-04-14 15:10:00,936.7850,936.5733
NFLX,2025-04-14 15:11:00,936.4550,936.8800
NFLX,2025-04-14 15:12:00,936.8800,936.8600
NFLX,2025-04-14 15:13:00,936.6950,937.5800
NFLX,2025-04-14 15:14:00,938.0800,937.8550
NFLX,2025-04-14 15:15:00,937.5000,937.3100
NFLX,2025-04-14 15:16:00,936.8800,937.0770
NFLX,2025-04-14 15:17:00,936.7800,937.4350
NFLX,2025-04-14 15:18:00,937.4350,936.8500
NFLX,2025-04-14 15:19:00,937.4500,936.5545
NFLX,2025-04-14 15:20:00,937.0000,936.0950
NFLX,2025-04-14 15:21:00,936.4450,937.4200
NFLX,2025-04-14 15:22:00,937.0000,936.7200
NFLX,2025-04-14 15:23:00,937.0100,936.6900
NFLX,2025-04-14 15:24:00,937.1233,937.5200
NFLX,2025-04-14 15:25:00,937.3850,936.1000
NFLX,2025-04-14 15:26:00,936.4175,936.0700
NFLX,2025-04-14 15:27:00,935.5300,937.0600
NFLX,2025-04-14 15:28:00,937.0800,937.2200
NFLX,2025-04-14 15:29:00,936.8400,936.8350
NFLX,2025-04-14 15:30:00,936.4400,936.5600
NFLX,2025-04-14 15:31:00,936.5650,937.0000
NFLX,2025-04-14 15:32:00,936.7722,936.1900
NFLX,2025-04-14 15:33:00,936.4050,936.3850
NFLX,2025-04-14 15:34:00,936.5200,936.6975
NFLX,2025-04-14 15:35:00,937.0528,936.2565
NFLX,2025-04-14 15:36:00,936.1200,936.6500
NFLX,2025-04-14 15:37:00,936.3500,935.5250
NFLX,2025-04-14 15:38:00,935.6800,936.9793
NFLX,2025-04-14 15:39:00,936.5950,937.1400
NFLX,2025-04-14 15:40:00,937.1100,937.6700
NFLX,2025-04-14 15:41:00,937.5500,937.2318
NFLX,2025-04-14 15:42:00,937.3250,937.2700
NFLX,2025-04-14 15:43:00,937.2017,936.9101
NFLX,2025-04-14 15:44:00,937.0150,936.4258
NFLX,2025-04-14 15:45:00,937.0000,935.8400
NFLX,2025-04-14 15:46:00,936.1550,936.5900
NFLX,2025-04-14 15:47:00,936.0500,936.0000
NFLX,2025-04-14 15:48:00,936.3600,935.5300
NFLX,2025-04-14 15:49:00,935.7350,935.2001
NFLX,2025-04-14 15:50:00,935.2000,932.4500
NFLX,2025-04-14 15:51:00,932.8500,934.1002
NFLX,2025-04-14 15:52:00,934.6900,934.6200
NFLX,2025-04-14 15:53:00,934.2500,932.9100
NFLX,2025-04-14 15:54:00,933.0150,932.9000
NFLX,2025-04-14 15:55:00,932.6000,931.8900
NFLX,2025-04-14 15:56:00,932.1900,932.1800
NFLX,2025-04-14 15:57:00,932.0300,931.7900
NFLX,2025-04-14 15:58:00,931.4260,931.1400
NFLX,2025-04-14 15:59:00,931.2300,931.3000
NFLX,2025-04-15 09:30:00,950.0000,951.9770
NFLX,2025-04-15 09:31:00,952.1750,953.6799
NFLX,2025-04-15 09:32:00,953.0650,954.6100
NFLX,2025-04-15 09:33:00,955.1790,953.3516
NFLX,2025-04-15 09:34:00,953.2700,952.0550
NFLX,2025-04-15 09:35:00,952.0550,953.9225
NFLX,2025-04-15 09:36:00,954.5000,957.3200
NFLX,2025-04-15 09:37:00,957.0000,956.1314
NFLX,2025-04-15 09:38:00,955.5500,958.7700
NFLX,2025-04-15 09:39:00,958.8700,961.6271
NFLX,2025-04-15 09:40:00,961.7000,963.0000
NFLX,2025-04-15 09:41:00,962.4950,962.7000
NFLX,2025-04-15 09:42:00,962.8600,963.7281
NFLX,2025-04-15 09:43:00,963.7600,962.7242
NFLX,2025-04-15 09:44:00,962.3800,961.7401
NFLX,2025-04-15 09:45:00,962.1700,962.2950
NFLX,2025-04-15 09:46:00,962.0100,964.5200
NFLX,2025-04-15 09:47:00,964.6700,966.5550
NFLX,2025-04-15 09:48:00,966.7900,967.6800
NFLX,2025-04-15 09:49:00,967.8300,966.9000
NFLX,2025-04-15 09:50:00,967.0000,965.9775
NFLX,2025-04-15 09:51:00,965.9200,964.8200
NFLX,2025-04-15 09:52:00,964.8200,965.0100
NFLX,2025-04-15 09:53:00,965.5300,966.8712
NFLX,2025-04-15 09:54:00,966.4400,967.6565
NFLX,2025-04-15 09:55:00,967.6700,969.4700
NFLX,2025-04-15 09:56:00,969.0700,969.0000
NFLX,2025-04-15 09:57:00,969.2284,969.2400
NFLX,2025-04-15 09:58:00,969.2400,971.0000
NFLX,2025-04-15 09:59:00,971.1900,970.8500
NFLX,2025-04-15 10:00:00,970.8500,971.9600
NFLX,2025-04-15 10:01:00,972.0700,973.8862
NFLX,2025-04-15 10:02:00,973.3700,975.3700
NFLX,2025-04-15 10:03:00,975.3800,976.2850
NFLX,2025-04-15 10:04:00,976.2850,977.0600
NFLX,2025-04-15 10:05:00,977.1900,977.8000
NFLX,2025-04-15 10:06:00,977.6615,980.5048
NFLX,2025-04-15 10:07:00,980.6800,982.3946
NFLX,2025-04-15 10:08:00,982.9800,983.0500
NFLX,2025-04-15 10:09:00,983.5100,984.0100
NFLX,2025-04-15 10:10:00,984.1800,985.6199
NFLX,2025-04-15 10:11:00,985.6199,987.9000
NFLX,2025-04-15 10:12:00,987.8350,989.4900
NFLX,2025-04-15 10:13:00,989.5000,987.9166
NFLX,2025-04-15 10:14:00,988.1250,988.0000
NFLX,2025-04-15 10:15:00,988.4800,989.4350
NFLX,2025-04-15 10:16:00,989.0279,984.6201
NFLX,2025-04-15 10:17:00,985.8506,983.5314
NFLX,2025-04-15 10:18:00,983.2500,980.5202
NFLX,2025-04-15 10:19:00,979.5400,980.7100
NFLX,2025-04-15 10:20:00,981.0600,980.0000
NFLX,2025-04-15 10:21:00,979.8950,978.6800
NFLX,2025-04-15 10:22:00,978.6800,979.1936
NFLX,2025-04-15 10:23:00,979.1837,978.9750
NFLX,2025-04-15 10:24:00,978.9750,978.8300
NFLX,2025-04-15 10:25:00,978.5050,977.6200
NFLX,2025-04-15 10:26:00,978.0200,976.4901
NFLX,2025-04-15 10:27:00,976.8400,978.8700
NFLX,2025-04-15 10:28:00,979.5900,980.7500
NFLX,2025-04-15 10:29:00,981.0000,979.3200
NFLX,2025-04-15 10:30:00,980.1500,981.4300
NFLX,2025-04-15 10:31:00,981.1458,981.4500
NFLX,2025-04-15 10:32:00,981.4500,984.9800
NFLX,2025-04-15 10:33:00,984.6050,986.8621
NFLX,2025-04-15 10:34:00,986.3459,987.3272
NFLX,2025-04-15 10:35:00,986.6900,984.2492
NFLX,2025-04-15 10:36:00,984.1189,985.9300
NFLX,2025-04-15 10:37:00,985.8100,984.2907
NFLX,2025-04-15 10:38:00,984.5000,984.9462
NFLX,2025-04-15 10:39:00,984.6600,984.0000
NFLX,2025-04-15 10:40:00,984.1500,982.4850
NFLX,2025-04-15 10:41:00,982.9700,982.8580
NFLX,2025-04-15 10:42:00,984.0000,981.9962
NFLX,2025-04-15 10:43:00,982.7100,984.3295
NFLX,2025-04-15 10:44:00,984.3247,984.1100
NFLX,2025-04-15 10:45:00,984.1000,984.5704
NFLX,2025-04-15 10:46:00,984.2550,982.1868
NFLX,2025-04-15 10:47:00,982.9100,982.2400
NFLX,2025-04-15 10:48:00,982.1500,980.3000
NFLX,2025-04-15 10:49:00,980.3600,981.4342
NFLX,2025-04-15 10:50:00,980.7000,979.0000
NFLX,2025-04-15 10:51:00,979.0900,980.0000
NFLX,2025-04-15 10:52:00,980.9800,981.5184
NFLX,2025-04-15 10:53:00,981.4550,981.4800
NFLX,2025-04-15 10:54:00,981.6075,981.0300
NFLX,2025-04-15 10:55:00,981.0600,980.1465
NFLX,2025-04-15 10:56:00,980.4650,980.1000
NFLX,2025-04-15 10:57:00,980.6050,980.6500
NFLX,2025-04-15 10:58:00,980.6500,979.6700
NFLX,2025-04-15 10:59:00,979.8100,977.7300
NFLX,2025-04-15 11:00:00,977.5001,980.7300
NFLX,2025-04-15 11:01:00,980.5100,980.8500
NFLX,2025-04-15 11:02:00,980.7600,980.8500
NFLX,2025-04-15 11:03:00,980.7800,980.8150
NFLX,2025-04-15 11:04:00,980.7800,982.2050
NFLX,2025-04-15 11:05:00,982.0000,981.8400
NFLX,2025-04-15 11:06:00,982.2300,980.7347
NFLX,2025-04-15 11:07:00,980.3800,982.1100
NFLX,2025-04-15 11:08:00,981.6250,981.4450
NFLX,2025-04-15 11:09:00,981.4450,981.6738
NFLX,2025-04-15 11:10:00,982.1300,982.2550
NFLX,2025-04-15 11:11:00,982.0000,980.7400
NFLX,2025-04-15 11:12:00,980.2700,981.9656
NFLX,2025-04-15 11:13:00,982.2000,981.5600
NFLX,2025-04-15 11:14:00,981.5200,983.0500
NFLX,2025-04-15 11:15:00,983.3670,983.4650
NFLX,2025-04-15 11:16:00,983.8900,983.5400
NFLX,2025-04-15 11:17:00,983.5000,983.6100
NFLX,2025-04-15 11:18:00,983.3000,983.2450
NFLX,2025-04-15 11:19:00,983.0000,982.6900
NFLX,2025-04-15 11:20:00,982.8400,984.1400
NFLX,2025-04-15 11:21:00,984.0600,984.0700
NFLX,2025-04-15 11:22:00,984.1500,984.2860
NFLX,2025-04-15 11:23:00,984.4600,982.3300
NFLX,2025-04-15 11:24:00,982.6200,982.3250
NFLX,2025-04-15 11:25:00,982.0000,980.5000
NFLX,2025-04-15 11:26:00,980.4200,980.9442
NFLX,2025-04-15 11:27:00,980.6537,981.7000
NFLX,2025-04-15 11:28:00,981.0300,980.5000
NFLX,2025-04-15 11:29:00,980.3800,980.7000
NFLX,2025-04-15 11:30:00,980.3050,981.0000
NFLX,2025-04-15 11:31:00,980.7250,982.2600
NFLX,2025-04-15 11:32:00,981.9870,981.4899
NFLX,2025-04-15 11:33:00,981.0000,980.8250
NFLX,2025-04-15 11:34:00,980.3593,979.7500
NFLX,2025-04-15 11:35:00,979.7500,979.7850
NFLX,2025-04-15 11:36:00,980.2400,978.5604
NFLX,2025-04-15 11:37:00,978.4100,979.1100
NFLX,2025-04-15 11:38:00,978.5758,978.8900
NFLX,2025-04-15 11:39:00,978.9800,979.4300
NFLX,2025-04-15 11:40:00,979.7900,980.0000
NFLX,2025-04-15 11:41:00,980.2138,980.6650
NFLX,2025-04-15 11:42:00,981.3300,981.2800
NFLX,2025-04-15 11:43:00,980.8750,980.5000
NFLX,2025-04-15 11:44:00,980.0500,980.3400
NFLX,2025-04-15 11:45:00,980.5770,980.1000
NFLX,2025-04-15 11:46:00,980.1100,978.9336
NFLX,2025-04-15 11:47:00,978.5000,978.4400
NFLX,2025-04-15 11:48:00,978.1165,977.8400
NFLX,2025-04-15 11:49:00,978.0750,977.8400
NFLX,2025-04-15 11:50:00,978.4300,977.8000
NFLX,2025-04-15 11:51:00,977.9100,977.6962
NFLX,2025-04-15 11:52:00,978.0000,980.2400
NFLX,2025-04-15 11:53:00,980.3974,980.8000
NFLX,2025-04-15 11:54:00,981.3600,980.6000
NFLX,2025-04-15 11:55:00,980.5700,980.1300
NFLX,2025-04-15 11:56:00,980.1300,978.9900
NFLX,2025-04-15 11:57:00,978.7905,981.2800
NFLX,2025-04-15 11:58:00,981.5900,981.0240
NFLX,2025-04-15 11:59:00,980.7300,981.4550
NFLX,2025-04-15 12:00:00,981.5300,981.7500
NFLX,2025-04-15 12:01:00,981.9500,981.9830
NFLX,2025-04-15 12:02:00,982.3700,982.8100
NFLX,2025-04-15 12:03:00,982.6100,983.5200
NFLX,2025-04-15 12:04:00,983.3800,983.1550
NFLX,2025-04-15 12:05:00,983.2400,983.0400
NFLX,2025-04-15 12:06:00,983.3000,984.2900
NFLX,2025-04-15 12:07:00,983.9050,982.6300
NFLX,2025-04-15 12:08:00,982.4600,984.2600
NFLX,2025-04-15 12:09:00,983.2183,984.6600
NFLX,2025-04-15 12:10:00,984.4550,984.1384
NFLX,2025-04-15 12:11:00,984.4752,986.3000
NFLX,2025-04-15 12:12:00,986.3026,986.8500
NFLX,2025-04-15 12:13:00,986.6288,987.7000
NFLX,2025-04-15 12:14:00,988.0000,986.1900
NFLX,2025-04-15 12:15:00,986.2000,985.9515
NFLX,2025-04-15 12:16:00,985.9400,986.1400
NFLX,2025-04-15 12:17:00,986.1400,985.7900
NFLX,2025-04-15 12:18:00,985.5450,985.4200
NFLX,2025-04-15 12:19:00,985.2939,985.7000
NFLX,2025-04-15 12:20:00,986.0300,985.9200
NFLX,2025-04-15 12:21:00,986.8400,985.4300
NFLX,2025-04-15 12:22:00,985.7600,985.8650
NFLX,2025-04-15 12:23:00,985.9715,986.9200
NFLX,2025-04-15 12:24:00,986.4604,986.4950
NFLX,2025-04-15 12:25:00,986.7257,987.3900
NFLX,2025-04-15 12:26:00,987.6500,988.0000
NFLX,2025-04-15 12:27:00,987.8300,988.3300
NFLX,2025-04-15 12:28:00,988.4921,988.1100
NFLX,2025-04-15 12:29:00,987.9900,988.1100
NFLX,2025-04-15 12:30:00,988.4200,988.5332
NFLX,2025-04-15 12:31:00,988.3592,987.6600
NFLX,2025-04-15 12:32:00,987.8550,988.2244
NFLX,2025-04-15 12:33:00,988.1500,988.0300
NFLX,2025-04-15 12:34:00,988.0300,987.8250
NFLX,2025-04-15 12:35:00,987.9200,987.5247
NFLX,2025-04-15 12:36:00,987.5201,988.5400
NFLX,2025-04-15 12:37:00,988.5400,988.5450
NFLX,2025-04-15 12:38:00,988.5450,989.1400
NFLX,2025-04-15 12:39:00,988.7200,989.2699
NFLX,2025-04-15 12:40:00,988.9500,989.3900
NFLX,2025-04-15 12:41:00,989.4900,988.5000
NFLX,2025-04-15 12:42:00,988.5000,989.8000
NFLX,2025-04-15 12:43:00,989.9400,991.0000
NFLX,2025-04-15 12:44:00,991.0300,992.3400
NFLX,2025-04-15 12:45:00,992.0825,992.0000
NFLX,2025-04-15 12:46:00,992.1550,991.8750
NFLX,2025-04-15 12:47:00,991.5900,990.6750
NFLX,2025-04-15 12:48:00,990.6850,989.0400
NFLX,2025-04-15 12:49:00,988.8100,989.7599
NFLX,2025-04-15 12:50:00,988.9650,988.1150
NFLX,2025-04-15 12:51:00,988.0900,988.1400
NFLX,2025-04-15 12:52:00,988.2150,986.5900
NFLX,2025-04-15 12:53:00,986.6000,987.0206
NFLX,2025-04-15 12:54:00,987.2800,985.9100
NFLX,2025-04-15 12:55:00,986.0100,984.5000
NFLX,2025-04-15 12:56:00,984.6150,984.2100
NFLX,2025-04-15 12:57:00,983.8000,982.6300
NFLX,2025-04-15 12:58:00,982.6300,984.2950
NFLX,2025-04-15 12:59:00,984.0400,984.1000
NFLX,2025-04-15 13:00:00,983.9066,982.9400
NFLX,2025-04-15 13:01:00,983.1000,985.0000
NFLX,2025-04-15 13:02:00,985.1300,985.5700
NFLX,2025-04-15 13:03:00,985.7310,987.2200
NFLX,2025-04-15 13:04:00,987.6903,987.7400
NFLX,2025-04-15 13:05:00,987.7000,989.2100
NFLX,2025-04-15 13:06:00,989.8000,990.9500
NFLX,2025-04-15 13:07:00,990.9600,989.8150
NFLX,2025-04-15 13:08:00,989.9500,989.0000
NFLX,2025-04-15 13:09:00,988.6950,988.1400
NFLX,2025-04-15 13:10:00,988.3300,986.9381
NFLX,2025-04-15 13:11:00,987.0400,986.9900
NFLX,2025-04-15 13:12:00,986.8400,988.2260
NFLX,2025-04-15 13:13:00,987.5900,987.8900
NFLX,2025-04-15 13:14:00,987.8900,988.6400
NFLX,2025-04-15 13:15:00,988.1150,987.5033
NFLX,2025-04-15 13:16:00,988.1600,986.5800
NFLX,2025-04-15 13:17:00,986.0100,986.1550
NFLX,2025-04-15 13:18:00,986.2600,986.1886
NFLX,2025-04-15 13:19:00,986.7700,984.3200
NFLX,2025-04-15 13:20:00,984.0500,985.3600
NFLX,2025-04-15 13:21:00,985.6700,985.4400
NFLX,2025-04-15 13:22:00,985.4488,984.4950
NFLX,2025-04-15 13:23:00,984.4950,983.9900
NFLX,2025-04-15 13:24:00,984.1200,985.3480
NFLX,2025-04-15 13:25:00,984.6028,983.4229
NFLX,2025-04-15 13:26:00,983.0000,985.1100
NFLX,2025-04-15 13:27:00,984.6200,984.2300
NFLX,2025-04-15 13:28:00,983.9800,984.0525
NFLX,2025-04-15 13:29:00,984.1594,984.0000
NFLX,2025-04-15 13:30:00,983.5000,984.6800
NFLX,2025-04-15 13:31:00,984.6800,984.5800
NFLX,2025-04-15 13:32:00,984.0000,983.2000
NFLX,2025-04-15 13:33:00,983.6400,983.0000
NFLX,2025-04-15 13:34:00,983.2400,983.0278
NFLX,2025-04-15 13:35:00,983.3300,982.8900
NFLX,2025-04-15 13:36:00,982.9800,983.5556
NFLX,2025-04-15 13:37:00,984.1700,984.5300
NFLX,2025-04-15 13:38:00,984.5600,984.7800
NFLX,2025-04-15 13:39:00,984.6100,984.5500
NFLX,2025-04-15 13:40:00,984.1500,984.9500
NFLX,2025-04-15 13:41:00,985.3800,984.0000
NFLX,2025-04-15 13:42:00,983.5600,983.0300
NFLX,2025-04-15 13:43:00,982.6700,983.7000
NFLX,2025-04-15 13:44:00,983.5250,983.9883
NFLX,2025-04-15 13:45:00,983.2350,983.5157
NFLX,2025-04-15 13:46:00,983.5050,983.9000
NFLX,2025-04-15 13:47:00,983.9000,982.9400
NFLX,2025-04-15 13:48:00,982.2000,983.7100
NFLX,2025-04-15 13:49:00,982.5650,984.2100
NFLX,2025-04-15 13:50:00,984.0000,982.9150
NFLX,2025-04-15 13:51:00,982.8100,982.4000
NFLX,2025-04-15 13:52:00,982.9150,982.0001
NFLX,2025-04-15 13:53:00,982.0000,980.5724
NFLX,2025-04-15 13:54:00,980.7400,979.4800
NFLX,2025-04-15 13:55:00,979.2900,980.0894
NFLX,2025-04-15 13:56:00,980.5800,980.6101
NFLX,2025-04-15 13:57:00,980.5600,980.5500
NFLX,2025-04-15 13:58:00,981.0400,981.4101
NFLX,2025-04-15 13:59:00,981.9158,981.4000
NFLX,2025-04-15 14:00:00,981.8550,982.0000
NFLX,2025-04-15 14:01:00,981.9300,981.7400
NFLX,2025-04-15 14:02:00,981.1300,980.6500
NFLX,2025-04-15 14:03:00,980.6364,980.3900
NFLX,2025-04-15 14:04:00,980.3900,980.2200
NFLX,2025-04-15 14:05:00,980.3350,980.0430
NFLX,2025-04-15 14:06:00,980.4300,979.8150
NFLX,2025-04-15 14:07:00,979.7000,980.5700
NFLX,2025-04-15 14:08:00,980.1497,980.2100
NFLX,2025-04-15 14:09:00,980.5250,980.0100
NFLX,2025-04-15 14:10:00,980.2800,980.3400
NFLX,2025-04-15 14:11:00,980.0000,979.3400
NFLX,2025-04-15 14:12:00,979.0600,978.9400
NFLX,2025-04-15 14:13:00,978.7700,978.5000
NFLX,2025-04-15 14:14:00,978.7400,978.4300
NFLX,2025-04-15 14:15:00,978.1950,977.5700
NFLX,2025-04-15 14:16:00,977.5400,978.5141
NFLX,2025-04-15 14:17:00,978.3978,978.3450
NFLX,2025-04-15 14:18:00,978.3450,978.5200
NFLX,2025-04-15 14:19:00,978.5200,977.9700
NFLX,2025-04-15 14:20:00,978.3800,977.8400
NFLX,2025-04-15 14:21:00,978.0550,978.7050
NFLX,2025-04-15 14:22:00,979.2900,979.5700
NFLX,2025-04-15 14:23:00,979.3300,979.7450
NFLX,2025-04-15 14:24:00,979.7800,979.9350
NFLX,2025-04-15 14:25:00,980.1000,980.0000
NFLX,2025-04-15 14:26:00,980.8301,978.7996
NFLX,2025-04-15 14:27:00,979.1850,977.8900
NFLX,2025-04-15 14:28:00,977.8400,978.0700
NFLX,2025-04-15 14:29:00,978.6200,979.1245
NFLX,2025-04-15 14:30:00,979.0300,979.1199
NFLX,2025-04-15 14:31:00,978.6900,979.6500
NFLX,2025-04-15 14:32:00,979.6600,979.6600
NFLX,2025-04-15 14:33:00,979.6000,979.1900
NFLX,2025-04-15 14:34:00,979.2800,979.5900
NFLX,2025-04-15 14:35:00,979.7000,980.4200
NFLX,2025-04-15 14:36:00,980.2645,981.4200
NFLX,2025-04-15 14:37:00,981.1700,980.6800
NFLX,2025-04-15 14:38:00,980.5050,980.0100
NFLX,2025-04-15 14:39:00,980.0800,980.2700
NFLX,2025-04-15 14:40:00,980.4700,980.1700
NFLX,2025-04-15 14:41:00,980.3950,981.4300
NFLX,2025-04-15 14:42:00,981.2030,981.5600
NFLX,2025-04-15 14:43:00,981.5599,981.4360
NFLX,2025-04-15 14:44:00,981.5578,982.1050
NFLX,2025-04-15 14:45:00,982.4100,982.5200
NFLX,2025-04-15 14:46:00,982.4450,982.3750
NFLX,2025-04-15 14:47:00,982.1900,982.1500
NFLX,2025-04-15 14:48:00,982.1600,981.8001
NFLX,2025-04-15 14:49:00,981.8000,981.7200
NFLX,2025-04-15 14:50:00,981.4300,982.1750
NFLX,2025-04-15 14:51:00,982.3200,982.4200
NFLX,2025-04-15 14:52:00,982.5000,981.5100
NFLX,2025-04-15 14:53:00,981.9500,982.4935
NFLX,2025-04-15 14:54:00,982.2700,982.7600
NFLX,2025-04-15 14:55:00,982.9800,983.0700
NFLX,2025-04-15 14:56:00,983.0700,982.6346
NFLX,2025-04-15 14:57:00,982.9999,982.9843
NFLX,2025-04-15 14:58:00,982.9600,983.1900
NFLX,2025-04-15 14:59:00,983.3885,982.6800
NFLX,2025-04-15 15:00:00,982.2800,983.1500
NFLX,2025-04-15 15:01:00,982.6000,982.5700
NFLX,2025-04-15 15:02:00,982.9000,982.6000
NFLX,2025-04-15 15:03:00,982.6000,982.6000
NFLX,2025-04-15 15:04:00,982.5100,983.2100
NFLX,2025-04-15 15:05:00,983.2100,983.2400
NFLX,2025-04-15 15:06:00,983.2350,983.5800
NFLX,2025-04-15 15:07:00,984.1500,983.5800
NFLX,2025-04-15 15:08:00,983.9130,983.6200
NFLX,2025-04-15 15:09:00,983.2747,983.5600
NFLX,2025-04-15 15:10:00,983.3400,983.6400
NFLX,2025-04-15 15:11:00,983.9400,983.3600
NFLX,2025-04-15 15:12:00,983.0500,983.6100
NFLX,2025-04-15 15:13:00,983.6200,984.2910
NFLX,2025-04-15 15:14:00,985.0000,984.7891
NFLX,2025-04-15 15:15:00,984.8700,984.7550
NFLX,2025-04-15 15:16:00,985.0000,985.9741
NFLX,2025-04-15 15:17:00,985.3750,985.3300
NFLX,2025-04-15 15:18:00,985.5482,985.2600
NFLX,2025-04-15 15:19:00,985.2600,985.0400
NFLX,2025-04-15 15:20:00,985.0000,983.5019
NFLX,2025-04-15 15:21:00,983.5747,984.7600
NFLX,2025-04-15 15:22:00,984.5450,984.9476
NFLX,2025-04-15 15:23:00,984.4900,982.9550
NFLX,2025-04-15 15:24:00,982.9500,982.9700
NFLX,2025-04-15 15:25:00,983.0100,981.9450
NFLX,2025-04-15 15:26:00,981.6750,981.8382
NFLX,2025-04-15 15:27:00,981.6350,981.3300
NFLX,2025-04-15 15:28:00,980.8300,981.7100
NFLX,2025-04-15 15:29:00,981.4300,982.1950
NFLX,2025-04-15 15:30:00,982.6299,982.9950
NFLX,2025-04-15 15:31:00,982.7500,982.8600
NFLX,2025-04-15 15:32:00,982.9542,984.0100
NFLX,2025-04-15 15:33:00,984.0400,983.9400
NFLX,2025-04-15 15:34:00,983.5956,983.8100
NFLX,2025-04-15 15:35:00,983.7100,984.4100
NFLX,2025-04-15 15:36:00,984.1300,983.3200
NFLX,2025-04-15 15:37:00,983.0000,984.3679
NFLX,2025-04-15 15:38:00,984.1550,982.6700
NFLX,2025-04-15 15:39:00,982.9300,982.2000
NFLX,2025-04-15 15:40:00,982.0900,982.1686
NFLX,2025-04-15 15:41:00,982.9712,982.6900
NFLX,2025-04-15 15:42:00,982.8800,982.9499
NFLX,2025-04-15 15:43:00,982.5800,982.5400
NFLX,2025-04-15 15:44:00,982.6500,982.8425
NFLX,2025-04-15 15:45:00,982.5950,981.0501
NFLX,2025-04-15 15:46:00,981.4600,980.4600
NFLX,2025-04-15 15:47:00,980.4693,981.1500
NFLX,2025-04-15 15:48:00,981.1500,980.5300
NFLX,2025-04-15 15:49:00,980.8100,980.9800
NFLX,2025-04-15 15:50:00,980.5000,981.0000
NFLX,2025-04-15 15:51:00,980.8700,980.6600
NFLX,2025-04-15 15:52:00,980.9600,981.0000
NFLX,2025-04-15 15:53:00,980.9700,979.5350
NFLX,2025-04-15 15:54:00,979.2450,976.6900
NFLX,2025-04-15 15:55:00,976.5000,977.5400
NFLX,2025-04-15 15:56:00,977.3250,976.4950
NFLX,2025-04-15 15:57:00,976.3550,976.0600
NFLX,2025-04-15 15:58:00,976.2169,976.2000
NFLX,2025-04-15 15:59:00,976.1800,976.2300
NFLX,2025-04-16 09:30:00,976.2800,972.2750
NFLX,2025-04-16 09:31:00,971.5435,970.0000
NFLX,2025-04-16 09:32:00,969.0000,972.3000
NFLX,2025-04-16 09:33:00,972.4500,971.1500
NFLX,2025-04-16 09:34:00,971.0000,971.0000
NFLX,2025-04-16 09:35:00,969.8100,972.0600
NFLX,2025-04-16 09:36:00,972.1000,971.2600
NFLX,2025-04-16 09:37:00,971.1299,972.0500
NFLX,2025-04-16 09:38:00,972.4400,971.0400
NFLX,2025-04-16 09:39:00,970.2500,969.0650
NFLX,2025-04-16 09:40:00,968.6500,968.1700
NFLX,2025-04-16 09:41:00,967.4223,967.6300
NFLX,2025-04-16 09:42:00,967.0100,970.4700
NFLX,2025-04-16 09:43:00,970.4800,969.5300
NFLX,2025-04-16 09:44:00,969.5050,969.2300
NFLX,2025-04-16 09:45:00,969.4150,967.9900
NFLX,2025-04-16 09:46:00,968.0000,968.1753
NFLX,2025-04-16 09:47:00,967.9900,967.6450
NFLX,2025-04-16 09:48:00,968.3800,969.1900
NFLX,2025-04-16 09:49:00,969.1942,967.5001
NFLX,2025-04-16 09:50:00,968.2900,966.0100
NFLX,2025-04-16 09:51:00,965.8000,965.4831
NFLX,2025-04-16 09:52:00,966.3500,965.0100
NFLX,2025-04-16 09:53:00,965.1500,965.9550
NFLX,2025-04-16 09:54:00,966.3800,965.0100
NFLX,2025-04-16 09:55:00,965.0100,964.5000
NFLX,2025-04-16 09:56:00,964.1284,964.4950
NFLX,2025-04-16 09:57:00,964.2670,965.6600
NFLX,2025-04-16 09:58:00,965.9700,963.2600
NFLX,2025-04-16 09:59:00,963.2300,962.6800
NFLX,2025-04-16 10:00:00,962.4300,963.9232
NFLX,2025-04-16 10:01:00,963.9900,965.0000
NFLX,2025-04-16 10:02:00,965.3100,965.4250
NFLX,2025-04-16 10:03:00,965.3500,968.0113
NFLX,2025-04-16 10:04:00,966.6512,970.3400
NFLX,2025-04-16 10:05:00,970.4577,972.1091
NFLX,2025-04-16 10:06:00,972.3400,972.9000
NFLX,2025-04-16 10:07:00,972.7300,975.0500
NFLX,2025-04-16 10:08:00,974.8150,975.3323
NFLX,2025-04-16 10:09:00,975.2050,974.9050
NFLX,2025-04-16 10:10:00,974.9700,975.1400
NFLX,2025-04-16 10:11:00,974.4100,975.0530
NFLX,2025-04-16 10:12:00,975.1400,976.5200
NFLX,2025-04-16 10:13:00,976.5000,974.9400
NFLX,2025-04-16 10:14:00,975.2050,972.1300
NFLX,2025-04-16 10:15:00,972.5000,971.4002
NFLX,2025-04-16 10:16:00,971.4550,970.8186
NFLX,2025-04-16 10:17:00,971.0500,970.0780
NFLX,2025-04-16 10:18:00,970.1524,969.1200
NFLX,2025-04-16 10:19:00,969.3800,970.2790
NFLX,2025-04-16 10:20:00,969.6100,969.7500
NFLX,2025-04-16 10:21:00,970.1100,971.5799
NFLX,2025-04-16 10:22:00,972.0000,973.3358
NFLX,2025-04-16 10:23:00,972.9376,972.7300
NFLX,2025-04-16 10:24:00,972.3679,974.1700
NFLX,2025-04-16 10:25:00,974.1000,976.1500
NFLX,2025-04-16 10:26:00,975.9800,975.1101
NFLX,2025-04-16 10:27:00,975.7900,975.8400
NFLX,2025-04-16 10:28:00,976.0000,975.6200
NFLX,2025-04-16 10:29:00,975.5600,975.0600
NFLX,2025-04-16 10:30:00,975.7999,975.4000
NFLX,2025-04-16 10:31:00,976.0252,975.9400
NFLX,2025-04-16 10:32:00,976.3500,977.8200
NFLX,2025-04-16 10:33:00,978.2400,979.1000
NFLX,2025-04-16 10:34:00,979.4500,979.3500
NFLX,2025-04-16 10:35:00,979.5650,980.3451
NFLX,2025-04-16 10:36:00,980.5442,978.6100
NFLX,2025-04-16 10:37:00,978.2142,978.8700
NFLX,2025-04-16 10:38:00,979.3600,978.2000
NFLX,2025-04-16 10:39:00,978.5650,979.0626
NFLX,2025-04-16 10:40:00,979.0100,978.6132
NFLX,2025-04-16 10:41:00,978.6824,979.2400
NFLX,2025-04-16 10:42:00,979.5900,980.7100
NFLX,2025-04-16 10:43:00,980.7100,980.4465
NFLX,2025-04-16 10:44:00,980.4300,979.3100
NFLX,2025-04-16 10:45:00,979.3000,978.2700
NFLX,2025-04-16 10:46:00,978.3150,976.4200
NFLX,2025-04-16 10:47:00,976.5900,975.9200
NFLX,2025-04-16 10:48:00,975.6700,973.8100
NFLX,2025-04-16 10:49:00,973.8200,974.6800
NFLX,2025-04-16 10:50:00,974.6500,975.6100
NFLX,2025-04-16 10:51:00,975.6836,976.9650
NFLX,2025-04-16 10:52:00,976.7200,978.3000
NFLX,2025-04-16 10:53:00,978.0600,977.5500
NFLX,2025-04-16 10:54:00,977.1974,976.5200
NFLX,2025-04-16 10:55:00,976.3450,976.7250
NFLX,2025-04-16 10:56:00,977.2900,975.0500
NFLX,2025-04-16 10:57:00,975.0750,975.8600
NFLX,2025-04-16 10:58:00,976.0000,975.6247
NFLX,2025-04-16 10:59:00,975.8000,975.7800
NFLX,2025-04-16 11:00:00,976.2700,975.9000
NFLX,2025-04-16 11:01:00,975.9234,975.1450
NFLX,2025-04-16 11:02:00,975.1450,974.0000
NFLX,2025-04-16 11:03:00,974.3246,975.6100
NFLX,2025-04-16 11:04:00,974.9600,975.3000
NFLX,2025-04-16 11:05:00,975.6400,974.4450
NFLX,2025-04-16 11:06:00,974.0900,974.0155
NFLX,2025-04-16 11:07:00,974.2900,975.5900
NFLX,2025-04-16 11:08:00,975.0400,975.9400
NFLX,2025-04-16 11:09:00,975.4600,976.0000
NFLX,2025-04-16 11:10:00,976.2500,975.4766
NFLX,2025-04-16 11:11:00,975.8700,975.6000
NFLX,2025-04-16 11:12:00,976.0000,976.4400
NFLX,2025-04-16 11:13:00,976.5100,975.8650
NFLX,2025-04-16 11:14:00,975.2900,975.9550
NFLX,2025-04-16 11:15:00,976.2600,975.0500
NFLX,2025-04-16 11:16:00,975.0500,974.5600
NFLX,2025-04-16 11:17:00,975.0600,975.2507
NFLX,2025-04-16 11:18:00,975.5100,975.2994
NFLX,2025-04-16 11:19:00,975.0380,974.6000
NFLX,2025-04-16 11:20:00,974.5900,974.0200
NFLX,2025-04-16 11:21:00,974.6200,974.4150
NFLX,2025-04-16 11:22:00,974.8600,976.6600
NFLX,2025-04-16 11:23:00,976.7299,977.3770
NFLX,2025-04-16 11:24:00,977.4600,979.0150
NFLX,2025-04-16 11:25:00,979.6100,980.0200
NFLX,2025-04-16 11:26:00,979.7209,979.0700
NFLX,2025-04-16 11:27:00,979.0000,978.5400
NFLX,2025-04-16 11:28:00,978.4505,979.6835
NFLX,2025-04-16 11:29:00,979.1600,979.2600
NFLX,2025-04-16 11:30:00,979.6250,978.0500
NFLX,2025-04-16 11:31:00,978.4700,978.6600
NFLX,2025-04-16 11:32:00,978.0405,978.9842
NFLX,2025-04-16 11:33:00,978.2962,979.5000
NFLX,2025-04-16 11:34:00,979.9000,979.6850
NFLX,2025-04-16 11:35:00,980.0000,979.5500
NFLX,2025-04-16 11:36:00,979.7942,978.5700
NFLX,2025-04-16 11:37:00,978.4200,977.8550
NFLX,2025-04-16 11:38:00,977.7600,977.3400
NFLX,2025-04-16 11:39:00,977.3204,977.3200
NFLX,2025-04-16 11:40:00,977.1200,976.0000
NFLX,2025-04-16 11:41:00,975.8900,976.9919
NFLX,2025-04-16 11:42:00,976.6750,976.2657
NFLX,2025-04-16 11:43:00,976.2128,976.3546
NFLX,2025-04-16 11:44:00,976.2800,975.8400
NFLX,2025-04-16 11:45:00,976.1500,975.9850
NFLX,2025-04-16 11:46:00,975.7500,975.4950
NFLX,2025-04-16 11:47:00,975.5000,975.0100
NFLX,2025-04-16 11:48:00,975.2550,975.1952
NFLX,2025-04-16 11:49:00,975.0393,975.0000
NFLX,2025-04-16 11:50:00,974.8200,974.8800
NFLX,2025-04-16 11:51:00,974.8200,975.7700
NFLX,2025-04-16 11:52:00,975.4600,974.9741
NFLX,2025-04-16 11:53:00,974.6500,975.2150
NFLX,2025-04-16 11:54:00,974.6300,974.4600
NFLX,2025-04-16 11:55:00,974.3500,974.9900
NFLX,2025-04-16 11:56:00,974.8565,975.0218
NFLX,2025-04-16 11:57:00,974.5200,974.9350
NFLX,2025-04-16 11:58:00,974.9350,973.2127
NFLX,2025-04-16 11:59:00,973.1800,973.3607
NFLX,2025-04-16 12:00:00,973.1043,973.8383
NFLX,2025-04-16 12:01:00,973.3500,972.3601
NFLX,2025-04-16 12:02:00,972.9040,972.6500
NFLX,2025-04-16 12:03:00,972.1700,972.9825
NFLX,2025-04-16 12:04:00,973.2025,973.8563
NFLX,2025-04-16 12:05:00,973.8595,972.9150
NFLX,2025-04-16 12:06:00,972.6000,971.2975
NFLX,2025-04-16 12:07:00,971.2225,972.5100
NFLX,2025-04-16 12:08:00,971.8100,972.9399
NFLX,2025-04-16 12:09:00,972.4991,973.0835
NFLX,2025-04-16 12:10:00,972.6100,973.3990
NFLX,2025-04-16 12:11:00,974.0900,973.1376
NFLX,2025-04-16 12:12:00,973.5150,972.0000
NFLX,2025-04-16 12:13:00,972.0416,971.6500
NFLX,2025-04-16 12:14:00,972.2200,972.1000
NFLX,2025-04-16 12:15:00,972.8567,972.7200
NFLX,2025-04-16 12:16:00,972.6900,972.2500
NFLX,2025-04-16 12:17:00,971.9417,971.9230
NFLX,2025-04-16 12:18:00,972.0964,972.0350
NFLX,2025-04-16 12:19:00,972.0300,971.8083
NFLX,2025-04-16 12:20:00,971.9550,972.2950
NFLX,2025-04-16 12:21:00,972.2900,971.5200
NFLX,2025-04-16 12:22:00,971.7700,971.4750
NFLX,2025-04-16 12:23:00,971.2700,972.9200
NFLX,2025-04-16 12:24:00,973.1450,974.1899
NFLX,2025-04-16 12:25:00,974.5800,975.1100
NFLX,2025-04-16 12:26:00,975.0450,975.5661
NFLX,2025-04-16 12:27:00,975.9999,974.8650
NFLX,2025-04-16 12:28:00,974.8650,975.1906
NFLX,2025-04-16 12:29:00,975.4650,975.6250
NFLX,2025-04-16 12:30:00,975.3100,975.3000
NFLX,2025-04-16 12:31:00,975.0600,976.2700
NFLX,2025-04-16 12:32:00,976.5100,975.9000
NFLX,2025-04-16 12:33:00,975.8400,975.8600
NFLX,2025-04-16 12:34:00,975.8150,977.7779
NFLX,2025-04-16 12:35:00,977.3200,977.0225
NFLX,2025-04-16 12:36:00,976.6600,976.1200
NFLX,2025-04-16 12:37:00,975.7930,975.9800
NFLX,2025-04-16 12:38:00,975.9030,975.5000
NFLX,2025-04-16 12:39:00,975.4200,975.3000
NFLX,2025-04-16 12:40:00,975.0262,973.7300
NFLX,2025-04-16 12:41:00,973.5800,974.7050
NFLX,2025-04-16 12:42:00,974.7050,975.4150
NFLX,2025-04-16 12:43:00,975.8099,976.1750
NFLX,2025-04-16 12:44:00,976.1800,976.3510
NFLX,2025-04-16 12:45:00,976.6166,975.4450
NFLX,2025-04-16 12:46:00,975.7500,974.6000
NFLX,2025-04-16 12:47:00,974.3188,975.0900
NFLX,2025-04-16 12:48:00,974.4713,975.3700
NFLX,2025-04-16 12:49:00,975.2400,975.2400
NFLX,2025-04-16 12:50:00,975.0700,975.2000
NFLX,2025-04-16 12:51:00,975.4900,976.4550
NFLX,2025-04-16 12:52:00,976.5574,976.4950
NFLX,2025-04-16 12:53:00,976.6084,977.3012
NFLX,2025-04-16 12:54:00,977.2050,976.8645
NFLX,2025-04-16 12:55:00,977.0000,977.7000
NFLX,2025-04-16 12:56:00,977.2800,976.9475
NFLX,2025-04-16 12:57:00,977.1083,975.9400
NFLX,2025-04-16 12:58:00,975.7700,975.8900
NFLX,2025-04-16 12:59:00,975.5300,975.5550
NFLX,2025-04-16 13:00:00,975.0300,976.3900
NFLX,2025-04-16 13:01:00,976.3900,976.8800
NFLX,2025-04-16 13:02:00,976.9599,976.6600
NFLX,2025-04-16 13:03:00,976.4854,976.2201
NFLX,2025-04-16 13:04:00,976.7363,975.6000
NFLX,2025-04-16 13:05:00,975.6100,974.9624
NFLX,2025-04-16 13:06:00,975.4600,974.9900
NFLX,2025-04-16 13:07:00,975.6300,975.7150
NFLX,2025-04-16 13:08:00,975.1500,975.0100
NFLX,2025-04-16 13:09:00,975.0050,974.9500
NFLX,2025-04-16 13:10:00,974.9450,973.9650
NFLX,2025-04-16 13:11:00,973.7094,973.6150
NFLX,2025-04-16 13:12:00,973.4200,972.1532
NFLX,2025-04-16 13:13:00,972.6600,972.2500
NFLX,2025-04-16 13:14:00,972.9600,972.7300
NFLX,2025-04-16 13:15:00,972.8648,974.0500
NFLX,2025-04-16 13:16:00,973.9100,974.5500
NFLX,2025-04-16 13:17:00,974.5800,975.1800
NFLX,2025-04-16 13:18:00,975.3000,975.5600
NFLX,2025-04-16 13:19:00,975.5900,975.5400
NFLX,2025-04-16 13:20:00,975.2900,974.5164
NFLX,2025-04-16 13:21:00,974.9450,974.9300
NFLX,2025-04-16 13:22:00,975.0000,975.0000
NFLX,2025-04-16 13:23:00,975.0000,973.9800
NFLX,2025-04-16 13:24:00,974.1300,974.2800
NFLX,2025-04-16 13:25:00,974.1650,974.1650
NFLX,2025-04-16 13:26:00,974.0800,974.9999
NFLX,2025-04-16 13:27:00,974.5259,975.4100
NFLX,2025-04-16 13:28:00,975.9717,975.7700
NFLX,2025-04-16 13:29:00,976.2579,976.4600
NFLX,2025-04-16 13:30:00,976.4600,974.3100
NFLX,2025-04-16 13:31:00,974.5467,969.9900
NFLX,2025-04-16 13:32:00,969.9900,970.5101
NFLX,2025-04-16 13:33:00,970.0000,968.4800
NFLX,2025-04-16 13:34:00,968.4200,968.0000
NFLX,2025-04-16 13:35:00,968.6800,968.0200
NFLX,2025-04-16 13:36:00,967.5700,968.2600
NFLX,2025-04-16 13:37:00,968.2550,968.4201
NFLX,2025-04-16 13:38:00,968.5888,967.8244
NFLX,2025-04-16 13:39:00,967.0901,965.9750
NFLX,2025-04-16 13:40:00,965.7500,963.6700
NFLX,2025-04-16 13:41:00,963.5000,963.0200
NFLX,2025-04-16 13:42:00,962.4133,964.2300
NFLX,2025-04-16 13:43:00,964.3400,964.2200
NFLX,2025-04-16 13:44:00,964.2500,963.0500
NFLX,2025-04-16 13:45:00,962.7800,961.3000
NFLX,2025-04-16 13:46:00,961.3000,960.5616
NFLX,2025-04-16 13:47:00,960.2560,959.0500
NFLX,2025-04-16 13:48:00,958.5598,959.8766
NFLX,2025-04-16 13:49:00,960.0334,960.7500
NFLX,2025-04-16 13:50:00,960.9390,960.8000
NFLX,2025-04-16 13:51:00,960.6350,961.1050
NFLX,2025-04-16 13:52:00,961.6593,962.3200
NFLX,2025-04-16 13:53:00,962.4500,961.0725
NFLX,2025-04-16 13:54:00,961.0500,960.5750
NFLX,2025-04-16 13:55:00,960.9500,960.0212
NFLX,2025-04-16 13:56:00,960.4800,959.5000
NFLX,2025-04-16 13:57:00,958.8200,957.4400
NFLX,2025-04-16 13:58:00,957.7100,957.6649
NFLX,2025-04-16 13:59:00,958.4600,957.0800
NFLX,2025-04-16 14:00:00,957.1150,959.6800
NFLX,2025-04-16 14:01:00,959.6800,958.9740
NFLX,2025-04-16 14:02:00,958.8350,959.4900
NFLX,2025-04-16 14:03:00,959.6100,958.8600
NFLX,2025-04-16 14:04:00,959.6100,959.5000
NFLX,2025-04-16 14:05:00,960.1900,960.4130
NFLX,2025-04-16 14:06:00,960.0200,960.0219
NFLX,2025-04-16 14:07:00,960.8400,958.5658
NFLX,2025-04-16 14:08:00,958.0001,958.9200
NFLX,2025-04-16 14:09:00,958.0000,960.9300
NFLX,2025-04-16 14:10:00,960.9500,960.9745
NFLX,2025-04-16 14:11:00,960.5000,960.3200
NFLX,2025-04-16 14:12:00,960.6500,960.4250
NFLX,2025-04-16 14:13:00,960.2000,959.6400
NFLX,2025-04-16 14:14:00,960.0400,960.8950
NFLX,2025-04-16 14:15:00,961.2500,960.2600
NFLX,2025-04-16 14:16:00,960.0000,958.6301
NFLX,2025-04-16 14:17:00,960.0376,958.4838
NFLX,2025-04-16 14:18:00,958.4950,958.7900
NFLX,2025-04-16 14:19:00,958.8500,958.9050
NFLX,2025-04-16 14:20:00,958.9050,959.3600
NFLX,2025-04-16 14:21:00,959.3800,960.9800
NFLX,2025-04-16 14:22:00,960.5800,961.3500
NFLX,2025-04-16 14:23:00,960.7600,961.6600
NFLX,2025-04-16 14:24:00,962.1100,962.9000
NFLX,2025-04-16 14:25:00,963.2724,962.9650
NFLX,2025-04-16 14:26:00,963.1650,963.7100
NFLX,2025-04-16 14:27:00,963.7100,962.0000
NFLX,2025-04-16 14:28:00,962.5210,961.7050
NFLX,2025-04-16 14:29:00,961.7050,962.0000
NFLX,2025-04-16 14:30:00,962.6170,961.1650
NFLX,2025-04-16 14:31:00,961.1050,961.4700
NFLX,2025-04-16 14:32:00,961.6300,961.7800
NFLX,2025-04-16 14:33:00,961.3850,961.4450
NFLX,2025-04-16 14:34:00,961.6000,961.1500
NFLX,2025-04-16 14:35:00,961.6000,960.9000
NFLX,2025-04-16 14:36:00,961.0000,960.8100
NFLX,2025-04-16 14:37:00,960.4289,958.6400
NFLX,2025-04-16 14:38:00,958.5200,957.8400
NFLX,2025-04-16 14:39:00,957.8350,958.0238
NFLX,2025-04-16 14:40:00,958.5594,958.8000
NFLX,2025-04-16 14:41:00,958.8000,958.5500
NFLX,2025-04-16 14:42:00,958.5800,958.6000
NFLX,2025-04-16 14:43:00,958.3600,957.2800
NFLX,2025-04-16 14:44:00,957.4466,957.4100
NFLX,2025-04-16 14:45:00,957.1900,957.7700
NFLX,2025-04-16 14:46:00,957.9400,958.3500
NFLX,2025-04-16 14:47:00,957.9200,957.0500
NFLX,2025-04-16 14:48:00,957.0255,957.0000
NFLX,2025-04-16 14:49:00,956.6850,956.4800
NFLX,2025-04-16 14:50:00,956.1411,955.5425
NFLX,2025-04-16 14:51:00,956.3900,956.5386
NFLX,2025-04-16 14:52:00,956.5000,956.3700
NFLX,2025-04-16 14:53:00,956.3500,955.0000
NFLX,2025-04-16 14:54:00,955.1374,954.7500
NFLX,2025-04-16 14:55:00,955.0000,955.2500
NFLX,2025-04-16 14:56:00,954.8500,955.0000
NFLX,2025-04-16 14:57:00,955.1850,954.3000
NFLX,2025-04-16 14:58:00,954.4250,954.3000
NFLX,2025-04-16 14:59:00,954.0700,953.0000
NFLX,2025-04-16 15:00:00,953.0506,953.9550
NFLX,2025-04-16 15:01:00,954.0500,954.6400
NFLX,2025-04-16 15:02:00,954.8200,954.2550
NFLX,2025-04-16 15:03:00,954.4800,953.8200
NFLX,2025-04-16 15:04:00,954.0900,953.1000
NFLX,2025-04-16 15:05:00,953.3000,954.0000
NFLX,2025-04-16 15:06:00,954.5599,953.3200
NFLX,2025-04-16 15:07:00,953.7550,953.9200
NFLX,2025-04-16 15:08:00,953.4100,953.9396
NFLX,2025-04-16 15:09:00,954.0000,953.5700
NFLX,2025-04-16 15:10:00,953.5100,952.7900
NFLX,2025-04-16 15:11:00,952.7900,953.3019
NFLX,2025-04-16 15:12:00,952.8900,954.9575
NFLX,2025-04-16 15:13:00,955.3600,956.4700
NFLX,2025-04-16 15:14:00,956.4800,955.8800
NFLX,2025-04-16 15:15:00,955.1500,955.7200
NFLX,2025-04-16 15:16:00,955.3300,954.6500
NFLX,2025-04-16 15:17:00,954.5400,954.2850
NFLX,2025-04-16 15:18:00,954.0100,953.0200
NFLX,2025-04-16 15:19:00,953.1500,953.2500
NFLX,2025-04-16 15:20:00,953.7200,953.2700
NFLX,2025-04-16 15:21:00,953.2050,953.6700
NFLX,2025-04-16 15:22:00,953.7200,953.5000
NFLX,2025-04-16 15:23:00,953.5000,952.9200
NFLX,2025-04-16 15:24:00,952.9900,950.8250
NFLX,2025-04-16 15:25:00,951.1500,950.0450
NFLX,2025-04-16 15:26:00,950.1300,950.2950
NFLX,2025-04-16 15:27:00,950.2950,951.0350
NFLX,2025-04-16 15:28:00,951.1500,950.0300
NFLX,2025-04-16 15:29:00,950.0000,950.9950
NFLX,2025-04-16 15:30:00,951.6000,952.8500
NFLX,2025-04-16 15:31:00,953.0100,951.1250
NFLX,2025-04-16 15:32:00,951.4500,952.3900
NFLX,2025-04-16 15:33:00,952.6700,952.3700
NFLX,2025-04-16 15:34:00,952.5800,952.9550
NFLX,2025-04-16 15:35:00,952.9550,953.7550
NFLX,2025-04-16 15:36:00,953.9200,953.3450
NFLX,2025-04-16 15:37:00,953.3500,953.3200
NFLX,2025-04-16 15:38:00,953.7200,954.7000
NFLX,2025-04-16 15:39:00,954.6360,955.5550
NFLX,2025-04-16 15:40:00,955.5550,956.1100
NFLX,2025-04-16 15:41:00,956.5866,956.4900
NFLX,2025-04-16 15:42:00,956.3100,956.0000
NFLX,2025-04-16 15:43:00,955.7300,955.3701
NFLX,2025-04-16 15:44:00,955.7200,955.8763
NFLX,2025-04-16 15:45:00,955.9300,957.4150
NFLX,2025-04-16 15:46:00,957.4000,957.7000
NFLX,2025-04-16 15:47:00,957.7800,957.8542
NFLX,2025-04-16 15:48:00,957.7500,957.6200
NFLX,2025-04-16 15:49:00,957.9700,958.3500
NFLX,2025-04-16 15:50:00,958.8200,961.8050
NFLX,2025-04-16 15:51:00,961.6800,962.8000
NFLX,2025-04-16 15:52:00,963.0277,963.4111
NFLX,2025-04-16 15:53:00,963.3300,963.0700
NFLX,2025-04-16 15:54:00,963.2400,963.9400
NFLX,2025-04-16 15:55:00,963.5600,962.3600
NFLX,2025-04-16 15:56:00,962.2600,961.8783
NFLX,2025-04-16 15:57:00,962.3000,962.2500
NFLX,2025-04-16 15:58:00,961.9500,962.6100
NFLX,2025-04-16 15:59:00,962.5300,961.8200
NFLX,2025-04-17 09:30:00,969.0000,961.9000
NFLX,2025-04-17 09:31:00,960.3722,961.4450
NFLX,2025-04-17 09:32:00,960.8900,958.0000
NFLX,2025-04-17 09:33:00,957.7500,957.3750
NFLX,2025-04-17 09:34:00,957.2900,959.1400
NFLX,2025-04-17 09:35:00,959.3800,959.0400
NFLX,2025-04-17 09:36:00,959.6092,960.1350
NFLX,2025-04-17 09:37:00,959.8900,960.3000
NFLX,2025-04-17 09:38:00,959.7050,960.2999
NFLX,2025-04-17 09:39:00,959.8313,961.2400
NFLX,2025-04-17 09:40:00,960.5700,963.7216
NFLX,2025-04-17 09:41:00,963.2450,965.8699
NFLX,2025-04-17 09:42:00,965.8700,964.8250
NFLX,2025-04-17 09:43:00,964.8800,965.3500
NFLX,2025-04-17 09:44:00,965.4000,964.3400
NFLX,2025-04-17 09:45:00,964.9700,964.5800
NFLX,2025-04-17 09:46:00,964.0000,963.5269
NFLX,2025-04-17 09:47:00,964.1500,965.1699
NFLX,2025-04-17 09:48:00,965.1700,966.3300
NFLX,2025-04-17 09:49:00,966.0000,966.6300
NFLX,2025-04-17 09:50:00,967.0176,968.9500
NFLX,2025-04-17 09:51:00,969.1700,969.5350
NFLX,2025-04-17 09:52:00,969.7200,972.1500
NFLX,2025-04-17 09:53:00,972.0000,971.7101
NFLX,2025-04-17 09:54:00,972.2950,972.0550
NFLX,2025-04-17 09:55:00,972.4800,971.5500
NFLX,2025-04-17 09:56:00,971.6400,971.3900
NFLX,2025-04-17 09:57:00,971.4000,970.5286
NFLX,2025-04-17 09:58:00,970.9150,970.9400
NFLX,2025-04-17 09:59:00,971.3299,972.6500
NFLX,2025-04-17 10:00:00,972.2800,971.4900
NFLX,2025-04-17 10:01:00,972.5800,973.7150
NFLX,2025-04-17 10:02:00,973.7400,972.0000
NFLX,2025-04-17 10:03:00,972.9799,970.8720
NFLX,2025-04-17 10:04:00,970.9300,972.5050
NFLX,2025-04-17 10:05:00,972.5350,972.7200
NFLX,2025-04-17 10:06:00,972.4000,972.2350
NFLX,2025-04-17 10:07:00,971.5913,969.5100
NFLX,2025-04-17 10:08:00,969.2260,969.4600
NFLX,2025-04-17 10:09:00,969.6600,970.0700
NFLX,2025-04-17 10:10:00,970.2600,970.6700
NFLX,2025-04-17 10:11:00,970.1100,968.5000
NFLX,2025-04-17 10:12:00,968.7700,969.3100
NFLX,2025-04-17 10:13:00,968.5000,968.0300
NFLX,2025-04-17 10:14:00,968.3050,968.8399
NFLX,2025-04-17 10:15:00,968.8400,970.0599
NFLX,2025-04-17 10:16:00,969.7100,968.5450
NFLX,2025-04-17 10:17:00,968.8150,969.6999
NFLX,2025-04-17 10:18:00,969.0700,969.2999
NFLX,2025-04-17 10:19:00,968.6350,967.8500
NFLX,2025-04-17 10:20:00,967.9400,967.3600
NFLX,2025-04-17 10:21:00,967.0800,967.0100
NFLX,2025-04-17 10:22:00,967.5500,968.7800
NFLX,2025-04-17 10:23:00,968.5000,968.3900
NFLX,2025-04-17 10:24:00,968.4300,967.4300
NFLX,2025-04-17 10:25:00,967.3700,968.1700
NFLX,2025-04-17 10:26:00,968.2950,967.8700
NFLX,2025-04-17 10:27:00,968.3300,967.0500
NFLX,2025-04-17 10:28:00,967.0500,966.2189
NFLX,2025-04-17 10:29:00,965.9600,964.1900
NFLX,2025-04-17 10:30:00,964.2700,963.2100
NFLX,2025-04-17 10:31:00,963.4300,961.7100
NFLX,2025-04-17 10:32:00,962.7100,963.0200
NFLX,2025-04-17 10:33:00,964.0300,965.3100
NFLX,2025-04-17 10:34:00,966.1500,965.1000
NFLX,2025-04-17 10:35:00,965.1000,964.6650
NFLX,2025-04-17 10:36:00,964.7150,964.5200
NFLX,2025-04-17 10:37:00,964.5200,963.0301
NFLX,2025-04-17 10:38:00,963.5100,963.7900
NFLX,2025-04-17 10:39:00,963.2500,965.0600
NFLX,2025-04-17 10:40:00,965.0200,966.3800
NFLX,2025-04-17 10:41:00,966.0000,967.3901
NFLX,2025-04-17 10:42:00,968.0100,968.7400
NFLX,2025-04-17 10:43:00,968.8600,968.2150
NFLX,2025-04-17 10:44:00,968.8700,969.7200
NFLX,2025-04-17 10:45:00,969.3950,967.8900
NFLX,2025-04-17 10:46:00,967.4103,967.6650
NFLX,2025-04-17 10:47:00,967.3400,965.9000
NFLX,2025-04-17 10:48:00,966.7000,967.4000
NFLX,2025-04-17 10:49:00,967.0600,967.1600
NFLX,2025-04-17 10:50:00,967.5585,967.0100
NFLX,2025-04-17 10:51:00,966.8425,966.0501
NFLX,2025-04-17 10:52:00,966.0096,965.0100
NFLX,2025-04-17 10:53:00,965.0000,965.6700
NFLX,2025-04-17 10:54:00,966.2440,966.8000
NFLX,2025-04-17 10:55:00,967.2800,966.3900
NFLX,2025-04-17 10:56:00,966.3400,966.5700
NFLX,2025-04-17 10:57:00,966.5200,967.2400
NFLX,2025-04-17 10:58:00,966.3368,967.3800
NFLX,2025-04-17 10:59:00,967.1900,966.0200
NFLX,2025-04-17 11:00:00,966.0900,966.3950
NFLX,2025-04-17 11:01:00,966.3950,966.0900
NFLX,2025-04-17 11:02:00,966.3700,966.2650
NFLX,2025-04-17 11:03:00,966.2650,965.7600
NFLX,2025-04-17 11:04:00,965.5900,966.4100
NFLX,2025-04-17 11:05:00,966.7100,967.3237
NFLX,2025-04-17 11:06:00,967.7300,969.8200
NFLX,2025-04-17 11:07:00,969.5500,970.4000
NFLX,2025-04-17 11:08:00,970.8900,971.0100
NFLX,2025-04-17 11:09:00,970.9100,970.4450
NFLX,2025-04-17 11:10:00,970.0400,970.6600
NFLX,2025-04-17 11:11:00,970.5700,970.0000
NFLX,2025-04-17 11:12:00,970.1200,970.3800
NFLX,2025-04-17 11:13:00,970.3150,971.2300
NFLX,2025-04-17 11:14:00,970.7700,971.0900
NFLX,2025-04-17 11:15:00,971.3100,969.9700
NFLX,2025-04-17 11:16:00,969.9700,971.6300
NFLX,2025-04-17 11:17:00,971.0300,973.1400
NFLX,2025-04-17 11:18:00,973.1400,974.1000
NFLX,2025-04-17 11:19:00,973.9100,973.7600
NFLX,2025-04-17 11:20:00,973.6000,973.0500
NFLX,2025-04-17 11:21:00,972.3401,971.9017
NFLX,2025-04-17 11:22:00,971.8758,970.9300
NFLX,2025-04-17 11:23:00,971.0000,971.7800
NFLX,2025-04-17 11:24:00,971.3050,971.9780
NFLX,2025-04-17 11:25:00,972.0550,971.9600
NFLX,2025-04-17 11:26:00,972.1800,972.0766
NFLX,2025-04-17 11:27:00,972.0600,971.5400
NFLX,2025-04-17 11:28:00,970.9350,970.9900
NFLX,2025-04-17 11:29:00,970.6300,970.0950
NFLX,2025-04-17 11:30:00,970.0950,972.7568
NFLX,2025-04-17 11:31:00,972.7699,972.9900
NFLX,2025-04-17 11:32:00,972.7300,974.0000
NFLX,2025-04-17 11:33:00,974.2000,974.7300
NFLX,2025-04-17 11:34:00,974.7300,973.3700
NFLX,2025-04-17 11:35:00,973.4386,973.0113
NFLX,2025-04-17 11:36:00,972.5400,972.5100
NFLX,2025-04-17 11:37:00,972.7550,975.0000
NFLX,2025-04-17 11:38:00,974.8100,974.0100
NFLX,2025-04-17 11:39:00,973.8590,974.6200
NFLX,2025-04-17 11:40:00,974.7900,975.0000
NFLX,2025-04-17 11:41:00,975.4000,974.1400
NFLX,2025-04-17 11:42:00,974.4800,973.7100
NFLX,2025-04-17 11:43:00,973.3225,973.2150
NFLX,2025-04-17 11:44:00,973.2100,972.8100
NFLX,2025-04-17 11:45:00,972.8700,971.2800
NFLX,2025-04-17 11:46:00,970.9905,972.0000
NFLX,2025-04-17 11:47:00,972.4996,973.1100
NFLX,2025-04-17 11:48:00,972.2700,973.7200
NFLX,2025-04-17 11:49:00,973.7550,972.6600
NFLX,2025-04-17 11:50:00,971.8724,971.2701
NFLX,2025-04-17 11:51:00,971.6350,973.9400
NFLX,2025-04-17 11:52:00,973.5000,973.0000
NFLX,2025-04-17 11:53:00,974.0699,972.2500
NFLX,2025-04-17 11:54:00,972.3950,971.5100
NFLX,2025-04-17 11:55:00,972.0750,972.8000
NFLX,2025-04-17 11:56:00,972.8050,972.4900
NFLX,2025-04-17 11:57:00,972.2000,971.4070
NFLX,2025-04-17 11:58:00,971.3200,971.5000
NFLX,2025-04-17 11:59:00,971.3600,971.0200
NFLX,2025-04-17 12:00:00,971.7000,971.3500
NFLX,2025-04-17 12:01:00,971.2500,970.7400
NFLX,2025-04-17 12:02:00,971.1900,970.4200
NFLX,2025-04-17 12:03:00,969.9200,969.9800
NFLX,2025-04-17 12:04:00,969.9896,969.5100
NFLX,2025-04-17 12:05:00,969.4800,971.2700
NFLX,2025-04-17 12:06:00,971.6375,972.2600
NFLX,2025-04-17 12:07:00,972.2300,973.0000
NFLX,2025-04-17 12:08:00,973.4200,973.9300
NFLX,2025-04-17 12:09:00,973.9000,973.5000
NFLX,2025-04-17 12:10:00,972.9400,972.5400
NFLX,2025-04-17 12:11:00,972.2800,972.7800
NFLX,2025-04-17 12:12:00,973.3181,970.6350
NFLX,2025-04-17 12:13:00,970.1200,970.6400
NFLX,2025-04-17 12:14:00,970.7840,972.0950
NFLX,2025-04-17 12:15:00,972.5792,972.3800
NFLX,2025-04-17 12:16:00,972.7500,973.8900
NFLX,2025-04-17 12:17:00,974.2100,972.7100
NFLX,2025-04-17 12:18:00,972.9050,973.3800
NFLX,2025-04-17 12:19:00,973.8000,975.4200
NFLX,2025-04-17 12:20:00,975.1000,974.9200
NFLX,2025-04-17 12:21:00,975.0800,975.0650
NFLX,2025-04-17 12:22:00,974.6100,974.2000
NFLX,2025-04-17 12:23:00,973.7300,974.0800
NFLX,2025-04-17 12:24:00,974.2900,974.5918
NFLX,2025-04-17 12:25:00,974.8000,975.0772
NFLX,2025-04-17 12:26:00,974.7100,974.9650
NFLX,2025-04-17 12:27:00,974.6664,974.4000
NFLX,2025-04-17 12:28:00,974.7300,974.5700
NFLX,2025-04-17 12:29:00,974.5000,974.2804
NFLX,2025-04-17 12:30:00,973.6700,973.0300
NFLX,2025-04-17 12:31:00,973.0900,973.4800
NFLX,2025-04-17 12:32:00,973.3200,972.8700
NFLX,2025-04-17 12:33:00,973.1600,974.7600
NFLX,2025-04-17 12:34:00,975.0000,974.9000
NFLX,2025-04-17 12:35:00,974.8200,975.8600
NFLX,2025-04-17 12:36:00,976.0300,974.8600
NFLX,2025-04-17 12:37:00,974.8550,974.2671
NFLX,2025-04-17 12:38:00,974.9699,974.2950
NFLX,2025-04-17 12:39:00,974.1200,974.1400
NFLX,2025-04-17 12:40:00,974.6800,974.7200
NFLX,2025-04-17 12:41:00,974.8300,975.0000
NFLX,2025-04-17 12:42:00,974.6600,974.3000
NFLX,2025-04-17 12:43:00,974.5000,973.9000
NFLX,2025-04-17 12:44:00,973.3701,973.0845
NFLX,2025-04-17 12:45:00,973.6750,973.3700
NFLX,2025-04-17 12:46:00,973.6800,974.9900
NFLX,2025-04-17 12:47:00,975.4699,975.6305
NFLX,2025-04-17 12:48:00,975.6400,975.6700
NFLX,2025-04-17 12:49:00,975.5900,975.8501
NFLX,2025-04-17 12:50:00,976.8000,978.7200
NFLX,2025-04-17 12:51:00,978.2300,978.6733
NFLX,2025-04-17 12:52:00,978.3500,979.9500
NFLX,2025-04-17 12:53:00,979.7800,979.6132
NFLX,2025-04-17 12:54:00,979.4000,980.2700
NFLX,2025-04-17 12:55:00,980.1600,980.4900
NFLX,2025-04-17 12:56:00,980.5005,981.5312
NFLX,2025-04-17 12:57:00,981.2421,982.3800
NFLX,2025-04-17 12:58:00,982.2426,984.2700
NFLX,2025-04-17 12:59:00,984.7015,983.6002
NFLX,2025-04-17 13:00:00,983.6200,983.6500
NFLX,2025-04-17 13:01:00,983.9400,983.3400
NFLX,2025-04-17 13:02:00,983.3400,982.4400
NFLX,2025-04-17 13:03:00,982.3900,981.5694
NFLX,2025-04-17 13:04:00,981.1700,981.2500
NFLX,2025-04-17 13:05:00,981.4750,980.2300
NFLX,2025-04-17 13:06:00,980.5000,979.3700
NFLX,2025-04-17 13:07:00,979.3600,980.5550
NFLX,2025-04-17 13:08:00,980.6550,981.0200
NFLX,2025-04-17 13:09:00,980.6400,980.5500
NFLX,2025-04-17 13:10:00,980.8300,980.6250
NFLX,2025-04-17 13:11:00,980.0000,979.4400
NFLX,2025-04-17 13:12:00,979.4400,979.0900
NFLX,2025-04-17 13:13:00,979.6000,978.7500
NFLX,2025-04-17 13:14:00,978.6600,978.1300
NFLX,2025-04-17 13:15:00,978.1400,978.5400
NFLX,2025-04-17 13:16:00,978.4950,977.3350
NFLX,2025-04-17 13:17:00,977.3300,977.8798
NFLX,2025-04-17 13:18:00,977.6800,977.0000
NFLX,2025-04-17 13:19:00,977.6000,977.6300
NFLX,2025-04-17 13:20:00,977.1201,977.3100
NFLX,2025-04-17 13:21:00,977.0800,976.2261
NFLX,2025-04-17 13:22:00,976.0600,975.3900
NFLX,2025-04-17 13:23:00,975.2600,974.3233
NFLX,2025-04-17 13:24:00,975.1476,975.3400
NFLX,2025-04-17 13:25:00,975.7800,976.9607
NFLX,2025-04-17 13:26:00,976.1000,975.5350
NFLX,2025-04-17 13:27:00,975.2100,975.8700
NFLX,2025-04-17 13:28:00,975.7000,975.0000
NFLX,2025-04-17 13:29:00,974.7600,974.3199
NFLX,2025-04-17 13:30:00,974.0000,974.4750
NFLX,2025-04-17 13:31:00,974.9500,974.3300
NFLX,2025-04-17 13:32:00,974.5845,975.3600
NFLX,2025-04-17 13:33:00,975.1100,975.3500
NFLX,2025-04-17 13:34:00,975.3800,974.9400
NFLX,2025-04-17 13:35:00,974.5401,973.9900
NFLX,2025-04-17 13:36:00,974.2950,974.2125
NFLX,2025-04-17 13:37:00,974.5300,974.2900
NFLX,2025-04-17 13:38:00,974.3200,973.9800
NFLX,2025-04-17 13:39:00,973.8000,974.2100
NFLX,2025-04-17 13:40:00,974.5000,973.6100
NFLX,2025-04-17 13:41:00,973.2700,974.6570
NFLX,2025-04-17 13:42:00,974.0000,971.8100
NFLX,2025-04-17 13:43:00,971.7740,972.5250
NFLX,2025-04-17 13:44:00,972.9900,973.6000
NFLX,2025-04-17 13:45:00,973.2850,972.9100
NFLX,2025-04-17 13:46:00,972.9350,974.9102
NFLX,2025-04-17 13:47:00,975.2850,976.3500
NFLX,2025-04-17 13:48:00,976.3800,975.3400
NFLX,2025-04-17 13:49:00,976.0048,974.8100
NFLX,2025-04-17 13:50:00,974.9800,975.6314
NFLX,2025-04-17 13:51:00,975.4200,975.7095
NFLX,2025-04-17 13:52:00,975.7150,976.1999
NFLX,2025-04-17 13:53:00,976.1700,976.5500
NFLX,2025-04-17 13:54:00,976.5500,976.1101
NFLX,2025-04-17 13:55:00,976.1534,977.2100
NFLX,2025-04-17 13:56:00,976.8900,976.6650
NFLX,2025-04-17 13:57:00,976.2200,976.5700
NFLX,2025-04-17 13:58:00,976.2783,975.8300
NFLX,2025-04-17 13:59:00,975.8300,976.0528
NFLX,2025-04-17 14:00:00,975.7350,976.7100
NFLX,2025-04-17 14:01:00,976.2150,976.5130
NFLX,2025-04-17 14:02:00,977.1500,976.9900
NFLX,2025-04-17 14:03:00,977.1900,976.5300
NFLX,2025-04-17 14:04:00,976.7399,978.5300
NFLX,2025-04-17 14:05:00,978.8000,978.9600
NFLX,2025-04-17 14:06:00,978.5900,978.8600
NFLX,2025-04-17 14:07:00,978.8950,978.6900
NFLX,2025-04-17 14:08:00,979.1500,979.9300
NFLX,2025-04-17 14:09:00,979.5500,979.2250
NFLX,2025-04-17 14:10:00,979.4700,979.3500
NFLX,2025-04-17 14:11:00,979.5450,980.0050
NFLX,2025-04-17 14:12:00,980.1300,978.8124
NFLX,2025-04-17 14:13:00,978.7900,978.4000
NFLX,2025-04-17 14:14:00,978.1400,977.7834
NFLX,2025-04-17 14:15:00,977.5400,977.7611
NFLX,2025-04-17 14:16:00,978.0350,977.9450
NFLX,2025-04-17 14:17:00,978.0000,980.0200
NFLX,2025-04-17 14:18:00,980.1900,979.9000
NFLX,2025-04-17 14:19:00,979.9300,980.3199
NFLX,2025-04-17 14:20:00,980.0200,980.7500
NFLX,2025-04-17 14:21:00,980.7200,980.5950
NFLX,2025-04-17 14:22:00,980.5950,980.6950
NFLX,2025-04-17 14:23:00,980.9899,980.8700
NFLX,2025-04-17 14:24:00,980.9527,980.1500
NFLX,2025-04-17 14:25:00,980.5275,980.4500
NFLX,2025-04-17 14:26:00,980.0359,979.4000
NFLX,2025-04-17 14:27:00,979.4250,978.6400
NFLX,2025-04-17 14:28:00,978.8600,979.2900
NFLX,2025-04-17 14:29:00,979.5900,978.1800
NFLX,2025-04-17 14:30:00,978.5900,978.6000
NFLX,2025-04-17 14:31:00,978.2000,979.7200
NFLX,2025-04-17 14:32:00,979.5199,979.8000
NFLX,2025-04-17 14:33:00,979.8000,980.0400
NFLX,2025-04-17 14:34:00,980.0450,978.6400
NFLX,2025-04-17 14:35:00,978.7450,978.5000
NFLX,2025-04-17 14:36:00,978.7400,977.9300
NFLX,2025-04-17 14:37:00,978.1800,978.6715
NFLX,2025-04-17 14:38:00,978.7500,978.9500
NFLX,2025-04-17 14:39:00,978.9000,979.4400
NFLX,2025-04-17 14:40:00,979.4400,978.5512
NFLX,2025-04-17 14:41:00,978.2800,978.2500
NFLX,2025-04-17 14:42:00,978.2500,977.9100
NFLX,2025-04-17 14:43:00,977.4600,977.2550
NFLX,2025-04-17 14:44:00,977.5100,977.8600
NFLX,2025-04-17 14:45:00,977.8742,978.0050
NFLX,2025-04-17 14:46:00,977.9400,978.0000
NFLX,2025-04-17 14:47:00,977.8400,977.1400
NFLX,2025-04-17 14:48:00,977.0600,977.1500
NFLX,2025-04-17 14:49:00,977.1436,975.2950
NFLX,2025-04-17 14:50:00,975.4700,976.2000
NFLX,2025-04-17 14:51:00,976.4600,977.2300
NFLX,2025-04-17 14:52:00,977.4683,977.7050
NFLX,2025-04-17 14:53:00,977.9300,978.4156
NFLX,2025-04-17 14:54:00,977.7600,976.5200
NFLX,2025-04-17 14:55:00,976.7800,976.5850
NFLX,2025-04-17 14:56:00,976.3100,975.6800
NFLX,2025-04-17 14:57:00,975.6000,975.2850
NFLX,2025-04-17 14:58:00,975.0200,974.9400
NFLX,2025-04-17 14:59:00,975.0100,974.3600
NFLX,2025-04-17 15:00:00,974.2400,974.3100
NFLX,2025-04-17 15:01:00,974.5700,973.5525
NFLX,2025-04-17 15:02:00,973.4950,972.8690
NFLX,2025-04-17 15:03:00,973.1000,973.3400
NFLX,2025-04-17 15:04:00,973.4500,973.0350
NFLX,2025-04-17 15:05:00,973.0000,972.5850
NFLX,2025-04-17 15:06:00,972.5000,972.9999
NFLX,2025-04-17 15:07:00,972.5600,972.9900
NFLX,2025-04-17 15:08:00,973.0000,973.0800
NFLX,2025-04-17 15:09:00,972.9300,973.2000
NFLX,2025-04-17 15:10:00,973.1750,972.1300
NFLX,2025-04-17 15:11:00,972.2700,972.6400
NFLX,2025-04-17 15:12:00,972.2500,972.0200
NFLX,2025-04-17 15:13:00,971.9900,972.2800
NFLX,2025-04-17 15:14:00,972.1500,971.3100
NFLX,2025-04-17 15:15:00,971.2500,971.0300
NFLX,2025-04-17 15:16:00,970.7900,969.6700
NFLX,2025-04-17 15:17:00,969.8144,969.2300
NFLX,2025-04-17 15:18:00,969.5700,970.0500
NFLX,2025-04-17 15:19:00,970.0500,971.9650
NFLX,2025-04-17 15:20:00,971.6800,970.8908
NFLX,2025-04-17 15:21:00,970.9450,969.0001
NFLX,2025-04-17 15:22:00,969.2000,970.1080
NFLX,2025-04-17 15:23:00,970.4200,970.8500
NFLX,2025-04-17 15:24:00,970.4832,970.8900
NFLX,2025-04-17 15:25:00,971.2850,970.9950
NFLX,2025-04-17 15:26:00,971.3200,972.4402
NFLX,2025-04-17 15:27:00,972.3650,971.5000
NFLX,2025-04-17 15:28:00,971.5050,970.4900
NFLX,2025-04-17 15:29:00,970.4450,970.0700
NFLX,2025-04-17 15:30:00,969.8500,970.9200
NFLX,2025-04-17 15:31:00,970.7650,970.6200
NFLX,2025-04-17 15:32:00,970.7600,969.0000
NFLX,2025-04-17 15:33:00,969.0001,969.1300
NFLX,2025-04-17 15:34:00,969.0400,969.1700
NFLX,2025-04-17 15:35:00,969.4900,969.6250
NFLX,2025-04-17 15:36:00,969.5500,970.0000
NFLX,2025-04-17 15:37:00,970.3600,970.6400
NFLX,2025-04-17 15:38:00,970.5800,971.1150
NFLX,2025-04-17 15:39:00,971.1150,971.7800
NFLX,2025-04-17 15:40:00,971.7700,971.0700
NFLX,2025-04-17 15:41:00,971.0700,971.9400
NFLX,2025-04-17 15:42:00,972.1900,973.3650
NFLX,2025-04-17 15:43:00,973.5900,973.5000
NFLX,2025-04-17 15:44:00,973.3400,973.2850
NFLX,2025-04-17 15:45:00,973.3600,972.8871
NFLX,2025-04-17 15:46:00,973.1000,972.7600
NFLX,2025-04-17 15:47:00,972.7075,972.1700
NFLX,2025-04-17 15:48:00,972.1700,972.4600
NFLX,2025-04-17 15:49:00,972.2500,972.4450
NFLX,2025-04-17 15:50:00,972.0800,970.9200
NFLX,2025-04-17 15:51:00,971.1200,971.9800
NFLX,2025-04-17 15:52:00,971.9100,972.0400
NFLX,2025-04-17 15:53:00,971.8100,971.7200
NFLX,2025-04-17 15:54:00,971.6200,973.8850
NFLX,2025-04-17 15:55:00,973.1700,974.1800
NFLX,2025-04-17 15:56:00,974.1900,974.5900
NFLX,2025-04-17 15:57:00,974.7000,974.5950
NFLX,2025-04-17 15:58:00,974.5500,975.5000
NFLX,2025-04-17 15:59:00,975.4100,974.1200
NFLX,2025-04-21 09:30:00,984.4000,1000.0000
NFLX,2025-04-21 09:31:00,1000.3150,1017.9700
NFLX,2025-04-21 09:32:00,1017.2800,1011.0000
NFLX,2025-04-21 09:33:00,1010.8200,1008.4000
NFLX,2025-04-21 09:34:00,1010.0000,1008.0000
NFLX,2025-04-21 09:35:00,1007.7900,1003.3550
NFLX,2025-04-21 09:36:00,1002.3500,998.4400
NFLX,2025-04-21 09:37:00,997.2101,999.0000
NFLX,2025-04-21 09:38:00,999.7399,999.5000
NFLX,2025-04-21 09:39:00,1000.0600,1002.2800
NFLX,2025-04-21 09:40:00,1002.4300,1002.7070
NFLX,2025-04-21 09:41:00,1002.9599,1001.0500
NFLX,2025-04-21 09:42:00,1000.1250,996.8200
NFLX,2025-04-21 09:43:00,996.0000,997.4001
NFLX,2025-04-21 09:44:00,997.8100,995.6619
NFLX,2025-04-21 09:45:00,997.0000,996.9200
NFLX,2025-04-21 09:46:00,995.8301,997.8200
NFLX,2025-04-21 09:47:00,998.4800,1000.9001
NFLX,2025-04-21 09:48:00,1001.8999,1003.0000
NFLX,2025-04-21 09:49:00,1003.9500,1006.1956
NFLX,2025-04-21 09:50:00,1006.8300,1004.6900
NFLX,2025-04-21 09:51:00,1004.7300,1006.2100
NFLX,2025-04-21 09:52:00,1006.2200,1002.5850
NFLX,2025-04-21 09:53:00,1002.4071,998.4400
NFLX,2025-04-21 09:54:00,998.0276,997.9450
NFLX,2025-04-21 09:55:00,997.6800,998.7900
NFLX,2025-04-21 09:56:00,999.6877,997.7500
NFLX,2025-04-21 09:57:00,997.8047,994.6100
NFLX,2025-04-21 09:58:00,994.0900,992.1000
NFLX,2025-04-21 09:59:00,992.6040,990.3000
NFLX,2025-04-21 10:00:00,990.3100,989.4900
NFLX,2025-04-21 10:01:00,989.2000,990.3250
NFLX,2025-04-21 10:02:00,990.3200,988.0000
NFLX,2025-04-21 10:03:00,988.6250,986.6836
NFLX,2025-04-21 10:04:00,987.6100,988.1100
NFLX,2025-04-21 10:05:00,988.1100,988.0800
NFLX,2025-04-21 10:06:00,988.4625,984.9900
NFLX,2025-04-21 10:07:00,985.9300,985.3700
NFLX,2025-04-21 10:08:00,984.9240,986.0000
NFLX,2025-04-21 10:09:00,986.4350,986.0000
NFLX,2025-04-21 10:10:00,986.9900,986.6864
NFLX,2025-04-21 10:11:00,986.2538,988.3700
NFLX,2025-04-21 10:12:00,987.7500,986.9450
NFLX,2025-04-21 10:13:00,987.0000,987.6900
NFLX,2025-04-21 10:14:00,987.8299,986.8000
NFLX,2025-04-21 10:15:00,986.8000,987.4500
NFLX,2025-04-21 10:16:00,986.3000,980.8250
NFLX,2025-04-21 10:17:00,981.4837,981.5800
NFLX,2025-04-21 10:18:00,981.3001,977.2500
NFLX,2025-04-21 10:19:00,977.5100,980.7000
NFLX,2025-04-21 10:20:00,979.9632,980.7850
NFLX,2025-04-21 10:21:00,980.7900,981.5800
NFLX,2025-04-21 10:22:00,981.4500,978.4300
NFLX,2025-04-21 10:23:00,978.5498,980.0000
NFLX,2025-04-21 10:24:00,979.5887,980.6800
NFLX,2025-04-21 10:25:00,980.7116,982.2500
NFLX,2025-04-21 10:26:00,981.9900,982.6900
NFLX,2025-04-21 10:27:00,982.7050,982.3200
NFLX,2025-04-21 10:28:00,982.2500,980.8800
NFLX,2025-04-21 10:29:00,980.6674,981.0379
NFLX,2025-04-21 10:30:00,981.2500,983.9800
NFLX,2025-04-21 10:31:00,984.3500,982.4000
NFLX,2025-04-21 10:32:00,982.6900,983.0225
NFLX,2025-04-21 10:33:00,982.6500,983.1500
NFLX,2025-04-21 10:34:00,983.0300,985.1700
NFLX,2025-04-21 10:35:00,984.4064,987.2400
NFLX,2025-04-21 10:36:00,986.2201,986.7600
NFLX,2025-04-21 10:37:00,987.0600,988.1700
NFLX,2025-04-21 10:38:00,987.7896,988.2500
NFLX,2025-04-21 10:39:00,987.9550,988.9900
NFLX,2025-04-21 10:40:00,989.0000,989.2500
NFLX,2025-04-21 10:41:00,989.2500,990.1600
NFLX,2025-04-21 10:42:00,990.8200,990.1150
NFLX,2025-04-21 10:43:00,989.8700,989.5400
NFLX,2025-04-21 10:44:00,989.7500,989.1850
NFLX,2025-04-21 10:45:00,989.1200,989.6700
NFLX,2025-04-21 10:46:00,989.4700,986.4950
NFLX,2025-04-21 10:47:00,986.6500,987.1201
NFLX,2025-04-21 10:48:00,987.8800,988.1800
NFLX,2025-04-21 10:49:00,988.0369,987.6464
NFLX,2025-04-21 10:50:00,987.4000,986.7800
NFLX,2025-04-21 10:51:00,986.9150,987.1320
NFLX,2025-04-21 10:52:00,987.6200,987.5400
NFLX,2025-04-21 10:53:00,987.1134,988.1785
NFLX,2025-04-21 10:54:00,988.5000,989.5000
NFLX,2025-04-21 10:55:00,989.8300,991.0025
NFLX,2025-04-21 10:56:00,991.3500,994.6600
NFLX,2025-04-21 10:57:00,994.1600,992.2801
NFLX,2025-04-21 10:58:00,992.5356,996.4700
NFLX,2025-04-21 10:59:00,995.9854,997.4200
NFLX,2025-04-21 11:00:00,997.3950,1001.1100
NFLX,2025-04-21 11:01:00,1001.5400,998.5530
NFLX,2025-04-21 11:02:00,998.3600,996.6150
NFLX,2025-04-21 11:03:00,996.5832,996.4250
NFLX,2025-04-21 11:04:00,996.9999,998.5450
NFLX,2025-04-21 11:05:00,998.1687,1001.8000
NFLX,2025-04-21 11:06:00,1001.3900,1000.4800
NFLX,2025-04-21 11:07:00,1000.3000,996.5564
NFLX,2025-04-21 11:08:00,997.4800,999.0000
NFLX,2025-04-21 11:09:00,998.8750,1000.9700
NFLX,2025-04-21 11:10:00,1000.9799,1001.4799
NFLX,2025-04-21 11:11:00,1001.0450,1001.5400
NFLX,2025-04-21 11:12:00,1001.8200,1002.9000
NFLX,2025-04-21 11:13:00,1002.7800,1001.3850
NFLX,2025-04-21 11:14:00,1001.7900,999.6100
NFLX,2025-04-21 11:15:00,999.7456,1001.6999
NFLX,2025-04-21 11:16:00,1001.2500,1000.5000
NFLX,2025-04-21 11:17:00,1000.5000,1000.9750
NFLX,2025-04-21 11:18:00,1000.6500,1001.8765
NFLX,2025-04-21 11:19:00,1001.8500,1002.3300
NFLX,2025-04-21 11:20:00,1002.6599,1000.1100
NFLX,2025-04-21 11:21:00,999.8393,1001.0451
NFLX,2025-04-21 11:22:00,1001.0000,1000.5550
NFLX,2025-04-21 11:23:00,1000.5500,1001.0890
NFLX,2025-04-21 11:24:00,1000.1500,998.0600
NFLX,2025-04-21 11:25:00,998.2075,999.6600
NFLX,2025-04-21 11:26:00,998.8200,998.1800
NFLX,2025-04-21 11:27:00,998.4950,1001.6700
NFLX,2025-04-21 11:28:00,1001.9000,999.6300
NFLX,2025-04-21 11:29:00,1000.1024,1000.9000
NFLX,2025-04-21 11:30:00,1000.7400,1002.0083
NFLX,2025-04-21 11:31:00,1002.1750,1000.5301
NFLX,2025-04-21 11:32:00,1000.5300,1001.8043
NFLX,2025-04-21 11:33:00,1001.9124,1003.2900
NFLX,2025-04-21 11:34:00,1002.7186,1001.2900
NFLX,2025-04-21 11:35:00,1000.7300,1001.0000
NFLX,2025-04-21 11:36:00,1000.6800,1001.5150
NFLX,2025-04-21 11:37:00,1001.3300,1001.3800
NFLX,2025-04-21 11:38:00,1001.5742,1001.2000
NFLX,2025-04-21 11:39:00,1001.0000,1001.0762
NFLX,2025-04-21 11:40:00,1001.1000,1000.5500
NFLX,2025-04-21 11:41:00,1001.0000,1000.3650
NFLX,2025-04-21 11:42:00,1000.2600,1000.1600
NFLX,2025-04-21 11:43:00,1000.0500,999.1150
NFLX,2025-04-21 11:44:00,998.2500,996.0008
NFLX,2025-04-21 11:45:00,996.1900,995.5000
NFLX,2025-04-21 11:46:00,995.1500,995.6598
NFLX,2025-04-21 11:47:00,996.4400,994.8600
NFLX,2025-04-21 11:48:00,995.2600,994.8500
NFLX,2025-04-21 11:49:00,994.5424,995.0000
NFLX,2025-04-21 11:50:00,995.0207,993.1700
NFLX,2025-04-21 11:51:00,993.3250,992.3000
NFLX,2025-04-21 11:52:00,992.5000,991.5943
NFLX,2025-04-21 11:53:00,991.7400,991.9599
NFLX,2025-04-21 11:54:00,991.3000,991.1404
NFLX,2025-04-21 11:55:00,991.2500,991.9093
NFLX,2025-04-21 11:56:00,992.3400,992.3000
NFLX,2025-04-21 11:57:00,992.5299,992.2364
NFLX,2025-04-21 11:58:00,992.6199,991.6300
NFLX,2025-04-21 11:59:00,991.6300,991.0200
NFLX,2025-04-21 12:00:00,991.6675,994.9999
NFLX,2025-04-21 12:01:00,994.4000,994.1200
NFLX,2025-04-21 12:02:00,994.4899,993.1340
NFLX,2025-04-21 12:03:00,993.6050,994.9599
NFLX,2025-04-21 12:04:00,993.6520,994.0000
NFLX,2025-04-21 12:05:00,994.4999,993.7450
NFLX,2025-04-21 12:06:00,993.7450,993.0600
NFLX,2025-04-21 12:07:00,992.9730,991.0839
NFLX,2025-04-21 12:08:00,991.1900,992.0737
NFLX,2025-04-21 12:09:00,991.9981,993.9144
NFLX,2025-04-21 12:10:00,993.0212,993.9000
NFLX,2025-04-21 12:11:00,993.4300,992.7608
NFLX,2025-04-21 12:12:00,993.8390,993.7300
NFLX,2025-04-21 12:13:00,993.1200,993.7100
NFLX,2025-04-21 12:14:00,993.3600,993.5000
NFLX,2025-04-21 12:15:00,993.5600,994.2500
NFLX,2025-04-21 12:16:00,993.9300,995.0900
NFLX,2025-04-21 12:17:00,995.4000,995.5000
NFLX,2025-04-21 12:18:00,995.6900,994.0000
NFLX,2025-04-21 12:19:00,994.0000,992.0000
NFLX,2025-04-21 12:20:00,991.8947,991.2050
NFLX,2025-04-21 12:21:00,991.1072,991.7100
NFLX,2025-04-21 12:22:00,991.4100,989.0587
NFLX,2025-04-21 12:23:00,989.5456,990.1650
NFLX,2025-04-21 12:24:00,990.1300,990.3426
NFLX,2025-04-21 12:25:00,991.4300,990.3000
NFLX,2025-04-21 12:26:00,990.0000,987.7701
NFLX,2025-04-21 12:27:00,988.0800,987.9188
NFLX,2025-04-21 12:28:00,988.1000,987.5000
NFLX,2025-04-21 12:29:00,987.5300,988.1170
NFLX,2025-04-21 12:30:00,987.6700,987.5600
NFLX,2025-04-21 12:31:00,987.6944,988.0900
NFLX,2025-04-21 12:32:00,988.2400,987.3700
NFLX,2025-04-21 12:33:00,987.2700,987.6100
NFLX,2025-04-21 12:34:00,988.0000,988.7000
NFLX,2025-04-21 12:35:00,988.9300,988.9750
NFLX,2025-04-21 12:36:00,989.1900,990.3129
NFLX,2025-04-21 12:37:00,990.4000,990.6000
NFLX,2025-04-21 12:38:00,990.8000,990.4000
NFLX,2025-04-21 12:39:00,990.5900,990.7000
NFLX,2025-04-21 12:40:00,991.2636,992.1800
NFLX,2025-04-21 12:41:00,992.1800,992.4700
NFLX,2025-04-21 12:42:00,992.5300,992.0853
NFLX,2025-04-21 12:43:00,992.2900,991.7712
NFLX,2025-04-21 12:44:00,990.7556,990.7400
NFLX,2025-04-21 12:45:00,991.1100,992.7800
NFLX,2025-04-21 12:46:00,992.2550,991.5000
NFLX,2025-04-21 12:47:00,991.9167,990.5950
NFLX,2025-04-21 12:48:00,990.2804,989.0600
NFLX,2025-04-21 12:49:00,989.0600,988.8200
NFLX,2025-04-21 12:50:00,988.8200,988.1500
NFLX,2025-04-21 12:51:00,988.1400,987.7131
NFLX,2025-04-21 12:52:00,987.7550,986.3550
NFLX,2025-04-21 12:53:00,986.3268,986.0100
NFLX,2025-04-21 12:54:00,986.0000,986.5000
NFLX,2025-04-21 12:55:00,986.0000,986.1600
NFLX,2025-04-21 12:56:00,986.1600,984.9700
NFLX,2025-04-21 12:57:00,984.9150,983.2800
NFLX,2025-04-21 12:58:00,983.6050,983.1606
NFLX,2025-04-21 12:59:00,983.5300,984.0000
NFLX,2025-04-21 13:00:00,983.7000,984.5199
NFLX,2025-04-21 13:01:00,983.7160,981.6100
NFLX,2025-04-21 13:02:00,981.5001,980.6500
NFLX,2025-04-21 13:03:00,981.3799,979.2594
NFLX,2025-04-21 13:04:00,978.6400,978.9599
NFLX,2025-04-21 13:05:00,978.0700,977.9500
NFLX,2025-04-21 13:06:00,979.1699,978.3300
NFLX,2025-04-21 13:07:00,978.5500,978.5625
NFLX,2025-04-21 13:08:00,978.5100,977.7992
NFLX,2025-04-21 13:09:00,977.7801,978.3500
NFLX,2025-04-21 13:10:00,978.3450,977.9950
NFLX,2025-04-21 13:11:00,978.1400,978.5000
NFLX,2025-04-21 13:12:00,978.8100,979.1351
NFLX,2025-04-21 13:13:00,978.7500,978.3100
NFLX,2025-04-21 13:14:00,978.1100,978.4870
NFLX,2025-04-21 13:15:00,977.8500,978.0700
NFLX,2025-04-21 13:16:00,978.1400,978.3896
NFLX,2025-04-21 13:17:00,978.3896,978.9950
NFLX,2025-04-21 13:18:00,978.9950,978.6000
NFLX,2025-04-21 13:19:00,979.1300,979.3300
NFLX,2025-04-21 13:20:00,979.6000,979.8900
NFLX,2025-04-21 13:21:00,979.9600,979.4700
NFLX,2025-04-21 13:22:00,979.3547,979.0369
NFLX,2025-04-21 13:23:00,979.3750,980.0000
NFLX,2025-04-21 13:24:00,980.0000,979.7500
NFLX,2025-04-21 13:25:00,979.3000,979.1400
NFLX,2025-04-21 13:26:00,979.9322,980.3100
NFLX,2025-04-21 13:27:00,979.8921,980.7550
NFLX,2025-04-21 13:28:00,980.8300,979.4843
NFLX,2025-04-21 13:29:00,979.4646,979.8188
NFLX,2025-04-21 13:30:00,979.4300,980.9899
NFLX,2025-04-21 13:31:00,980.2700,981.5773
NFLX,2025-04-21 13:32:00,981.2900,982.6100
NFLX,2025-04-21 13:33:00,982.5000,982.0600
NFLX,2025-04-21 13:34:00,982.0600,981.7000
NFLX,2025-04-21 13:35:00,981.6124,981.0700
NFLX,2025-04-21 13:36:00,981.3000,984.4900
NFLX,2025-04-21 13:37:00,983.6319,983.2193
NFLX,2025-04-21 13:38:00,982.9250,982.7850
NFLX,2025-04-21 13:39:00,983.0000,983.2100
NFLX,2025-04-21 13:40:00,983.6600,982.6400
NFLX,2025-04-21 13:41:00,982.5950,981.8704
NFLX,2025-04-21 13:42:00,981.7600,980.9200
NFLX,2025-04-21 13:43:00,980.7700,979.5531
NFLX,2025-04-21 13:44:00,979.6100,981.0600
NFLX,2025-04-21 13:45:00,980.6277,979.6100
NFLX,2025-04-21 13:46:00,979.6800,978.5465
NFLX,2025-04-21 13:47:00,978.5000,978.2800
NFLX,2025-04-21 13:48:00,978.1700,977.5800
NFLX,2025-04-21 13:49:00,977.4000,975.1100
NFLX,2025-04-21 13:50:00,975.6000,976.0800
NFLX,2025-04-21 13:51:00,975.8900,975.5850
NFLX,2025-04-21 13:52:00,975.6600,975.1100
NFLX,2025-04-21 13:53:00,975.4850,974.6450
NFLX,2025-04-21 13:54:00,974.9999,975.1750
NFLX,2025-04-21 13:55:00,975.2300,976.2650
NFLX,2025-04-21 13:56:00,976.3050,976.0100
NFLX,2025-04-21 13:57:00,975.6100,976.0900
NFLX,2025-04-21 13:58:00,976.0900,976.4045
NFLX,2025-04-21 13:59:00,976.5891,976.7400
NFLX,2025-04-21 14:00:00,976.5000,976.7400
NFLX,2025-04-21 14:01:00,976.7856,976.3939
NFLX,2025-04-21 14:02:00,976.4500,976.9900
NFLX,2025-04-21 14:03:00,977.1500,976.8701
NFLX,2025-04-21 14:04:00,977.3250,976.3600
NFLX,2025-04-21 14:05:00,976.2500,975.8400
NFLX,2025-04-21 14:06:00,975.6300,977.6450
NFLX,2025-04-21 14:07:00,977.4843,976.9200
NFLX,2025-04-21 14:08:00,977.3200,977.1400
NFLX,2025-04-21 14:09:00,977.0900,978.4350
NFLX,2025-04-21 14:10:00,978.3900,977.4730
NFLX,2025-04-21 14:11:00,977.8100,977.8071
NFLX,2025-04-21 14:12:00,977.6553,978.5000
NFLX,2025-04-21 14:13:00,978.4800,977.6000
NFLX,2025-04-21 14:14:00,978.0730,978.0301
NFLX,2025-04-21 14:15:00,978.7489,979.6224
NFLX,2025-04-21 14:16:00,979.6350,980.1752
NFLX,2025-04-21 14:17:00,980.5550,980.9228
NFLX,2025-04-21 14:18:00,981.4713,981.9877
NFLX,2025-04-21 14:19:00,981.8388,980.2101
NFLX,2025-04-21 14:20:00,980.3211,979.9500
NFLX,2025-04-21 14:21:00,980.1000,981.5400
NFLX,2025-04-21 14:22:00,981.2200,981.9899
NFLX,2025-04-21 14:23:00,981.9899,981.4800
NFLX,2025-04-21 14:24:00,981.3700,981.9000
NFLX,2025-04-21 14:25:00,981.7600,981.3100
NFLX,2025-04-21 14:26:00,981.5464,981.8470
NFLX,2025-04-21 14:27:00,982.1800,983.1300
NFLX,2025-04-21 14:28:00,983.1200,984.0700
NFLX,2025-04-21 14:29:00,984.0000,984.7500
NFLX,2025-04-21 14:30:00,984.7650,985.7300
NFLX,2025-04-21 14:31:00,985.4100,987.2680
NFLX,2025-04-21 14:32:00,987.3000,986.6600
NFLX,2025-04-21 14:33:00,986.8500,986.5400
NFLX,2025-04-21 14:34:00,986.2900,986.2600
NFLX,2025-04-21 14:35:00,986.6200,986.7700
NFLX,2025-04-21 14:36:00,986.6400,986.1333
NFLX,2025-04-21 14:37:00,986.8900,985.1100
NFLX,2025-04-21 14:38:00,985.0533,985.2400
NFLX,2025-04-21 14:39:00,985.1700,985.2357
NFLX,2025-04-21 14:40:00,985.5600,984.0421
NFLX,2025-04-21 14:41:00,984.3500,984.4500
NFLX,2025-04-21 14:42:00,984.4500,984.4900
NFLX,2025-04-21 14:43:00,984.4900,984.9200
NFLX,2025-04-21 14:44:00,984.6120,984.7875
NFLX,2025-04-21 14:45:00,984.5413,985.2800
NFLX,2025-04-21 14:46:00,985.3677,985.4225
NFLX,2025-04-21 14:47:00,985.1120,984.9528
NFLX,2025-04-21 14:48:00,984.7950,985.3619
NFLX,2025-04-21 14:49:00,984.4900,985.4064
NFLX,2025-04-21 14:50:00,985.4700,985.6786
NFLX,2025-04-21 14:51:00,985.1801,985.0700
NFLX,2025-04-21 14:52:00,985.0750,984.8400
NFLX,2025-04-21 14:53:00,985.1500,985.4700
NFLX,2025-04-21 14:54:00,985.7100,986.2400
NFLX,2025-04-21 14:55:00,986.1400,986.5750
NFLX,2025-04-21 14:56:00,986.7248,986.8000
NFLX,2025-04-21 14:57:00,987.0101,987.7000
NFLX,2025-04-21 14:58:00,988.1108,987.0000
NFLX,2025-04-21 14:59:00,986.5000,986.1400
NFLX,2025-04-21 15:00:00,986.1500,987.5450
NFLX,2025-04-21 15:01:00,987.7000,988.5585
NFLX,2025-04-21 15:02:00,988.4412,989.5306
NFLX,2025-04-21 15:03:00,989.4900,989.0324
NFLX,2025-04-21 15:04:00,988.7200,990.0450
NFLX,2025-04-21 15:05:00,990.0250,991.4300
NFLX,2025-04-21 15:06:00,991.1800,991.3700
NFLX,2025-04-21 15:07:00,991.4400,990.7800
NFLX,2025-04-21 15:08:00,990.5091,990.3000
NFLX,2025-04-21 15:09:00,990.0200,990.7884
NFLX,2025-04-21 15:10:00,990.9900,990.6100
NFLX,2025-04-21 15:11:00,990.9000,990.7401
NFLX,2025-04-21 15:12:00,990.8600,990.6700
NFLX,2025-04-21 15:13:00,990.5996,989.0796
NFLX,2025-04-21 15:14:00,989.4000,987.9281
NFLX,2025-04-21 15:15:00,988.3500,989.2900
NFLX,2025-04-21 15:16:00,989.7300,989.0000
NFLX,2025-04-21 15:17:00,988.8000,988.4179
NFLX,2025-04-21 15:18:00,988.9100,989.8018
NFLX,2025-04-21 15:19:00,989.7000,990.0000
NFLX,2025-04-21 15:20:00,989.8000,989.5800
NFLX,2025-04-21 15:21:00,989.7200,989.2048
NFLX,2025-04-21 15:22:00,988.8801,989.9900
NFLX,2025-04-21 15:23:00,990.1500,989.3868
NFLX,2025-04-21 15:24:00,988.9800,988.9475
NFLX,2025-04-21 15:25:00,989.2000,989.3694
NFLX,2025-04-21 15:26:00,989.0100,988.7573
NFLX,2025-04-21 15:27:00,988.3100,987.7500
NFLX,2025-04-21 15:28:00,987.5850,986.1100
NFLX,2025-04-21 15:29:00,985.5601,985.4724
NFLX,2025-04-21 15:30:00,986.0100,986.8000
NFLX,2025-04-21 15:31:00,987.1800,987.6488
NFLX,2025-04-21 15:32:00,987.9400,988.9282
NFLX,2025-04-21 15:33:00,989.4100,989.6200
NFLX,2025-04-21 15:34:00,989.1100,988.5350
NFLX,2025-04-21 15:35:00,988.8300,988.2500
NFLX,2025-04-21 15:36:00,988.8000,989.5320
NFLX,2025-04-21 15:37:00,989.9100,991.0000
NFLX,2025-04-21 15:38:00,990.8043,990.6500
NFLX,2025-04-21 15:39:00,990.7990,990.8500
NFLX,2025-04-21 15:40:00,991.1000,991.5000
NFLX,2025-04-21 15:41:00,992.0000,992.0000
NFLX,2025-04-21 15:42:00,991.6973,991.8136
NFLX,2025-04-21 15:43:00,992.0400,991.8641
NFLX,2025-04-21 15:44:00,992.2700,991.6000
NFLX,2025-04-21 15:45:00,991.5000,991.7660
NFLX,2025-04-21 15:46:00,991.5100,990.2600
NFLX,2025-04-21 15:47:00,990.0500,989.4642
NFLX,2025-04-21 15:48:00,989.5900,990.2000
NFLX,2025-04-21 15:49:00,990.1950,990.1900
NFLX,2025-04-21 15:50:00,989.6800,990.2158
NFLX,2025-04-21 15:51:00,990.0000,987.7400
NFLX,2025-04-21 15:52:00,987.5000,985.6200
NFLX,2025-04-21 15:53:00,985.6200,984.2100
NFLX,2025-04-21 15:54:00,984.0335,986.0001
NFLX,2025-04-21 15:55:00,986.8100,987.5400
NFLX,2025-04-21 15:56:00,987.2549,988.8000
NFLX,2025-04-21 15:57:00,988.5100,988.3550
NFLX,2025-04-21 15:58:00,988.3550,989.0650
NFLX,2025-04-21 15:59:00,989.0200,987.7200
NFLX,2025-04-22 09:30:00,1005.3000,1013.4230
NFLX,2025-04-22 09:31:00,1013.5700,1017.9408
NFLX,2025-04-22 09:32:00,1016.7689,1029.2800
NFLX,2025-04-22 09:33:00,1029.4300,1030.7290
NFLX,2025-04-22 09:34:00,1030.0479,1030.3976
NFLX,2025-04-22 09:35:00,1030.9000,1034.4777
NFLX,2025-04-22 09:36:00,1034.3338,1028.2950
NFLX,2025-04-22 09:37:00,1028.3000,1033.6200
NFLX,2025-04-22 09:38:00,1033.3950,1035.6850
NFLX,2025-04-22 09:39:00,1034.5900,1031.5600
NFLX,2025-04-22 09:40:00,1032.4400,1030.9000
NFLX,2025-04-22 09:41:00,1030.9200,1032.0000
NFLX,2025-04-22 09:42:00,1031.7807,1030.5800
NFLX,2025-04-22 09:43:00,1030.0152,1031.6900
NFLX,2025-04-22 09:44:00,1030.8891,1035.1100
NFLX,2025-04-22 09:45:00,1035.8500,1040.7400
NFLX,2025-04-22 09:46:00,1040.9576,1043.8400
NFLX,2025-04-22 09:47:00,1043.6200,1043.0514
NFLX,2025-04-22 09:48:00,1042.9800,1042.5000
NFLX,2025-04-22 09:49:00,1042.9700,1042.9900
NFLX,2025-04-22 09:50:00,1042.8475,1043.5850
NFLX,2025-04-22 09:51:00,1043.9300,1044.0499
NFLX,2025-04-22 09:52:00,1043.9974,1044.9300
NFLX,2025-04-22 09:53:00,1044.6900,1047.1943
NFLX,2025-04-22 09:54:00,1047.7999,1048.9500
NFLX,2025-04-22 09:55:00,1049.0100,1047.5400
NFLX,2025-04-22 09:56:00,1047.2936,1050.3786
NFLX,2025-04-22 09:57:00,1050.2750,1051.8499
NFLX,2025-04-22 09:58:00,1051.3560,1054.5900
NFLX,2025-04-22 09:59:00,1054.5850,1053.3450
NFLX,2025-04-22 10:00:00,1053.3450,1053.0900
NFLX,2025-04-22 10:01:00,1053.4000,1050.4400
NFLX,2025-04-22 10:02:00,1050.3900,1049.4899
NFLX,2025-04-22 10:03:00,1049.1450,1047.6457
NFLX,2025-04-22 10:04:00,1047.1800,1046.5040
NFLX,2025-04-22 10:05:00,1046.4500,1045.0149
NFLX,2025-04-22 10:06:00,1045.5150,1049.0500
NFLX,2025-04-22 10:07:00,1048.2301,1049.2550
NFLX,2025-04-22 10:08:00,1049.2840,1048.7000
NFLX,2025-04-22 10:09:00,1048.7100,1047.2000
NFLX,2025-04-22 10:10:00,1047.2000,1048.2000
NFLX,2025-04-22 10:11:00,1047.8000,1046.8500
NFLX,2025-04-22 10:12:00,1046.5900,1045.3550
NFLX,2025-04-22 10:13:00,1045.6100,1044.4400
NFLX,2025-04-22 10:14:00,1044.2100,1046.9700
NFLX,2025-04-22 10:15:00,1046.7200,1048.0948
NFLX,2025-04-22 10:16:00,1048.1900,1046.1800
NFLX,2025-04-22 10:17:00,1045.8700,1045.9900
NFLX,2025-04-22 10:18:00,1045.5100,1046.4400
NFLX,2025-04-22 10:19:00,1045.8100,1044.9000
NFLX,2025-04-22 10:20:00,1044.9800,1046.0300
NFLX,2025-04-22 10:21:00,1046.0950,1044.9410
NFLX,2025-04-22 10:22:00,1045.5300,1045.4108
NFLX,2025-04-22 10:23:00,1046.0400,1048.2700
NFLX,2025-04-22 10:24:00,1048.0200,1048.1001
NFLX,2025-04-22 10:25:00,1048.7307,1049.0000
NFLX,2025-04-22 10:26:00,1048.4200,1049.1640
NFLX,2025-04-22 10:27:00,1049.8900,1050.0000
NFLX,2025-04-22 10:28:00,1049.6300,1049.1800
NFLX,2025-04-22 10:29:00,1049.4100,1050.1900
NFLX,2025-04-22 10:30:00,1050.1000,1048.4000
NFLX,2025-04-22 10:31:00,1048.1853,1049.0500
NFLX,2025-04-22 10:32:00,1049.5000,1050.2700
NFLX,2025-04-22 10:33:00,1050.4700,1050.1100
NFLX,2025-04-22 10:34:00,1049.7064,1050.6300
NFLX,2025-04-22 10:35:00,1050.5000,1051.5100
NFLX,2025-04-22 10:36:00,1052.0000,1051.9999
NFLX,2025-04-22 10:37:00,1051.9600,1052.9150
NFLX,2025-04-22 10:38:00,1053.3400,1055.0000
NFLX,2025-04-22 10:39:00,1055.7899,1057.6700
NFLX,2025-04-22 10:40:00,1057.9800,1057.3800
NFLX,2025-04-22 10:41:00,1057.2700,1057.3500
NFLX,2025-04-22 10:42:00,1057.5500,1056.8651
NFLX,2025-04-22 10:43:00,1057.1000,1056.9801
NFLX,2025-04-22 10:44:00,1057.3500,1059.5899
NFLX,2025-04-22 10:45:00,1059.5900,1061.0732
NFLX,2025-04-22 10:46:00,1061.4000,1061.9250
NFLX,2025-04-22 10:47:00,1061.6060,1063.2740
NFLX,2025-04-22 10:48:00,1062.9422,1063.2000
NFLX,2025-04-22 10:49:00,1062.3093,1062.2600
NFLX,2025-04-22 10:50:00,1062.6200,1063.0500
NFLX,2025-04-22 10:51:00,1063.0400,1061.3000
NFLX,2025-04-22 10:52:00,1061.5750,1060.8201
NFLX,2025-04-22 10:53:00,1061.2650,1063.7200
NFLX,2025-04-22 10:54:00,1063.4800,1064.4200
NFLX,2025-04-22 10:55:00,1063.7200,1062.0414
NFLX,2025-04-22 10:56:00,1062.3900,1063.3823
NFLX,2025-04-22 10:57:00,1063.0550,1062.4800
NFLX,2025-04-22 10:58:00,1062.5500,1060.8468
NFLX,2025-04-22 10:59:00,1060.5000,1061.1200
NFLX,2025-04-22 11:00:00,1061.0000,1061.8350
NFLX,2025-04-22 11:01:00,1062.0000,1059.9300
NFLX,2025-04-22 11:02:00,1059.3150,1058.9000
NFLX,2025-04-22 11:03:00,1058.6625,1057.5399
NFLX,2025-04-22 11:04:00,1058.0000,1058.3800
NFLX,2025-04-22 11:05:00,1058.7450,1058.2500
NFLX,2025-04-22 11:06:00,1058.0434,1058.9800
NFLX,2025-04-22 11:07:00,1058.9800,1059.4852
NFLX,2025-04-22 11:08:00,1059.5050,1060.2600
NFLX,2025-04-22 11:09:00,1059.8400,1059.9200
NFLX,2025-04-22 11:10:00,1060.0050,1060.0550
NFLX,2025-04-22 11:11:00,1059.9000,1059.9700
NFLX,2025-04-22 11:12:00,1059.9700,1059.9500
NFLX,2025-04-22 11:13:00,1060.0000,1059.0600
NFLX,2025-04-22 11:14:00,1059.2300,1059.0850
NFLX,2025-04-22 11:15:00,1059.0400,1059.6600
NFLX,2025-04-22 11:16:00,1060.2350,1059.6900
NFLX,2025-04-22 11:17:00,1059.4800,1060.0000
NFLX,2025-04-22 11:18:00,1060.2200,1062.3400
NFLX,2025-04-22 11:19:00,1062.1300,1060.9900
NFLX,2025-04-22 11:20:00,1061.4300,1061.0100
NFLX,2025-04-22 11:21:00,1061.0000,1061.0212
NFLX,2025-04-22 11:22:00,1060.4801,1062.0000
NFLX,2025-04-22 11:23:00,1061.9700,1060.8817
NFLX,2025-04-22 11:24:00,1061.1000,1060.1300
NFLX,2025-04-22 11:25:00,1060.2500,1059.6314
NFLX,2025-04-22 11:26:00,1059.1700,1058.6150
NFLX,2025-04-22 11:27:00,1058.7500,1061.1650
NFLX,2025-04-22 11:28:00,1061.2688,1060.6950
NFLX,2025-04-22 11:29:00,1060.7000,1059.4250
NFLX,2025-04-22 11:30:00,1059.7900,1057.1400
NFLX,2025-04-22 11:31:00,1057.5000,1058.6150
NFLX,2025-04-22 11:32:00,1058.1700,1058.6200
NFLX,2025-04-22 11:33:00,1058.6700,1059.5200
NFLX,2025-04-22 11:34:00,1059.5200,1059.4500
NFLX,2025-04-22 11:35:00,1059.7837,1059.4600
NFLX,2025-04-22 11:36:00,1059.2500,1057.0000
NFLX,2025-04-22 11:37:00,1056.8200,1056.9681
NFLX,2025-04-22 11:38:00,1056.8001,1056.8800
NFLX,2025-04-22 11:39:00,1056.9900,1055.3550
NFLX,2025-04-22 11:40:00,1055.3085,1054.2500
NFLX,2025-04-22 11:41:00,1054.5100,1054.6300
NFLX,2025-04-22 11:42:00,1054.9050,1054.0000
NFLX,2025-04-22 11:43:00,1053.6800,1054.2828
NFLX,2025-04-22 11:44:00,1054.9099,1053.0800
NFLX,2025-04-22 11:45:00,1053.1950,1053.3600
NFLX,2025-04-22 11:46:00,1052.8100,1054.3350
NFLX,2025-04-22 11:47:00,1054.3400,1053.5000
NFLX,2025-04-22 11:48:00,1052.7700,1051.7796
NFLX,2025-04-22 11:49:00,1051.8050,1052.7822
NFLX,2025-04-22 11:50:00,1052.1300,1051.2400
NFLX,2025-04-22 11:51:00,1052.0250,1051.9370
NFLX,2025-04-22 11:52:00,1051.8000,1051.2700
NFLX,2025-04-22 11:53:00,1051.3200,1050.8800
NFLX,2025-04-22 11:54:00,1050.4000,1049.9600
NFLX,2025-04-22 11:55:00,1049.8400,1051.4273
NFLX,2025-04-22 11:56:00,1050.8501,1051.0100
NFLX,2025-04-22 11:57:00,1050.4233,1050.7199
NFLX,2025-04-22 11:58:00,1049.7500,1051.1700
NFLX,2025-04-22 11:59:00,1051.9400,1053.8300
NFLX,2025-04-22 12:00:00,1053.6750,1056.9313
NFLX,2025-04-22 12:01:00,1056.7000,1056.0000
NFLX,2025-04-22 12:02:00,1054.8300,1053.1400
NFLX,2025-04-22 12:03:00,1052.5000,1050.4400
NFLX,2025-04-22 12:04:00,1050.9999,1050.9200
NFLX,2025-04-22 12:05:00,1051.1400,1050.0470
NFLX,2025-04-22 12:06:00,1050.9699,1050.3400
NFLX,2025-04-22 12:07:00,1050.5476,1049.2500
NFLX,2025-04-22 12:08:00,1050.5000,1048.9309
NFLX,2025-04-22 12:09:00,1048.2600,1046.5000
NFLX,2025-04-22 12:10:00,1047.0800,1047.0000
NFLX,2025-04-22 12:11:00,1046.6901,1047.5700
NFLX,2025-04-22 12:12:00,1047.6400,1047.3000
NFLX,2025-04-22 12:13:00,1047.0000,1047.6200
NFLX,2025-04-22 12:14:00,1047.5820,1049.5899
NFLX,2025-04-22 12:15:00,1048.9900,1047.5000
NFLX,2025-04-22 12:16:00,1047.5846,1046.9040
NFLX,2025-04-22 12:17:00,1047.0000,1047.3802
NFLX,2025-04-22 12:18:00,1046.8400,1045.7397
NFLX,2025-04-22 12:19:00,1045.2000,1046.0493
NFLX,2025-04-22 12:20:00,1046.1900,1045.4384
NFLX,2025-04-22 12:21:00,1045.8200,1045.7600
NFLX,2025-04-22 12:22:00,1045.3100,1045.0000
NFLX,2025-04-22 12:23:00,1045.0149,1047.3400
NFLX,2025-04-22 12:24:00,1047.0650,1046.6300
NFLX,2025-04-22 12:25:00,1046.7338,1047.0000
NFLX,2025-04-22 12:26:00,1047.1500,1045.9000
NFLX,2025-04-22 12:27:00,1046.4000,1046.0000
NFLX,2025-04-22 12:28:00,1046.5600,1045.0100
NFLX,2025-04-22 12:29:00,1045.1600,1045.4990
NFLX,2025-04-22 12:30:00,1045.0350,1045.4800
NFLX,2025-04-22 12:31:00,1045.0000,1046.9400
NFLX,2025-04-22 12:32:00,1046.6800,1047.7750
NFLX,2025-04-22 12:33:00,1047.3150,1047.9758
NFLX,2025-04-22 12:34:00,1048.5000,1048.0000
NFLX,2025-04-22 12:35:00,1048.5000,1049.2700
NFLX,2025-04-22 12:36:00,1049.1300,1049.0000
NFLX,2025-04-22 12:37:00,1049.6800,1050.0000
NFLX,2025-04-22 12:38:00,1049.5316,1049.6363
NFLX,2025-04-22 12:39:00,1049.9252,1050.3699
NFLX,2025-04-22 12:40:00,1049.5300,1049.2200
NFLX,2025-04-22 12:41:00,1049.0000,1048.4300
NFLX,2025-04-22 12:42:00,1048.7900,1049.7740
NFLX,2025-04-22 12:43:00,1050.0000,1049.5400
NFLX,2025-04-22 12:44:00,1049.6400,1050.4100
NFLX,2025-04-22 12:45:00,1050.7700,1050.2100
NFLX,2025-04-22 12:46:00,1050.4000,1052.6662
NFLX,2025-04-22 12:47:00,1052.3700,1053.3075
NFLX,2025-04-22 12:48:00,1053.5000,1054.3000
NFLX,2025-04-22 12:49:00,1054.0000,1055.8599
NFLX,2025-04-22 12:50:00,1055.8600,1054.5200
NFLX,2025-04-22 12:51:00,1054.6600,1052.9877
NFLX,2025-04-22 12:52:00,1052.2501,1052.3296
NFLX,2025-04-22 12:53:00,1053.3499,1054.1600
NFLX,2025-04-22 12:54:00,1053.4000,1054.1980
NFLX,2025-04-22 12:55:00,1053.6967,1054.1401
NFLX,2025-04-22 12:56:00,1055.6700,1055.1400
NFLX,2025-04-22 12:57:00,1055.0700,1055.5000
NFLX,2025-04-22 12:58:00,1055.6200,1054.5600
NFLX,2025-04-22 12:59:00,1054.3550,1054.5000
NFLX,2025-04-22 13:00:00,1054.2200,1054.4600
NFLX,2025-04-22 13:01:00,1055.0000,1055.0000
NFLX,2025-04-22 13:02:00,1055.0000,1055.1195
NFLX,2025-04-22 13:03:00,1053.8500,1054.1801
NFLX,2025-04-22 13:04:00,1054.2600,1054.0300
NFLX,2025-04-22 13:05:00,1053.9850,1054.0100
NFLX,2025-04-22 13:06:00,1054.5999,1053.6850
NFLX,2025-04-22 13:07:00,1053.4700,1053.9300
NFLX,2025-04-22 13:08:00,1054.3000,1056.3406
NFLX,2025-04-22 13:09:00,1056.6599,1055.1453
NFLX,2025-04-22 13:10:00,1055.4582,1052.2700
NFLX,2025-04-22 13:11:00,1051.5000,1049.6900
NFLX,2025-04-22 13:12:00,1049.9200,1051.1500
NFLX,2025-04-22 13:13:00,1050.2200,1049.4201
NFLX,2025-04-22 13:14:00,1050.1714,1049.5816
NFLX,2025-04-22 13:15:00,1049.2700,1048.0000
NFLX,2025-04-22 13:16:00,1047.8750,1048.5000
NFLX,2025-04-22 13:17:00,1047.6125,1047.8339
NFLX,2025-04-22 13:18:00,1048.9750,1049.8350
NFLX,2025-04-22 13:19:00,1049.7500,1049.8100
NFLX,2025-04-22 13:20:00,1049.5500,1047.9000
NFLX,2025-04-22 13:21:00,1047.2400,1046.6800
NFLX,2025-04-22 13:22:00,1046.6800,1047.2747
NFLX,2025-04-22 13:23:00,1047.5000,1046.2700
NFLX,2025-04-22 13:24:00,1047.2700,1046.1000
NFLX,2025-04-22 13:25:00,1046.0200,1045.6721
NFLX,2025-04-22 13:26:00,1047.4600,1047.3100
NFLX,2025-04-22 13:27:00,1047.4750,1045.6500
NFLX,2025-04-22 13:28:00,1046.2200,1045.4600
NFLX,2025-04-22 13:29:00,1044.9100,1044.3400
NFLX,2025-04-22 13:30:00,1044.5600,1044.3650
NFLX,2025-04-22 13:31:00,1044.9999,1044.1600
NFLX,2025-04-22 13:32:00,1043.5200,1044.1794
NFLX,2025-04-22 13:33:00,1044.7000,1044.3500
NFLX,2025-04-22 13:34:00,1043.7100,1044.8000
NFLX,2025-04-22 13:35:00,1045.3309,1045.0950
NFLX,2025-04-22 13:36:00,1045.2600,1048.3300
NFLX,2025-04-22 13:37:00,1048.4300,1046.9000
NFLX,2025-04-22 13:38:00,1047.7999,1046.9600
NFLX,2025-04-22 13:39:00,1047.4111,1046.4741
NFLX,2025-04-22 13:40:00,1046.5101,1045.8900
NFLX,2025-04-22 13:41:00,1046.2200,1045.9400
NFLX,2025-04-22 13:42:00,1045.8000,1044.3776
NFLX,2025-04-22 13:43:00,1044.2410,1044.9771
NFLX,2025-04-22 13:44:00,1044.6600,1046.1196
NFLX,2025-04-22 13:45:00,1045.0300,1043.0756
NFLX,2025-04-22 13:46:00,1043.4356,1043.5000
NFLX,2025-04-22 13:47:00,1043.2400,1042.6700
NFLX,2025-04-22 13:48:00,1043.1400,1042.4400
NFLX,2025-04-22 13:49:00,1042.0600,1040.5600
NFLX,2025-04-22 13:50:00,1040.2400,1041.0000
NFLX,2025-04-22 13:51:00,1041.4100,1040.4000
NFLX,2025-04-22 13:52:00,1040.0100,1041.6500
NFLX,2025-04-22 13:53:00,1041.6400,1041.0000
NFLX,2025-04-22 13:54:00,1041.1600,1042.0000
NFLX,2025-04-22 13:55:00,1042.9899,1042.0000
NFLX,2025-04-22 13:56:00,1042.2700,1042.6900
NFLX,2025-04-22 13:57:00,1042.2900,1040.6057
NFLX,2025-04-22 13:58:00,1040.8616,1041.8975
NFLX,2025-04-22 13:59:00,1041.3100,1040.3500
NFLX,2025-04-22 14:00:00,1040.6999,1039.7700
NFLX,2025-04-22 14:01:00,1039.7700,1040.6799
NFLX,2025-04-22 14:02:00,1040.4414,1040.6900
NFLX,2025-04-22 14:03:00,1041.3800,1042.1700
NFLX,2025-04-22 14:04:00,1042.0001,1044.1155
NFLX,2025-04-22 14:05:00,1044.1066,1045.6050
NFLX,2025-04-22 14:06:00,1045.6100,1045.4800
NFLX,2025-04-22 14:07:00,1045.1010,1045.5000
NFLX,2025-04-22 14:08:00,1045.6030,1043.8300
NFLX,2025-04-22 14:09:00,1044.0000,1043.5000
NFLX,2025-04-22 14:10:00,1043.5000,1043.8000
NFLX,2025-04-22 14:11:00,1043.8500,1043.5400
NFLX,2025-04-22 14:12:00,1043.8300,1043.7250
NFLX,2025-04-22 14:13:00,1043.3700,1044.9999
NFLX,2025-04-22 14:14:00,1043.8268,1044.3280
NFLX,2025-04-22 14:15:00,1044.4000,1044.2800
NFLX,2025-04-22 14:16:00,1044.0500,1043.6950
NFLX,2025-04-22 14:17:00,1043.5000,1043.6000
NFLX,2025-04-22 14:18:00,1043.6988,1043.1700
NFLX,2025-04-22 14:19:00,1043.0300,1044.1550
NFLX,2025-04-22 14:20:00,1044.1550,1045.3292
NFLX,2025-04-22 14:21:00,1045.5900,1046.5001
NFLX,2025-04-22 14:22:00,1046.9900,1047.4355
NFLX,2025-04-22 14:23:00,1046.9200,1049.0000
NFLX,2025-04-22 14:24:00,1048.6550,1048.4200
NFLX,2025-04-22 14:25:00,1048.4200,1047.6050
NFLX,2025-04-22 14:26:00,1048.4899,1047.7300
NFLX,2025-04-22 14:27:00,1047.7900,1047.9875
NFLX,2025-04-22 14:28:00,1048.5500,1047.7216
NFLX,2025-04-22 14:29:00,1048.2700,1048.2000
NFLX,2025-04-22 14:30:00,1048.1500,1047.5350
NFLX,2025-04-22 14:31:00,1047.4396,1048.3450
NFLX,2025-04-22 14:32:00,1048.2450,1048.8250
NFLX,2025-04-22 14:33:00,1048.9803,1048.8899
NFLX,2025-04-22 14:34:00,1048.7752,1047.8800
NFLX,2025-04-22 14:35:00,1048.4500,1047.5700
NFLX,2025-04-22 14:36:00,1047.7200,1048.1950
NFLX,2025-04-22 14:37:00,1048.2300,1047.9200
NFLX,2025-04-22 14:38:00,1047.8050,1047.4550
NFLX,2025-04-22 14:39:00,1047.1000,1046.9900
NFLX,2025-04-22 14:40:00,1046.2900,1045.8612
NFLX,2025-04-22 14:41:00,1046.6000,1046.5350
NFLX,2025-04-22 14:42:00,1046.6100,1045.2400
NFLX,2025-04-22 14:43:00,1045.7480,1046.1500
NFLX,2025-04-22 14:44:00,1045.9540,1045.5000
NFLX,2025-04-22 14:45:00,1045.7400,1045.6600
NFLX,2025-04-22 14:46:00,1045.7500,1046.2800
NFLX,2025-04-22 14:47:00,1046.2800,1046.2850
NFLX,2025-04-22 14:48:00,1046.6177,1046.8350
NFLX,2025-04-22 14:49:00,1046.2400,1045.8900
NFLX,2025-04-22 14:50:00,1046.2300,1047.2299
NFLX,2025-04-22 14:51:00,1046.0088,1046.0050
NFLX,2025-04-22 14:52:00,1046.0450,1046.2050
NFLX,2025-04-22 14:53:00,1046.2050,1045.7200
NFLX,2025-04-22 14:54:00,1045.7750,1045.7900
NFLX,2025-04-22 14:55:00,1045.7900,1045.8194
NFLX,2025-04-22 14:56:00,1045.6650,1045.5300
NFLX,2025-04-22 14:57:00,1045.4600,1044.5500
NFLX,2025-04-22 14:58:00,1044.8840,1044.5400
NFLX,2025-04-22 14:59:00,1044.5500,1043.9300
NFLX,2025-04-22 15:00:00,1043.9700,1045.0000
NFLX,2025-04-22 15:01:00,1044.0100,1043.7300
NFLX,2025-04-22 15:02:00,1043.7300,1044.4100
NFLX,2025-04-22 15:03:00,1044.1636,1044.5050
NFLX,2025-04-22 15:04:00,1044.5000,1045.9100
NFLX,2025-04-22 15:05:00,1046.6500,1045.4100
NFLX,2025-04-22 15:06:00,1044.9900,1044.8700
NFLX,2025-04-22 15:07:00,1044.7800,1044.0100
NFLX,2025-04-22 15:08:00,1044.0200,1043.1000
NFLX,2025-04-22 15:09:00,1043.0000,1042.0700
NFLX,2025-04-22 15:10:00,1042.3900,1040.8750
NFLX,2025-04-22 15:11:00,1040.8600,1040.9100
NFLX,2025-04-22 15:12:00,1040.7800,1040.8500
NFLX,2025-04-22 15:13:00,1041.2300,1041.2500
NFLX,2025-04-22 15:14:00,1040.5000,1040.7899
NFLX,2025-04-22 15:15:00,1039.7780,1040.1300
NFLX,2025-04-22 15:16:00,1040.1400,1040.5900
NFLX,2025-04-22 15:17:00,1040.2000,1040.0200
NFLX,2025-04-22 15:18:00,1039.9800,1038.6744
NFLX,2025-04-22 15:19:00,1038.6300,1038.4600
NFLX,2025-04-22 15:20:00,1038.6300,1037.6850
NFLX,2025-04-22 15:21:00,1037.0400,1037.1100
NFLX,2025-04-22 15:22:00,1036.9100,1036.4700
NFLX,2025-04-22 15:23:00,1036.3950,1035.2600
NFLX,2025-04-22 15:24:00,1035.5500,1036.4500
NFLX,2025-04-22 15:25:00,1036.4500,1037.0700
NFLX,2025-04-22 15:26:00,1037.3000,1035.5700
NFLX,2025-04-22 15:27:00,1035.8599,1036.1850
NFLX,2025-04-22 15:28:00,1036.2300,1036.2000
NFLX,2025-04-22 15:29:00,1036.7880,1035.7500
NFLX,2025-04-22 15:30:00,1035.9300,1035.9636
NFLX,2025-04-22 15:31:00,1035.7400,1035.4600
NFLX,2025-04-22 15:32:00,1035.0000,1034.0725
NFLX,2025-04-22 15:33:00,1033.5500,1033.2350
NFLX,2025-04-22 15:34:00,1033.6300,1032.4200
NFLX,2025-04-22 15:35:00,1032.1500,1032.5900
NFLX,2025-04-22 15:36:00,1032.1400,1031.6800
NFLX,2025-04-22 15:37:00,1031.6250,1031.8400
NFLX,2025-04-22 15:38:00,1032.4200,1032.0000
NFLX,2025-04-22 15:39:00,1031.2200,1030.5100
NFLX,2025-04-22 15:40:00,1030.7100,1030.3700
NFLX,2025-04-22 15:41:00,1030.5000,1031.5900
NFLX,2025-04-22 15:42:00,1032.0300,1033.2233
NFLX,2025-04-22 15:43:00,1033.2600,1034.9899
NFLX,2025-04-22 15:44:00,1034.5800,1034.6000
NFLX,2025-04-22 15:45:00,1034.5600,1035.2800
NFLX,2025-04-22 15:46:00,1035.6200,1035.0600
NFLX,2025-04-22 15:47:00,1035.2508,1035.9900
NFLX,2025-04-22 15:48:00,1036.0100,1035.3200
NFLX,2025-04-22 15:49:00,1035.7850,1037.3900
NFLX,2025-04-22 15:50:00,1036.2900,1036.8000
NFLX,2025-04-22 15:51:00,1036.9000,1036.7000
NFLX,2025-04-22 15:52:00,1037.1300,1037.0350
NFLX,2025-04-22 15:53:00,1036.9232,1036.0000
NFLX,2025-04-22 15:54:00,1036.3600,1040.1718
NFLX,2025-04-22 15:55:00,1040.6100,1038.1125
NFLX,2025-04-22 15:56:00,1038.4000,1040.6150
NFLX,2025-04-22 15:57:00,1040.6600,1041.5500
NFLX,2025-04-22 15:58:00,1041.5500,1040.8800
NFLX,2025-04-22 15:59:00,1040.9950,1039.5200
NFLX,2025-04-23 09:30:00,1047.2250,1036.0755
NFLX,2025-04-23 09:31:00,1036.1300,1039.8180
NFLX,2025-04-23 09:32:00,1040.1600,1037.6298
NFLX,2025-04-23 09:33:00,1036.3000,1034.0700
NFLX,2025-04-23 09:34:00,1034.0000,1035.1492
NFLX,2025-04-23 09:35:00,1035.6622,1036.5500
NFLX,2025-04-23 09:36:00,1035.9600,1039.6499
NFLX,2025-04-23 09:37:00,1038.0450,1044.8250
NFLX,2025-04-23 09:38:00,1044.8250,1042.0000
NFLX,2025-04-23 09:39:00,1042.0650,1039.1800
NFLX,2025-04-23 09:40:00,1039.2900,1038.0300
NFLX,2025-04-23 09:41:00,1038.6500,1040.1951
NFLX,2025-04-23 09:42:00,1040.2050,1040.6700
NFLX,2025-04-23 09:43:00,1041.7721,1044.5400
NFLX,2025-04-23 09:44:00,1044.0522,1042.5500
NFLX,2025-04-23 09:45:00,1042.5001,1040.2600
NFLX,2025-04-23 09:46:00,1040.0100,1042.8500
NFLX,2025-04-23 09:47:00,1042.1566,1042.2937
NFLX,2025-04-23 09:48:00,1043.0004,1046.2700
NFLX,2025-04-23 09:49:00,1046.7492,1047.6815
NFLX,2025-04-23 09:50:00,1047.4950,1048.1500
NFLX,2025-04-23 09:51:00,1048.1500,1050.3713
NFLX,2025-04-23 09:52:00,1050.3650,1048.0900
NFLX,2025-04-23 09:53:00,1047.8516,1048.5000
NFLX,2025-04-23 09:54:00,1049.2500,1048.8800
NFLX,2025-04-23 09:55:00,1048.7650,1046.2257
NFLX,2025-04-23 09:56:00,1046.1400,1048.1200
NFLX,2025-04-23 09:57:00,1048.9000,1048.5050
NFLX,2025-04-23 09:58:00,1048.5050,1049.3850
NFLX,2025-04-23 09:59:00,1049.8000,1052.7300
NFLX,2025-04-23 10:00:00,1053.2600,1052.8650
NFLX,2025-04-23 10:01:00,1053.2200,1053.6723
NFLX,2025-04-23 10:02:00,1053.4900,1053.7358
NFLX,2025-04-23 10:03:00,1053.5950,1052.7400
NFLX,2025-04-23 10:04:00,1052.7400,1054.5700
NFLX,2025-04-23 10:05:00,1055.5999,1055.3900
NFLX,2025-04-23 10:06:00,1054.8450,1057.0950
NFLX,2025-04-23 10:07:00,1057.1950,1056.8700
NFLX,2025-04-23 10:08:00,1056.5700,1057.9100
NFLX,2025-04-23 10:09:00,1058.2200,1056.4450
NFLX,2025-04-23 10:10:00,1056.9700,1055.0942
NFLX,2025-04-23 10:11:00,1055.1200,1055.4100
NFLX,2025-04-23 10:12:00,1055.4100,1054.3900
NFLX,2025-04-23 10:13:00,1054.3900,1054.3525
NFLX,2025-04-23 10:14:00,1054.5808,1055.5000
NFLX,2025-04-23 10:15:00,1055.8000,1054.0150
NFLX,2025-04-23 10:16:00,1053.1100,1050.9650
NFLX,2025-04-23 10:17:00,1050.9600,1048.7999
NFLX,2025-04-23 10:18:00,1047.3700,1047.5350
NFLX,2025-04-23 10:19:00,1047.5650,1051.4500
NFLX,2025-04-23 10:20:00,1051.5134,1049.8300
NFLX,2025-04-23 10:21:00,1049.3900,1049.5100
NFLX,2025-04-23 10:22:00,1049.7700,1050.2300
NFLX,2025-04-23 10:23:00,1050.1350,1052.0000
NFLX,2025-04-23 10:24:00,1051.8400,1054.1925
NFLX,2025-04-23 10:25:00,1053.8400,1055.7700
NFLX,2025-04-23 10:26:00,1056.0000,1057.3193
NFLX,2025-04-23 10:27:00,1056.4700,1055.8377
NFLX,2025-04-23 10:28:00,1055.3500,1056.0000
NFLX,2025-04-23 10:29:00,1055.5001,1055.7100
NFLX,2025-04-23 10:30:00,1055.4600,1055.7950
NFLX,2025-04-23 10:31:00,1055.7950,1056.0000
NFLX,2025-04-23 10:32:00,1056.0000,1056.0000
NFLX,2025-04-23 10:33:00,1056.0350,1056.4000
NFLX,2025-04-23 10:34:00,1056.9000,1055.2350
NFLX,2025-04-23 10:35:00,1055.2350,1056.0850
NFLX,2025-04-23 10:36:00,1056.3700,1057.2250
NFLX,2025-04-23 10:37:00,1057.2250,1056.7750
NFLX,2025-04-23 10:38:00,1056.8125,1056.2042
NFLX,2025-04-23 10:39:00,1056.5100,1056.3650
NFLX,2025-04-23 10:40:00,1056.3650,1056.7899
NFLX,2025-04-23 10:41:00,1056.7793,1055.0900
NFLX,2025-04-23 10:42:00,1054.5500,1054.5400
NFLX,2025-04-23 10:43:00,1054.3000,1056.8700
NFLX,2025-04-23 10:44:00,1056.0300,1055.7679
NFLX,2025-04-23 10:45:00,1054.7300,1055.0150
NFLX,2025-04-23 10:46:00,1055.1250,1055.3450
NFLX,2025-04-23 10:47:00,1055.3450,1056.0000
NFLX,2025-04-23 10:48:00,1056.2000,1056.1100
NFLX,2025-04-23 10:49:00,1055.6346,1054.7400
NFLX,2025-04-23 10:50:00,1054.7400,1052.3901
NFLX,2025-04-23 10:51:00,1052.3900,1053.0000
NFLX,2025-04-23 10:52:00,1053.7000,1054.0000
NFLX,2025-04-23 10:53:00,1053.9800,1053.7000
NFLX,2025-04-23 10:54:00,1053.6550,1053.8100
NFLX,2025-04-23 10:55:00,1053.7000,1053.7800
NFLX,2025-04-23 10:56:00,1053.8900,1053.7350
NFLX,2025-04-23 10:57:00,1053.2700,1052.4801
NFLX,2025-04-23 10:58:00,1052.6750,1052.9000
NFLX,2025-04-23 10:59:00,1053.0200,1053.1225
NFLX,2025-04-23 11:00:00,1052.8300,1052.1150
NFLX,2025-04-23 11:01:00,1052.1000,1051.3500
NFLX,2025-04-23 11:02:00,1051.8900,1050.5350
NFLX,2025-04-23 11:03:00,1051.2500,1049.8768
NFLX,2025-04-23 11:04:00,1050.4250,1051.8550
NFLX,2025-04-23 11:05:00,1051.5100,1053.0000
NFLX,2025-04-23 11:06:00,1053.2600,1055.0000
NFLX,2025-04-23 11:07:00,1055.1200,1054.6700
NFLX,2025-04-23 11:08:00,1054.9950,1055.8650
NFLX,2025-04-23 11:09:00,1056.0000,1056.2197
NFLX,2025-04-23 11:10:00,1055.8400,1055.7760
NFLX,2025-04-23 11:11:00,1055.6500,1061.0000
NFLX,2025-04-23 11:12:00,1060.9400,1060.2400
NFLX,2025-04-23 11:13:00,1060.4800,1061.1300
NFLX,2025-04-23 11:14:00,1060.8050,1060.6831
NFLX,2025-04-23 11:15:00,1060.3300,1058.8400
NFLX,2025-04-23 11:16:00,1058.4700,1057.2000
NFLX,2025-04-23 11:17:00,1056.8500,1056.4100
NFLX,2025-04-23 11:18:00,1056.8000,1056.9250
NFLX,2025-04-23 11:19:00,1057.0000,1056.4900
NFLX,2025-04-23 11:20:00,1056.3600,1055.0000
NFLX,2025-04-23 11:21:00,1055.5400,1057.0700
NFLX,2025-04-23 11:22:00,1057.4699,1056.2800
NFLX,2025-04-23 11:23:00,1055.9514,1053.5150
NFLX,2025-04-23 11:24:00,1053.1100,1054.8500
NFLX,2025-04-23 11:25:00,1054.8350,1054.1400
NFLX,2025-04-23 11:26:00,1054.1600,1051.1800
NFLX,2025-04-23 11:27:00,1052.1738,1051.4700
NFLX,2025-04-23 11:28:00,1050.7700,1052.2000
NFLX,2025-04-23 11:29:00,1050.9960,1051.7000
NFLX,2025-04-23 11:30:00,1051.6150,1053.0000
NFLX,2025-04-23 11:31:00,1053.0700,1052.1999
NFLX,2025-04-23 11:32:00,1051.3600,1049.1000
NFLX,2025-04-23 11:33:00,1049.5018,1050.4600
NFLX,2025-04-23 11:34:00,1051.0000,1053.1950
NFLX,2025-04-23 11:35:00,1053.1950,1051.7000
NFLX,2025-04-23 11:36:00,1051.5100,1051.0200
NFLX,2025-04-23 11:37:00,1052.1615,1051.2250
NFLX,2025-04-23 11:38:00,1051.6150,1051.7250
NFLX,2025-04-23 11:39:00,1051.7236,1053.4860
NFLX,2025-04-23 11:40:00,1053.3200,1052.5350
NFLX,2025-04-23 11:41:00,1052.4350,1051.5000
NFLX,2025-04-23 11:42:00,1051.3800,1050.1200
NFLX,2025-04-23 11:43:00,1050.1200,1048.3340
NFLX,2025-04-23 11:44:00,1048.3200,1048.6598
NFLX,2025-04-23 11:45:00,1048.3800,1049.3900
NFLX,2025-04-23 11:46:00,1048.8020,1046.2690
NFLX,2025-04-23 11:47:00,1045.8100,1045.5100
NFLX,2025-04-23 11:48:00,1045.5568,1041.8700
NFLX,2025-04-23 11:49:00,1042.3600,1042.2800
NFLX,2025-04-23 11:50:00,1042.3000,1044.4250
NFLX,2025-04-23 11:51:00,1044.5650,1043.2250
NFLX,2025-04-23 11:52:00,1043.0000,1043.0000
NFLX,2025-04-23 11:53:00,1042.4000,1043.8150
NFLX,2025-04-23 11:54:00,1044.2800,1044.5700
NFLX,2025-04-23 11:55:00,1044.9900,1046.0900
NFLX,2025-04-23 11:56:00,1046.4500,1046.2300
NFLX,2025-04-23 11:57:00,1046.0872,1046.0900
NFLX,2025-04-23 11:58:00,1046.6200,1047.7700
NFLX,2025-04-23 11:59:00,1047.7425,1047.1700
NFLX,2025-04-23 12:00:00,1046.6000,1045.5100
NFLX,2025-04-23 12:01:00,1045.4350,1044.4900
NFLX,2025-04-23 12:02:00,1044.3600,1044.2500
NFLX,2025-04-23 12:03:00,1044.5050,1044.2700
NFLX,2025-04-23 12:04:00,1044.7095,1044.0450
NFLX,2025-04-23 12:05:00,1043.9600,1044.7400
NFLX,2025-04-23 12:06:00,1044.0100,1042.6000
NFLX,2025-04-23 12:07:00,1042.6100,1042.6450
NFLX,2025-04-23 12:08:00,1042.3000,1042.9450
NFLX,2025-04-23 12:09:00,1042.3300,1041.6100
NFLX,2025-04-23 12:10:00,1041.3300,1042.3000
NFLX,2025-04-23 12:11:00,1043.2048,1040.5400
NFLX,2025-04-23 12:12:00,1040.9988,1038.7700
NFLX,2025-04-23 12:13:00,1039.2200,1040.7726
NFLX,2025-04-23 12:14:00,1040.2500,1039.9500
NFLX,2025-04-23 12:15:00,1040.2000,1039.3501
NFLX,2025-04-23 12:16:00,1039.3500,1039.7700
NFLX,2025-04-23 12:17:00,1039.7196,1039.1700
NFLX,2025-04-23 12:18:00,1039.2000,1038.7150
NFLX,2025-04-23 12:19:00,1038.3500,1038.0000
NFLX,2025-04-23 12:20:00,1037.6700,1037.6500
NFLX,2025-04-23 12:21:00,1037.3401,1038.3000
NFLX,2025-04-23 12:22:00,1038.2475,1037.4000
NFLX,2025-04-23 12:23:00,1037.1000,1037.8800
NFLX,2025-04-23 12:24:00,1038.1400,1037.8400
NFLX,2025-04-23 12:25:00,1037.3007,1038.4800
NFLX,2025-04-23 12:26:00,1038.9999,1037.0801
NFLX,2025-04-23 12:27:00,1037.9150,1040.9999
NFLX,2025-04-23 12:28:00,1040.2500,1041.7200
NFLX,2025-04-23 12:29:00,1042.6750,1042.9800
NFLX,2025-04-23 12:30:00,1042.9500,1042.3100
NFLX,2025-04-23 12:31:00,1042.5865,1042.4200
NFLX,2025-04-23 12:32:00,1042.5000,1041.7250
NFLX,2025-04-23 12:33:00,1042.1200,1042.4800
NFLX,2025-04-23 12:34:00,1041.9501,1041.9650
NFLX,2025-04-23 12:35:00,1041.9300,1043.6500
NFLX,2025-04-23 12:36:00,1043.3650,1045.8000
NFLX,2025-04-23 12:37:00,1045.9550,1045.9100
NFLX,2025-04-23 12:38:00,1046.1850,1045.3950
NFLX,2025-04-23 12:39:00,1045.4984,1045.0300
NFLX,2025-04-23 12:40:00,1044.8700,1045.2300
NFLX,2025-04-23 12:41:00,1045.2300,1044.9820
NFLX,2025-04-23 12:42:00,1045.0300,1046.2717
NFLX,2025-04-23 12:43:00,1046.9300,1047.9393
NFLX,2025-04-23 12:44:00,1047.6300,1047.9000
NFLX,2025-04-23 12:45:00,1047.5000,1047.6121
NFLX,2025-04-23 12:46:00,1047.6850,1047.2155
NFLX,2025-04-23 12:47:00,1046.7850,1047.3071
NFLX,2025-04-23 12:48:00,1046.9700,1046.5400
NFLX,2025-04-23 12:49:00,1046.0001,1045.0000
NFLX,2025-04-23 12:50:00,1044.7900,1046.3900
NFLX,2025-04-23 12:51:00,1045.6600,1046.9050
NFLX,2025-04-23 12:52:00,1047.2043,1047.1399
NFLX,2025-04-23 12:53:00,1046.6268,1046.6400
NFLX,2025-04-23 12:54:00,1047.3500,1047.3500
NFLX,2025-04-23 12:55:00,1047.0600,1048.1600
NFLX,2025-04-23 12:56:00,1048.7000,1049.9458
NFLX,2025-04-23 12:57:00,1049.9559,1050.1000
NFLX,2025-04-23 12:58:00,1049.6323,1049.9900
NFLX,2025-04-23 12:59:00,1050.1850,1049.5000
NFLX,2025-04-23 13:00:00,1049.3050,1048.6575
NFLX,2025-04-23 13:01:00,1048.2400,1048.1100
NFLX,2025-04-23 13:02:00,1048.1100,1048.5952
NFLX,2025-04-23 13:03:00,1048.6715,1049.3700
NFLX,2025-04-23 13:04:00,1048.9900,1049.5341
NFLX,2025-04-23 13:05:00,1049.1750,1047.9800
NFLX,2025-04-23 13:06:00,1048.3200,1048.1282
NFLX,2025-04-23 13:07:00,1048.8966,1049.1500
NFLX,2025-04-23 13:08:00,1049.3500,1050.2302
NFLX,2025-04-23 13:09:00,1050.1100,1050.0000
NFLX,2025-04-23 13:10:00,1049.7750,1049.4000
NFLX,2025-04-23 13:11:00,1049.0801,1048.2301
NFLX,2025-04-23 13:12:00,1048.9750,1049.2105
NFLX,2025-04-23 13:13:00,1049.1500,1048.9000
NFLX,2025-04-23 13:14:00,1048.6301,1050.4165
NFLX,2025-04-23 13:15:00,1050.4200,1050.2278
NFLX,2025-04-23 13:16:00,1050.5710,1051.8400
NFLX,2025-04-23 13:17:00,1052.0000,1052.4500
NFLX,2025-04-23 13:18:00,1052.5000,1052.6300
NFLX,2025-04-23 13:19:00,1053.1000,1053.0473
NFLX,2025-04-23 13:20:00,1052.5400,1052.7800
NFLX,2025-04-23 13:21:00,1052.8000,1053.0200
NFLX,2025-04-23 13:22:00,1053.1500,1052.6000
NFLX,2025-04-23 13:23:00,1052.5500,1052.0000
NFLX,2025-04-23 13:24:00,1051.9100,1053.4900
NFLX,2025-04-23 13:25:00,1053.3650,1053.9900
NFLX,2025-04-23 13:26:00,1053.7200,1054.0882
NFLX,2025-04-23 13:27:00,1053.5400,1053.8000
NFLX,2025-04-23 13:28:00,1053.4500,1052.9400
NFLX,2025-04-23 13:29:00,1052.4900,1051.4400
NFLX,2025-04-23 13:30:00,1051.4450,1051.8550
NFLX,2025-04-23 13:31:00,1052.0150,1051.5700
NFLX,2025-04-23 13:32:00,1051.5000,1051.9573
NFLX,2025-04-23 13:33:00,1052.0000,1051.6458
NFLX,2025-04-23 13:34:00,1050.2538,1050.1200
NFLX,2025-04-23 13:35:00,1049.9200,1049.2500
NFLX,2025-04-23 13:36:00,1049.4500,1049.5700
NFLX,2025-04-23 13:37:00,1049.2800,1048.2800
NFLX,2025-04-23 13:38:00,1048.1700,1047.5350
NFLX,2025-04-23 13:39:00,1047.0500,1047.6520
NFLX,2025-04-23 13:40:00,1047.2600,1046.5400
NFLX,2025-04-23 13:41:00,1046.9800,1047.5483
NFLX,2025-04-23 13:42:00,1046.9000,1047.5900
NFLX,2025-04-23 13:43:00,1047.2600,1048.4700
NFLX,2025-04-23 13:44:00,1048.8800,1049.4800
NFLX,2025-04-23 13:45:00,1049.8160,1048.0000
NFLX,2025-04-23 13:46:00,1048.2800,1048.6200
NFLX,2025-04-23 13:47:00,1049.2850,1048.8300
NFLX,2025-04-23 13:48:00,1049.0100,1048.6000
NFLX,2025-04-23 13:49:00,1048.6000,1049.1850
NFLX,2025-04-23 13:50:00,0.0000,0.0000
NFLX,2025-04-23 13:51:00,1049.9500,1048.6500
NFLX,2025-04-23 13:52:00,1049.1775,1049.1442
NFLX,2025-04-23 13:53:00,1049.9134,1050.6800
NFLX,2025-04-23 13:54:00,1051.3500,1051.2900
NFLX,2025-04-23 13:55:00,1051.6050,1051.2350
NFLX,2025-04-23 13:56:00,1051.2800,1051.5250
NFLX,2025-04-23 13:57:00,1052.0000,1052.0400
NFLX,2025-04-23 13:58:00,1052.3100,1050.9600
NFLX,2025-04-23 13:59:00,1050.8600,1050.0101
NFLX,2025-04-23 14:00:00,1050.4700,1050.2100
NFLX,2025-04-23 14:01:00,1050.0200,1050.2200
NFLX,2025-04-23 14:02:00,1050.5800,1049.0000
NFLX,2025-04-23 14:03:00,1048.8800,1047.8900
NFLX,2025-04-23 14:04:00,1047.9900,1048.7600
NFLX,2025-04-23 14:05:00,1049.2500,1049.0000
NFLX,2025-04-23 14:06:00,1049.2792,1048.7900
NFLX,2025-04-23 14:07:00,1048.1515,1048.5600
NFLX,2025-04-23 14:08:00,1048.5100,1049.2808
NFLX,2025-04-23 14:09:00,1049.1100,1049.3100
NFLX,2025-04-23 14:10:00,1049.3700,1050.5046
NFLX,2025-04-23 14:11:00,1050.5600,1051.6600
NFLX,2025-04-23 14:12:00,1051.6800,1052.3290
NFLX,2025-04-23 14:13:00,1052.0700,1051.7600
NFLX,2025-04-23 14:14:00,1051.6616,1050.2050
NFLX,2025-04-23 14:15:00,1049.9700,1051.1400
NFLX,2025-04-23 14:16:00,1051.7000,1050.8400
NFLX,2025-04-23 14:17:00,1050.8900,1051.1300
NFLX,2025-04-23 14:18:00,1050.8400,1050.5750
NFLX,2025-04-23 14:19:00,1050.2900,1050.6100
NFLX,2025-04-23 14:20:00,1050.1800,1050.6000
NFLX,2025-04-23 14:21:00,1050.2030,1051.6900
NFLX,2025-04-23 14:22:00,1051.4950,1050.8200
NFLX,2025-04-23 14:23:00,1050.6300,1049.6700
NFLX,2025-04-23 14:24:00,1049.2450,1049.8589
NFLX,2025-04-23 14:25:00,1049.2000,1048.3600
NFLX,2025-04-23 14:26:00,1047.9200,1048.2300
NFLX,2025-04-23 14:27:00,1048.3500,1048.3100
NFLX,2025-04-23 14:28:00,1048.3100,1047.7550
NFLX,2025-04-23 14:29:00,1047.6750,1047.2400
NFLX,2025-04-23 14:30:00,1047.7000,1048.3556
NFLX,2025-04-23 14:31:00,1047.9600,1049.2800
NFLX,2025-04-23 14:32:00,1049.4050,1050.5550
NFLX,2025-04-23 14:33:00,1050.2800,1049.4150
NFLX,2025-04-23 14:34:00,1049.4964,1049.5450
NFLX,2025-04-23 14:35:00,1050.2900,1050.4500
NFLX,2025-04-23 14:36:00,1049.3800,1049.5850
NFLX,2025-04-23 14:37:00,1049.5900,1049.5300
NFLX,2025-04-23 14:38:00,1049.5300,1049.9900
NFLX,2025-04-23 14:39:00,1049.7950,1051.0700
NFLX,2025-04-23 14:40:00,1051.0900,1050.1550
NFLX,2025-04-23 14:41:00,1050.0000,1050.3600
NFLX,2025-04-23 14:42:00,1050.4650,1051.0000
NFLX,2025-04-23 14:43:00,1050.7500,1051.0000
NFLX,2025-04-23 14:44:00,1050.5350,1050.0400
NFLX,2025-04-23 14:45:00,1049.3800,1049.4450
NFLX,2025-04-23 14:46:00,1049.6150,1049.6700
NFLX,2025-04-23 14:47:00,1049.7500,1050.6425
NFLX,2025-04-23 14:48:00,1050.5750,1050.7800
NFLX,2025-04-23 14:49:00,1051.0000,1050.4900
NFLX,2025-04-23 14:50:00,1050.8300,1050.4100
NFLX,2025-04-23 14:51:00,1050.2100,1049.8100
NFLX,2025-04-23 14:52:00,1050.3800,1049.9900
NFLX,2025-04-23 14:53:00,1050.0000,1048.6600
NFLX,2025-04-23 14:54:00,1048.9400,1050.2900
NFLX,2025-04-23 14:55:00,1050.1250,1051.4338
NFLX,2025-04-23 14:56:00,1051.0600,1053.0000
NFLX,2025-04-23 14:57:00,1053.2800,1052.5231
NFLX,2025-04-23 14:58:00,1051.8000,1051.4500
NFLX,2025-04-23 14:59:00,1051.0000,1049.8650
NFLX,2025-04-23 15:00:00,1049.8650,1049.9900
NFLX,2025-04-23 15:01:00,1050.6550,1049.3950
NFLX,2025-04-23 15:02:00,1049.6200,1048.0401
NFLX,2025-04-23 15:03:00,1048.0000,1047.3700
NFLX,2025-04-23 15:04:00,1047.1000,1046.8800
NFLX,2025-04-23 15:05:00,1046.8850,1047.7800
NFLX,2025-04-23 15:06:00,1048.2950,1048.3400
NFLX,2025-04-23 15:07:00,1048.4500,1048.6700
NFLX,2025-04-23 15:08:00,1048.8450,1049.6311
NFLX,2025-04-23 15:09:00,1049.7999,1048.4900
NFLX,2025-04-23 15:10:00,1048.1700,1048.5800
NFLX,2025-04-23 15:11:00,1048.5400,1049.2600
NFLX,2025-04-23 15:12:00,1048.8900,1048.6500
NFLX,2025-04-23 15:13:00,1048.3700,1048.8500
NFLX,2025-04-23 15:14:00,1048.7400,1048.0100
NFLX,2025-04-23 15:15:00,1048.0900,1047.2500
NFLX,2025-04-23 15:16:00,1047.6150,1047.5900
NFLX,2025-04-23 15:17:00,1047.7700,1047.6450
NFLX,2025-04-23 15:18:00,1047.6297,1047.2000
NFLX,2025-04-23 15:19:00,1047.2000,1047.2250
NFLX,2025-04-23 15:20:00,1046.9200,1046.0000
NFLX,2025-04-23 15:21:00,1046.6300,1046.8496
NFLX,2025-04-23 15:22:00,1046.8600,1044.9000
NFLX,2025-04-23 15:23:00,1044.9000,1044.1750
NFLX,2025-04-23 15:24:00,1044.3000,1044.7000
NFLX,2025-04-23 15:25:00,1045.0000,1045.3499
NFLX,2025-04-23 15:26:00,1044.7500,1045.1175
NFLX,2025-04-23 15:27:00,1045.6300,1045.7600
NFLX,2025-04-23 15:28:00,1046.0600,1045.6750
NFLX,2025-04-23 15:29:00,1045.0281,1045.3550
NFLX,2025-04-23 15:30:00,1045.4400,1045.7200
NFLX,2025-04-23 15:31:00,1046.0950,1047.9700
NFLX,2025-04-23 15:32:00,1047.9200,1046.7900
NFLX,2025-04-23 15:33:00,1047.2500,1047.5628
NFLX,2025-04-23 15:34:00,1047.5500,1046.4300
NFLX,2025-04-23 15:35:00,1046.4300,1044.8800
NFLX,2025-04-23 15:36:00,1044.5200,1043.3100
NFLX,2025-04-23 15:37:00,1044.2000,1043.6100
NFLX,2025-04-23 15:38:00,1043.7700,1042.8201
NFLX,2025-04-23 15:39:00,1043.0950,1043.8200
NFLX,2025-04-23 15:40:00,1043.9600,1044.5600
NFLX,2025-04-23 15:41:00,1044.5400,1044.7650
NFLX,2025-04-23 15:42:00,1044.4780,1044.8500
NFLX,2025-04-23 15:43:00,1044.4700,1044.6750
NFLX,2025-04-23 15:44:00,1044.6750,1045.4300
NFLX,2025-04-23 15:45:00,1045.4250,1046.0800
NFLX,2025-04-23 15:46:00,1045.9900,1044.1800
NFLX,2025-04-23 15:47:00,1043.9050,1045.1400
NFLX,2025-04-23 15:48:00,1045.7050,1046.5200
NFLX,2025-04-23 15:49:00,1046.4000,1047.0100
NFLX,2025-04-23 15:50:00,1048.0000,1049.2025
NFLX,2025-04-23 15:51:00,1048.8300,1048.6150
NFLX,2025-04-23 15:52:00,1048.3800,1049.9899
NFLX,2025-04-23 15:53:00,1049.4350,1049.4900
NFLX,2025-04-23 15:54:00,1049.6500,1050.3801
NFLX,2025-04-23 15:55:00,1050.3800,1051.7600
NFLX,2025-04-23 15:56:00,1052.1450,1051.3750
NFLX,2025-04-23 15:57:00,1051.3000,1050.9500
NFLX,2025-04-23 15:58:00,1051.1500,1050.6500
NFLX,2025-04-23 15:59:00,1050.5200,1049.7600
NFLX,2025-04-24 09:30:00,1048.0000,1061.0100
NFLX,2025-04-24 09:31:00,1060.8600,1066.3193
NFLX,2025-04-24 09:32:00,1067.2350,1063.7100
NFLX,2025-04-24 09:33:00,1063.9600,1069.8900
NFLX,2025-04-24 09:34:00,1069.4930,1071.0000
NFLX,2025-04-24 09:35:00,1071.1900,1068.6594
NFLX,2025-04-24 09:36:00,1068.0700,1071.9250
NFLX,2025-04-24 09:37:00,1072.3976,1072.8940
NFLX,2025-04-24 09:38:00,1072.7612,1074.1600
NFLX,2025-04-24 09:39:00,1074.6900,1072.6364
NFLX,2025-04-24 09:40:00,1073.2800,1074.5802
NFLX,2025-04-24 09:41:00,1073.8768,1076.8000
NFLX,2025-04-24 09:42:00,1076.0001,1075.5000
NFLX,2025-04-24 09:43:00,1075.3100,1077.2600
NFLX,2025-04-24 09:44:00,1076.0800,1076.0000
NFLX,2025-04-24 09:45:00,1076.2750,1074.9500
NFLX,2025-04-24 09:46:00,1074.9800,1071.8000
NFLX,2025-04-24 09:47:00,1072.0150,1071.0800
NFLX,2025-04-24 09:48:00,1071.0000,1069.1200
NFLX,2025-04-24 09:49:00,1069.7100,1072.2900
NFLX,2025-04-24 09:50:00,1071.6801,1071.5773
NFLX,2025-04-24 09:51:00,1072.5450,1072.9200
NFLX,2025-04-24 09:52:00,1072.5701,1072.2900
NFLX,2025-04-24 09:53:00,1072.5000,1072.7100
NFLX,2025-04-24 09:54:00,1072.9800,1073.8850
NFLX,2025-04-24 09:55:00,1073.8900,1071.3904
NFLX,2025-04-24 09:56:00,1071.4000,1070.5000
NFLX,2025-04-24 09:57:00,1070.5000,1072.1400
NFLX,2025-04-24 09:58:00,1071.7950,1073.0000
NFLX,2025-04-24 09:59:00,1072.1920,1072.2100
NFLX,2025-04-24 10:00:00,1071.6800,1071.6558
NFLX,2025-04-24 10:01:00,1072.2200,1073.9260
NFLX,2025-04-24 10:02:00,1074.5200,1073.6000
NFLX,2025-04-24 10:03:00,1072.9500,1070.6400
NFLX,2025-04-24 10:04:00,1071.2450,1072.0200
NFLX,2025-04-24 10:05:00,1071.9200,1072.0250
NFLX,2025-04-24 10:06:00,1072.2500,1072.5000
NFLX,2025-04-24 10:07:00,1072.5250,1073.8042
NFLX,2025-04-24 10:08:00,1074.7500,1075.6700
NFLX,2025-04-24 10:09:00,1075.4950,1075.0650
NFLX,2025-04-24 10:10:00,1074.4200,1072.6900
NFLX,2025-04-24 10:11:00,1072.5967,1074.4050
NFLX,2025-04-24 10:12:00,1074.7600,1074.6900
NFLX,2025-04-24 10:13:00,1075.2700,1075.4150
NFLX,2025-04-24 10:14:00,1075.4350,1074.7800
NFLX,2025-04-24 10:15:00,1074.5500,1075.6300
NFLX,2025-04-24 10:16:00,1075.9700,1074.9650
NFLX,2025-04-24 10:17:00,1075.0100,1074.6900
NFLX,2025-04-24 10:18:00,1075.4322,1076.5967
NFLX,2025-04-24 10:19:00,1076.6600,1078.3850
NFLX,2025-04-24 10:20:00,1078.6999,1079.0100
NFLX,2025-04-24 10:21:00,1079.0000,1078.0000
NFLX,2025-04-24 10:22:00,1077.7100,1080.1500
NFLX,2025-04-24 10:23:00,1080.5000,1080.0000
NFLX,2025-04-24 10:24:00,1079.4066,1078.8305
NFLX,2025-04-24 10:25:00,1078.2100,1078.0000
NFLX,2025-04-24 10:26:00,1078.1000,1076.6600
NFLX,2025-04-24 10:27:00,1076.5000,1079.1500
NFLX,2025-04-24 10:28:00,1079.3400,1080.0000
NFLX,2025-04-24 10:29:00,1080.0000,1077.4200
NFLX,2025-04-24 10:30:00,1077.9000,1078.7100
NFLX,2025-04-24 10:31:00,1078.6900,1079.1414
NFLX,2025-04-24 10:32:00,1079.2250,1079.5886
NFLX,2025-04-24 10:33:00,1080.3000,1079.3350
NFLX,2025-04-24 10:34:00,1080.1182,1082.4000
NFLX,2025-04-24 10:35:00,1082.5000,1081.9500
NFLX,2025-04-24 10:36:00,1081.4650,1080.8709
NFLX,2025-04-24 10:37:00,1081.0922,1080.9100
NFLX,2025-04-24 10:38:00,1081.2400,1080.0974
NFLX,2025-04-24 10:39:00,1079.8250,1078.7600
NFLX,2025-04-24 10:40:00,1079.2150,1077.8774
NFLX,2025-04-24 10:41:00,1078.1450,1078.5000
NFLX,2025-04-24 10:42:00,1078.9100,1077.9000
NFLX,2025-04-24 10:43:00,1078.1192,1076.8400
NFLX,2025-04-24 10:44:00,1077.2400,1075.5050
NFLX,2025-04-24 10:45:00,1075.5000,1075.1900
NFLX,2025-04-24 10:46:00,1075.3083,1075.3350
NFLX,2025-04-24 10:47:00,1074.8700,1074.1850
NFLX,2025-04-24 10:48:00,1074.1450,1074.0700
NFLX,2025-04-24 10:49:00,1074.1500,1076.2500
NFLX,2025-04-24 10:50:00,1076.0000,1077.4100
NFLX,2025-04-24 10:51:00,1077.5400,1079.5500
NFLX,2025-04-24 10:52:00,1079.2950,1078.0000
NFLX,2025-04-24 10:53:00,1078.2950,1079.0300
NFLX,2025-04-24 10:54:00,1078.9800,1079.4269
NFLX,2025-04-24 10:55:00,1079.6300,1080.6378
NFLX,2025-04-24 10:56:00,1081.0000,1081.8800
NFLX,2025-04-24 10:57:00,1081.7500,1081.5400
NFLX,2025-04-24 10:58:00,1081.6048,1080.2960
NFLX,2025-04-24 10:59:00,1079.7100,1080.5496
NFLX,2025-04-24 11:00:00,1080.9930,1081.4375
NFLX,2025-04-24 11:01:00,1081.0000,1081.4000
NFLX,2025-04-24 11:02:00,1081.8200,1081.1000
NFLX,2025-04-24 11:03:00,1081.6508,1080.8500
NFLX,2025-04-24 11:04:00,1080.9500,1082.6000
NFLX,2025-04-24 11:05:00,1082.7160,1083.4150
NFLX,2025-04-24 11:06:00,1083.3100,1083.0000
NFLX,2025-04-24 11:07:00,1083.3200,1082.8700
NFLX,2025-04-24 11:08:00,1083.1204,1082.6700
NFLX,2025-04-24 11:09:00,1082.7650,1083.3500
NFLX,2025-04-24 11:10:00,1083.1200,1085.4764
NFLX,2025-04-24 11:11:00,1085.2500,1085.3650
NFLX,2025-04-24 11:12:00,1085.1400,1085.3800
NFLX,2025-04-24 11:13:00,1085.4800,1086.0400
NFLX,2025-04-24 11:14:00,1086.0000,1084.7000
NFLX,2025-04-24 11:15:00,1085.1000,1085.0600
NFLX,2025-04-24 11:16:00,1085.1050,1085.0000
NFLX,2025-04-24 11:17:00,1084.9100,1086.1050
NFLX,2025-04-24 11:18:00,1086.4100,1085.9900
NFLX,2025-04-24 11:19:00,1085.6800,1085.5600
NFLX,2025-04-24 11:20:00,1086.1283,1085.2600
NFLX,2025-04-24 11:21:00,1085.0200,1084.8881
NFLX,2025-04-24 11:22:00,1084.9000,1083.7350
NFLX,2025-04-24 11:23:00,1083.7300,1083.6600
NFLX,2025-04-24 11:24:00,1084.0200,1084.8760
NFLX,2025-04-24 11:25:00,1084.7700,1084.9998
NFLX,2025-04-24 11:26:00,1085.0000,1085.4800
NFLX,2025-04-24 11:27:00,1085.4000,1084.6450
NFLX,2025-04-24 11:28:00,1084.4500,1085.5900
NFLX,2025-04-24 11:29:00,1085.7179,1085.5050
NFLX,2025-04-24 11:30:00,1085.5050,1084.5044
NFLX,2025-04-24 11:31:00,1084.8300,1084.2402
NFLX,2025-04-24 11:32:00,1084.8123,1085.0516
NFLX,2025-04-24 11:33:00,1085.1100,1084.4800
NFLX,2025-04-24 11:34:00,1084.1101,1084.0600
NFLX,2025-04-24 11:35:00,1084.0000,1084.6300
NFLX,2025-04-24 11:36:00,1085.2100,1084.7312
NFLX,2025-04-24 11:37:00,1084.6500,1084.5200
NFLX,2025-04-24 11:38:00,1084.5000,1084.7800
NFLX,2025-04-24 11:39:00,1085.3300,1085.4799
NFLX,2025-04-24 11:40:00,1085.3700,1085.3000
NFLX,2025-04-24 11:41:00,1085.3000,1084.6600
NFLX,2025-04-24 11:42:00,1084.9320,1084.4100
NFLX,2025-04-24 11:43:00,1084.5600,1084.6300
NFLX,2025-04-24 11:44:00,1084.3155,1084.0600
NFLX,2025-04-24 11:45:00,1084.3150,1084.2400
NFLX,2025-04-24 11:46:00,1084.0500,1084.9900
NFLX,2025-04-24 11:47:00,1084.1283,1085.4100
NFLX,2025-04-24 11:48:00,1085.2050,1085.6200
NFLX,2025-04-24 11:49:00,1084.9044,1085.0900
NFLX,2025-04-24 11:50:00,1085.0950,1085.1815
NFLX,2025-04-24 11:51:00,1085.1536,1085.5300
NFLX,2025-04-24 11:52:00,1085.4200,1087.0481
NFLX,2025-04-24 11:53:00,1087.1150,1088.2500
NFLX,2025-04-24 11:54:00,1087.8100,1087.6600
NFLX,2025-04-24 11:55:00,1088.0200,1088.1800
NFLX,2025-04-24 11:56:00,1088.0000,1085.6300
NFLX,2025-04-24 11:57:00,1085.6100,1085.8620
NFLX,2025-04-24 11:58:00,1086.0400,1086.7000
NFLX,2025-04-24 11:59:00,1086.6200,1086.0200
NFLX,2025-04-24 12:00:00,1086.1050,1086.8600
NFLX,2025-04-24 12:01:00,1086.8800,1086.0200
NFLX,2025-04-24 12:02:00,1086.1177,1086.6496
NFLX,2025-04-24 12:03:00,1087.2487,1086.6900
NFLX,2025-04-24 12:04:00,1087.9999,1087.7000
NFLX,2025-04-24 12:05:00,1087.7500,1086.9900
NFLX,2025-04-24 12:06:00,1086.4900,1086.7800
NFLX,2025-04-24 12:07:00,1087.0000,1086.9400
NFLX,2025-04-24 12:08:00,1087.1500,1087.4700
NFLX,2025-04-24 12:09:00,1087.4136,1087.9850
NFLX,2025-04-24 12:10:00,1087.9850,1089.2200
NFLX,2025-04-24 12:11:00,1089.2600,1089.0500
NFLX,2025-04-24 12:12:00,1089.4300,1091.0250
NFLX,2025-04-24 12:13:00,1091.4600,1091.3250
NFLX,2025-04-24 12:14:00,1091.3300,1092.0740
NFLX,2025-04-24 12:15:00,1092.4500,1092.4399
NFLX,2025-04-24 12:16:00,1092.1500,1093.6400
NFLX,2025-04-24 12:17:00,1093.0000,1094.3700
NFLX,2025-04-24 12:18:00,1094.4100,1093.8500
NFLX,2025-04-24 12:19:00,1094.0999,1093.2300
NFLX,2025-04-24 12:20:00,1093.2300,1093.2000
NFLX,2025-04-24 12:21:00,1093.0100,1092.5538
NFLX,2025-04-24 12:22:00,1092.0600,1092.9400
NFLX,2025-04-24 12:23:00,1092.0501,1093.0000
NFLX,2025-04-24 12:24:00,1092.5800,1090.9501
NFLX,2025-04-24 12:25:00,1090.7500,1092.0000
NFLX,2025-04-24 12:26:00,1092.0000,1091.2000
NFLX,2025-04-24 12:27:00,1091.2100,1090.8049
NFLX,2025-04-24 12:28:00,1091.1300,1092.5000
NFLX,2025-04-24 12:29:00,1092.4900,1092.7450
NFLX,2025-04-24 12:30:00,1092.7450,1093.4200
NFLX,2025-04-24 12:31:00,1093.0350,1092.6600
NFLX,2025-04-24 12:32:00,1092.6800,1092.9850
NFLX,2025-04-24 12:33:00,1092.8374,1093.3900
NFLX,2025-04-24 12:34:00,1093.4000,1093.4800
NFLX,2025-04-24 12:35:00,1093.4800,1093.3000
NFLX,2025-04-24 12:36:00,1093.5000,1093.3300
NFLX,2025-04-24 12:37:00,1093.3300,1093.4400
NFLX,2025-04-24 12:38:00,1093.4810,1093.6000
NFLX,2025-04-24 12:39:00,1093.4200,1092.8300
NFLX,2025-04-24 12:40:00,1092.8300,1093.0000
NFLX,2025-04-24 12:41:00,1092.8200,1092.7500
NFLX,2025-04-24 12:42:00,1092.7300,1093.4800
NFLX,2025-04-24 12:43:00,1093.4700,1093.9400
NFLX,2025-04-24 12:44:00,1093.9100,1094.3300
NFLX,2025-04-24 12:45:00,1094.0950,1093.3718
NFLX,2025-04-24 12:46:00,1093.1201,1096.1906
NFLX,2025-04-24 12:47:00,1096.3000,1096.9900
NFLX,2025-04-24 12:48:00,1096.5800,1096.9900
NFLX,2025-04-24 12:49:00,1096.7500,1095.6200
NFLX,2025-04-24 12:50:00,1095.6200,1094.7800
NFLX,2025-04-24 12:51:00,1095.2250,1095.1500
NFLX,2025-04-24 12:52:00,1095.1500,1095.1528
NFLX,2025-04-24 12:53:00,1094.8010,1094.4400
NFLX,2025-04-24 12:54:00,1094.0800,1094.5600
NFLX,2025-04-24 12:55:00,1094.5600,1094.6600
NFLX,2025-04-24 12:56:00,1094.7500,1095.9300
NFLX,2025-04-24 12:57:00,1095.8500,1096.1200
NFLX,2025-04-24 12:58:00,1096.3000,1096.4800
NFLX,2025-04-24 12:59:00,1096.5200,1095.8200
NFLX,2025-04-24 13:00:00,1095.4950,1095.0000
NFLX,2025-04-24 13:01:00,1095.5892,1094.0000
NFLX,2025-04-24 13:02:00,1094.5000,1094.0200
NFLX,2025-04-24 13:03:00,1093.9903,1094.2900
NFLX,2025-04-24 13:04:00,1094.3600,1093.6200
NFLX,2025-04-24 13:05:00,1093.9600,1093.3800
NFLX,2025-04-24 13:06:00,1093.3800,1093.0100
NFLX,2025-04-24 13:07:00,1093.4700,1093.9450
NFLX,2025-04-24 13:08:00,1094.1200,1094.4800
NFLX,2025-04-24 13:09:00,1094.2000,1093.3300
NFLX,2025-04-24 13:10:00,1093.3800,1093.7336
NFLX,2025-04-24 13:11:00,1094.0000,1094.2700
NFLX,2025-04-24 13:12:00,1094.3000,1094.7200
NFLX,2025-04-24 13:13:00,1094.9021,1094.3800
NFLX,2025-04-24 13:14:00,1094.6600,1094.8774
NFLX,2025-04-24 13:15:00,1094.5300,1094.0900
NFLX,2025-04-24 13:16:00,1093.9449,1093.1450
NFLX,2025-04-24 13:17:00,1093.2100,1092.3300
NFLX,2025-04-24 13:18:00,1092.8800,1091.8296
NFLX,2025-04-24 13:19:00,1091.9999,1092.9700
NFLX,2025-04-24 13:20:00,1092.8000,1091.8000
NFLX,2025-04-24 13:21:00,1091.7250,1091.7100
NFLX,2025-04-24 13:22:00,1091.5312,1092.3300
NFLX,2025-04-24 13:23:00,1092.0001,1092.7852
NFLX,2025-04-24 13:24:00,1093.1700,1093.6400
NFLX,2025-04-24 13:25:00,1093.3950,1094.0000
NFLX,2025-04-24 13:26:00,1093.8900,1093.7963
NFLX,2025-04-24 13:27:00,1093.8200,1093.0000
NFLX,2025-04-24 13:28:00,1093.3600,1093.5450
NFLX,2025-04-24 13:29:00,1093.3800,1092.5300
NFLX,2025-04-24 13:30:00,1092.4250,1093.9505
NFLX,2025-04-24 13:31:00,1092.8000,1092.9100
NFLX,2025-04-24 13:32:00,1092.8500,1092.6400
NFLX,2025-04-24 13:33:00,1092.2000,1091.8378
NFLX,2025-04-24 13:34:00,1091.2400,1091.3200
NFLX,2025-04-24 13:35:00,1091.3300,1090.7000
NFLX,2025-04-24 13:36:00,1090.6250,1090.6705
NFLX,2025-04-24 13:37:00,1091.5900,1091.3500
NFLX,2025-04-24 13:38:00,1091.6500,1091.1200
NFLX,2025-04-24 13:39:00,1091.4400,1090.5500
NFLX,2025-04-24 13:40:00,1090.7600,1091.0000
NFLX,2025-04-24 13:41:00,1090.4000,1090.2190
NFLX,2025-04-24 13:42:00,1089.6600,1091.2200
NFLX,2025-04-24 13:43:00,1090.5500,1090.4500
NFLX,2025-04-24 13:44:00,1091.1600,1091.3700
NFLX,2025-04-24 13:45:00,1091.2250,1091.0900
NFLX,2025-04-24 13:46:00,1090.5000,1091.6100
NFLX,2025-04-24 13:47:00,1091.7700,1092.5199
NFLX,2025-04-24 13:48:00,1092.2300,1091.3400
NFLX,2025-04-24 13:49:00,1091.4950,1092.4299
NFLX,2025-04-24 13:50:00,1091.8100,1092.6339
NFLX,2025-04-24 13:51:00,1092.4700,1093.3796
NFLX,2025-04-24 13:52:00,1093.0050,1093.1300
NFLX,2025-04-24 13:53:00,1093.0000,1092.9100
NFLX,2025-04-24 13:54:00,1092.5101,1093.6600
NFLX,2025-04-24 13:55:00,1093.9999,1093.0250
NFLX,2025-04-24 13:56:00,1092.9850,1092.6950
NFLX,2025-04-24 13:57:00,1092.6100,1092.6900
NFLX,2025-04-24 13:58:00,1092.8300,1093.2600
NFLX,2025-04-24 13:59:00,1093.1400,1093.1100
NFLX,2025-04-24 14:00:00,1093.1750,1093.7299
NFLX,2025-04-24 14:01:00,1092.6495,1093.9900
NFLX,2025-04-24 14:02:00,1094.2500,1093.6803
NFLX,2025-04-24 14:03:00,1094.1500,1094.3250
NFLX,2025-04-24 14:04:00,1094.0000,1094.5000
NFLX,2025-04-24 14:05:00,1094.5050,1095.2100
NFLX,2025-04-24 14:06:00,1095.4200,1095.9900
NFLX,2025-04-24 14:07:00,1095.8050,1095.2600
NFLX,2025-04-24 14:08:00,1095.4384,1096.0300
NFLX,2025-04-24 14:09:00,1096.0000,1095.4100
NFLX,2025-04-24 14:10:00,1095.3650,1095.5300
NFLX,2025-04-24 14:11:00,1095.0830,1095.2995
NFLX,2025-04-24 14:12:00,1095.0101,1095.9500
NFLX,2025-04-24 14:13:00,1095.7300,1096.1001
NFLX,2025-04-24 14:14:00,1097.1294,1096.2628
NFLX,2025-04-24 14:15:00,1096.5250,1097.4200
NFLX,2025-04-24 14:16:00,1097.5370,1097.8500
NFLX,2025-04-24 14:17:00,1097.9900,1097.0400
NFLX,2025-04-24 14:18:00,1096.2801,1097.6900
NFLX,2025-04-24 14:19:00,1097.1496,1098.8800
NFLX,2025-04-24 14:20:00,1098.4100,1097.9500
NFLX,2025-04-24 14:21:00,1097.9200,1098.1400
NFLX,2025-04-24 14:22:00,1098.2800,1099.0000
NFLX,2025-04-24 14:23:00,1098.6290,1100.2069
NFLX,2025-04-24 14:24:00,1099.8512,1099.2499
NFLX,2025-04-24 14:25:00,1098.8750,1099.2800
NFLX,2025-04-24 14:26:00,1099.0000,1098.6200
NFLX,2025-04-24 14:27:00,1098.6200,1099.0608
NFLX,2025-04-24 14:28:00,1098.8500,1098.4600
NFLX,2025-04-24 14:29:00,1098.8200,1098.8500
NFLX,2025-04-24 14:30:00,1098.5850,1098.5000
NFLX,2025-04-24 14:31:00,1098.9999,1097.5000
NFLX,2025-04-24 14:32:00,1097.2500,1096.0800
NFLX,2025-04-24 14:33:00,1096.8150,1097.0850
NFLX,2025-04-24 14:34:00,1097.2749,1097.2900
NFLX,2025-04-24 14:35:00,1097.0700,1098.2300
NFLX,2025-04-24 14:36:00,1097.9000,1098.0999
NFLX,2025-04-24 14:37:00,1097.2300,1098.0000
NFLX,2025-04-24 14:38:00,1098.0000,1097.3401
NFLX,2025-04-24 14:39:00,1097.4200,1097.4600
NFLX,2025-04-24 14:40:00,1096.9710,1097.2600
NFLX,2025-04-24 14:41:00,1097.5000,1096.4800
NFLX,2025-04-24 14:42:00,1096.7450,1097.1050
NFLX,2025-04-24 14:43:00,1096.9600,1096.5100
NFLX,2025-04-24 14:44:00,1096.9800,1096.7875
NFLX,2025-04-24 14:45:00,1096.7650,1096.9300
NFLX,2025-04-24 14:46:00,1096.9300,1097.7650
NFLX,2025-04-24 14:47:00,1097.7650,1098.1650
NFLX,2025-04-24 14:48:00,1097.8200,1098.2634
NFLX,2025-04-24 14:49:00,1098.1981,1098.3300
NFLX,2025-04-24 14:50:00,1098.2550,1099.6700
NFLX,2025-04-24 14:51:00,1099.7400,1099.5900
NFLX,2025-04-24 14:52:00,1098.9200,1098.5600
NFLX,2025-04-24 14:53:00,1098.5800,1098.1800
NFLX,2025-04-24 14:54:00,1098.0600,1097.5700
NFLX,2025-04-24 14:55:00,1097.6100,1097.4500
NFLX,2025-04-24 14:56:00,1097.0100,1096.3600
NFLX,2025-04-24 14:57:00,1096.2700,1095.8500
NFLX,2025-04-24 14:58:00,1095.8600,1096.0222
NFLX,2025-04-24 14:59:00,1095.9400,1095.4950
NFLX,2025-04-24 15:00:00,1095.7150,1095.3717
NFLX,2025-04-24 15:01:00,1095.2000,1094.8800
NFLX,2025-04-24 15:02:00,1095.1000,1096.4513
NFLX,2025-04-24 15:03:00,1096.4394,1095.7000
NFLX,2025-04-24 15:04:00,1095.2800,1094.9350
NFLX,2025-04-24 15:05:00,1095.0900,1094.8000
NFLX,2025-04-24 15:06:00,1094.8700,1094.5301
NFLX,2025-04-24 15:07:00,1094.5300,1094.9438
NFLX,2025-04-24 15:08:00,1094.9600,1094.3450
NFLX,2025-04-24 15:09:00,1094.6000,1093.7272
NFLX,2025-04-24 15:10:00,1093.6750,1093.1250
NFLX,2025-04-24 15:11:00,1093.1250,1094.4399
NFLX,2025-04-24 15:12:00,1093.9800,1093.8387
NFLX,2025-04-24 15:13:00,1094.5399,1093.6300
NFLX,2025-04-24 15:14:00,1094.2900,1095.0120
NFLX,2025-04-24 15:15:00,1094.9050,1095.8599
NFLX,2025-04-24 15:16:00,1095.6900,1096.0200
NFLX,2025-04-24 15:17:00,1096.1400,1097.0310
NFLX,2025-04-24 15:18:00,1096.5900,1096.3000
NFLX,2025-04-24 15:19:00,1096.3500,1096.3950
NFLX,2025-04-24 15:20:00,1096.0000,1095.5550
NFLX,2025-04-24 15:21:00,1095.6750,1095.7200
NFLX,2025-04-24 15:22:00,1095.7200,1095.9750
NFLX,2025-04-24 15:23:00,1095.4800,1095.5279
NFLX,2025-04-24 15:24:00,1095.7500,1095.5459
NFLX,2025-04-24 15:25:00,1095.2950,1095.4700
NFLX,2025-04-24 15:26:00,1095.4700,1095.5400
NFLX,2025-04-24 15:27:00,1095.3700,1095.1100
NFLX,2025-04-24 15:28:00,1095.0400,1095.1300
NFLX,2025-04-24 15:29:00,1094.4800,1094.3550
NFLX,2025-04-24 15:30:00,1094.3650,1095.4850
NFLX,2025-04-24 15:31:00,1095.3500,1094.6504
NFLX,2025-04-24 15:32:00,1095.2900,1095.0300
NFLX,2025-04-24 15:33:00,1095.0300,1093.7200
NFLX,2025-04-24 15:34:00,1093.7900,1093.0900
NFLX,2025-04-24 15:35:00,1092.8050,1093.6450
NFLX,2025-04-24 15:36:00,1093.6400,1092.8200
NFLX,2025-04-24 15:37:00,1093.2100,1093.2800
NFLX,2025-04-24 15:38:00,1093.5400,1094.4700
NFLX,2025-04-24 15:39:00,1094.5400,1094.5200
NFLX,2025-04-24 15:40:00,1094.4650,1094.5900
NFLX,2025-04-24 15:41:00,1094.6450,1095.5600
NFLX,2025-04-24 15:42:00,1095.5800,1096.4400
NFLX,2025-04-24 15:43:00,1096.4400,1096.6068
NFLX,2025-04-24 15:44:00,1096.6700,1096.5800
NFLX,2025-04-24 15:45:00,1096.8400,1096.6200
NFLX,2025-04-24 15:46:00,1096.6800,1097.7796
NFLX,2025-04-24 15:47:00,1098.0338,1098.1000
NFLX,2025-04-24 15:48:00,1098.1200,1098.5650
NFLX,2025-04-24 15:49:00,1098.5400,1098.3800
NFLX,2025-04-24 15:50:00,1098.6200,1097.9100
NFLX,2025-04-24 15:51:00,1098.2600,1097.6550
NFLX,2025-04-24 15:52:00,1097.7300,1098.8300
NFLX,2025-04-24 15:53:00,1098.5300,1099.2078
NFLX,2025-04-24 15:54:00,1098.8000,1100.1234
NFLX,2025-04-24 15:55:00,1099.7200,1098.8550
NFLX,2025-04-24 15:56:00,1098.5360,1097.9200
NFLX,2025-04-24 15:57:00,1098.1600,1097.3300
NFLX,2025-04-24 15:58:00,1097.3800,1096.5396
NFLX,2025-04-24 15:59:00,1096.4150,1096.5200
NFLX,2025-04-25 09:30:00,1097.0400,1095.1950
NFLX,2025-04-25 09:31:00,1094.8930,1093.6000
NFLX,2025-04-25 09:32:00,1094.0000,1100.0000
NFLX,2025-04-25 09:33:00,1097.6000,1100.0000
NFLX,2025-04-25 09:34:00,1101.1629,1103.0000
NFLX,2025-04-25 09:35:00,1102.7250,1100.2450
NFLX,2025-04-25 09:36:00,1100.2450,1099.3850
NFLX,2025-04-25 09:37:00,1098.7800,1097.1800
NFLX,2025-04-25 09:38:00,1097.4700,1097.7300
NFLX,2025-04-25 09:39:00,1097.4600,1097.1600
NFLX,2025-04-25 09:40:00,1097.1200,1095.5200
NFLX,2025-04-25 09:41:00,1095.5000,1095.0000
NFLX,2025-04-25 09:42:00,1095.1600,1093.2250
NFLX,2025-04-25 09:43:00,1093.5317,1093.1600
NFLX,2025-04-25 09:44:00,1092.4145,1094.8600
NFLX,2025-04-25 09:45:00,1094.4800,1096.0000
NFLX,2025-04-25 09:46:00,1096.0000,1093.0100
NFLX,2025-04-25 09:47:00,1093.1999,1092.0550
NFLX,2025-04-25 09:48:00,1092.5399,1092.3801
NFLX,2025-04-25 09:49:00,1092.9250,1092.7000
NFLX,2025-04-25 09:50:00,1092.2100,1094.2000
NFLX,2025-04-25 09:51:00,1093.7500,1093.0650
NFLX,2025-04-25 09:52:00,1092.7600,1092.0000
NFLX,2025-04-25 09:53:00,1092.7500,1092.5200
NFLX,2025-04-25 09:54:00,1092.1200,1093.4000
NFLX,2025-04-25 09:55:00,1093.5900,1094.9650
NFLX,2025-04-25 09:56:00,1095.0300,1096.2063
NFLX,2025-04-25 09:57:00,1096.2804,1096.7800
NFLX,2025-04-25 09:58:00,1096.8800,1098.5915
NFLX,2025-04-25 09:59:00,1098.1600,1097.7500
NFLX,2025-04-25 10:00:00,1098.6000,1100.9195
NFLX,2025-04-25 10:01:00,1101.2700,1101.9999
NFLX,2025-04-25 10:02:00,1102.0000,1105.9678
NFLX,2025-04-25 10:03:00,1106.0400,1103.9000
NFLX,2025-04-25 10:04:00,1103.1256,1104.2900
NFLX,2025-04-25 10:05:00,1104.1200,1103.9200
NFLX,2025-04-25 10:06:00,1103.9201,1103.5000
NFLX,2025-04-25 10:07:00,1103.2100,1102.1585
NFLX,2025-04-25 10:08:00,1101.6500,1099.9432
NFLX,2025-04-25 10:09:00,1099.7700,1101.4500
NFLX,2025-04-25 10:10:00,1101.7800,1100.4800
NFLX,2025-04-25 10:11:00,1100.9500,1100.8000
NFLX,2025-04-25 10:12:00,1100.8750,1101.9086
NFLX,2025-04-25 10:13:00,1101.6601,1099.0000
NFLX,2025-04-25 10:14:00,1098.5050,1099.6500
NFLX,2025-04-25 10:15:00,1099.7050,1098.8800
NFLX,2025-04-25 10:16:00,1098.2185,1097.8600
NFLX,2025-04-25 10:17:00,1098.1800,1099.3600
NFLX,2025-04-25 10:18:00,1099.7500,1099.0000
NFLX,2025-04-25 10:19:00,1098.4300,1098.0000
NFLX,2025-04-25 10:20:00,1098.0000,1096.4700
NFLX,2025-04-25 10:21:00,1097.1550,1094.7500
NFLX,2025-04-25 10:22:00,1095.3400,1094.5037
NFLX,2025-04-25 10:23:00,1094.0000,1095.5100
NFLX,2025-04-25 10:24:00,1095.5029,1096.7450
NFLX,2025-04-25 10:25:00,1096.0700,1095.6200
NFLX,2025-04-25 10:26:00,1095.0000,1094.3550
NFLX,2025-04-25 10:27:00,1094.8000,1094.6000
NFLX,2025-04-25 10:28:00,1094.7600,1094.5850
NFLX,2025-04-25 10:29:00,1094.9200,1095.4600
NFLX,2025-04-25 10:30:00,1096.3600,1095.2000
NFLX,2025-04-25 10:31:00,1095.0700,1093.5900
NFLX,2025-04-25 10:32:00,1093.7000,1095.4800
NFLX,2025-04-25 10:33:00,1095.4800,1095.5000
NFLX,2025-04-25 10:34:00,1095.3200,1096.3900
NFLX,2025-04-25 10:35:00,1096.3900,1096.8500
NFLX,2025-04-25 10:36:00,1096.8500,1096.7900
NFLX,2025-04-25 10:37:00,1096.5000,1096.6500
NFLX,2025-04-25 10:38:00,1096.0500,1097.2000
NFLX,2025-04-25 10:39:00,1097.3927,1098.2199
NFLX,2025-04-25 10:40:00,1097.7400,1099.0934
NFLX,2025-04-25 10:41:00,1098.9623,1098.0000
NFLX,2025-04-25 10:42:00,1098.6899,1097.0600
NFLX,2025-04-25 10:43:00,1097.0000,1097.4500
NFLX,2025-04-25 10:44:00,1097.4500,1097.3600
NFLX,2025-04-25 10:45:00,1097.5200,1096.7200
NFLX,2025-04-25 10:46:00,1096.8375,1095.1732
NFLX,2025-04-25 10:47:00,1096.0000,1095.6500
NFLX,2025-04-25 10:48:00,1095.5200,1095.7851
NFLX,2025-04-25 10:49:00,1095.8850,1097.1000
NFLX,2025-04-25 10:50:00,1097.4199,1095.6000
NFLX,2025-04-25 10:51:00,1095.9400,1096.2950
NFLX,2025-04-25 10:52:00,1096.2950,1095.7800
NFLX,2025-04-25 10:53:00,1095.9500,1097.0650
NFLX,2025-04-25 10:54:00,1096.7700,1095.7025
NFLX,2025-04-25 10:55:00,1095.7150,1095.7200
NFLX,2025-04-25 10:56:00,1095.6900,1094.4250
NFLX,2025-04-25 10:57:00,1094.0000,1094.4999
NFLX,2025-04-25 10:58:00,1093.9100,1093.2900
NFLX,2025-04-25 10:59:00,1093.2400,1094.7129
NFLX,2025-04-25 11:00:00,1095.0950,1094.0000
NFLX,2025-04-25 11:01:00,1094.0000,1094.6200
NFLX,2025-04-25 11:02:00,1094.6650,1095.1100
NFLX,2025-04-25 11:03:00,1095.1100,1096.6300
NFLX,2025-04-25 11:04:00,1095.3537,1095.9600
NFLX,2025-04-25 11:05:00,1096.1150,1096.8699
NFLX,2025-04-25 11:06:00,1096.8699,1096.3050
NFLX,2025-04-25 11:07:00,1096.3800,1095.4601
NFLX,2025-04-25 11:08:00,1096.3700,1095.4900
NFLX,2025-04-25 11:09:00,1095.4600,1096.3200
NFLX,2025-04-25 11:10:00,1095.9400,1096.5000
NFLX,2025-04-25 11:11:00,1096.8400,1097.1650
NFLX,2025-04-25 11:12:00,1097.1000,1096.5900
NFLX,2025-04-25 11:13:00,1096.1300,1096.1400
NFLX,2025-04-25 11:14:00,1096.7500,1096.7500
NFLX,2025-04-25 11:15:00,1096.8300,1097.4999
NFLX,2025-04-25 11:16:00,1096.4301,1096.3200
NFLX,2025-04-25 11:17:00,1096.2300,1095.9900
NFLX,2025-04-25 11:18:00,1095.6100,1096.7200
NFLX,2025-04-25 11:19:00,1097.4150,1096.7300
NFLX,2025-04-25 11:20:00,1096.6500,1097.0000
NFLX,2025-04-25 11:21:00,1097.4400,1098.7450
NFLX,2025-04-25 11:22:00,1098.6300,1099.0700
NFLX,2025-04-25 11:23:00,1099.0700,1098.8500
NFLX,2025-04-25 11:24:00,1099.6199,1098.2725
NFLX,2025-04-25 11:25:00,1098.4250,1097.4050
NFLX,2025-04-25 11:26:00,1097.4900,1098.0000
NFLX,2025-04-25 11:27:00,1097.1582,1097.6445
NFLX,2025-04-25 11:28:00,1097.5750,1096.0000
NFLX,2025-04-25 11:29:00,1096.0000,1095.7400
NFLX,2025-04-25 11:30:00,1095.8600,1095.6550
NFLX,2025-04-25 11:31:00,1096.2100,1096.3600
NFLX,2025-04-25 11:32:00,1096.1800,1096.4800
NFLX,2025-04-25 11:33:00,1096.3200,1096.3100
NFLX,2025-04-25 11:34:00,1096.0000,1096.0300
NFLX,2025-04-25 11:35:00,1095.1600,1095.7000
NFLX,2025-04-25 11:36:00,1095.7400,1095.9900
NFLX,2025-04-25 11:37:00,1095.5100,1095.6300
NFLX,2025-04-25 11:38:00,1095.0000,1094.6700
NFLX,2025-04-25 11:39:00,1095.1400,1095.3400
NFLX,2025-04-25 11:40:00,1095.0700,1095.6205
NFLX,2025-04-25 11:41:00,1096.2717,1095.5150
NFLX,2025-04-25 11:42:00,1095.2600,1095.0100
NFLX,2025-04-25 11:43:00,1095.0900,1094.0200
NFLX,2025-04-25 11:44:00,1094.0000,1093.6205
NFLX,2025-04-25 11:45:00,1093.1310,1093.9600
NFLX,2025-04-25 11:46:00,1093.1601,1093.6300
NFLX,2025-04-25 11:47:00,1093.6100,1094.2500
NFLX,2025-04-25 11:48:00,1094.3000,1094.8785
NFLX,2025-04-25 11:49:00,1094.6200,1094.6200
NFLX,2025-04-25 11:50:00,1094.9600,1095.3257
NFLX,2025-04-25 11:51:00,1095.3500,1094.8182
NFLX,2025-04-25 11:52:00,1094.5200,1094.3600
NFLX,2025-04-25 11:53:00,1094.6750,1094.6150
NFLX,2025-04-25 11:54:00,1095.0100,1095.3800
NFLX,2025-04-25 11:55:00,1095.5742,1095.4000
NFLX,2025-04-25 11:56:00,1095.6000,1095.5100
NFLX,2025-04-25 11:57:00,1095.5350,1095.7000
NFLX,2025-04-25 11:58:00,1096.2000,1096.5050
NFLX,2025-04-25 11:59:00,1096.7600,1096.5300
NFLX,2025-04-25 12:00:00,1097.0000,1097.7400
NFLX,2025-04-25 12:01:00,1097.5000,1096.4300
NFLX,2025-04-25 12:02:00,1096.1400,1095.5800
NFLX,2025-04-25 12:03:00,1095.7650,1095.3700
NFLX,2025-04-25 12:04:00,1095.1900,1096.1000
NFLX,2025-04-25 12:05:00,1096.3634,1096.3200
NFLX,2025-04-25 12:06:00,1096.5500,1095.4050
NFLX,2025-04-25 12:07:00,1095.4050,1096.3000
NFLX,2025-04-25 12:08:00,1096.6800,1096.8200
NFLX,2025-04-25 12:09:00,1097.2150,1097.1800
NFLX,2025-04-25 12:10:00,1096.8100,1097.4500
NFLX,2025-04-25 12:11:00,1097.8800,1097.2300
NFLX,2025-04-25 12:12:00,1097.8800,1098.4225
NFLX,2025-04-25 12:13:00,1098.8200,1099.2762
NFLX,2025-04-25 12:14:00,1098.3900,1099.7096
NFLX,2025-04-25 12:15:00,1099.3200,1099.0000
NFLX,2025-04-25 12:16:00,1099.1300,1100.2200
NFLX,2025-04-25 12:17:00,1100.3450,1099.3800
NFLX,2025-04-25 12:18:00,1099.4500,1099.5500
NFLX,2025-04-25 12:19:00,1099.5200,1099.5000
NFLX,2025-04-25 12:20:00,1099.7100,1099.2035
NFLX,2025-04-25 12:21:00,1099.2750,1098.6600
NFLX,2025-04-25 12:22:00,1098.9499,1099.4800
NFLX,2025-04-25 12:23:00,1099.1800,1100.1200
NFLX,2025-04-25 12:24:00,1099.8150,1099.8500
NFLX,2025-04-25 12:25:00,1099.8500,1099.4600
NFLX,2025-04-25 12:26:00,1098.8900,1099.2900
NFLX,2025-04-25 12:27:00,1099.3000,1099.2800
NFLX,2025-04-25 12:28:00,1099.5000,1101.0799
NFLX,2025-04-25 12:29:00,1101.0000,1101.0750
NFLX,2025-04-25 12:30:00,1101.1850,1100.9300
NFLX,2025-04-25 12:31:00,1100.9000,1100.0100
NFLX,2025-04-25 12:32:00,1100.7900,1100.5150
NFLX,2025-04-25 12:33:00,1100.7300,1099.6672
NFLX,2025-04-25 12:34:00,1099.1117,1099.7300
NFLX,2025-04-25 12:35:00,1100.1900,1100.6500
NFLX,2025-04-25 12:36:00,1100.7173,1100.5300
NFLX,2025-04-25 12:37:00,1100.2700,1099.9100
NFLX,2025-04-25 12:38:00,1100.1700,1100.8732
NFLX,2025-04-25 12:39:00,1100.9237,1101.1300
NFLX,2025-04-25 12:40:00,1100.8850,1101.5600
NFLX,2025-04-25 12:41:00,1101.8900,1101.7500
NFLX,2025-04-25 12:42:00,1101.5100,1101.4488
NFLX,2025-04-25 12:43:00,1101.9271,1101.9372
NFLX,2025-04-25 12:44:00,1101.9350,1101.4400
NFLX,2025-04-25 12:45:00,1101.3301,1100.8900
NFLX,2025-04-25 12:46:00,1101.0100,1100.5300
NFLX,2025-04-25 12:47:00,1100.4300,1099.7600
NFLX,2025-04-25 12:48:00,1099.0500,1099.6900
NFLX,2025-04-25 12:49:00,1099.8300,1100.6200
NFLX,2025-04-25 12:50:00,1100.1900,1099.7000
NFLX,2025-04-25 12:51:00,1099.9114,1099.8800
NFLX,2025-04-25 12:52:00,1099.7650,1099.8850
NFLX,2025-04-25 12:53:00,1099.8850,1099.8850
NFLX,2025-04-25 12:54:00,1099.8950,1099.9215
NFLX,2025-04-25 12:55:00,1099.8900,1100.0000
NFLX,2025-04-25 12:56:00,1099.9362,1099.7400
NFLX,2025-04-25 12:57:00,1099.9900,1099.6600
NFLX,2025-04-25 12:58:00,1099.7750,1099.7850
NFLX,2025-04-25 12:59:00,1099.8900,1099.7900
NFLX,2025-04-25 13:00:00,1099.4200,1098.9000
NFLX,2025-04-25 13:01:00,1098.8100,1098.9250
NFLX,2025-04-25 13:02:00,1098.9350,1098.8250
NFLX,2025-04-25 13:03:00,1098.8700,1099.1400
NFLX,2025-04-25 13:04:00,1099.4100,1100.0000
NFLX,2025-04-25 13:05:00,1100.2000,1100.6000
NFLX,2025-04-25 13:06:00,1100.0000,1100.3800
NFLX,2025-04-25 13:07:00,1100.5900,1100.9000
NFLX,2025-04-25 13:08:00,1101.2400,1101.2400
NFLX,2025-04-25 13:09:00,1101.2050,1101.3544
NFLX,2025-04-25 13:10:00,1101.0800,1101.3500
NFLX,2025-04-25 13:11:00,1101.2200,1100.7731
NFLX,2025-04-25 13:12:00,1101.3250,1101.0500
NFLX,2025-04-25 13:13:00,1101.6700,1101.0950
NFLX,2025-04-25 13:14:00,1101.0900,1100.8800
NFLX,2025-04-25 13:15:00,1101.0000,1100.1700
NFLX,2025-04-25 13:16:00,1100.7400,1101.0000
NFLX,2025-04-25 13:17:00,1101.4000,1102.0500
NFLX,2025-04-25 13:18:00,1101.8100,1101.2800
NFLX,2025-04-25 13:19:00,1100.9600,1101.1026
NFLX,2025-04-25 13:20:00,1101.8700,1102.4900
NFLX,2025-04-25 13:21:00,1102.1550,1102.3100
NFLX,2025-04-25 13:22:00,1102.3500,1101.6200
NFLX,2025-04-25 13:23:00,1101.7200,1101.9000
NFLX,2025-04-25 13:24:00,1102.0450,1101.6700
NFLX,2025-04-25 13:25:00,1102.3899,1101.4400
NFLX,2025-04-25 13:26:00,1101.5300,1102.3700
NFLX,2025-04-25 13:27:00,1102.0950,1102.2400
NFLX,2025-04-25 13:28:00,1102.1600,1101.8600
NFLX,2025-04-25 13:29:00,1102.2350,1101.7800
NFLX,2025-04-25 13:30:00,1101.3500,1100.7200
NFLX,2025-04-25 13:31:00,1100.4200,1100.0000
NFLX,2025-04-25 13:32:00,1100.0300,1100.2500
NFLX,2025-04-25 13:33:00,1100.5287,1101.2248
NFLX,2025-04-25 13:34:00,1100.7200,1100.2450
NFLX,2025-04-25 13:35:00,1100.2300,1099.5000
NFLX,2025-04-25 13:36:00,1099.6600,1099.8150
NFLX,2025-04-25 13:37:00,1099.7150,1099.5600
NFLX,2025-04-25 13:38:00,1099.6400,1097.0823
NFLX,2025-04-25 13:39:00,1097.4500,1096.4600
NFLX,2025-04-25 13:40:00,1096.0100,1096.4300
NFLX,2025-04-25 13:41:00,1096.8414,1097.0758
NFLX,2025-04-25 13:42:00,1097.4500,1096.5000
NFLX,2025-04-25 13:43:00,1096.0000,1096.3400
NFLX,2025-04-25 13:44:00,1095.6847,1097.2300
NFLX,2025-04-25 13:45:00,1097.4994,1096.0212
NFLX,2025-04-25 13:46:00,1096.1700,1096.3200
NFLX,2025-04-25 13:47:00,1096.0300,1096.4500
NFLX,2025-04-25 13:48:00,1096.8750,1096.5700
NFLX,2025-04-25 13:49:00,1096.1600,1096.9300
NFLX,2025-04-25 13:50:00,1097.1100,1095.3000
NFLX,2025-04-25 13:51:00,1095.7160,1096.7700
NFLX,2025-04-25 13:52:00,1096.2400,1095.2545
NFLX,2025-04-25 13:53:00,1095.7963,1095.9500
NFLX,2025-04-25 13:54:00,1096.3700,1095.7900
NFLX,2025-04-25 13:55:00,1096.4550,1096.3500
NFLX,2025-04-25 13:56:00,1096.3450,1096.3950
NFLX,2025-04-25 13:57:00,1095.8001,1096.3050
NFLX,2025-04-25 13:58:00,1096.3100,1097.4200
NFLX,2025-04-25 13:59:00,1097.1800,1097.9999
NFLX,2025-04-25 14:00:00,1097.5650,1097.7200
NFLX,2025-04-25 14:01:00,1097.7000,1097.9750
NFLX,2025-04-25 14:02:00,1097.9850,1098.4750
NFLX,2025-04-25 14:03:00,1098.7800,1098.3950
NFLX,2025-04-25 14:04:00,1098.3950,1097.8100
NFLX,2025-04-25 14:05:00,1098.3700,1098.0000
NFLX,2025-04-25 14:06:00,1098.1550,1098.6900
NFLX,2025-04-25 14:07:00,1098.9400,1098.9050
NFLX,2025-04-25 14:08:00,1098.9900,1099.6916
NFLX,2025-04-25 14:09:00,1099.5000,1099.6000
NFLX,2025-04-25 14:10:00,1099.5500,1099.2600
NFLX,2025-04-25 14:11:00,1099.0705,1098.8400
NFLX,2025-04-25 14:12:00,1099.1100,1099.5250
NFLX,2025-04-25 14:13:00,1099.8900,1100.1000
NFLX,2025-04-25 14:14:00,1100.3400,1100.2900
NFLX,2025-04-25 14:15:00,1099.8100,1100.4199
NFLX,2025-04-25 14:16:00,1100.0000,1100.7500
NFLX,2025-04-25 14:17:00,1100.8600,1100.5000
NFLX,2025-04-25 14:18:00,1100.8650,1100.6600
NFLX,2025-04-25 14:19:00,1100.4100,1101.2000
NFLX,2025-04-25 14:20:00,1101.2640,1101.0900
NFLX,2025-04-25 14:21:00,1100.9500,1101.2600
NFLX,2025-04-25 14:22:00,1101.6758,1101.6900
NFLX,2025-04-25 14:23:00,1101.6400,1101.9400
NFLX,2025-04-25 14:24:00,1101.5900,1101.3500
NFLX,2025-04-25 14:25:00,1100.8600,1100.7500
NFLX,2025-04-25 14:26:00,1101.5703,1101.6100
NFLX,2025-04-25 14:27:00,1101.7800,1101.5516
NFLX,2025-04-25 14:28:00,1100.8004,1100.8800
NFLX,2025-04-25 14:29:00,1101.2450,1101.0000
NFLX,2025-04-25 14:30:00,1101.0650,1101.0200
NFLX,2025-04-25 14:31:00,1100.5600,1100.0000
NFLX,2025-04-25 14:32:00,1100.7100,1100.0101
NFLX,2025-04-25 14:33:00,1100.1200,1100.8700
NFLX,2025-04-25 14:34:00,1100.9000,1100.3200
NFLX,2025-04-25 14:35:00,1100.1300,1100.4300
NFLX,2025-04-25 14:36:00,1100.3950,1099.9360
NFLX,2025-04-25 14:37:00,1100.5951,1100.7850
NFLX,2025-04-25 14:38:00,1100.8700,1101.1400
NFLX,2025-04-25 14:39:00,1101.0300,1101.0700
NFLX,2025-04-25 14:40:00,1101.1100,1101.0650
NFLX,2025-04-25 14:41:00,1101.4400,1101.1700
NFLX,2025-04-25 14:42:00,1101.5250,1101.6600
NFLX,2025-04-25 14:43:00,1101.7000,1101.7300
NFLX,2025-04-25 14:44:00,1101.7700,1101.3900
NFLX,2025-04-25 14:45:00,1100.7500,1100.9584
NFLX,2025-04-25 14:46:00,1100.7600,1100.7600
NFLX,2025-04-25 14:47:00,1101.0100,1100.3176
NFLX,2025-04-25 14:48:00,1100.8440,1100.8950
NFLX,2025-04-25 14:49:00,1101.0500,1101.0500
NFLX,2025-04-25 14:50:00,1101.3793,1101.3793
NFLX,2025-04-25 14:51:00,1100.1739,1099.9300
NFLX,2025-04-25 14:52:00,1100.2300,1099.3800
NFLX,2025-04-25 14:53:00,1099.3300,1101.0000
NFLX,2025-04-25 14:54:00,1101.3100,1102.0750
NFLX,2025-04-25 14:55:00,1102.4163,1101.5500
NFLX,2025-04-25 14:56:00,1101.3000,1101.6252
NFLX,2025-04-25 14:57:00,1101.0150,1100.7050
NFLX,2025-04-25 14:58:00,1100.7050,1101.0150
NFLX,2025-04-25 14:59:00,1101.0100,1100.6650
NFLX,2025-04-25 15:00:00,1101.0100,1100.5250
NFLX,2025-04-25 15:01:00,1100.7800,1100.8500
NFLX,2025-04-25 15:02:00,1100.8400,1100.9850
NFLX,2025-04-25 15:03:00,1100.8100,1101.6100
NFLX,2025-04-25 15:04:00,1101.5700,1101.6727
NFLX,2025-04-25 15:05:00,1101.2800,1101.9800
NFLX,2025-04-25 15:06:00,1102.3499,1102.0000
NFLX,2025-04-25 15:07:00,0.0000,0.0000
NFLX,2025-04-25 15:08:00,1101.3700,1100.9600
NFLX,2025-04-25 15:09:00,1101.0000,1100.6900
NFLX,2025-04-25 15:10:00,1101.3633,1100.6900
NFLX,2025-04-25 15:11:00,1100.7200,1099.8700
NFLX,2025-04-25 15:12:00,1100.2800,1100.0700
NFLX,2025-04-25 15:13:00,1099.8800,1099.6300
NFLX,2025-04-25 15:14:00,1099.7500,1099.5000
NFLX,2025-04-25 15:15:00,1100.0400,1099.2200
NFLX,2025-04-25 15:16:00,1099.1400,1099.7050
NFLX,2025-04-25 15:17:00,1100.1000,1099.9000
NFLX,2025-04-25 15:18:00,1100.2950,1099.9000
NFLX,2025-04-25 15:19:00,1099.9050,1099.2500
NFLX,2025-04-25 15:20:00,1099.4700,1099.2500
NFLX,2025-04-25 15:21:00,1099.6150,1099.8100
NFLX,2025-04-25 15:22:00,1099.9900,1099.6500
NFLX,2025-04-25 15:23:00,1099.6100,1099.6900
NFLX,2025-04-25 15:24:00,1099.6900,1100.3616
NFLX,2025-04-25 15:25:00,1100.3722,1099.8325
NFLX,2025-04-25 15:26:00,1100.1399,1100.3400
NFLX,2025-04-25 15:27:00,1100.0817,1100.2200
NFLX,2025-04-25 15:28:00,1100.0000,1099.5100
NFLX,2025-04-25 15:29:00,1099.5100,1099.2700
NFLX,2025-04-25 15:30:00,1099.1900,1098.7550
NFLX,2025-04-25 15:31:00,1098.9600,1098.8800
NFLX,2025-04-25 15:32:00,1099.3300,1099.3700
NFLX,2025-04-25 15:33:00,1099.5050,1099.7100
NFLX,2025-04-25 15:34:00,1099.5200,1099.3800
NFLX,2025-04-25 15:35:00,1099.2400,1099.3200
NFLX,2025-04-25 15:36:00,1099.6100,1099.3200
NFLX,2025-04-25 15:37:00,1099.5139,1099.2250
NFLX,2025-04-25 15:38:00,1099.2300,1099.5534
NFLX,2025-04-25 15:39:00,1099.4450,1099.6900
NFLX,2025-04-25 15:40:00,1099.6200,1099.3800
NFLX,2025-04-25 15:41:00,1099.0201,1099.0750
NFLX,2025-04-25 15:42:00,1099.0800,1100.0100
NFLX,2025-04-25 15:43:00,1100.2750,1099.7100
NFLX,2025-04-25 15:44:00,1099.8900,1099.9496
NFLX,2025-04-25 15:45:00,1099.9350,1099.7500
NFLX,2025-04-25 15:46:00,1099.7150,1099.8150
NFLX,2025-04-25 15:47:00,1099.6900,1099.4050
NFLX,2025-04-25 15:48:00,1099.7650,1099.4900
NFLX,2025-04-25 15:49:00,1099.3800,1099.4350
NFLX,2025-04-25 15:50:00,1099.9300,1100.7800
NFLX,2025-04-25 15:51:00,1100.7600,1100.3528
NFLX,2025-04-25 15:52:00,1100.3800,1100.8100
NFLX,2025-04-25 15:53:00,1101.0800,1101.6600
NFLX,2025-04-25 15:54:00,1101.6600,1101.1800
NFLX,2025-04-25 15:55:00,1101.4400,1101.1600
NFLX,2025-04-25 15:56:00,1101.4000,1101.3550
NFLX,2025-04-25 15:57:00,1101.3600,1101.1700
NFLX,2025-04-25 15:58:00,1101.4400,1101.2900
NFLX,2025-04-25 15:59:00,1101.1200,1101.4600
