STOCK_SYMBOL,DATE_TIME,OPEN_PRICE,CLOSE_PRICE
NVDA,2025-04-14 09:30:00,114.1100,113.9000
NVDA,2025-04-14 09:31:00,113.8800,113.1550
NVDA,2025-04-14 09:32:00,113.1550,113.5000
NVDA,2025-04-14 09:33:00,113.4900,112.8750
NVDA,2025-04-14 09:34:00,112.8750,113.1106
NVDA,2025-04-14 09:35:00,113.1100,113.1000
NVDA,2025-04-14 09:36:00,113.1099,112.5600
NVDA,2025-04-14 09:37:00,112.5755,112.7000
NVDA,2025-04-14 09:38:00,112.7100,112.7993
NVDA,2025-04-14 09:39:00,112.7800,112.6200
NVDA,2025-04-14 09:40:00,112.6200,112.6300
NVDA,2025-04-14 09:41:00,112.6250,111.9400
NVDA,2025-04-14 09:42:00,111.9300,111.7859
NVDA,2025-04-14 09:43:00,111.7894,111.4350
NVDA,2025-04-14 09:44:00,111.4301,111.8150
NVDA,2025-04-14 09:45:00,111.8150,112.1900
NVDA,2025-04-14 09:46:00,112.1800,111.7200
NVDA,2025-04-14 09:47:00,111.7100,111.9645
NVDA,2025-04-14 09:48:00,111.9900,112.5200
NVDA,2025-04-14 09:49:00,112.5200,112.3850
NVDA,2025-04-14 09:50:00,112.3918,112.4600
NVDA,2025-04-14 09:51:00,112.4700,112.1200
NVDA,2025-04-14 09:52:00,112.1100,112.0600
NVDA,2025-04-14 09:53:00,112.0600,112.4900
NVDA,2025-04-14 09:54:00,112.4850,112.4200
NVDA,2025-04-14 09:55:00,112.4200,112.2103
NVDA,2025-04-14 09:56:00,112.2100,112.1153
NVDA,2025-04-14 09:57:00,112.1150,111.9600
NVDA,2025-04-14 09:58:00,111.9700,112.0208
NVDA,2025-04-14 09:59:00,112.0200,111.6760
NVDA,2025-04-14 10:00:00,111.6900,111.9035
NVDA,2025-04-14 10:01:00,111.9200,112.1500
NVDA,2025-04-14 10:02:00,112.1500,112.4400
NVDA,2025-04-14 10:03:00,112.4400,112.7697
NVDA,2025-04-14 10:04:00,112.7700,112.8400
NVDA,2025-04-14 10:05:00,112.8350,112.9800
NVDA,2025-04-14 10:06:00,112.9998,112.7300
NVDA,2025-04-14 10:07:00,112.7300,112.6815
NVDA,2025-04-14 10:08:00,112.6870,112.7360
NVDA,2025-04-14 10:09:00,112.7400,112.3900
NVDA,2025-04-14 10:10:00,112.4050,112.3611
NVDA,2025-04-14 10:11:00,112.3650,112.1900
NVDA,2025-04-14 10:12:00,112.2000,112.1800
NVDA,2025-04-14 10:13:00,112.1900,112.4510
NVDA,2025-04-14 10:14:00,112.4550,112.3400
NVDA,2025-04-14 10:15:00,112.3500,111.9800
NVDA,2025-04-14 10:16:00,111.9750,112.1550
NVDA,2025-04-14 10:17:00,112.1550,111.9050
NVDA,2025-04-14 10:18:00,111.9100,112.0920
NVDA,2025-04-14 10:19:00,112.1000,112.2900
NVDA,2025-04-14 10:20:00,112.2950,112.2699
NVDA,2025-04-14 10:21:00,112.2600,112.1200
NVDA,2025-04-14 10:22:00,112.1400,112.1433
NVDA,2025-04-14 10:23:00,112.1401,112.1000
NVDA,2025-04-14 10:24:00,112.1032,112.4299
NVDA,2025-04-14 10:25:00,112.4300,112.5450
NVDA,2025-04-14 10:26:00,112.5500,112.6609
NVDA,2025-04-14 10:27:00,112.6670,112.6750
NVDA,2025-04-14 10:28:00,112.6808,112.7200
NVDA,2025-04-14 10:29:00,112.7400,112.5670
NVDA,2025-04-14 10:30:00,112.5650,112.5100
NVDA,2025-04-14 10:31:00,112.5200,112.7200
NVDA,2025-04-14 10:32:00,112.7150,112.6824
NVDA,2025-04-14 10:33:00,112.7000,112.8500
NVDA,2025-04-14 10:34:00,112.8450,112.7100
NVDA,2025-04-14 10:35:00,112.7050,112.8399
NVDA,2025-04-14 10:36:00,112.8300,112.8447
NVDA,2025-04-14 10:37:00,112.8500,112.7800
NVDA,2025-04-14 10:38:00,112.8000,112.7450
NVDA,2025-04-14 10:39:00,112.7550,112.9050
NVDA,2025-04-14 10:40:00,112.9050,112.7745
NVDA,2025-04-14 10:41:00,112.7710,112.9500
NVDA,2025-04-14 10:42:00,112.9600,112.8100
NVDA,2025-04-14 10:43:00,112.8103,112.7050
NVDA,2025-04-14 10:44:00,112.7100,112.5700
NVDA,2025-04-14 10:45:00,112.5615,112.5999
NVDA,2025-04-14 10:46:00,112.6000,112.4300
NVDA,2025-04-14 10:47:00,112.4100,112.6270
NVDA,2025-04-14 10:48:00,112.6250,112.5950
NVDA,2025-04-14 10:49:00,112.5950,112.5401
NVDA,2025-04-14 10:50:00,112.5600,112.5750
NVDA,2025-04-14 10:51:00,112.5750,112.5500
NVDA,2025-04-14 10:52:00,112.5434,112.5901
NVDA,2025-04-14 10:53:00,112.6000,112.5750
NVDA,2025-04-14 10:54:00,112.5750,112.6650
NVDA,2025-04-14 10:55:00,112.6699,112.4700
NVDA,2025-04-14 10:56:00,112.4700,112.2200
NVDA,2025-04-14 10:57:00,112.2300,112.2700
NVDA,2025-04-14 10:58:00,112.2764,112.2699
NVDA,2025-04-14 10:59:00,112.2600,112.1850
NVDA,2025-04-14 11:00:00,112.1900,111.9699
NVDA,2025-04-14 11:01:00,111.9800,112.0300
NVDA,2025-04-14 11:02:00,112.0400,112.0350
NVDA,2025-04-14 11:03:00,112.0350,112.1200
NVDA,2025-04-14 11:04:00,112.1250,112.1303
NVDA,2025-04-14 11:05:00,112.1400,112.0900
NVDA,2025-04-14 11:06:00,112.1000,112.1499
NVDA,2025-04-14 11:07:00,112.1400,112.2108
NVDA,2025-04-14 11:08:00,112.2120,112.2850
NVDA,2025-04-14 11:09:00,112.2900,112.3979
NVDA,2025-04-14 11:10:00,112.3900,112.4830
NVDA,2025-04-14 11:11:00,112.4900,112.3830
NVDA,2025-04-14 11:12:00,112.3850,112.1700
NVDA,2025-04-14 11:13:00,112.1800,112.0350
NVDA,2025-04-14 11:14:00,112.0307,112.0100
NVDA,2025-04-14 11:15:00,112.0200,112.0360
NVDA,2025-04-14 11:16:00,112.0401,112.0300
NVDA,2025-04-14 11:17:00,112.0300,112.0100
NVDA,2025-04-14 11:18:00,112.0000,112.0710
NVDA,2025-04-14 11:19:00,112.0709,112.1311
NVDA,2025-04-14 11:20:00,112.1400,111.9670
NVDA,2025-04-14 11:21:00,111.9730,112.1750
NVDA,2025-04-14 11:22:00,112.1750,112.1800
NVDA,2025-04-14 11:23:00,112.1700,112.1500
NVDA,2025-04-14 11:24:00,112.1600,112.1900
NVDA,2025-04-14 11:25:00,112.1900,112.2137
NVDA,2025-04-14 11:26:00,112.2200,111.9400
NVDA,2025-04-14 11:27:00,111.9400,111.8700
NVDA,2025-04-14 11:28:00,111.8800,111.8000
NVDA,2025-04-14 11:29:00,111.7900,111.3335
NVDA,2025-04-14 11:30:00,111.3500,111.3100
NVDA,2025-04-14 11:31:00,111.3100,111.5500
NVDA,2025-04-14 11:32:00,111.5500,111.5150
NVDA,2025-04-14 11:33:00,111.5150,111.3650
NVDA,2025-04-14 11:34:00,111.3650,111.4800
NVDA,2025-04-14 11:35:00,111.4900,111.3300
NVDA,2025-04-14 11:36:00,111.3410,111.2350
NVDA,2025-04-14 11:37:00,111.2301,110.6799
NVDA,2025-04-14 11:38:00,110.6800,110.3900
NVDA,2025-04-14 11:39:00,110.3900,110.5600
NVDA,2025-04-14 11:40:00,110.5550,110.4050
NVDA,2025-04-14 11:41:00,110.4047,110.4800
NVDA,2025-04-14 11:42:00,110.4850,110.3950
NVDA,2025-04-14 11:43:00,110.3950,110.5650
NVDA,2025-04-14 11:44:00,110.5600,110.6550
NVDA,2025-04-14 11:45:00,110.6550,109.9900
NVDA,2025-04-14 11:46:00,109.9900,109.6350
NVDA,2025-04-14 11:47:00,109.6300,109.8600
NVDA,2025-04-14 11:48:00,109.8600,109.5700
NVDA,2025-04-14 11:49:00,109.5700,109.6050
NVDA,2025-04-14 11:50:00,109.5900,109.6900
NVDA,2025-04-14 11:51:00,109.7000,109.4400
NVDA,2025-04-14 11:52:00,109.4480,109.4450
NVDA,2025-04-14 11:53:00,109.4301,109.8500
NVDA,2025-04-14 11:54:00,109.8450,109.8650
NVDA,2025-04-14 11:55:00,109.8700,110.0801
NVDA,2025-04-14 11:56:00,110.0898,110.2600
NVDA,2025-04-14 11:57:00,110.2696,110.2450
NVDA,2025-04-14 11:58:00,110.2400,110.0449
NVDA,2025-04-14 11:59:00,110.0500,109.6450
NVDA,2025-04-14 12:00:00,109.6500,109.7050
NVDA,2025-04-14 12:01:00,109.7050,109.9947
NVDA,2025-04-14 12:02:00,109.9900,109.9615
NVDA,2025-04-14 12:03:00,109.9650,109.8000
NVDA,2025-04-14 12:04:00,109.7900,110.0800
NVDA,2025-04-14 12:05:00,110.0800,110.1048
NVDA,2025-04-14 12:06:00,110.1100,109.9500
NVDA,2025-04-14 12:07:00,109.9450,109.9700
NVDA,2025-04-14 12:08:00,109.9800,109.9400
NVDA,2025-04-14 12:09:00,109.9400,109.8540
NVDA,2025-04-14 12:10:00,109.8600,109.7500
NVDA,2025-04-14 12:11:00,109.7400,109.1300
NVDA,2025-04-14 12:12:00,109.1300,109.4601
NVDA,2025-04-14 12:13:00,109.4700,109.6001
NVDA,2025-04-14 12:14:00,109.6000,109.7500
NVDA,2025-04-14 12:15:00,109.7600,109.8800
NVDA,2025-04-14 12:16:00,109.8804,109.7490
NVDA,2025-04-14 12:17:00,109.7350,109.6802
NVDA,2025-04-14 12:18:00,109.6872,109.9600
NVDA,2025-04-14 12:19:00,109.9600,110.1300
NVDA,2025-04-14 12:20:00,110.1300,110.1151
NVDA,2025-04-14 12:21:00,110.1300,110.4228
NVDA,2025-04-14 12:22:00,110.4400,110.2699
NVDA,2025-04-14 12:23:00,110.2700,110.0100
NVDA,2025-04-14 12:24:00,110.0100,110.2900
NVDA,2025-04-14 12:25:00,110.2900,110.2004
NVDA,2025-04-14 12:26:00,110.2000,110.2699
NVDA,2025-04-14 12:27:00,110.2600,109.9200
NVDA,2025-04-14 12:28:00,109.9125,109.9200
NVDA,2025-04-14 12:29:00,109.9150,110.0300
NVDA,2025-04-14 12:30:00,110.0300,110.2150
NVDA,2025-04-14 12:31:00,110.2150,110.4500
NVDA,2025-04-14 12:32:00,110.4400,110.4240
NVDA,2025-04-14 12:33:00,110.4200,110.5600
NVDA,2025-04-14 12:34:00,110.5600,110.7350
NVDA,2025-04-14 12:35:00,110.7370,110.7800
NVDA,2025-04-14 12:36:00,110.7899,110.8800
NVDA,2025-04-14 12:37:00,110.8800,110.8970
NVDA,2025-04-14 12:38:00,110.8900,110.9200
NVDA,2025-04-14 12:39:00,110.9150,110.7850
NVDA,2025-04-14 12:40:00,110.7850,111.0200
NVDA,2025-04-14 12:41:00,111.0300,111.0901
NVDA,2025-04-14 12:42:00,111.0900,110.8600
NVDA,2025-04-14 12:43:00,110.8500,110.9702
NVDA,2025-04-14 12:44:00,110.9600,111.0727
NVDA,2025-04-14 12:45:00,111.0750,111.0024
NVDA,2025-04-14 12:46:00,111.0000,110.9830
NVDA,2025-04-14 12:47:00,110.9801,110.9800
NVDA,2025-04-14 12:48:00,110.9899,110.8800
NVDA,2025-04-14 12:49:00,110.8850,110.8000
NVDA,2025-04-14 12:50:00,110.7900,110.5300
NVDA,2025-04-14 12:51:00,110.5000,110.4200
NVDA,2025-04-14 12:52:00,110.4200,110.3850
NVDA,2025-04-14 12:53:00,110.3800,110.6325
NVDA,2025-04-14 12:54:00,110.6500,110.7500
NVDA,2025-04-14 12:55:00,110.7700,110.6300
NVDA,2025-04-14 12:56:00,110.6350,110.3300
NVDA,2025-04-14 12:57:00,110.3350,110.1812
NVDA,2025-04-14 12:58:00,110.1847,110.1900
NVDA,2025-04-14 12:59:00,110.2100,110.1219
NVDA,2025-04-14 13:00:00,110.1400,110.6700
NVDA,2025-04-14 13:01:00,110.6700,110.7100
NVDA,2025-04-14 13:02:00,110.7250,110.6400
NVDA,2025-04-14 13:03:00,110.6400,110.3100
NVDA,2025-04-14 13:04:00,110.3000,110.3900
NVDA,2025-04-14 13:05:00,110.4000,110.3500
NVDA,2025-04-14 13:06:00,110.3650,110.5000
NVDA,2025-04-14 13:07:00,110.5000,110.3500
NVDA,2025-04-14 13:08:00,110.3400,110.4052
NVDA,2025-04-14 13:09:00,110.3940,110.5500
NVDA,2025-04-14 13:10:00,110.5500,110.4506
NVDA,2025-04-14 13:11:00,110.4600,110.4800
NVDA,2025-04-14 13:12:00,110.4850,110.5658
NVDA,2025-04-14 13:13:00,110.5700,110.6200
NVDA,2025-04-14 13:14:00,110.6070,110.5150
NVDA,2025-04-14 13:15:00,110.5250,110.4000
NVDA,2025-04-14 13:16:00,110.3900,110.3100
NVDA,2025-04-14 13:17:00,110.3014,110.4700
NVDA,2025-04-14 13:18:00,110.4700,110.6160
NVDA,2025-04-14 13:19:00,110.6100,110.6350
NVDA,2025-04-14 13:20:00,110.6350,110.6200
NVDA,2025-04-14 13:21:00,110.6200,110.6813
NVDA,2025-04-14 13:22:00,110.6800,110.7250
NVDA,2025-04-14 13:23:00,110.7250,110.7500
NVDA,2025-04-14 13:24:00,110.7600,110.9000
NVDA,2025-04-14 13:25:00,110.9000,110.7200
NVDA,2025-04-14 13:26:00,110.7250,110.7550
NVDA,2025-04-14 13:27:00,110.7600,110.6957
NVDA,2025-04-14 13:28:00,110.7100,110.5800
NVDA,2025-04-14 13:29:00,110.5800,110.4400
NVDA,2025-04-14 13:30:00,110.4300,110.4802
NVDA,2025-04-14 13:31:00,110.4900,110.1299
NVDA,2025-04-14 13:32:00,110.1250,110.3800
NVDA,2025-04-14 13:33:00,110.3450,110.4110
NVDA,2025-04-14 13:34:00,110.4100,110.3999
NVDA,2025-04-14 13:35:00,110.3900,110.5150
NVDA,2025-04-14 13:36:00,110.5200,110.4400
NVDA,2025-04-14 13:37:00,110.4301,110.5250
NVDA,2025-04-14 13:38:00,110.5211,110.3698
NVDA,2025-04-14 13:39:00,110.3650,110.4600
NVDA,2025-04-14 13:40:00,110.4629,110.1300
NVDA,2025-04-14 13:41:00,110.1200,110.1745
NVDA,2025-04-14 13:42:00,110.1700,110.3250
NVDA,2025-04-14 13:43:00,110.3200,110.2100
NVDA,2025-04-14 13:44:00,110.2200,109.9200
NVDA,2025-04-14 13:45:00,109.9200,110.0900
NVDA,2025-04-14 13:46:00,110.0930,109.8800
NVDA,2025-04-14 13:47:00,109.8700,109.8798
NVDA,2025-04-14 13:48:00,109.8700,110.0698
NVDA,2025-04-14 13:49:00,110.0609,110.0800
NVDA,2025-04-14 13:50:00,110.0750,110.0100
NVDA,2025-04-14 13:51:00,110.0093,110.1100
NVDA,2025-04-14 13:52:00,110.1100,110.1793
NVDA,2025-04-14 13:53:00,110.1742,110.5001
NVDA,2025-04-14 13:54:00,110.5150,110.3925
NVDA,2025-04-14 13:55:00,110.4050,110.5200
NVDA,2025-04-14 13:56:00,110.5100,110.4675
NVDA,2025-04-14 13:57:00,110.4500,110.6012
NVDA,2025-04-14 13:58:00,110.6050,110.5883
NVDA,2025-04-14 13:59:00,110.5850,110.6250
NVDA,2025-04-14 14:00:00,110.6100,110.7350
NVDA,2025-04-14 14:01:00,110.7313,110.8250
NVDA,2025-04-14 14:02:00,110.8200,110.9301
NVDA,2025-04-14 14:03:00,110.9301,111.0350
NVDA,2025-04-14 14:04:00,111.0400,110.9421
NVDA,2025-04-14 14:05:00,110.9450,110.9649
NVDA,2025-04-14 14:06:00,110.9700,111.2717
NVDA,2025-04-14 14:07:00,111.2700,111.2251
NVDA,2025-04-14 14:08:00,111.2200,111.1200
NVDA,2025-04-14 14:09:00,111.1299,111.0600
NVDA,2025-04-14 14:10:00,111.0650,110.8664
NVDA,2025-04-14 14:11:00,110.8600,110.8794
NVDA,2025-04-14 14:12:00,110.8800,110.7250
NVDA,2025-04-14 14:13:00,110.7247,110.8400
NVDA,2025-04-14 14:14:00,110.8400,110.8299
NVDA,2025-04-14 14:15:00,110.8268,110.7450
NVDA,2025-04-14 14:16:00,110.7500,110.8436
NVDA,2025-04-14 14:17:00,110.8400,110.9117
NVDA,2025-04-14 14:18:00,110.9150,110.9000
NVDA,2025-04-14 14:19:00,110.9026,110.9650
NVDA,2025-04-14 14:20:00,110.9650,111.1747
NVDA,2025-04-14 14:21:00,111.1700,111.2100
NVDA,2025-04-14 14:22:00,111.2100,111.2722
NVDA,2025-04-14 14:23:00,111.2800,111.2800
NVDA,2025-04-14 14:24:00,111.2850,111.3213
NVDA,2025-04-14 14:25:00,111.3200,111.2254
NVDA,2025-04-14 14:26:00,111.2000,111.2100
NVDA,2025-04-14 14:27:00,111.2050,111.3200
NVDA,2025-04-14 14:28:00,111.3250,111.2850
NVDA,2025-04-14 14:29:00,111.2850,111.1994
NVDA,2025-04-14 14:30:00,111.2000,111.2700
NVDA,2025-04-14 14:31:00,111.2700,111.5317
NVDA,2025-04-14 14:32:00,111.5400,111.3651
NVDA,2025-04-14 14:33:00,111.3600,111.2550
NVDA,2025-04-14 14:34:00,111.2600,111.3101
NVDA,2025-04-14 14:35:00,111.3107,111.3394
NVDA,2025-04-14 14:36:00,111.3350,111.2465
NVDA,2025-04-14 14:37:00,111.2450,111.3399
NVDA,2025-04-14 14:38:00,111.3300,111.3500
NVDA,2025-04-14 14:39:00,111.3510,111.3000
NVDA,2025-04-14 14:40:00,111.3000,111.4000
NVDA,2025-04-14 14:41:00,111.4100,111.4200
NVDA,2025-04-14 14:42:00,111.4200,111.4150
NVDA,2025-04-14 14:43:00,111.4200,111.4900
NVDA,2025-04-14 14:44:00,111.4900,111.6350
NVDA,2025-04-14 14:45:00,111.6300,111.4700
NVDA,2025-04-14 14:46:00,111.4750,111.2700
NVDA,2025-04-14 14:47:00,111.2701,111.2900
NVDA,2025-04-14 14:48:00,111.2917,111.2600
NVDA,2025-04-14 14:49:00,111.2450,111.3951
NVDA,2025-04-14 14:50:00,111.4000,111.4210
NVDA,2025-04-14 14:51:00,111.4200,111.3150
NVDA,2025-04-14 14:52:00,111.3199,111.3599
NVDA,2025-04-14 14:53:00,111.3517,111.3500
NVDA,2025-04-14 14:54:00,111.3400,111.2800
NVDA,2025-04-14 14:55:00,111.2750,111.2750
NVDA,2025-04-14 14:56:00,111.2800,111.3100
NVDA,2025-04-14 14:57:00,111.3000,111.1320
NVDA,2025-04-14 14:58:00,111.1386,111.2350
NVDA,2025-04-14 14:59:00,111.2400,111.1800
NVDA,2025-04-14 15:00:00,111.1800,111.3200
NVDA,2025-04-14 15:01:00,111.3100,111.2900
NVDA,2025-04-14 15:02:00,111.3000,111.3100
NVDA,2025-04-14 15:03:00,111.3000,111.4000
NVDA,2025-04-14 15:04:00,111.4150,111.4450
NVDA,2025-04-14 15:05:00,111.4400,111.4401
NVDA,2025-04-14 15:06:00,111.4450,111.4910
NVDA,2025-04-14 15:07:00,111.4900,111.6498
NVDA,2025-04-14 15:08:00,111.6500,111.7900
NVDA,2025-04-14 15:09:00,111.7998,111.7650
NVDA,2025-04-14 15:10:00,111.7650,111.6100
NVDA,2025-04-14 15:11:00,111.6100,111.6790
NVDA,2025-04-14 15:12:00,111.6800,111.7453
NVDA,2025-04-14 15:13:00,111.7450,111.7550
NVDA,2025-04-14 15:14:00,111.7550,111.8250
NVDA,2025-04-14 15:15:00,111.8300,111.6550
NVDA,2025-04-14 15:16:00,111.6547,111.4400
NVDA,2025-04-14 15:17:00,111.4340,111.5198
NVDA,2025-04-14 15:18:00,111.5107,111.4700
NVDA,2025-04-14 15:19:00,111.4800,111.4103
NVDA,2025-04-14 15:20:00,111.4200,111.3700
NVDA,2025-04-14 15:21:00,111.3700,111.4000
NVDA,2025-04-14 15:22:00,111.3950,111.3054
NVDA,2025-04-14 15:23:00,111.3050,111.4087
NVDA,2025-04-14 15:24:00,111.4150,111.4400
NVDA,2025-04-14 15:25:00,111.4500,111.3650
NVDA,2025-04-14 15:26:00,111.3650,111.3250
NVDA,2025-04-14 15:27:00,111.3300,111.4000
NVDA,2025-04-14 15:28:00,111.4100,111.4250
NVDA,2025-04-14 15:29:00,111.4250,111.3500
NVDA,2025-04-14 15:30:00,111.3600,111.3262
NVDA,2025-04-14 15:31:00,111.3200,111.2150
NVDA,2025-04-14 15:32:00,111.2200,111.1117
NVDA,2025-04-14 15:33:00,111.1150,111.1700
NVDA,2025-04-14 15:34:00,111.1800,111.3100
NVDA,2025-04-14 15:35:00,111.3100,111.2950
NVDA,2025-04-14 15:36:00,111.2726,111.5150
NVDA,2025-04-14 15:37:00,111.5100,111.4350
NVDA,2025-04-14 15:38:00,111.4200,111.4981
NVDA,2025-04-14 15:39:00,111.4950,111.5013
NVDA,2025-04-14 15:40:00,111.5000,111.6500
NVDA,2025-04-14 15:41:00,111.6500,111.6900
NVDA,2025-04-14 15:42:00,111.6901,111.7000
NVDA,2025-04-14 15:43:00,111.7000,111.6450
NVDA,2025-04-14 15:44:00,111.6450,111.5750
NVDA,2025-04-14 15:45:00,111.5800,111.5450
NVDA,2025-04-14 15:46:00,111.5500,111.5300
NVDA,2025-04-14 15:47:00,111.5300,111.4200
NVDA,2025-04-14 15:48:00,111.4300,111.2799
NVDA,2025-04-14 15:49:00,111.2800,111.3600
NVDA,2025-04-14 15:50:00,111.3500,111.0500
NVDA,2025-04-14 15:51:00,111.0550,111.2400
NVDA,2025-04-14 15:52:00,111.2500,111.1450
NVDA,2025-04-14 15:53:00,111.1500,111.2600
NVDA,2025-04-14 15:54:00,111.2700,111.3100
NVDA,2025-04-14 15:55:00,111.3100,110.8800
NVDA,2025-04-14 15:56:00,110.8801,110.8213
NVDA,2025-04-14 15:57:00,110.8215,110.7100
NVDA,2025-04-14 15:58:00,110.7100,110.7300
NVDA,2025-04-14 15:59:00,110.7350,110.7000
NVDA,2025-04-15 09:30:00,110.9700,111.5100
NVDA,2025-04-15 09:31:00,111.5100,111.9850
NVDA,2025-04-15 09:32:00,111.9900,112.2900
NVDA,2025-04-15 09:33:00,112.2900,112.4000
NVDA,2025-04-15 09:34:00,112.3900,112.1035
NVDA,2025-04-15 09:35:00,112.1099,111.7899
NVDA,2025-04-15 09:36:00,111.7801,111.7100
NVDA,2025-04-15 09:37:00,111.7050,111.8702
NVDA,2025-04-15 09:38:00,111.8900,111.8400
NVDA,2025-04-15 09:39:00,111.8500,111.8000
NVDA,2025-04-15 09:40:00,111.8300,111.5800
NVDA,2025-04-15 09:41:00,111.5799,111.3150
NVDA,2025-04-15 09:42:00,111.3100,111.8950
NVDA,2025-04-15 09:43:00,111.9000,111.5699
NVDA,2025-04-15 09:44:00,111.5700,111.4900
NVDA,2025-04-15 09:45:00,111.4950,111.3450
NVDA,2025-04-15 09:46:00,111.3500,111.7070
NVDA,2025-04-15 09:47:00,111.7100,111.6550
NVDA,2025-04-15 09:48:00,111.6600,111.6950
NVDA,2025-04-15 09:49:00,111.6900,111.6050
NVDA,2025-04-15 09:50:00,111.6050,111.5150
NVDA,2025-04-15 09:51:00,111.5200,111.6800
NVDA,2025-04-15 09:52:00,111.6750,111.5500
NVDA,2025-04-15 09:53:00,111.5499,111.7950
NVDA,2025-04-15 09:54:00,111.8000,111.9100
NVDA,2025-04-15 09:55:00,111.9250,112.0250
NVDA,2025-04-15 09:56:00,112.0250,112.1400
NVDA,2025-04-15 09:57:00,112.1500,111.9998
NVDA,2025-04-15 09:58:00,111.9809,112.0000
NVDA,2025-04-15 09:59:00,112.0050,111.7300
NVDA,2025-04-15 10:00:00,111.7300,111.8050
NVDA,2025-04-15 10:01:00,111.8100,111.7100
NVDA,2025-04-15 10:02:00,111.7100,111.7801
NVDA,2025-04-15 10:03:00,111.7810,111.9200
NVDA,2025-04-15 10:04:00,111.9200,111.8499
NVDA,2025-04-15 10:05:00,111.8600,111.9718
NVDA,2025-04-15 10:06:00,111.9800,112.0050
NVDA,2025-04-15 10:07:00,112.0100,112.0699
NVDA,2025-04-15 10:08:00,112.0650,111.9601
NVDA,2025-04-15 10:09:00,111.9600,111.8100
NVDA,2025-04-15 10:10:00,111.8200,111.9100
NVDA,2025-04-15 10:11:00,111.9200,112.1100
NVDA,2025-04-15 10:12:00,112.1100,112.1250
NVDA,2025-04-15 10:13:00,112.1150,112.1300
NVDA,2025-04-15 10:14:00,112.1300,111.9300
NVDA,2025-04-15 10:15:00,111.9400,112.0300
NVDA,2025-04-15 10:16:00,112.0400,112.0400
NVDA,2025-04-15 10:17:00,112.0330,111.6500
NVDA,2025-04-15 10:18:00,111.6498,111.2900
NVDA,2025-04-15 10:19:00,111.2850,110.8400
NVDA,2025-04-15 10:20:00,110.8400,111.0000
NVDA,2025-04-15 10:21:00,111.0000,111.1000
NVDA,2025-04-15 10:22:00,111.1000,111.3010
NVDA,2025-04-15 10:23:00,111.3000,111.1200
NVDA,2025-04-15 10:24:00,111.1200,111.1100
NVDA,2025-04-15 10:25:00,111.1200,110.9150
NVDA,2025-04-15 10:26:00,110.9400,110.7900
NVDA,2025-04-15 10:27:00,110.7800,110.8800
NVDA,2025-04-15 10:28:00,110.8950,111.0850
NVDA,2025-04-15 10:29:00,111.0950,111.0300
NVDA,2025-04-15 10:30:00,111.0350,111.3500
NVDA,2025-04-15 10:31:00,111.3750,111.2400
NVDA,2025-04-15 10:32:00,111.2496,111.3100
NVDA,2025-04-15 10:33:00,111.3100,111.4550
NVDA,2025-04-15 10:34:00,111.4514,111.5850
NVDA,2025-04-15 10:35:00,111.5800,111.4500
NVDA,2025-04-15 10:36:00,111.4551,111.5900
NVDA,2025-04-15 10:37:00,111.5970,111.3400
NVDA,2025-04-15 10:38:00,111.3500,111.3550
NVDA,2025-04-15 10:39:00,111.3600,111.3450
NVDA,2025-04-15 10:40:00,111.3450,111.4250
NVDA,2025-04-15 10:41:00,111.4200,111.4800
NVDA,2025-04-15 10:42:00,111.4800,111.5700
NVDA,2025-04-15 10:43:00,111.5800,111.7517
NVDA,2025-04-15 10:44:00,111.7550,111.7500
NVDA,2025-04-15 10:45:00,111.7550,111.7619
NVDA,2025-04-15 10:46:00,111.7800,111.6100
NVDA,2025-04-15 10:47:00,111.6100,111.4770
NVDA,2025-04-15 10:48:00,111.4800,111.4050
NVDA,2025-04-15 10:49:00,111.4000,111.5400
NVDA,2025-04-15 10:50:00,111.5300,111.2700
NVDA,2025-04-15 10:51:00,111.2600,111.4900
NVDA,2025-04-15 10:52:00,111.4903,111.4204
NVDA,2025-04-15 10:53:00,111.4250,111.5600
NVDA,2025-04-15 10:54:00,111.5600,111.6500
NVDA,2025-04-15 10:55:00,111.6500,111.7350
NVDA,2025-04-15 10:56:00,111.7399,111.7750
NVDA,2025-04-15 10:57:00,111.7800,111.7600
NVDA,2025-04-15 10:58:00,111.7700,111.7500
NVDA,2025-04-15 10:59:00,111.7402,111.5962
NVDA,2025-04-15 11:00:00,111.6000,111.7650
NVDA,2025-04-15 11:01:00,111.7700,111.7800
NVDA,2025-04-15 11:02:00,111.7700,111.8300
NVDA,2025-04-15 11:03:00,111.8300,111.7850
NVDA,2025-04-15 11:04:00,111.7899,111.8753
NVDA,2025-04-15 11:05:00,111.8800,111.9100
NVDA,2025-04-15 11:06:00,111.9190,111.7450
NVDA,2025-04-15 11:07:00,111.7550,111.7801
NVDA,2025-04-15 11:08:00,111.7800,111.7611
NVDA,2025-04-15 11:09:00,111.7650,111.8250
NVDA,2025-04-15 11:10:00,111.8299,111.9300
NVDA,2025-04-15 11:11:00,111.9200,111.7700
NVDA,2025-04-15 11:12:00,111.7600,111.9950
NVDA,2025-04-15 11:13:00,111.9900,111.9603
NVDA,2025-04-15 11:14:00,111.9600,112.0500
NVDA,2025-04-15 11:15:00,112.0549,112.0700
NVDA,2025-04-15 11:16:00,112.0709,112.1100
NVDA,2025-04-15 11:17:00,112.1050,112.2200
NVDA,2025-04-15 11:18:00,112.2200,112.2650
NVDA,2025-04-15 11:19:00,112.2611,112.3450
NVDA,2025-04-15 11:20:00,112.3450,112.4750
NVDA,2025-04-15 11:21:00,112.4750,112.4550
NVDA,2025-04-15 11:22:00,112.4512,112.3750
NVDA,2025-04-15 11:23:00,112.3701,112.3200
NVDA,2025-04-15 11:24:00,112.3300,112.4050
NVDA,2025-04-15 11:25:00,112.4050,112.1450
NVDA,2025-04-15 11:26:00,112.1450,112.1200
NVDA,2025-04-15 11:27:00,112.1250,112.1750
NVDA,2025-04-15 11:28:00,112.1711,112.0700
NVDA,2025-04-15 11:29:00,112.0800,112.0200
NVDA,2025-04-15 11:30:00,112.0300,112.1545
NVDA,2025-04-15 11:31:00,112.1600,112.3700
NVDA,2025-04-15 11:32:00,112.3750,112.3100
NVDA,2025-04-15 11:33:00,112.3050,112.3051
NVDA,2025-04-15 11:34:00,112.3001,112.1600
NVDA,2025-04-15 11:35:00,112.1600,112.2100
NVDA,2025-04-15 11:36:00,112.2100,111.9447
NVDA,2025-04-15 11:37:00,111.9500,111.9650
NVDA,2025-04-15 11:38:00,111.9600,111.9500
NVDA,2025-04-15 11:39:00,111.9300,112.1495
NVDA,2025-04-15 11:40:00,112.1400,112.1100
NVDA,2025-04-15 11:41:00,112.1103,112.1901
NVDA,2025-04-15 11:42:00,112.1950,112.1250
NVDA,2025-04-15 11:43:00,112.1212,112.1600
NVDA,2025-04-15 11:44:00,112.1600,112.2430
NVDA,2025-04-15 11:45:00,112.2400,112.3200
NVDA,2025-04-15 11:46:00,112.3219,112.2600
NVDA,2025-04-15 11:47:00,112.2600,112.1750
NVDA,2025-04-15 11:48:00,112.1900,112.1000
NVDA,2025-04-15 11:49:00,112.1000,112.2000
NVDA,2025-04-15 11:50:00,112.2000,112.0950
NVDA,2025-04-15 11:51:00,112.1000,112.0100
NVDA,2025-04-15 11:52:00,112.0111,112.4650
NVDA,2025-04-15 11:53:00,112.4600,112.7182
NVDA,2025-04-15 11:54:00,112.7136,112.6150
NVDA,2025-04-15 11:55:00,112.6150,112.6200
NVDA,2025-04-15 11:56:00,112.6200,112.4400
NVDA,2025-04-15 11:57:00,112.4450,112.6050
NVDA,2025-04-15 11:58:00,112.6100,112.5800
NVDA,2025-04-15 11:59:00,112.5900,112.7191
NVDA,2025-04-15 12:00:00,112.7101,112.7850
NVDA,2025-04-15 12:01:00,112.7850,112.9701
NVDA,2025-04-15 12:02:00,112.9700,112.9850
NVDA,2025-04-15 12:03:00,112.9850,112.9830
NVDA,2025-04-15 12:04:00,112.9850,112.9850
NVDA,2025-04-15 12:05:00,112.9850,113.1400
NVDA,2025-04-15 12:06:00,113.1416,113.3450
NVDA,2025-04-15 12:07:00,113.3450,113.1850
NVDA,2025-04-15 12:08:00,113.1900,113.2201
NVDA,2025-04-15 12:09:00,113.2300,113.3091
NVDA,2025-04-15 12:10:00,113.3050,113.3200
NVDA,2025-04-15 12:11:00,113.3201,113.5300
NVDA,2025-04-15 12:12:00,113.5300,113.5150
NVDA,2025-04-15 12:13:00,113.5150,113.3650
NVDA,2025-04-15 12:14:00,113.3650,113.3700
NVDA,2025-04-15 12:15:00,113.3600,113.4949
NVDA,2025-04-15 12:16:00,113.4950,113.4101
NVDA,2025-04-15 12:17:00,113.4200,113.2120
NVDA,2025-04-15 12:18:00,113.2200,113.1550
NVDA,2025-04-15 12:19:00,113.1547,113.2098
NVDA,2025-04-15 12:20:00,113.2000,113.2000
NVDA,2025-04-15 12:21:00,113.2099,113.1150
NVDA,2025-04-15 12:22:00,113.1188,113.3040
NVDA,2025-04-15 12:23:00,113.3050,113.3750
NVDA,2025-04-15 12:24:00,113.3750,113.1640
NVDA,2025-04-15 12:25:00,113.1600,113.3300
NVDA,2025-04-15 12:26:00,113.3350,113.4274
NVDA,2025-04-15 12:27:00,113.4250,113.3600
NVDA,2025-04-15 12:28:00,113.3650,113.2550
NVDA,2025-04-15 12:29:00,113.2550,113.2650
NVDA,2025-04-15 12:30:00,113.2700,113.3700
NVDA,2025-04-15 12:31:00,113.3723,113.2500
NVDA,2025-04-15 12:32:00,113.2400,113.3750
NVDA,2025-04-15 12:33:00,113.3700,113.2230
NVDA,2025-04-15 12:34:00,113.2250,113.1850
NVDA,2025-04-15 12:35:00,113.1850,113.1865
NVDA,2025-04-15 12:36:00,113.1800,113.1302
NVDA,2025-04-15 12:37:00,113.1300,113.0500
NVDA,2025-04-15 12:38:00,113.0550,113.1200
NVDA,2025-04-15 12:39:00,113.1100,112.9850
NVDA,2025-04-15 12:40:00,112.9815,113.0309
NVDA,2025-04-15 12:41:00,113.0350,113.0100
NVDA,2025-04-15 12:42:00,113.0000,113.0450
NVDA,2025-04-15 12:43:00,113.0400,113.0300
NVDA,2025-04-15 12:44:00,113.0399,113.1100
NVDA,2025-04-15 12:45:00,113.1150,113.2300
NVDA,2025-04-15 12:46:00,113.2299,113.2650
NVDA,2025-04-15 12:47:00,113.2603,113.3200
NVDA,2025-04-15 12:48:00,113.3100,113.2500
NVDA,2025-04-15 12:49:00,113.2460,113.1950
NVDA,2025-04-15 12:50:00,113.1965,113.0800
NVDA,2025-04-15 12:51:00,113.0700,113.0619
NVDA,2025-04-15 12:52:00,113.0650,112.8800
NVDA,2025-04-15 12:53:00,112.8800,112.8100
NVDA,2025-04-15 12:54:00,112.8150,112.7000
NVDA,2025-04-15 12:55:00,112.7000,112.4189
NVDA,2025-04-15 12:56:00,112.4100,112.5200
NVDA,2025-04-15 12:57:00,112.5250,112.3350
NVDA,2025-04-15 12:58:00,112.3399,112.5301
NVDA,2025-04-15 12:59:00,112.5350,112.4650
NVDA,2025-04-15 13:00:00,112.4600,112.3400
NVDA,2025-04-15 13:01:00,112.3500,112.4724
NVDA,2025-04-15 13:02:00,112.4700,112.4849
NVDA,2025-04-15 13:03:00,112.4767,112.6625
NVDA,2025-04-15 13:04:00,112.6600,112.7412
NVDA,2025-04-15 13:05:00,112.7450,112.7201
NVDA,2025-04-15 13:06:00,112.7250,112.7750
NVDA,2025-04-15 13:07:00,112.7700,112.7315
NVDA,2025-04-15 13:08:00,112.7350,112.6400
NVDA,2025-04-15 13:09:00,112.6300,112.4862
NVDA,2025-04-15 13:10:00,112.4900,112.5300
NVDA,2025-04-15 13:11:00,112.5301,112.5650
NVDA,2025-04-15 13:12:00,112.5635,112.4199
NVDA,2025-04-15 13:13:00,112.4150,112.5316
NVDA,2025-04-15 13:14:00,112.5301,112.6586
NVDA,2025-04-15 13:15:00,112.6500,112.5900
NVDA,2025-04-15 13:16:00,112.5850,112.3800
NVDA,2025-04-15 13:17:00,112.3814,112.2800
NVDA,2025-04-15 13:18:00,112.2750,112.3850
NVDA,2025-04-15 13:19:00,112.3801,112.2700
NVDA,2025-04-15 13:20:00,112.2700,112.2500
NVDA,2025-04-15 13:21:00,112.2600,112.1050
NVDA,2025-04-15 13:22:00,112.1050,111.9350
NVDA,2025-04-15 13:23:00,111.9300,111.9251
NVDA,2025-04-15 13:24:00,111.9300,112.0715
NVDA,2025-04-15 13:25:00,112.0800,111.8000
NVDA,2025-04-15 13:26:00,111.7950,112.0150
NVDA,2025-04-15 13:27:00,112.0136,111.9900
NVDA,2025-04-15 13:28:00,111.9908,111.9718
NVDA,2025-04-15 13:29:00,111.9700,111.8401
NVDA,2025-04-15 13:30:00,111.8400,112.0600
NVDA,2025-04-15 13:31:00,112.0550,112.1000
NVDA,2025-04-15 13:32:00,112.1100,112.0500
NVDA,2025-04-15 13:33:00,112.0500,112.0250
NVDA,2025-04-15 13:34:00,112.0150,111.9663
NVDA,2025-04-15 13:35:00,111.9500,111.9250
NVDA,2025-04-15 13:36:00,111.9250,111.9900
NVDA,2025-04-15 13:37:00,111.9950,112.1250
NVDA,2025-04-15 13:38:00,112.1201,112.0411
NVDA,2025-04-15 13:39:00,112.0449,112.1400
NVDA,2025-04-15 13:40:00,112.1400,112.2897
NVDA,2025-04-15 13:41:00,112.2850,112.2400
NVDA,2025-04-15 13:42:00,112.2354,112.1800
NVDA,2025-04-15 13:43:00,112.1801,112.3050
NVDA,2025-04-15 13:44:00,112.3100,112.2950
NVDA,2025-04-15 13:45:00,112.3000,112.1800
NVDA,2025-04-15 13:46:00,112.1850,112.2300
NVDA,2025-04-15 13:47:00,112.2214,112.3100
NVDA,2025-04-15 13:48:00,112.3050,112.4100
NVDA,2025-04-15 13:49:00,112.4050,112.5300
NVDA,2025-04-15 13:50:00,112.5350,112.5418
NVDA,2025-04-15 13:51:00,112.5500,112.4600
NVDA,2025-04-15 13:52:00,112.4464,112.4301
NVDA,2025-04-15 13:53:00,112.4312,112.1995
NVDA,2025-04-15 13:54:00,112.1907,112.2450
NVDA,2025-04-15 13:55:00,112.2400,112.3347
NVDA,2025-04-15 13:56:00,112.3351,112.4270
NVDA,2025-04-15 13:57:00,112.4150,112.4600
NVDA,2025-04-15 13:58:00,112.4600,112.5300
NVDA,2025-04-15 13:59:00,112.5300,112.4901
NVDA,2025-04-15 14:00:00,112.4970,112.5700
NVDA,2025-04-15 14:01:00,112.5800,112.4000
NVDA,2025-04-15 14:02:00,112.4000,112.4420
NVDA,2025-04-15 14:03:00,112.4313,112.4413
NVDA,2025-04-15 14:04:00,112.4400,112.4600
NVDA,2025-04-15 14:05:00,112.4650,112.3700
NVDA,2025-04-15 14:06:00,112.3700,112.3750
NVDA,2025-04-15 14:07:00,112.3799,112.4850
NVDA,2025-04-15 14:08:00,112.4875,112.3750
NVDA,2025-04-15 14:09:00,112.3700,112.3911
NVDA,2025-04-15 14:10:00,112.3950,112.3200
NVDA,2025-04-15 14:11:00,112.3250,112.2650
NVDA,2025-04-15 14:12:00,112.2700,112.1100
NVDA,2025-04-15 14:13:00,112.1111,112.0750
NVDA,2025-04-15 14:14:00,112.0700,112.0450
NVDA,2025-04-15 14:15:00,112.0311,111.7800
NVDA,2025-04-15 14:16:00,111.7700,112.0100
NVDA,2025-04-15 14:17:00,112.0001,111.9800
NVDA,2025-04-15 14:18:00,111.9800,111.9950
NVDA,2025-04-15 14:19:00,111.9901,111.9350
NVDA,2025-04-15 14:20:00,111.9300,111.9700
NVDA,2025-04-15 14:21:00,111.9700,111.9900
NVDA,2025-04-15 14:22:00,111.9958,112.1450
NVDA,2025-04-15 14:23:00,112.1499,112.1250
NVDA,2025-04-15 14:24:00,112.1150,112.1335
NVDA,2025-04-15 14:25:00,112.1300,112.1750
NVDA,2025-04-15 14:26:00,112.1700,112.1500
NVDA,2025-04-15 14:27:00,112.1500,112.0500
NVDA,2025-04-15 14:28:00,112.0400,112.0850
NVDA,2025-04-15 14:29:00,112.0800,112.1200
NVDA,2025-04-15 14:30:00,112.1150,112.1000
NVDA,2025-04-15 14:31:00,112.1000,112.1600
NVDA,2025-04-15 14:32:00,112.1601,112.2150
NVDA,2025-04-15 14:33:00,112.2200,112.1300
NVDA,2025-04-15 14:34:00,112.1119,112.1899
NVDA,2025-04-15 14:35:00,112.1750,112.1100
NVDA,2025-04-15 14:36:00,112.1050,112.2100
NVDA,2025-04-15 14:37:00,112.2050,112.1000
NVDA,2025-04-15 14:38:00,112.1050,112.0494
NVDA,2025-04-15 14:39:00,112.0450,112.1116
NVDA,2025-04-15 14:40:00,112.1100,112.1450
NVDA,2025-04-15 14:41:00,112.1428,112.2870
NVDA,2025-04-15 14:42:00,112.2812,112.2800
NVDA,2025-04-15 14:43:00,112.2850,112.3000
NVDA,2025-04-15 14:44:00,112.2950,112.4050
NVDA,2025-04-15 14:45:00,112.4050,112.4700
NVDA,2025-04-15 14:46:00,112.4700,112.4500
NVDA,2025-04-15 14:47:00,112.4599,112.4412
NVDA,2025-04-15 14:48:00,112.4400,112.3601
NVDA,2025-04-15 14:49:00,112.3650,112.3650
NVDA,2025-04-15 14:50:00,112.3650,112.4300
NVDA,2025-04-15 14:51:00,112.4300,112.4900
NVDA,2025-04-15 14:52:00,112.4800,112.3400
NVDA,2025-04-15 14:53:00,112.3450,112.4600
NVDA,2025-04-15 14:54:00,112.4700,112.5450
NVDA,2025-04-15 14:55:00,112.5493,112.6219
NVDA,2025-04-15 14:56:00,112.6250,112.5950
NVDA,2025-04-15 14:57:00,112.5950,112.6820
NVDA,2025-04-15 14:58:00,112.6810,112.7003
NVDA,2025-04-15 14:59:00,112.7000,112.6300
NVDA,2025-04-15 15:00:00,112.6200,112.6150
NVDA,2025-04-15 15:01:00,112.6200,112.5400
NVDA,2025-04-15 15:02:00,112.5400,112.4950
NVDA,2025-04-15 15:03:00,112.4900,112.4185
NVDA,2025-04-15 15:04:00,112.4150,112.5150
NVDA,2025-04-15 15:05:00,112.5100,112.5700
NVDA,2025-04-15 15:06:00,112.5700,112.6400
NVDA,2025-04-15 15:07:00,112.6431,112.5401
NVDA,2025-04-15 15:08:00,112.5450,112.5450
NVDA,2025-04-15 15:09:00,112.5450,112.4430
NVDA,2025-04-15 15:10:00,112.4450,112.4550
NVDA,2025-04-15 15:11:00,112.4550,112.2900
NVDA,2025-04-15 15:12:00,112.3000,112.2862
NVDA,2025-04-15 15:13:00,112.2900,112.4300
NVDA,2025-04-15 15:14:00,112.4382,112.5000
NVDA,2025-04-15 15:15:00,112.5000,112.5150
NVDA,2025-04-15 15:16:00,112.5099,112.5351
NVDA,2025-04-15 15:17:00,112.5350,112.5401
NVDA,2025-04-15 15:18:00,112.5450,112.5100
NVDA,2025-04-15 15:19:00,112.5150,112.5100
NVDA,2025-04-15 15:20:00,112.5200,112.3613
NVDA,2025-04-15 15:21:00,112.3600,112.4700
NVDA,2025-04-15 15:22:00,112.4600,112.4700
NVDA,2025-04-15 15:23:00,112.4750,112.3300
NVDA,2025-04-15 15:24:00,112.3350,112.2550
NVDA,2025-04-15 15:25:00,112.2550,112.0800
NVDA,2025-04-15 15:26:00,112.0800,112.0400
NVDA,2025-04-15 15:27:00,112.0351,112.1200
NVDA,2025-04-15 15:28:00,112.1200,112.1250
NVDA,2025-04-15 15:29:00,112.1250,112.2101
NVDA,2025-04-15 15:30:00,112.2150,112.2600
NVDA,2025-04-15 15:31:00,112.2501,112.1750
NVDA,2025-04-15 15:32:00,112.1800,112.2702
NVDA,2025-04-15 15:33:00,112.2700,112.2700
NVDA,2025-04-15 15:34:00,112.2700,112.1950
NVDA,2025-04-15 15:35:00,112.1900,112.2500
NVDA,2025-04-15 15:36:00,112.2600,112.0350
NVDA,2025-04-15 15:37:00,112.0350,112.0913
NVDA,2025-04-15 15:38:00,112.0900,112.2150
NVDA,2025-04-15 15:39:00,112.2150,112.2850
NVDA,2025-04-15 15:40:00,112.2850,112.2250
NVDA,2025-04-15 15:41:00,112.2300,112.2450
NVDA,2025-04-15 15:42:00,112.2450,112.2200
NVDA,2025-04-15 15:43:00,112.2200,112.2600
NVDA,2025-04-15 15:44:00,112.2550,112.2500
NVDA,2025-04-15 15:45:00,112.2450,112.1250
NVDA,2025-04-15 15:46:00,112.1271,112.0250
NVDA,2025-04-15 15:47:00,112.0269,112.0750
NVDA,2025-04-15 15:48:00,112.0750,112.0300
NVDA,2025-04-15 15:49:00,112.0318,112.0800
NVDA,2025-04-15 15:50:00,112.1100,112.2900
NVDA,2025-04-15 15:51:00,112.3000,112.2900
NVDA,2025-04-15 15:52:00,112.2900,112.2837
NVDA,2025-04-15 15:53:00,112.2801,112.2401
NVDA,2025-04-15 15:54:00,112.2450,112.2250
NVDA,2025-04-15 15:55:00,112.2250,112.2100
NVDA,2025-04-15 15:56:00,112.2100,112.3283
NVDA,2025-04-15 15:57:00,112.3219,112.2250
NVDA,2025-04-15 15:58:00,112.2250,112.1500
NVDA,2025-04-15 15:59:00,112.1450,112.1000
NVDA,2025-04-16 09:30:00,104.5500,105.2500
NVDA,2025-04-16 09:31:00,105.2500,105.6700
NVDA,2025-04-16 09:32:00,105.6700,106.3500
NVDA,2025-04-16 09:33:00,106.3500,105.8500
NVDA,2025-04-16 09:34:00,105.8387,105.8000
NVDA,2025-04-16 09:35:00,105.8000,105.9400
NVDA,2025-04-16 09:36:00,105.9360,106.0100
NVDA,2025-04-16 09:37:00,106.0200,106.2850
NVDA,2025-04-16 09:38:00,106.2700,106.3800
NVDA,2025-04-16 09:39:00,106.3800,106.2750
NVDA,2025-04-16 09:40:00,106.2750,106.3487
NVDA,2025-04-16 09:41:00,106.3451,106.4500
NVDA,2025-04-16 09:42:00,106.4596,106.6100
NVDA,2025-04-16 09:43:00,106.6101,106.2300
NVDA,2025-04-16 09:44:00,106.2300,106.0300
NVDA,2025-04-16 09:45:00,106.0350,105.9750
NVDA,2025-04-16 09:46:00,105.9750,105.9350
NVDA,2025-04-16 09:47:00,105.9400,106.3400
NVDA,2025-04-16 09:48:00,106.3440,106.1250
NVDA,2025-04-16 09:49:00,106.1275,105.8593
NVDA,2025-04-16 09:50:00,105.8500,106.0300
NVDA,2025-04-16 09:51:00,106.0400,105.8201
NVDA,2025-04-16 09:52:00,105.8200,105.7750
NVDA,2025-04-16 09:53:00,105.7797,105.5900
NVDA,2025-04-16 09:54:00,105.5900,105.7450
NVDA,2025-04-16 09:55:00,105.7400,105.6550
NVDA,2025-04-16 09:56:00,105.6600,105.6650
NVDA,2025-04-16 09:57:00,105.6600,105.8150
NVDA,2025-04-16 09:58:00,105.8100,105.5600
NVDA,2025-04-16 09:59:00,105.5650,105.2250
NVDA,2025-04-16 10:00:00,105.2200,105.4350
NVDA,2025-04-16 10:01:00,105.4300,105.2500
NVDA,2025-04-16 10:02:00,105.2400,105.0650
NVDA,2025-04-16 10:03:00,105.0600,105.0950
NVDA,2025-04-16 10:04:00,105.0890,105.1050
NVDA,2025-04-16 10:05:00,105.1050,105.0600
NVDA,2025-04-16 10:06:00,105.0650,105.1222
NVDA,2025-04-16 10:07:00,105.1215,105.3200
NVDA,2025-04-16 10:08:00,105.3100,105.3050
NVDA,2025-04-16 10:09:00,105.3086,105.4700
NVDA,2025-04-16 10:10:00,105.4700,105.4700
NVDA,2025-04-16 10:11:00,105.4750,105.2550
NVDA,2025-04-16 10:12:00,105.2550,105.2570
NVDA,2025-04-16 10:13:00,105.2600,105.2500
NVDA,2025-04-16 10:14:00,105.2600,105.0390
NVDA,2025-04-16 10:15:00,105.0350,104.9950
NVDA,2025-04-16 10:16:00,104.9900,105.0250
NVDA,2025-04-16 10:17:00,105.0250,104.8450
NVDA,2025-04-16 10:18:00,104.8400,104.6600
NVDA,2025-04-16 10:19:00,104.6600,104.8400
NVDA,2025-04-16 10:20:00,104.8400,104.8699
NVDA,2025-04-16 10:21:00,104.8700,105.0710
NVDA,2025-04-16 10:22:00,105.0750,105.0000
NVDA,2025-04-16 10:23:00,105.0000,105.1750
NVDA,2025-04-16 10:24:00,105.1717,105.3350
NVDA,2025-04-16 10:25:00,105.3350,105.4650
NVDA,2025-04-16 10:26:00,105.4650,105.4750
NVDA,2025-04-16 10:27:00,105.4750,105.5400
NVDA,2025-04-16 10:28:00,105.5400,105.6900
NVDA,2025-04-16 10:29:00,105.6801,105.5200
NVDA,2025-04-16 10:30:00,105.5250,105.5075
NVDA,2025-04-16 10:31:00,105.5100,105.4697
NVDA,2025-04-16 10:32:00,105.4690,105.4099
NVDA,2025-04-16 10:33:00,105.4030,105.4700
NVDA,2025-04-16 10:34:00,105.4750,105.4800
NVDA,2025-04-16 10:35:00,105.4750,105.3700
NVDA,2025-04-16 10:36:00,105.3650,105.1000
NVDA,2025-04-16 10:37:00,105.1037,105.0182
NVDA,2025-04-16 10:38:00,105.0100,104.9300
NVDA,2025-04-16 10:39:00,104.9300,104.8949
NVDA,2025-04-16 10:40:00,104.9000,104.9900
NVDA,2025-04-16 10:41:00,104.9950,105.1323
NVDA,2025-04-16 10:42:00,105.1300,105.0950
NVDA,2025-04-16 10:43:00,105.0885,105.1981
NVDA,2025-04-16 10:44:00,105.2000,105.1600
NVDA,2025-04-16 10:45:00,105.1550,105.0400
NVDA,2025-04-16 10:46:00,105.0450,104.9100
NVDA,2025-04-16 10:47:00,104.9100,104.8050
NVDA,2025-04-16 10:48:00,104.8100,104.7050
NVDA,2025-04-16 10:49:00,104.7050,104.7350
NVDA,2025-04-16 10:50:00,104.7300,104.6997
NVDA,2025-04-16 10:51:00,104.6900,104.5015
NVDA,2025-04-16 10:52:00,104.5000,104.6550
NVDA,2025-04-16 10:53:00,104.6599,104.6299
NVDA,2025-04-16 10:54:00,104.6250,104.5400
NVDA,2025-04-16 10:55:00,104.5300,104.4500
NVDA,2025-04-16 10:56:00,104.4500,104.1600
NVDA,2025-04-16 10:57:00,104.1650,104.2301
NVDA,2025-04-16 10:58:00,104.2350,104.3500
NVDA,2025-04-16 10:59:00,104.3555,104.3599
NVDA,2025-04-16 11:00:00,104.3550,104.4499
NVDA,2025-04-16 11:01:00,104.4450,104.4350
NVDA,2025-04-16 11:02:00,104.4300,104.2200
NVDA,2025-04-16 11:03:00,104.2250,104.1950
NVDA,2025-04-16 11:04:00,104.2000,104.1188
NVDA,2025-04-16 11:05:00,104.1153,103.9201
NVDA,2025-04-16 11:06:00,103.9200,104.0050
NVDA,2025-04-16 11:07:00,104.0050,104.2550
NVDA,2025-04-16 11:08:00,104.2585,104.3355
NVDA,2025-04-16 11:09:00,104.3349,104.2849
NVDA,2025-04-16 11:10:00,104.3000,104.1850
NVDA,2025-04-16 11:11:00,104.1823,104.4350
NVDA,2025-04-16 11:12:00,104.4400,104.5500
NVDA,2025-04-16 11:13:00,104.5449,104.6157
NVDA,2025-04-16 11:14:00,104.6150,104.7100
NVDA,2025-04-16 11:15:00,104.7150,104.5050
NVDA,2025-04-16 11:16:00,104.5000,104.5750
NVDA,2025-04-16 11:17:00,104.5782,104.6687
NVDA,2025-04-16 11:18:00,104.6350,104.6101
NVDA,2025-04-16 11:19:00,104.6100,104.4900
NVDA,2025-04-16 11:20:00,104.5000,104.5847
NVDA,2025-04-16 11:21:00,104.5900,104.7200
NVDA,2025-04-16 11:22:00,104.7200,105.0150
NVDA,2025-04-16 11:23:00,105.0130,105.0781
NVDA,2025-04-16 11:24:00,105.0750,105.2400
NVDA,2025-04-16 11:25:00,105.2350,105.3350
NVDA,2025-04-16 11:26:00,105.3400,105.2800
NVDA,2025-04-16 11:27:00,105.2800,105.2421
NVDA,2025-04-16 11:28:00,105.2401,105.2406
NVDA,2025-04-16 11:29:00,105.2400,105.1750
NVDA,2025-04-16 11:30:00,105.1800,104.9800
NVDA,2025-04-16 11:31:00,104.9697,104.9950
NVDA,2025-04-16 11:32:00,104.9999,105.0800
NVDA,2025-04-16 11:33:00,105.0741,105.1597
NVDA,2025-04-16 11:34:00,105.1550,105.3100
NVDA,2025-04-16 11:35:00,105.3100,105.2899
NVDA,2025-04-16 11:36:00,105.2847,105.0800
NVDA,2025-04-16 11:37:00,105.0753,105.0987
NVDA,2025-04-16 11:38:00,105.0950,105.0700
NVDA,2025-04-16 11:39:00,105.0700,105.1250
NVDA,2025-04-16 11:40:00,105.1200,104.9653
NVDA,2025-04-16 11:41:00,104.9647,104.9519
NVDA,2025-04-16 11:42:00,104.9500,104.8350
NVDA,2025-04-16 11:43:00,104.8399,104.8900
NVDA,2025-04-16 11:44:00,104.8800,104.8950
NVDA,2025-04-16 11:45:00,104.8950,104.7785
NVDA,2025-04-16 11:46:00,104.7750,104.8600
NVDA,2025-04-16 11:47:00,104.8700,104.9400
NVDA,2025-04-16 11:48:00,104.9450,104.9118
NVDA,2025-04-16 11:49:00,104.9150,104.8253
NVDA,2025-04-16 11:50:00,104.8200,104.6600
NVDA,2025-04-16 11:51:00,104.6651,104.5500
NVDA,2025-04-16 11:52:00,104.5500,104.5250
NVDA,2025-04-16 11:53:00,104.5250,104.5088
NVDA,2025-04-16 11:54:00,104.5000,104.4087
NVDA,2025-04-16 11:55:00,104.4000,104.4600
NVDA,2025-04-16 11:56:00,104.4700,104.3850
NVDA,2025-04-16 11:57:00,104.3900,104.5280
NVDA,2025-04-16 11:58:00,104.5284,104.5000
NVDA,2025-04-16 11:59:00,104.5000,104.4182
NVDA,2025-04-16 12:00:00,104.4150,104.3800
NVDA,2025-04-16 12:01:00,104.3851,104.3600
NVDA,2025-04-16 12:02:00,104.3650,104.2550
NVDA,2025-04-16 12:03:00,104.2501,104.1550
NVDA,2025-04-16 12:04:00,104.1550,104.1500
NVDA,2025-04-16 12:05:00,104.1450,103.9600
NVDA,2025-04-16 12:06:00,103.9601,103.8750
NVDA,2025-04-16 12:07:00,103.8750,103.9850
NVDA,2025-04-16 12:08:00,103.9800,104.0582
NVDA,2025-04-16 12:09:00,104.0550,104.0140
NVDA,2025-04-16 12:10:00,104.0100,104.1100
NVDA,2025-04-16 12:11:00,104.1100,104.1050
NVDA,2025-04-16 12:12:00,104.1100,103.8600
NVDA,2025-04-16 12:13:00,103.8650,103.9103
NVDA,2025-04-16 12:14:00,103.9100,104.0050
NVDA,2025-04-16 12:15:00,104.0100,104.0550
NVDA,2025-04-16 12:16:00,104.0500,103.8800
NVDA,2025-04-16 12:17:00,103.8800,103.8450
NVDA,2025-04-16 12:18:00,103.8453,103.8500
NVDA,2025-04-16 12:19:00,103.8493,103.9300
NVDA,2025-04-16 12:20:00,103.9200,103.8266
NVDA,2025-04-16 12:21:00,103.8300,103.6885
NVDA,2025-04-16 12:22:00,103.6900,103.6800
NVDA,2025-04-16 12:23:00,103.6701,103.6782
NVDA,2025-04-16 12:24:00,103.6800,103.9988
NVDA,2025-04-16 12:25:00,103.9990,104.0451
NVDA,2025-04-16 12:26:00,104.0450,104.0389
NVDA,2025-04-16 12:27:00,104.0399,103.9600
NVDA,2025-04-16 12:28:00,103.9600,104.0150
NVDA,2025-04-16 12:29:00,104.0200,103.9150
NVDA,2025-04-16 12:30:00,103.9150,103.9099
NVDA,2025-04-16 12:31:00,103.9050,104.0250
NVDA,2025-04-16 12:32:00,104.0300,103.8600
NVDA,2025-04-16 12:33:00,103.8700,103.8850
NVDA,2025-04-16 12:34:00,103.8850,104.0900
NVDA,2025-04-16 12:35:00,104.0884,103.9000
NVDA,2025-04-16 12:36:00,103.9050,103.8489
NVDA,2025-04-16 12:37:00,103.8499,103.7950
NVDA,2025-04-16 12:38:00,103.7950,103.8200
NVDA,2025-04-16 12:39:00,103.8150,103.9100
NVDA,2025-04-16 12:40:00,103.9047,103.7549
NVDA,2025-04-16 12:41:00,103.7591,103.8650
NVDA,2025-04-16 12:42:00,103.8682,103.8950
NVDA,2025-04-16 12:43:00,103.8936,103.8950
NVDA,2025-04-16 12:44:00,103.8987,103.9600
NVDA,2025-04-16 12:45:00,103.9500,103.7788
NVDA,2025-04-16 12:46:00,103.7800,103.6950
NVDA,2025-04-16 12:47:00,103.6950,103.6982
NVDA,2025-04-16 12:48:00,103.6950,103.6990
NVDA,2025-04-16 12:49:00,103.6950,103.6950
NVDA,2025-04-16 12:50:00,103.7000,103.6300
NVDA,2025-04-16 12:51:00,103.6299,103.6805
NVDA,2025-04-16 12:52:00,103.6850,103.6300
NVDA,2025-04-16 12:53:00,103.6300,103.7299
NVDA,2025-04-16 12:54:00,103.7251,103.8600
NVDA,2025-04-16 12:55:00,103.8700,103.7999
NVDA,2025-04-16 12:56:00,103.7950,103.7600
NVDA,2025-04-16 12:57:00,103.7550,103.7000
NVDA,2025-04-16 12:58:00,103.7050,103.7100
NVDA,2025-04-16 12:59:00,103.7200,103.6450
NVDA,2025-04-16 13:00:00,103.6500,103.6200
NVDA,2025-04-16 13:01:00,103.6200,103.7200
NVDA,2025-04-16 13:02:00,103.7200,103.6150
NVDA,2025-04-16 13:03:00,103.6257,103.7085
NVDA,2025-04-16 13:04:00,103.7000,103.5850
NVDA,2025-04-16 13:05:00,103.5851,103.5606
NVDA,2025-04-16 13:06:00,103.5684,103.6430
NVDA,2025-04-16 13:07:00,103.6450,103.5650
NVDA,2025-04-16 13:08:00,103.5662,103.4750
NVDA,2025-04-16 13:09:00,103.4717,103.3650
NVDA,2025-04-16 13:10:00,103.3649,103.3900
NVDA,2025-04-16 13:11:00,103.3900,103.2550
NVDA,2025-04-16 13:12:00,103.2550,103.2025
NVDA,2025-04-16 13:13:00,103.2074,103.2450
NVDA,2025-04-16 13:14:00,103.2500,103.2883
NVDA,2025-04-16 13:15:00,103.2900,103.4050
NVDA,2025-04-16 13:16:00,103.4050,103.4500
NVDA,2025-04-16 13:17:00,103.4490,103.4850
NVDA,2025-04-16 13:18:00,103.4800,103.5775
NVDA,2025-04-16 13:19:00,103.5800,103.5928
NVDA,2025-04-16 13:20:00,103.5983,103.5399
NVDA,2025-04-16 13:21:00,103.5400,103.6265
NVDA,2025-04-16 13:22:00,103.6250,103.6582
NVDA,2025-04-16 13:23:00,103.6500,103.4549
NVDA,2025-04-16 13:24:00,103.4547,103.6683
NVDA,2025-04-16 13:25:00,103.6600,103.5950
NVDA,2025-04-16 13:26:00,103.5900,103.6858
NVDA,2025-04-16 13:27:00,103.6918,103.8585
NVDA,2025-04-16 13:28:00,103.8550,103.8950
NVDA,2025-04-16 13:29:00,103.9000,103.9350
NVDA,2025-04-16 13:30:00,103.9400,103.6600
NVDA,2025-04-16 13:31:00,103.6800,103.3200
NVDA,2025-04-16 13:32:00,103.3250,103.3800
NVDA,2025-04-16 13:33:00,103.3700,103.4450
NVDA,2025-04-16 13:34:00,103.4400,103.3050
NVDA,2025-04-16 13:35:00,103.3050,103.3200
NVDA,2025-04-16 13:36:00,103.3150,103.3600
NVDA,2025-04-16 13:37:00,103.3600,103.6750
NVDA,2025-04-16 13:38:00,103.6750,103.5000
NVDA,2025-04-16 13:39:00,103.5000,103.3950
NVDA,2025-04-16 13:40:00,103.3950,103.1902
NVDA,2025-04-16 13:41:00,103.2000,103.1082
NVDA,2025-04-16 13:42:00,103.1000,103.1900
NVDA,2025-04-16 13:43:00,103.2150,103.1390
NVDA,2025-04-16 13:44:00,103.1450,103.0950
NVDA,2025-04-16 13:45:00,103.0950,102.9250
NVDA,2025-04-16 13:46:00,102.9283,102.6300
NVDA,2025-04-16 13:47:00,102.6300,102.5400
NVDA,2025-04-16 13:48:00,102.5400,102.3800
NVDA,2025-04-16 13:49:00,102.3800,102.7300
NVDA,2025-04-16 13:50:00,102.7250,102.4979
NVDA,2025-04-16 13:51:00,102.4950,102.6900
NVDA,2025-04-16 13:52:00,102.6800,102.7759
NVDA,2025-04-16 13:53:00,102.7700,102.6200
NVDA,2025-04-16 13:54:00,102.6200,102.4650
NVDA,2025-04-16 13:55:00,102.4682,102.4000
NVDA,2025-04-16 13:56:00,102.4000,102.2601
NVDA,2025-04-16 13:57:00,102.2650,102.0905
NVDA,2025-04-16 13:58:00,102.0900,102.2200
NVDA,2025-04-16 13:59:00,102.2250,102.0150
NVDA,2025-04-16 14:00:00,102.0150,102.3200
NVDA,2025-04-16 14:01:00,102.3200,102.0650
NVDA,2025-04-16 14:02:00,102.0600,102.2500
NVDA,2025-04-16 14:03:00,102.2450,102.2800
NVDA,2025-04-16 14:04:00,102.2898,102.2900
NVDA,2025-04-16 14:05:00,102.2900,102.4600
NVDA,2025-04-16 14:06:00,102.4600,102.6300
NVDA,2025-04-16 14:07:00,102.6200,102.3790
NVDA,2025-04-16 14:08:00,102.3750,102.3300
NVDA,2025-04-16 14:09:00,102.3400,102.6000
NVDA,2025-04-16 14:10:00,102.6000,102.5701
NVDA,2025-04-16 14:11:00,102.5650,102.4814
NVDA,2025-04-16 14:12:00,102.4900,102.4884
NVDA,2025-04-16 14:13:00,102.4800,102.2900
NVDA,2025-04-16 14:14:00,102.2850,102.3250
NVDA,2025-04-16 14:15:00,102.3300,102.0849
NVDA,2025-04-16 14:16:00,102.0850,101.9950
NVDA,2025-04-16 14:17:00,101.9985,101.8600
NVDA,2025-04-16 14:18:00,101.8699,101.8200
NVDA,2025-04-16 14:19:00,101.8200,101.9101
NVDA,2025-04-16 14:20:00,101.9100,101.9500
NVDA,2025-04-16 14:21:00,101.9475,102.1647
NVDA,2025-04-16 14:22:00,102.1650,102.2735
NVDA,2025-04-16 14:23:00,102.2800,102.4450
NVDA,2025-04-16 14:24:00,102.4400,102.3900
NVDA,2025-04-16 14:25:00,102.3800,102.3650
NVDA,2025-04-16 14:26:00,102.3700,102.4550
NVDA,2025-04-16 14:27:00,102.4600,102.3850
NVDA,2025-04-16 14:28:00,102.3700,102.2650
NVDA,2025-04-16 14:29:00,102.2700,102.1850
NVDA,2025-04-16 14:30:00,102.1850,101.9353
NVDA,2025-04-16 14:31:00,101.9350,101.9303
NVDA,2025-04-16 14:32:00,101.9300,101.9650
NVDA,2025-04-16 14:33:00,101.9550,101.8482
NVDA,2025-04-16 14:34:00,101.8400,101.7950
NVDA,2025-04-16 14:35:00,101.7949,101.6082
NVDA,2025-04-16 14:36:00,101.6016,101.6750
NVDA,2025-04-16 14:37:00,101.6702,101.4350
NVDA,2025-04-16 14:38:00,101.4350,101.2699
NVDA,2025-04-16 14:39:00,101.2600,101.2125
NVDA,2025-04-16 14:40:00,101.2100,101.1600
NVDA,2025-04-16 14:41:00,101.1550,101.1650
NVDA,2025-04-16 14:42:00,101.1700,101.2312
NVDA,2025-04-16 14:43:00,101.2350,100.9350
NVDA,2025-04-16 14:44:00,100.9350,100.7986
NVDA,2025-04-16 14:45:00,100.7950,100.7500
NVDA,2025-04-16 14:46:00,100.7450,100.8201
NVDA,2025-04-16 14:47:00,100.8250,100.7782
NVDA,2025-04-16 14:48:00,100.7750,100.7701
NVDA,2025-04-16 14:49:00,100.7750,100.7250
NVDA,2025-04-16 14:50:00,100.7200,100.6900
NVDA,2025-04-16 14:51:00,100.6900,100.9676
NVDA,2025-04-16 14:52:00,100.9682,101.0183
NVDA,2025-04-16 14:53:00,101.0150,100.9050
NVDA,2025-04-16 14:54:00,100.9050,100.9550
NVDA,2025-04-16 14:55:00,100.9555,100.9547
NVDA,2025-04-16 14:56:00,100.9550,101.0850
NVDA,2025-04-16 14:57:00,101.0850,101.0950
NVDA,2025-04-16 14:58:00,101.1000,101.0700
NVDA,2025-04-16 14:59:00,101.0785,101.0450
NVDA,2025-04-16 15:00:00,101.0500,101.2590
NVDA,2025-04-16 15:01:00,101.2550,101.4850
NVDA,2025-04-16 15:02:00,101.4892,101.3301
NVDA,2025-04-16 15:03:00,101.3300,101.3850
NVDA,2025-04-16 15:04:00,101.3850,101.1200
NVDA,2025-04-16 15:05:00,101.1250,101.4150
NVDA,2025-04-16 15:06:00,101.4100,101.1900
NVDA,2025-04-16 15:07:00,101.1999,101.2450
NVDA,2025-04-16 15:08:00,101.2400,101.3450
NVDA,2025-04-16 15:09:00,101.3450,101.2550
NVDA,2025-04-16 15:10:00,101.2550,101.0450
NVDA,2025-04-16 15:11:00,101.0485,100.9388
NVDA,2025-04-16 15:12:00,100.9350,101.1813
NVDA,2025-04-16 15:13:00,101.1850,101.3850
NVDA,2025-04-16 15:14:00,101.3807,101.4000
NVDA,2025-04-16 15:15:00,101.3900,101.5100
NVDA,2025-04-16 15:16:00,101.5150,101.3250
NVDA,2025-04-16 15:17:00,101.3201,101.2651
NVDA,2025-04-16 15:18:00,101.2700,101.2150
NVDA,2025-04-16 15:19:00,101.2101,101.1050
NVDA,2025-04-16 15:20:00,101.1087,100.9484
NVDA,2025-04-16 15:21:00,100.9401,101.1049
NVDA,2025-04-16 15:22:00,101.1000,101.1700
NVDA,2025-04-16 15:23:00,101.1625,101.1419
NVDA,2025-04-16 15:24:00,101.1400,100.9675
NVDA,2025-04-16 15:25:00,100.9650,100.7925
NVDA,2025-04-16 15:26:00,100.7950,100.6800
NVDA,2025-04-16 15:27:00,100.6750,100.9801
NVDA,2025-04-16 15:28:00,100.9825,100.9550
NVDA,2025-04-16 15:29:00,100.9600,101.0050
NVDA,2025-04-16 15:30:00,101.0100,101.3350
NVDA,2025-04-16 15:31:00,101.3350,101.3750
NVDA,2025-04-16 15:32:00,101.3750,101.8163
NVDA,2025-04-16 15:33:00,101.8200,101.6900
NVDA,2025-04-16 15:34:00,101.6950,101.7919
NVDA,2025-04-16 15:35:00,101.7982,102.0500
NVDA,2025-04-16 15:36:00,102.0450,101.9100
NVDA,2025-04-16 15:37:00,101.9012,101.9700
NVDA,2025-04-16 15:38:00,101.9650,102.1701
NVDA,2025-04-16 15:39:00,102.1700,102.2050
NVDA,2025-04-16 15:40:00,102.2100,102.2200
NVDA,2025-04-16 15:41:00,102.2200,102.5250
NVDA,2025-04-16 15:42:00,102.5200,102.3200
NVDA,2025-04-16 15:43:00,102.3150,102.1350
NVDA,2025-04-16 15:44:00,102.1400,102.1750
NVDA,2025-04-16 15:45:00,102.1700,102.4150
NVDA,2025-04-16 15:46:00,102.4183,102.6601
NVDA,2025-04-16 15:47:00,102.6650,102.8100
NVDA,2025-04-16 15:48:00,102.8050,102.6650
NVDA,2025-04-16 15:49:00,102.6647,102.7801
NVDA,2025-04-16 15:50:00,102.7900,103.5950
NVDA,2025-04-16 15:51:00,103.6000,103.6950
NVDA,2025-04-16 15:52:00,103.6950,103.7250
NVDA,2025-04-16 15:53:00,103.7300,103.5550
NVDA,2025-04-16 15:54:00,103.5510,103.8800
NVDA,2025-04-16 15:55:00,103.8850,103.7750
NVDA,2025-04-16 15:56:00,103.7750,104.0781
NVDA,2025-04-16 15:57:00,104.0750,104.1000
NVDA,2025-04-16 15:58:00,104.0950,104.3150
NVDA,2025-04-16 15:59:00,104.3150,104.5000
NVDA,2025-04-17 09:30:00,104.4500,104.0450
NVDA,2025-04-17 09:31:00,104.0500,103.4650
NVDA,2025-04-17 09:32:00,103.4600,103.4886
NVDA,2025-04-17 09:33:00,103.4802,103.3400
NVDA,2025-04-17 09:34:00,103.3350,102.9800
NVDA,2025-04-17 09:35:00,102.9800,103.2500
NVDA,2025-04-17 09:36:00,103.2600,103.2500
NVDA,2025-04-17 09:37:00,103.2600,103.2599
NVDA,2025-04-17 09:38:00,103.2600,102.9390
NVDA,2025-04-17 09:39:00,102.9403,102.8351
NVDA,2025-04-17 09:40:00,102.8400,102.6290
NVDA,2025-04-17 09:41:00,102.6300,103.1490
NVDA,2025-04-17 09:42:00,103.1500,102.8401
NVDA,2025-04-17 09:43:00,102.8500,102.7500
NVDA,2025-04-17 09:44:00,102.7600,102.6501
NVDA,2025-04-17 09:45:00,102.6500,102.5600
NVDA,2025-04-17 09:46:00,102.5400,102.1287
NVDA,2025-04-17 09:47:00,102.1200,102.0550
NVDA,2025-04-17 09:48:00,102.0450,102.4500
NVDA,2025-04-17 09:49:00,102.4549,102.8401
NVDA,2025-04-17 09:50:00,102.8450,103.1801
NVDA,2025-04-17 09:51:00,103.1900,103.1080
NVDA,2025-04-17 09:52:00,103.1015,103.3750
NVDA,2025-04-17 09:53:00,103.3701,103.3300
NVDA,2025-04-17 09:54:00,103.3400,103.3350
NVDA,2025-04-17 09:55:00,103.3400,103.1719
NVDA,2025-04-17 09:56:00,103.1750,103.0601
NVDA,2025-04-17 09:57:00,103.0600,102.7801
NVDA,2025-04-17 09:58:00,102.7900,102.7200
NVDA,2025-04-17 09:59:00,102.7250,102.9150
NVDA,2025-04-17 10:00:00,102.9150,102.8000
NVDA,2025-04-17 10:01:00,102.7900,102.9401
NVDA,2025-04-17 10:02:00,102.9401,102.7700
NVDA,2025-04-17 10:03:00,102.7750,102.4482
NVDA,2025-04-17 10:04:00,102.4400,102.3450
NVDA,2025-04-17 10:05:00,102.3450,102.4700
NVDA,2025-04-17 10:06:00,102.4650,102.3600
NVDA,2025-04-17 10:07:00,102.3600,102.0784
NVDA,2025-04-17 10:08:00,102.0700,102.0818
NVDA,2025-04-17 10:09:00,102.0882,102.1084
NVDA,2025-04-17 10:10:00,102.1000,101.9785
NVDA,2025-04-17 10:11:00,101.9800,102.1000
NVDA,2025-04-17 10:12:00,102.1000,102.0200
NVDA,2025-04-17 10:13:00,102.0200,101.8050
NVDA,2025-04-17 10:14:00,101.8050,101.9000
NVDA,2025-04-17 10:15:00,101.8950,102.0000
NVDA,2025-04-17 10:16:00,101.9950,101.8400
NVDA,2025-04-17 10:17:00,101.8350,101.8400
NVDA,2025-04-17 10:18:00,101.8301,101.6900
NVDA,2025-04-17 10:19:00,101.6735,101.7500
NVDA,2025-04-17 10:20:00,101.7400,101.4683
NVDA,2025-04-17 10:21:00,101.4600,101.3050
NVDA,2025-04-17 10:22:00,101.3099,101.4850
NVDA,2025-04-17 10:23:00,101.4802,101.3299
NVDA,2025-04-17 10:24:00,101.3300,101.0117
NVDA,2025-04-17 10:25:00,101.0110,100.8500
NVDA,2025-04-17 10:26:00,100.8400,100.8300
NVDA,2025-04-17 10:27:00,100.8300,100.5990
NVDA,2025-04-17 10:28:00,100.6000,100.6955
NVDA,2025-04-17 10:29:00,100.7000,100.4950
NVDA,2025-04-17 10:30:00,100.4957,100.4505
NVDA,2025-04-17 10:31:00,100.4650,100.5699
NVDA,2025-04-17 10:32:00,100.5700,100.6100
NVDA,2025-04-17 10:33:00,100.6100,100.6250
NVDA,2025-04-17 10:34:00,100.6250,100.3403
NVDA,2025-04-17 10:35:00,100.3400,100.2550
NVDA,2025-04-17 10:36:00,100.2550,100.2399
NVDA,2025-04-17 10:37:00,100.2300,100.3200
NVDA,2025-04-17 10:38:00,100.3200,100.3500
NVDA,2025-04-17 10:39:00,100.3400,100.5525
NVDA,2025-04-17 10:40:00,100.5550,100.8250
NVDA,2025-04-17 10:41:00,100.8299,100.9730
NVDA,2025-04-17 10:42:00,100.9750,100.8600
NVDA,2025-04-17 10:43:00,100.8550,100.5400
NVDA,2025-04-17 10:44:00,100.5323,100.8650
NVDA,2025-04-17 10:45:00,100.8650,100.9750
NVDA,2025-04-17 10:46:00,100.9800,100.9297
NVDA,2025-04-17 10:47:00,100.9300,100.8985
NVDA,2025-04-17 10:48:00,100.8950,100.8900
NVDA,2025-04-17 10:49:00,100.8800,100.8900
NVDA,2025-04-17 10:50:00,100.9000,100.8750
NVDA,2025-04-17 10:51:00,100.8750,100.5302
NVDA,2025-04-17 10:52:00,100.5349,100.3499
NVDA,2025-04-17 10:53:00,100.3487,100.4500
NVDA,2025-04-17 10:54:00,100.4425,100.5200
NVDA,2025-04-17 10:55:00,100.5100,100.3350
NVDA,2025-04-17 10:56:00,100.3300,100.2764
NVDA,2025-04-17 10:57:00,100.2800,100.3300
NVDA,2025-04-17 10:58:00,100.3400,100.3200
NVDA,2025-04-17 10:59:00,100.3150,100.1400
NVDA,2025-04-17 11:00:00,100.1500,100.3550
NVDA,2025-04-17 11:01:00,100.3582,100.2200
NVDA,2025-04-17 11:02:00,100.2100,100.1650
NVDA,2025-04-17 11:03:00,100.1699,100.2200
NVDA,2025-04-17 11:04:00,100.2150,100.2684
NVDA,2025-04-17 11:05:00,100.2650,100.4350
NVDA,2025-04-17 11:06:00,100.4400,100.7950
NVDA,2025-04-17 11:07:00,100.7901,100.9650
NVDA,2025-04-17 11:08:00,100.9687,101.0450
NVDA,2025-04-17 11:09:00,101.0500,100.8701
NVDA,2025-04-17 11:10:00,100.8700,100.9850
NVDA,2025-04-17 11:11:00,100.9816,101.1505
NVDA,2025-04-17 11:12:00,101.1600,101.1362
NVDA,2025-04-17 11:13:00,101.1301,101.0300
NVDA,2025-04-17 11:14:00,101.0300,101.0299
NVDA,2025-04-17 11:15:00,101.0175,100.8650
NVDA,2025-04-17 11:16:00,100.8700,100.8853
NVDA,2025-04-17 11:17:00,100.8900,101.0701
NVDA,2025-04-17 11:18:00,101.0750,101.2899
NVDA,2025-04-17 11:19:00,101.2850,101.2700
NVDA,2025-04-17 11:20:00,101.2700,101.1199
NVDA,2025-04-17 11:21:00,101.1150,100.8801
NVDA,2025-04-17 11:22:00,100.8898,100.9050
NVDA,2025-04-17 11:23:00,100.9100,101.0450
NVDA,2025-04-17 11:24:00,101.0403,101.0450
NVDA,2025-04-17 11:25:00,101.0500,100.9500
NVDA,2025-04-17 11:26:00,100.9410,100.9750
NVDA,2025-04-17 11:27:00,100.9782,100.6150
NVDA,2025-04-17 11:28:00,100.6116,100.5713
NVDA,2025-04-17 11:29:00,100.5700,100.3982
NVDA,2025-04-17 11:30:00,100.3950,100.5400
NVDA,2025-04-17 11:31:00,100.5300,100.7300
NVDA,2025-04-17 11:32:00,100.7250,100.7600
NVDA,2025-04-17 11:33:00,100.7500,100.7300
NVDA,2025-04-17 11:34:00,100.7350,100.7001
NVDA,2025-04-17 11:35:00,100.7000,100.5850
NVDA,2025-04-17 11:36:00,100.5850,100.6400
NVDA,2025-04-17 11:37:00,100.6350,101.0150
NVDA,2025-04-17 11:38:00,101.0150,100.8050
NVDA,2025-04-17 11:39:00,100.8007,100.8650
NVDA,2025-04-17 11:40:00,100.8650,100.8350
NVDA,2025-04-17 11:41:00,100.8350,100.7050
NVDA,2025-04-17 11:42:00,100.7050,100.5250
NVDA,2025-04-17 11:43:00,100.5257,100.5621
NVDA,2025-04-17 11:44:00,100.5682,100.5650
NVDA,2025-04-17 11:45:00,100.5700,100.4850
NVDA,2025-04-17 11:46:00,100.4850,100.4289
NVDA,2025-04-17 11:47:00,100.4250,100.4899
NVDA,2025-04-17 11:48:00,100.4850,100.5850
NVDA,2025-04-17 11:49:00,100.5819,100.3150
NVDA,2025-04-17 11:50:00,100.3101,100.2650
NVDA,2025-04-17 11:51:00,100.2650,100.5200
NVDA,2025-04-17 11:52:00,100.5200,100.3950
NVDA,2025-04-17 11:53:00,100.3950,100.2586
NVDA,2025-04-17 11:54:00,100.2558,100.2450
NVDA,2025-04-17 11:55:00,100.2500,100.3600
NVDA,2025-04-17 11:56:00,100.3600,100.3501
NVDA,2025-04-17 11:57:00,100.3550,100.2750
NVDA,2025-04-17 11:58:00,100.2750,100.3291
NVDA,2025-04-17 11:59:00,100.3200,100.2717
NVDA,2025-04-17 12:00:00,100.2750,100.4150
NVDA,2025-04-17 12:01:00,100.4100,100.3950
NVDA,2025-04-17 12:02:00,100.3950,100.3950
NVDA,2025-04-17 12:03:00,100.3950,100.3550
NVDA,2025-04-17 12:04:00,100.3600,100.2113
NVDA,2025-04-17 12:05:00,100.2100,100.7500
NVDA,2025-04-17 12:06:00,100.7350,100.7900
NVDA,2025-04-17 12:07:00,100.7800,101.1000
NVDA,2025-04-17 12:08:00,101.1100,101.2250
NVDA,2025-04-17 12:09:00,101.2214,101.1000
NVDA,2025-04-17 12:10:00,101.1000,100.9710
NVDA,2025-04-17 12:11:00,100.9650,100.8400
NVDA,2025-04-17 12:12:00,100.8500,100.6099
NVDA,2025-04-17 12:13:00,100.6000,100.7150
NVDA,2025-04-17 12:14:00,100.7200,100.8600
NVDA,2025-04-17 12:15:00,100.8501,100.8601
NVDA,2025-04-17 12:16:00,100.8600,101.0070
NVDA,2025-04-17 12:17:00,101.0100,100.8700
NVDA,2025-04-17 12:18:00,100.8750,100.9300
NVDA,2025-04-17 12:19:00,100.9250,101.2199
NVDA,2025-04-17 12:20:00,101.2150,101.0600
NVDA,2025-04-17 12:21:00,101.0611,101.2101
NVDA,2025-04-17 12:22:00,101.2150,101.0663
NVDA,2025-04-17 12:23:00,101.0678,101.0450
NVDA,2025-04-17 12:24:00,101.0450,101.1250
NVDA,2025-04-17 12:25:00,101.1300,101.2250
NVDA,2025-04-17 12:26:00,101.2200,101.2150
NVDA,2025-04-17 12:27:00,101.2187,101.2100
NVDA,2025-04-17 12:28:00,101.2100,101.2700
NVDA,2025-04-17 12:29:00,101.2695,101.2350
NVDA,2025-04-17 12:30:00,101.2351,101.1351
NVDA,2025-04-17 12:31:00,101.1319,101.1388
NVDA,2025-04-17 12:32:00,101.1400,101.1196
NVDA,2025-04-17 12:33:00,101.1121,101.3600
NVDA,2025-04-17 12:34:00,101.3425,101.2650
NVDA,2025-04-17 12:35:00,101.2695,101.5299
NVDA,2025-04-17 12:36:00,101.5265,101.5150
NVDA,2025-04-17 12:37:00,101.5100,101.4450
NVDA,2025-04-17 12:38:00,101.4500,101.4699
NVDA,2025-04-17 12:39:00,101.4700,101.3547
NVDA,2025-04-17 12:40:00,101.3525,101.3700
NVDA,2025-04-17 12:41:00,101.3650,101.3012
NVDA,2025-04-17 12:42:00,101.3050,101.1687
NVDA,2025-04-17 12:43:00,101.1682,100.9800
NVDA,2025-04-17 12:44:00,100.9750,100.8570
NVDA,2025-04-17 12:45:00,100.8570,100.8300
NVDA,2025-04-17 12:46:00,100.8350,101.1750
NVDA,2025-04-17 12:47:00,101.1900,101.2150
NVDA,2025-04-17 12:48:00,101.2150,101.0550
NVDA,2025-04-17 12:49:00,101.0599,101.2801
NVDA,2025-04-17 12:50:00,101.2850,101.4301
NVDA,2025-04-17 12:51:00,101.4370,101.3350
NVDA,2025-04-17 12:52:00,101.3335,101.4100
NVDA,2025-04-17 12:53:00,101.4117,101.5350
NVDA,2025-04-17 12:54:00,101.5350,101.4864
NVDA,2025-04-17 12:55:00,101.4886,101.5390
NVDA,2025-04-17 12:56:00,101.5400,101.6000
NVDA,2025-04-17 12:57:00,101.5951,101.5299
NVDA,2025-04-17 12:58:00,101.5205,101.6899
NVDA,2025-04-17 12:59:00,101.6900,101.5515
NVDA,2025-04-17 13:00:00,101.5500,101.6850
NVDA,2025-04-17 13:01:00,101.6886,101.6650
NVDA,2025-04-17 13:02:00,101.6601,101.6400
NVDA,2025-04-17 13:03:00,101.6400,101.6400
NVDA,2025-04-17 13:04:00,101.6400,101.6653
NVDA,2025-04-17 13:05:00,101.6700,101.7186
NVDA,2025-04-17 13:06:00,101.7150,101.5350
NVDA,2025-04-17 13:07:00,101.5400,101.5700
NVDA,2025-04-17 13:08:00,101.5700,101.5500
NVDA,2025-04-17 13:09:00,101.5450,101.5000
NVDA,2025-04-17 13:10:00,101.5050,101.4650
NVDA,2025-04-17 13:11:00,101.4610,101.3500
NVDA,2025-04-17 13:12:00,101.3499,101.3663
NVDA,2025-04-17 13:13:00,101.3650,101.4472
NVDA,2025-04-17 13:14:00,101.4400,101.4301
NVDA,2025-04-17 13:15:00,101.4350,101.5600
NVDA,2025-04-17 13:16:00,101.5551,101.3304
NVDA,2025-04-17 13:17:00,101.3350,101.3216
NVDA,2025-04-17 13:18:00,101.3300,101.1800
NVDA,2025-04-17 13:19:00,101.1769,101.2200
NVDA,2025-04-17 13:20:00,101.2050,101.1095
NVDA,2025-04-17 13:21:00,101.1099,101.1650
NVDA,2025-04-17 13:22:00,101.1649,101.0650
NVDA,2025-04-17 13:23:00,101.0600,101.0150
NVDA,2025-04-17 13:24:00,101.0100,101.0099
NVDA,2025-04-17 13:25:00,101.0050,100.9950
NVDA,2025-04-17 13:26:00,100.9983,100.8675
NVDA,2025-04-17 13:27:00,100.8750,100.8550
NVDA,2025-04-17 13:28:00,100.8550,100.9300
NVDA,2025-04-17 13:29:00,100.9200,100.8312
NVDA,2025-04-17 13:30:00,100.8400,100.8500
NVDA,2025-04-17 13:31:00,100.8600,101.0600
NVDA,2025-04-17 13:32:00,101.0686,101.0700
NVDA,2025-04-17 13:33:00,101.0710,101.1300
NVDA,2025-04-17 13:34:00,101.1300,101.1009
NVDA,2025-04-17 13:35:00,101.1050,101.1100
NVDA,2025-04-17 13:36:00,101.1001,101.1700
NVDA,2025-04-17 13:37:00,101.1721,101.1500
NVDA,2025-04-17 13:38:00,101.1500,101.1750
NVDA,2025-04-17 13:39:00,101.1800,101.2150
NVDA,2025-04-17 13:40:00,101.2100,101.0588
NVDA,2025-04-17 13:41:00,101.0592,100.9210
NVDA,2025-04-17 13:42:00,100.9299,100.8060
NVDA,2025-04-17 13:43:00,100.8001,100.9807
NVDA,2025-04-17 13:44:00,100.9814,101.0078
NVDA,2025-04-17 13:45:00,101.0000,101.1125
NVDA,2025-04-17 13:46:00,101.1386,101.2450
NVDA,2025-04-17 13:47:00,101.2499,101.3450
NVDA,2025-04-17 13:48:00,101.3499,101.3700
NVDA,2025-04-17 13:49:00,101.3650,101.2100
NVDA,2025-04-17 13:50:00,101.1901,101.2850
NVDA,2025-04-17 13:51:00,101.2900,101.3399
NVDA,2025-04-17 13:52:00,101.3350,101.4100
NVDA,2025-04-17 13:53:00,101.4100,101.4701
NVDA,2025-04-17 13:54:00,101.4750,101.4200
NVDA,2025-04-17 13:55:00,101.4100,101.6593
NVDA,2025-04-17 13:56:00,101.6564,101.5649
NVDA,2025-04-17 13:57:00,101.5650,101.5500
NVDA,2025-04-17 13:58:00,101.5484,101.5500
NVDA,2025-04-17 13:59:00,101.5400,101.4850
NVDA,2025-04-17 14:00:00,101.4850,101.5150
NVDA,2025-04-17 14:01:00,101.5100,101.5550
NVDA,2025-04-17 14:02:00,101.5550,101.5400
NVDA,2025-04-17 14:03:00,101.5400,101.5250
NVDA,2025-04-17 14:04:00,101.5201,101.7003
NVDA,2025-04-17 14:05:00,101.7083,101.8001
NVDA,2025-04-17 14:06:00,101.8050,101.7288
NVDA,2025-04-17 14:07:00,101.7300,101.8050
NVDA,2025-04-17 14:08:00,101.8085,101.9763
NVDA,2025-04-17 14:09:00,101.9800,101.9000
NVDA,2025-04-17 14:10:00,101.8900,101.9100
NVDA,2025-04-17 14:11:00,101.9250,101.9399
NVDA,2025-04-17 14:12:00,101.9400,101.7750
NVDA,2025-04-17 14:13:00,101.7750,101.8078
NVDA,2025-04-17 14:14:00,101.8050,101.7299
NVDA,2025-04-17 14:15:00,101.7300,101.8000
NVDA,2025-04-17 14:16:00,101.8000,101.7300
NVDA,2025-04-17 14:17:00,101.7350,101.9803
NVDA,2025-04-17 14:18:00,101.9882,101.9000
NVDA,2025-04-17 14:19:00,101.8982,102.0500
NVDA,2025-04-17 14:20:00,102.0450,102.2600
NVDA,2025-04-17 14:21:00,102.2550,102.2510
NVDA,2025-04-17 14:22:00,102.2550,102.2250
NVDA,2025-04-17 14:23:00,102.2300,102.3050
NVDA,2025-04-17 14:24:00,102.3100,102.2900
NVDA,2025-04-17 14:25:00,102.2900,102.3200
NVDA,2025-04-17 14:26:00,102.3210,102.1551
NVDA,2025-04-17 14:27:00,102.1500,102.1600
NVDA,2025-04-17 14:28:00,102.1500,102.2350
NVDA,2025-04-17 14:29:00,102.2400,102.1563
NVDA,2025-04-17 14:30:00,102.1600,102.3250
NVDA,2025-04-17 14:31:00,102.3219,102.4600
NVDA,2025-04-17 14:32:00,102.4650,102.3850
NVDA,2025-04-17 14:33:00,102.3900,102.3750
NVDA,2025-04-17 14:34:00,102.3799,102.2887
NVDA,2025-04-17 14:35:00,102.2850,102.3750
NVDA,2025-04-17 14:36:00,102.3750,102.1901
NVDA,2025-04-17 14:37:00,102.1950,102.2346
NVDA,2025-04-17 14:38:00,102.2400,102.2250
NVDA,2025-04-17 14:39:00,102.2300,102.2601
NVDA,2025-04-17 14:40:00,102.2700,102.1300
NVDA,2025-04-17 14:41:00,102.1301,102.0899
NVDA,2025-04-17 14:42:00,102.0800,102.0400
NVDA,2025-04-17 14:43:00,102.0400,102.0800
NVDA,2025-04-17 14:44:00,102.0810,102.1979
NVDA,2025-04-17 14:45:00,102.2000,102.2492
NVDA,2025-04-17 14:46:00,102.2450,102.1357
NVDA,2025-04-17 14:47:00,102.1300,101.9599
NVDA,2025-04-17 14:48:00,101.9550,101.9750
NVDA,2025-04-17 14:49:00,101.9601,101.8213
NVDA,2025-04-17 14:50:00,101.8200,101.6850
NVDA,2025-04-17 14:51:00,101.6800,101.7799
NVDA,2025-04-17 14:52:00,101.7700,101.9500
NVDA,2025-04-17 14:53:00,101.9500,102.0200
NVDA,2025-04-17 14:54:00,102.0200,101.8047
NVDA,2025-04-17 14:55:00,101.8015,101.7850
NVDA,2025-04-17 14:56:00,101.7700,101.7200
NVDA,2025-04-17 14:57:00,101.7100,101.6682
NVDA,2025-04-17 14:58:00,101.6650,101.5950
NVDA,2025-04-17 14:59:00,101.6000,101.4210
NVDA,2025-04-17 15:00:00,101.4250,101.4950
NVDA,2025-04-17 15:01:00,101.4950,101.3300
NVDA,2025-04-17 15:02:00,101.3310,101.3910
NVDA,2025-04-17 15:03:00,101.4149,101.4650
NVDA,2025-04-17 15:04:00,101.4700,101.5500
NVDA,2025-04-17 15:05:00,101.5400,101.5800
NVDA,2025-04-17 15:06:00,101.5700,101.7201
NVDA,2025-04-17 15:07:00,101.7250,101.7250
NVDA,2025-04-17 15:08:00,101.7250,101.5850
NVDA,2025-04-17 15:09:00,101.5800,101.5900
NVDA,2025-04-17 15:10:00,101.5950,101.4598
NVDA,2025-04-17 15:11:00,101.4550,101.4398
NVDA,2025-04-17 15:12:00,101.4317,101.3663
NVDA,2025-04-17 15:13:00,101.3700,101.3350
NVDA,2025-04-17 15:14:00,101.3303,101.2150
NVDA,2025-04-17 15:15:00,101.2100,101.3100
NVDA,2025-04-17 15:16:00,101.3099,101.2513
NVDA,2025-04-17 15:17:00,101.2550,101.2300
NVDA,2025-04-17 15:18:00,101.2250,101.1900
NVDA,2025-04-17 15:19:00,101.2000,101.2549
NVDA,2025-04-17 15:20:00,101.2500,101.2196
NVDA,2025-04-17 15:21:00,101.2150,101.0715
NVDA,2025-04-17 15:22:00,101.0700,101.2800
NVDA,2025-04-17 15:23:00,101.2889,101.5150
NVDA,2025-04-17 15:24:00,101.5200,101.4587
NVDA,2025-04-17 15:25:00,101.4550,101.3400
NVDA,2025-04-17 15:26:00,101.3400,101.4800
NVDA,2025-04-17 15:27:00,101.4750,101.4210
NVDA,2025-04-17 15:28:00,101.4250,101.3500
NVDA,2025-04-17 15:29:00,101.3500,101.2150
NVDA,2025-04-17 15:30:00,101.2100,101.4801
NVDA,2025-04-17 15:31:00,101.4850,101.5750
NVDA,2025-04-17 15:32:00,101.5710,101.5050
NVDA,2025-04-17 15:33:00,101.5050,101.4986
NVDA,2025-04-17 15:34:00,101.4950,101.4400
NVDA,2025-04-17 15:35:00,101.4498,101.5150
NVDA,2025-04-17 15:36:00,101.5200,101.6550
NVDA,2025-04-17 15:37:00,101.6550,101.5750
NVDA,2025-04-17 15:38:00,101.5750,101.5400
NVDA,2025-04-17 15:39:00,101.5350,101.4650
NVDA,2025-04-17 15:40:00,101.4650,101.3250
NVDA,2025-04-17 15:41:00,101.3300,101.3793
NVDA,2025-04-17 15:42:00,101.3750,101.5089
NVDA,2025-04-17 15:43:00,101.5100,101.3050
NVDA,2025-04-17 15:44:00,101.2950,101.3100
NVDA,2025-04-17 15:45:00,101.3186,101.2500
NVDA,2025-04-17 15:46:00,101.2450,101.0650
NVDA,2025-04-17 15:47:00,101.0600,101.0219
NVDA,2025-04-17 15:48:00,101.0300,100.9250
NVDA,2025-04-17 15:49:00,100.9200,100.9800
NVDA,2025-04-17 15:50:00,100.9800,100.9898
NVDA,2025-04-17 15:51:00,100.9900,100.9500
NVDA,2025-04-17 15:52:00,100.9600,101.0700
NVDA,2025-04-17 15:53:00,101.0650,100.9701
NVDA,2025-04-17 15:54:00,100.9800,101.2300
NVDA,2025-04-17 15:55:00,101.2250,101.3550
NVDA,2025-04-17 15:56:00,101.3550,101.3099
NVDA,2025-04-17 15:57:00,101.3050,101.2650
NVDA,2025-04-17 15:58:00,101.2693,101.3500
NVDA,2025-04-17 15:59:00,101.3450,101.4200
NVDA,2025-04-21 09:30:00,98.7700,99.2722
NVDA,2025-04-21 09:31:00,99.2800,98.9600
NVDA,2025-04-21 09:32:00,98.9450,99.2500
NVDA,2025-04-21 09:33:00,99.2401,99.0800
NVDA,2025-04-21 09:34:00,99.0900,99.0359
NVDA,2025-04-21 09:35:00,99.0350,98.3432
NVDA,2025-04-21 09:36:00,98.3600,97.7850
NVDA,2025-04-21 09:37:00,97.7710,97.9589
NVDA,2025-04-21 09:38:00,97.9750,97.9788
NVDA,2025-04-21 09:39:00,97.9790,98.1500
NVDA,2025-04-21 09:40:00,98.1334,98.1450
NVDA,2025-04-21 09:41:00,98.1417,98.2200
NVDA,2025-04-21 09:42:00,98.2150,97.9798
NVDA,2025-04-21 09:43:00,97.9800,98.0000
NVDA,2025-04-21 09:44:00,98.0000,97.8500
NVDA,2025-04-21 09:45:00,97.8579,97.9250
NVDA,2025-04-21 09:46:00,97.9300,97.6300
NVDA,2025-04-21 09:47:00,97.6250,97.4756
NVDA,2025-04-21 09:48:00,97.4800,97.9100
NVDA,2025-04-21 09:49:00,97.9200,98.0500
NVDA,2025-04-21 09:50:00,98.0456,97.8300
NVDA,2025-04-21 09:51:00,97.8500,97.7000
NVDA,2025-04-21 09:52:00,97.6966,97.4480
NVDA,2025-04-21 09:53:00,97.4400,97.5150
NVDA,2025-04-21 09:54:00,97.5150,97.3700
NVDA,2025-04-21 09:55:00,97.3600,97.2750
NVDA,2025-04-21 09:56:00,97.2750,97.0450
NVDA,2025-04-21 09:57:00,97.0500,96.9050
NVDA,2025-04-21 09:58:00,96.9050,96.9290
NVDA,2025-04-21 09:59:00,96.9300,96.8400
NVDA,2025-04-21 10:00:00,96.8400,96.6750
NVDA,2025-04-21 10:01:00,96.6799,96.7300
NVDA,2025-04-21 10:02:00,96.7250,96.6071
NVDA,2025-04-21 10:03:00,96.6100,96.4550
NVDA,2025-04-21 10:04:00,96.4547,96.7250
NVDA,2025-04-21 10:05:00,96.7250,96.7400
NVDA,2025-04-21 10:06:00,96.7300,96.5735
NVDA,2025-04-21 10:07:00,96.5705,96.4901
NVDA,2025-04-21 10:08:00,96.4900,96.4853
NVDA,2025-04-21 10:09:00,96.4900,96.4407
NVDA,2025-04-21 10:10:00,96.4400,96.4490
NVDA,2025-04-21 10:11:00,96.4400,96.3700
NVDA,2025-04-21 10:12:00,96.3600,96.4150
NVDA,2025-04-21 10:13:00,96.4150,96.3300
NVDA,2025-04-21 10:14:00,96.3247,96.2101
NVDA,2025-04-21 10:15:00,96.2000,96.2450
NVDA,2025-04-21 10:16:00,96.2300,95.8948
NVDA,2025-04-21 10:17:00,95.8850,96.1100
NVDA,2025-04-21 10:18:00,96.1000,95.8809
NVDA,2025-04-21 10:19:00,95.8800,95.9950
NVDA,2025-04-21 10:20:00,95.9909,96.0800
NVDA,2025-04-21 10:21:00,96.0800,96.0800
NVDA,2025-04-21 10:22:00,96.1000,95.9500
NVDA,2025-04-21 10:23:00,95.9550,95.9100
NVDA,2025-04-21 10:24:00,95.9053,95.9850
NVDA,2025-04-21 10:25:00,95.9800,96.1400
NVDA,2025-04-21 10:26:00,96.1450,96.0598
NVDA,2025-04-21 10:27:00,96.0550,95.7300
NVDA,2025-04-21 10:28:00,95.7300,95.7800
NVDA,2025-04-21 10:29:00,95.7784,95.8350
NVDA,2025-04-21 10:30:00,95.8350,95.9900
NVDA,2025-04-21 10:31:00,95.9950,95.8584
NVDA,2025-04-21 10:32:00,95.8500,95.6900
NVDA,2025-04-21 10:33:00,95.6839,95.7800
NVDA,2025-04-21 10:34:00,95.7750,95.9500
NVDA,2025-04-21 10:35:00,95.9550,96.2800
NVDA,2025-04-21 10:36:00,96.2800,96.3450
NVDA,2025-04-21 10:37:00,96.3450,96.3100
NVDA,2025-04-21 10:38:00,96.3100,96.2280
NVDA,2025-04-21 10:39:00,96.2400,96.3800
NVDA,2025-04-21 10:40:00,96.3800,96.4390
NVDA,2025-04-21 10:41:00,96.4401,96.4050
NVDA,2025-04-21 10:42:00,96.4000,96.3250
NVDA,2025-04-21 10:43:00,96.3400,96.2000
NVDA,2025-04-21 10:44:00,96.2050,96.1147
NVDA,2025-04-21 10:45:00,96.1144,96.2813
NVDA,2025-04-21 10:46:00,96.2900,96.0301
NVDA,2025-04-21 10:47:00,96.0350,96.0150
NVDA,2025-04-21 10:48:00,96.0200,95.9500
NVDA,2025-04-21 10:49:00,95.9550,95.9800
NVDA,2025-04-21 10:50:00,95.9750,95.9650
NVDA,2025-04-21 10:51:00,95.9580,95.9301
NVDA,2025-04-21 10:52:00,95.9400,95.8325
NVDA,2025-04-21 10:53:00,95.8300,96.0056
NVDA,2025-04-21 10:54:00,96.0100,96.1099
NVDA,2025-04-21 10:55:00,96.1000,96.1500
NVDA,2025-04-21 10:56:00,96.1400,96.1557
NVDA,2025-04-21 10:57:00,96.1550,96.1650
NVDA,2025-04-21 10:58:00,96.1652,96.3850
NVDA,2025-04-21 10:59:00,96.3850,96.3650
NVDA,2025-04-21 11:00:00,96.3650,96.4154
NVDA,2025-04-21 11:01:00,96.4100,96.1250
NVDA,2025-04-21 11:02:00,96.1050,96.0350
NVDA,2025-04-21 11:03:00,96.0400,96.0450
NVDA,2025-04-21 11:04:00,96.0400,96.1201
NVDA,2025-04-21 11:05:00,96.1300,96.2100
NVDA,2025-04-21 11:06:00,96.2100,96.2699
NVDA,2025-04-21 11:07:00,96.2700,96.1600
NVDA,2025-04-21 11:08:00,96.1600,96.1550
NVDA,2025-04-21 11:09:00,96.1600,96.3535
NVDA,2025-04-21 11:10:00,96.3600,96.3200
NVDA,2025-04-21 11:11:00,96.3150,96.5100
NVDA,2025-04-21 11:12:00,96.5099,96.5250
NVDA,2025-04-21 11:13:00,96.5209,96.4284
NVDA,2025-04-21 11:14:00,96.4200,96.1700
NVDA,2025-04-21 11:15:00,96.1750,96.1600
NVDA,2025-04-21 11:16:00,96.1650,96.1480
NVDA,2025-04-21 11:17:00,96.1400,96.2050
NVDA,2025-04-21 11:18:00,96.2100,96.3199
NVDA,2025-04-21 11:19:00,96.3100,96.3500
NVDA,2025-04-21 11:20:00,96.3450,96.2300
NVDA,2025-04-21 11:21:00,96.2300,96.0950
NVDA,2025-04-21 11:22:00,96.0950,96.0800
NVDA,2025-04-21 11:23:00,96.0809,96.1889
NVDA,2025-04-21 11:24:00,96.1835,96.1050
NVDA,2025-04-21 11:25:00,96.1050,96.0450
NVDA,2025-04-21 11:26:00,96.0482,95.9700
NVDA,2025-04-21 11:27:00,95.9601,96.0093
NVDA,2025-04-21 11:28:00,96.0100,95.8150
NVDA,2025-04-21 11:29:00,95.8150,95.8900
NVDA,2025-04-21 11:30:00,95.8900,95.9850
NVDA,2025-04-21 11:31:00,95.9850,95.8800
NVDA,2025-04-21 11:32:00,95.8800,95.9300
NVDA,2025-04-21 11:33:00,95.9250,95.9299
NVDA,2025-04-21 11:34:00,95.9250,95.7685
NVDA,2025-04-21 11:35:00,95.7601,95.8100
NVDA,2025-04-21 11:36:00,95.8000,95.8950
NVDA,2025-04-21 11:37:00,95.9000,95.9283
NVDA,2025-04-21 11:38:00,95.9286,95.8550
NVDA,2025-04-21 11:39:00,95.8511,95.9450
NVDA,2025-04-21 11:40:00,95.9447,95.9650
NVDA,2025-04-21 11:41:00,95.9700,95.9700
NVDA,2025-04-21 11:42:00,95.9700,95.9900
NVDA,2025-04-21 11:43:00,95.9850,95.9450
NVDA,2025-04-21 11:44:00,95.9400,95.8250
NVDA,2025-04-21 11:45:00,95.8250,95.8000
NVDA,2025-04-21 11:46:00,95.8001,95.7850
NVDA,2025-04-21 11:47:00,95.7900,95.8400
NVDA,2025-04-21 11:48:00,95.8400,95.7836
NVDA,2025-04-21 11:49:00,95.7850,95.9501
NVDA,2025-04-21 11:50:00,95.9526,95.9150
NVDA,2025-04-21 11:51:00,95.9150,95.8300
NVDA,2025-04-21 11:52:00,95.8299,95.9344
NVDA,2025-04-21 11:53:00,95.9400,95.8950
NVDA,2025-04-21 11:54:00,95.9000,95.8750
NVDA,2025-04-21 11:55:00,95.8701,95.9200
NVDA,2025-04-21 11:56:00,95.9200,95.9150
NVDA,2025-04-21 11:57:00,95.9150,96.0146
NVDA,2025-04-21 11:58:00,96.0200,95.9556
NVDA,2025-04-21 11:59:00,95.9500,95.8374
NVDA,2025-04-21 12:00:00,95.8300,96.0850
NVDA,2025-04-21 12:01:00,96.0850,96.1700
NVDA,2025-04-21 12:02:00,96.1600,96.0701
NVDA,2025-04-21 12:03:00,96.0600,96.1301
NVDA,2025-04-21 12:04:00,96.1300,96.1750
NVDA,2025-04-21 12:05:00,96.1600,96.1701
NVDA,2025-04-21 12:06:00,96.1700,96.1350
NVDA,2025-04-21 12:07:00,96.1300,96.1050
NVDA,2025-04-21 12:08:00,96.1000,96.1500
NVDA,2025-04-21 12:09:00,96.1450,96.2044
NVDA,2025-04-21 12:10:00,96.2050,96.2637
NVDA,2025-04-21 12:11:00,96.2601,96.2700
NVDA,2025-04-21 12:12:00,96.2600,96.1923
NVDA,2025-04-21 12:13:00,96.1907,96.2056
NVDA,2025-04-21 12:14:00,96.2001,96.1700
NVDA,2025-04-21 12:15:00,96.1750,96.1850
NVDA,2025-04-21 12:16:00,96.1800,96.0601
NVDA,2025-04-21 12:17:00,96.0600,96.1000
NVDA,2025-04-21 12:18:00,96.1000,95.9350
NVDA,2025-04-21 12:19:00,95.9400,95.9700
NVDA,2025-04-21 12:20:00,95.9774,96.1400
NVDA,2025-04-21 12:21:00,96.1350,95.9850
NVDA,2025-04-21 12:22:00,95.9950,95.9597
NVDA,2025-04-21 12:23:00,95.9599,95.9950
NVDA,2025-04-21 12:24:00,96.0000,96.0200
NVDA,2025-04-21 12:25:00,96.0150,95.9750
NVDA,2025-04-21 12:26:00,95.9800,95.9356
NVDA,2025-04-21 12:27:00,95.9300,95.9355
NVDA,2025-04-21 12:28:00,95.9400,95.8650
NVDA,2025-04-21 12:29:00,95.8700,95.8000
NVDA,2025-04-21 12:30:00,95.8000,95.9400
NVDA,2025-04-21 12:31:00,95.9350,95.9100
NVDA,2025-04-21 12:32:00,95.9100,96.0599
NVDA,2025-04-21 12:33:00,96.0700,95.9950
NVDA,2025-04-21 12:34:00,95.9950,95.9450
NVDA,2025-04-21 12:35:00,95.9450,95.9800
NVDA,2025-04-21 12:36:00,95.9760,96.0750
NVDA,2025-04-21 12:37:00,96.0783,96.0650
NVDA,2025-04-21 12:38:00,96.0700,96.0589
NVDA,2025-04-21 12:39:00,96.0585,96.1450
NVDA,2025-04-21 12:40:00,96.1450,96.2200
NVDA,2025-04-21 12:41:00,96.2188,96.2600
NVDA,2025-04-21 12:42:00,96.2600,96.3086
NVDA,2025-04-21 12:43:00,96.3050,96.3800
NVDA,2025-04-21 12:44:00,96.3750,96.3250
NVDA,2025-04-21 12:45:00,96.3250,96.3750
NVDA,2025-04-21 12:46:00,96.3750,96.1950
NVDA,2025-04-21 12:47:00,96.1901,96.0742
NVDA,2025-04-21 12:48:00,96.0750,96.0789
NVDA,2025-04-21 12:49:00,96.0800,96.0582
NVDA,2025-04-21 12:50:00,96.0519,95.9550
NVDA,2025-04-21 12:51:00,95.9548,95.8520
NVDA,2025-04-21 12:52:00,95.8600,95.8900
NVDA,2025-04-21 12:53:00,95.8997,95.8850
NVDA,2025-04-21 12:54:00,95.8950,95.9185
NVDA,2025-04-21 12:55:00,95.9150,95.8600
NVDA,2025-04-21 12:56:00,95.8600,95.8453
NVDA,2025-04-21 12:57:00,95.8450,95.8300
NVDA,2025-04-21 12:58:00,95.8200,95.7050
NVDA,2025-04-21 12:59:00,95.7100,95.7119
NVDA,2025-04-21 13:00:00,95.7150,95.7882
NVDA,2025-04-21 13:01:00,95.7850,95.7500
NVDA,2025-04-21 13:02:00,95.7500,95.6799
NVDA,2025-04-21 13:03:00,95.6750,95.4200
NVDA,2025-04-21 13:04:00,95.4117,95.4654
NVDA,2025-04-21 13:05:00,95.4400,95.3682
NVDA,2025-04-21 13:06:00,95.3600,95.3000
NVDA,2025-04-21 13:07:00,95.3000,95.3050
NVDA,2025-04-21 13:08:00,95.3000,95.2450
NVDA,2025-04-21 13:09:00,95.2450,95.1750
NVDA,2025-04-21 13:10:00,95.1800,95.2393
NVDA,2025-04-21 13:11:00,95.2400,95.3684
NVDA,2025-04-21 13:12:00,95.3650,95.4000
NVDA,2025-04-21 13:13:00,95.3977,95.3899
NVDA,2025-04-21 13:14:00,95.3889,95.3700
NVDA,2025-04-21 13:15:00,95.3700,95.3600
NVDA,2025-04-21 13:16:00,95.3519,95.3450
NVDA,2025-04-21 13:17:00,95.3500,95.3900
NVDA,2025-04-21 13:18:00,95.3926,95.3550
NVDA,2025-04-21 13:19:00,95.3548,95.4100
NVDA,2025-04-21 13:20:00,95.4100,95.4488
NVDA,2025-04-21 13:21:00,95.4458,95.4100
NVDA,2025-04-21 13:22:00,95.4000,95.4800
NVDA,2025-04-21 13:23:00,95.4884,95.5250
NVDA,2025-04-21 13:24:00,95.5250,95.3650
NVDA,2025-04-21 13:25:00,95.3600,95.2070
NVDA,2025-04-21 13:26:00,95.2040,95.2950
NVDA,2025-04-21 13:27:00,95.2995,95.4092
NVDA,2025-04-21 13:28:00,95.4150,95.4101
NVDA,2025-04-21 13:29:00,95.4100,95.3686
NVDA,2025-04-21 13:30:00,95.3600,95.4535
NVDA,2025-04-21 13:31:00,95.4500,95.5300
NVDA,2025-04-21 13:32:00,95.5200,95.5382
NVDA,2025-04-21 13:33:00,95.5300,95.3600
NVDA,2025-04-21 13:34:00,95.3600,95.3500
NVDA,2025-04-21 13:35:00,95.3577,95.3400
NVDA,2025-04-21 13:36:00,95.3400,95.3500
NVDA,2025-04-21 13:37:00,95.3500,95.2448
NVDA,2025-04-21 13:38:00,95.2450,95.2000
NVDA,2025-04-21 13:39:00,95.2057,95.0942
NVDA,2025-04-21 13:40:00,95.1071,95.1688
NVDA,2025-04-21 13:41:00,95.1700,95.2200
NVDA,2025-04-21 13:42:00,95.2200,95.1100
NVDA,2025-04-21 13:43:00,95.1182,95.1099
NVDA,2025-04-21 13:44:00,95.1100,95.1772
NVDA,2025-04-21 13:45:00,95.1700,95.2350
NVDA,2025-04-21 13:46:00,95.2301,95.1662
NVDA,2025-04-21 13:47:00,95.1650,95.1688
NVDA,2025-04-21 13:48:00,95.1700,95.1478
NVDA,2025-04-21 13:49:00,95.1401,95.0800
NVDA,2025-04-21 13:50:00,95.0900,95.2299
NVDA,2025-04-21 13:51:00,95.2250,95.1682
NVDA,2025-04-21 13:52:00,95.1647,95.1900
NVDA,2025-04-21 13:53:00,95.1882,95.2484
NVDA,2025-04-21 13:54:00,95.2450,95.2000
NVDA,2025-04-21 13:55:00,95.1950,95.1900
NVDA,2025-04-21 13:56:00,95.1901,95.1250
NVDA,2025-04-21 13:57:00,95.1300,95.1548
NVDA,2025-04-21 13:58:00,95.1600,95.1100
NVDA,2025-04-21 13:59:00,95.1100,95.1650
NVDA,2025-04-21 14:00:00,95.1700,95.1301
NVDA,2025-04-21 14:01:00,95.1300,95.1150
NVDA,2025-04-21 14:02:00,95.1150,95.1747
NVDA,2025-04-21 14:03:00,95.1750,95.2500
NVDA,2025-04-21 14:04:00,95.2400,95.2300
NVDA,2025-04-21 14:05:00,95.2250,95.1850
NVDA,2025-04-21 14:06:00,95.1900,95.3450
NVDA,2025-04-21 14:07:00,95.3489,95.3300
NVDA,2025-04-21 14:08:00,95.3250,95.4397
NVDA,2025-04-21 14:09:00,95.4300,95.4383
NVDA,2025-04-21 14:10:00,95.4300,95.3500
NVDA,2025-04-21 14:11:00,95.3550,95.4900
NVDA,2025-04-21 14:12:00,95.4848,95.4600
NVDA,2025-04-21 14:13:00,95.4650,95.5550
NVDA,2025-04-21 14:14:00,95.5550,95.5350
NVDA,2025-04-21 14:15:00,95.5350,95.5185
NVDA,2025-04-21 14:16:00,95.5200,95.6000
NVDA,2025-04-21 14:17:00,95.6000,95.6200
NVDA,2025-04-21 14:18:00,95.6250,95.6650
NVDA,2025-04-21 14:19:00,95.6600,95.5484
NVDA,2025-04-21 14:20:00,95.5450,95.4500
NVDA,2025-04-21 14:21:00,95.4450,95.4675
NVDA,2025-04-21 14:22:00,95.4610,95.4200
NVDA,2025-04-21 14:23:00,95.4150,95.3850
NVDA,2025-04-21 14:24:00,95.3899,95.3448
NVDA,2025-04-21 14:25:00,95.3400,95.3450
NVDA,2025-04-21 14:26:00,95.3494,95.4350
NVDA,2025-04-21 14:27:00,95.4400,95.5186
NVDA,2025-04-21 14:28:00,95.5200,95.5400
NVDA,2025-04-21 14:29:00,95.5400,95.5900
NVDA,2025-04-21 14:30:00,95.5900,95.6950
NVDA,2025-04-21 14:31:00,95.7000,95.7252
NVDA,2025-04-21 14:32:00,95.7250,95.6450
NVDA,2025-04-21 14:33:00,95.6400,95.7400
NVDA,2025-04-21 14:34:00,95.7447,95.6599
NVDA,2025-04-21 14:35:00,95.6550,95.7700
NVDA,2025-04-21 14:36:00,95.7700,95.6500
NVDA,2025-04-21 14:37:00,95.6486,95.6316
NVDA,2025-04-21 14:38:00,95.6352,95.6500
NVDA,2025-04-21 14:39:00,95.6450,95.6200
NVDA,2025-04-21 14:40:00,95.6150,95.5150
NVDA,2025-04-21 14:41:00,95.5200,95.4450
NVDA,2025-04-21 14:42:00,95.4400,95.3450
NVDA,2025-04-21 14:43:00,95.3400,95.3400
NVDA,2025-04-21 14:44:00,95.3400,95.4200
NVDA,2025-04-21 14:45:00,95.4150,95.4400
NVDA,2025-04-21 14:46:00,95.4499,95.3450
NVDA,2025-04-21 14:47:00,95.3405,95.2250
NVDA,2025-04-21 14:48:00,95.2280,95.2348
NVDA,2025-04-21 14:49:00,95.2388,95.2882
NVDA,2025-04-21 14:50:00,95.2817,95.2100
NVDA,2025-04-21 14:51:00,95.2099,95.2750
NVDA,2025-04-21 14:52:00,95.2700,95.2100
NVDA,2025-04-21 14:53:00,95.2100,95.1950
NVDA,2025-04-21 14:54:00,95.1950,95.2350
NVDA,2025-04-21 14:55:00,95.2350,95.2255
NVDA,2025-04-21 14:56:00,95.2201,95.2534
NVDA,2025-04-21 14:57:00,95.2550,95.3347
NVDA,2025-04-21 14:58:00,95.3399,95.3331
NVDA,2025-04-21 14:59:00,95.3391,95.2950
NVDA,2025-04-21 15:00:00,95.2950,95.4875
NVDA,2025-04-21 15:01:00,95.4500,95.5300
NVDA,2025-04-21 15:02:00,95.5363,95.5750
NVDA,2025-04-21 15:03:00,95.5800,95.6256
NVDA,2025-04-21 15:04:00,95.6200,95.6404
NVDA,2025-04-21 15:05:00,95.6400,95.6850
NVDA,2025-04-21 15:06:00,95.6800,95.7650
NVDA,2025-04-21 15:07:00,95.7611,95.6744
NVDA,2025-04-21 15:08:00,95.6750,95.7201
NVDA,2025-04-21 15:09:00,95.7201,95.6250
NVDA,2025-04-21 15:10:00,95.6250,95.6750
NVDA,2025-04-21 15:11:00,95.6700,95.6400
NVDA,2025-04-21 15:12:00,95.6400,95.6250
NVDA,2025-04-21 15:13:00,95.6300,95.5982
NVDA,2025-04-21 15:14:00,95.6000,95.5150
NVDA,2025-04-21 15:15:00,95.5150,95.6150
NVDA,2025-04-21 15:16:00,95.6145,95.5150
NVDA,2025-04-21 15:17:00,95.5182,95.5950
NVDA,2025-04-21 15:18:00,95.5950,95.6750
NVDA,2025-04-21 15:19:00,95.6750,95.6702
NVDA,2025-04-21 15:20:00,95.6700,95.8300
NVDA,2025-04-21 15:21:00,95.8288,95.7744
NVDA,2025-04-21 15:22:00,95.7750,95.8455
NVDA,2025-04-21 15:23:00,95.8450,95.6600
NVDA,2025-04-21 15:24:00,95.6700,95.7650
NVDA,2025-04-21 15:25:00,95.7650,95.7250
NVDA,2025-04-21 15:26:00,95.7250,95.7587
NVDA,2025-04-21 15:27:00,95.7550,95.6050
NVDA,2025-04-21 15:28:00,95.6053,95.5207
NVDA,2025-04-21 15:29:00,95.5250,95.6000
NVDA,2025-04-21 15:30:00,95.6000,95.6382
NVDA,2025-04-21 15:31:00,95.6350,95.6750
NVDA,2025-04-21 15:32:00,95.6800,95.7400
NVDA,2025-04-21 15:33:00,95.7350,95.8200
NVDA,2025-04-21 15:34:00,95.8100,95.7801
NVDA,2025-04-21 15:35:00,95.7800,95.8600
NVDA,2025-04-21 15:36:00,95.8550,95.9450
NVDA,2025-04-21 15:37:00,95.9450,95.9500
NVDA,2025-04-21 15:38:00,95.9450,96.0500
NVDA,2025-04-21 15:39:00,96.0500,96.1350
NVDA,2025-04-21 15:40:00,96.1400,96.1250
NVDA,2025-04-21 15:41:00,96.1250,96.0200
NVDA,2025-04-21 15:42:00,96.0300,96.0400
NVDA,2025-04-21 15:43:00,96.0400,96.1700
NVDA,2025-04-21 15:44:00,96.1750,96.1750
NVDA,2025-04-21 15:45:00,96.1750,96.1600
NVDA,2025-04-21 15:46:00,96.1600,96.0550
NVDA,2025-04-21 15:47:00,96.0550,96.1586
NVDA,2025-04-21 15:48:00,96.1550,96.3550
NVDA,2025-04-21 15:49:00,96.3550,96.4337
NVDA,2025-04-21 15:50:00,96.4300,96.4750
NVDA,2025-04-21 15:51:00,96.4800,96.3750
NVDA,2025-04-21 15:52:00,96.3800,96.3899
NVDA,2025-04-21 15:53:00,96.3800,96.4982
NVDA,2025-04-21 15:54:00,96.5000,96.6681
NVDA,2025-04-21 15:55:00,96.6650,96.8700
NVDA,2025-04-21 15:56:00,96.8644,96.9150
NVDA,2025-04-21 15:57:00,96.9115,97.0099
NVDA,2025-04-21 15:58:00,97.0099,97.0699
NVDA,2025-04-21 15:59:00,97.0600,96.8000
NVDA,2025-04-22 09:30:00,98.7800,98.1100
NVDA,2025-04-22 09:31:00,98.1100,98.2750
NVDA,2025-04-22 09:32:00,98.2800,98.1600
NVDA,2025-04-22 09:33:00,98.1568,97.7200
NVDA,2025-04-22 09:34:00,97.7200,97.5300
NVDA,2025-04-22 09:35:00,97.5300,97.7650
NVDA,2025-04-22 09:36:00,97.7755,98.0800
NVDA,2025-04-22 09:37:00,98.0750,98.2212
NVDA,2025-04-22 09:38:00,98.2250,98.0500
NVDA,2025-04-22 09:39:00,98.0700,98.4100
NVDA,2025-04-22 09:40:00,98.4000,98.2886
NVDA,2025-04-22 09:41:00,98.2850,98.5850
NVDA,2025-04-22 09:42:00,98.5800,98.4700
NVDA,2025-04-22 09:43:00,98.4700,98.5100
NVDA,2025-04-22 09:44:00,98.5099,98.7300
NVDA,2025-04-22 09:45:00,98.7350,99.0600
NVDA,2025-04-22 09:46:00,99.0678,99.1900
NVDA,2025-04-22 09:47:00,99.1950,98.8100
NVDA,2025-04-22 09:48:00,98.8150,98.8150
NVDA,2025-04-22 09:49:00,98.8150,98.9203
NVDA,2025-04-22 09:50:00,98.9200,98.8200
NVDA,2025-04-22 09:51:00,98.8150,98.7200
NVDA,2025-04-22 09:52:00,98.7200,98.5690
NVDA,2025-04-22 09:53:00,98.5700,98.5750
NVDA,2025-04-22 09:54:00,98.5800,98.6750
NVDA,2025-04-22 09:55:00,98.6700,98.5399
NVDA,2025-04-22 09:56:00,98.5394,98.5950
NVDA,2025-04-22 09:57:00,98.6087,98.7000
NVDA,2025-04-22 09:58:00,98.7000,98.7512
NVDA,2025-04-22 09:59:00,98.7600,98.9399
NVDA,2025-04-22 10:00:00,98.9400,98.9789
NVDA,2025-04-22 10:01:00,98.9800,98.8948
NVDA,2025-04-22 10:02:00,98.9000,98.7656
NVDA,2025-04-22 10:03:00,98.7700,98.7250
NVDA,2025-04-22 10:04:00,98.7250,98.8250
NVDA,2025-04-22 10:05:00,98.8250,98.6985
NVDA,2025-04-22 10:06:00,98.6900,98.8426
NVDA,2025-04-22 10:07:00,98.8500,98.7850
NVDA,2025-04-22 10:08:00,98.7850,98.8850
NVDA,2025-04-22 10:09:00,98.8850,99.0850
NVDA,2025-04-22 10:10:00,99.0900,99.1981
NVDA,2025-04-22 10:11:00,99.1901,99.1100
NVDA,2025-04-22 10:12:00,99.1200,98.9900
NVDA,2025-04-22 10:13:00,98.9899,98.9268
NVDA,2025-04-22 10:14:00,98.9200,99.0250
NVDA,2025-04-22 10:15:00,99.0250,98.8600
NVDA,2025-04-22 10:16:00,98.8700,98.8300
NVDA,2025-04-22 10:17:00,98.8400,98.8650
NVDA,2025-04-22 10:18:00,98.8600,98.9200
NVDA,2025-04-22 10:19:00,98.9250,98.9700
NVDA,2025-04-22 10:20:00,98.9700,99.0750
NVDA,2025-04-22 10:21:00,99.0800,99.3300
NVDA,2025-04-22 10:22:00,99.3300,99.2100
NVDA,2025-04-22 10:23:00,99.2295,99.1488
NVDA,2025-04-22 10:24:00,99.1477,99.2250
NVDA,2025-04-22 10:25:00,99.2300,99.1050
NVDA,2025-04-22 10:26:00,99.1100,99.0800
NVDA,2025-04-22 10:27:00,99.0689,98.9950
NVDA,2025-04-22 10:28:00,98.9900,98.8350
NVDA,2025-04-22 10:29:00,98.8400,99.0287
NVDA,2025-04-22 10:30:00,99.0250,98.8603
NVDA,2025-04-22 10:31:00,98.8560,98.9700
NVDA,2025-04-22 10:32:00,98.9682,99.0150
NVDA,2025-04-22 10:33:00,99.0182,98.9150
NVDA,2025-04-22 10:34:00,98.9250,98.9250
NVDA,2025-04-22 10:35:00,98.9250,98.7750
NVDA,2025-04-22 10:36:00,98.7701,98.7700
NVDA,2025-04-22 10:37:00,98.7700,98.8950
NVDA,2025-04-22 10:38:00,98.9000,98.8650
NVDA,2025-04-22 10:39:00,98.8603,98.9900
NVDA,2025-04-22 10:40:00,98.9850,98.9050
NVDA,2025-04-22 10:41:00,98.9070,98.8800
NVDA,2025-04-22 10:42:00,98.8800,98.8450
NVDA,2025-04-22 10:43:00,98.8450,98.8500
NVDA,2025-04-22 10:44:00,98.8486,98.8388
NVDA,2025-04-22 10:45:00,98.8350,98.7000
NVDA,2025-04-22 10:46:00,98.7200,98.7900
NVDA,2025-04-22 10:47:00,98.7900,98.7400
NVDA,2025-04-22 10:48:00,98.7350,98.7188
NVDA,2025-04-22 10:49:00,98.7150,98.5248
NVDA,2025-04-22 10:50:00,98.5288,98.3899
NVDA,2025-04-22 10:51:00,98.3900,98.4500
NVDA,2025-04-22 10:52:00,98.4500,98.5950
NVDA,2025-04-22 10:53:00,98.6000,98.6850
NVDA,2025-04-22 10:54:00,98.6800,98.6450
NVDA,2025-04-22 10:55:00,98.6450,98.6050
NVDA,2025-04-22 10:56:00,98.6050,98.5648
NVDA,2025-04-22 10:57:00,98.5700,98.6950
NVDA,2025-04-22 10:58:00,98.6917,98.6444
NVDA,2025-04-22 10:59:00,98.6450,98.6450
NVDA,2025-04-22 11:00:00,98.6500,98.7355
NVDA,2025-04-22 11:01:00,98.7388,98.7750
NVDA,2025-04-22 11:02:00,98.7700,98.7200
NVDA,2025-04-22 11:03:00,98.7251,98.8050
NVDA,2025-04-22 11:04:00,98.8050,98.8647
NVDA,2025-04-22 11:05:00,98.8684,98.9299
NVDA,2025-04-22 11:06:00,98.9250,99.1600
NVDA,2025-04-22 11:07:00,99.1650,99.2650
NVDA,2025-04-22 11:08:00,99.2650,99.3900
NVDA,2025-04-22 11:09:00,99.3900,99.3400
NVDA,2025-04-22 11:10:00,99.3400,99.3175
NVDA,2025-04-22 11:11:00,99.3150,99.2201
NVDA,2025-04-22 11:12:00,99.2200,99.1850
NVDA,2025-04-22 11:13:00,99.1899,99.1350
NVDA,2025-04-22 11:14:00,99.1400,99.0800
NVDA,2025-04-22 11:15:00,99.0748,99.0200
NVDA,2025-04-22 11:16:00,99.0250,99.0089
NVDA,2025-04-22 11:17:00,99.0050,99.1900
NVDA,2025-04-22 11:18:00,99.1900,99.2200
NVDA,2025-04-22 11:19:00,99.2198,99.2147
NVDA,2025-04-22 11:20:00,99.2113,99.0750
NVDA,2025-04-22 11:21:00,99.0700,99.0750
NVDA,2025-04-22 11:22:00,99.0786,99.2700
NVDA,2025-04-22 11:23:00,99.2750,99.1700
NVDA,2025-04-22 11:24:00,99.1700,99.0800
NVDA,2025-04-22 11:25:00,99.0800,98.9100
NVDA,2025-04-22 11:26:00,98.9100,98.8900
NVDA,2025-04-22 11:27:00,98.8850,98.9002
NVDA,2025-04-22 11:28:00,98.9100,98.8950
NVDA,2025-04-22 11:29:00,98.8950,98.8950
NVDA,2025-04-22 11:30:00,98.8964,98.8300
NVDA,2025-04-22 11:31:00,98.8293,98.8867
NVDA,2025-04-22 11:32:00,98.8823,98.9600
NVDA,2025-04-22 11:33:00,98.9600,99.0150
NVDA,2025-04-22 11:34:00,99.0200,98.9700
NVDA,2025-04-22 11:35:00,98.9600,98.8500
NVDA,2025-04-22 11:36:00,98.8600,98.7700
NVDA,2025-04-22 11:37:00,98.7763,98.7450
NVDA,2025-04-22 11:38:00,98.7450,98.8500
NVDA,2025-04-22 11:39:00,98.8450,98.7700
NVDA,2025-04-22 11:40:00,98.7700,98.6220
NVDA,2025-04-22 11:41:00,98.6250,98.8301
NVDA,2025-04-22 11:42:00,98.8400,98.8395
NVDA,2025-04-22 11:43:00,98.8350,98.7250
NVDA,2025-04-22 11:44:00,98.7250,98.5720
NVDA,2025-04-22 11:45:00,98.5750,98.6950
NVDA,2025-04-22 11:46:00,98.6900,98.5300
NVDA,2025-04-22 11:47:00,98.5300,98.6188
NVDA,2025-04-22 11:48:00,98.6150,98.5805
NVDA,2025-04-22 11:49:00,98.5850,98.6900
NVDA,2025-04-22 11:50:00,98.6865,98.7358
NVDA,2025-04-22 11:51:00,98.7350,98.8000
NVDA,2025-04-22 11:52:00,98.7948,98.7500
NVDA,2025-04-22 11:53:00,98.7535,98.6589
NVDA,2025-04-22 11:54:00,98.6553,98.6701
NVDA,2025-04-22 11:55:00,98.6750,98.6750
NVDA,2025-04-22 11:56:00,98.6750,98.6088
NVDA,2025-04-22 11:57:00,98.6100,98.4800
NVDA,2025-04-22 11:58:00,98.4800,98.5800
NVDA,2025-04-22 11:59:00,98.5700,98.8700
NVDA,2025-04-22 12:00:00,98.8850,99.2000
NVDA,2025-04-22 12:01:00,99.2000,99.2650
NVDA,2025-04-22 12:02:00,99.2600,99.2873
NVDA,2025-04-22 12:03:00,99.2800,99.1098
NVDA,2025-04-22 12:04:00,99.1100,99.1588
NVDA,2025-04-22 12:05:00,99.1550,99.1800
NVDA,2025-04-22 12:06:00,99.1700,99.3300
NVDA,2025-04-22 12:07:00,99.3400,99.2900
NVDA,2025-04-22 12:08:00,99.2800,99.3450
NVDA,2025-04-22 12:09:00,99.3412,99.2800
NVDA,2025-04-22 12:10:00,99.2800,99.3197
NVDA,2025-04-22 12:11:00,99.3150,99.4199
NVDA,2025-04-22 12:12:00,99.4150,99.4450
NVDA,2025-04-22 12:13:00,99.4500,99.4550
NVDA,2025-04-22 12:14:00,99.4586,99.4800
NVDA,2025-04-22 12:15:00,99.4850,99.5150
NVDA,2025-04-22 12:16:00,99.5050,99.3617
NVDA,2025-04-22 12:17:00,99.3600,99.4550
NVDA,2025-04-22 12:18:00,99.4598,99.4000
NVDA,2025-04-22 12:19:00,99.4000,99.4200
NVDA,2025-04-22 12:20:00,99.4150,99.4415
NVDA,2025-04-22 12:21:00,99.4500,99.5300
NVDA,2025-04-22 12:22:00,99.5207,99.5650
NVDA,2025-04-22 12:23:00,99.5700,99.6197
NVDA,2025-04-22 12:24:00,99.6152,99.5800
NVDA,2025-04-22 12:25:00,99.5850,99.6052
NVDA,2025-04-22 12:26:00,99.6050,99.6200
NVDA,2025-04-22 12:27:00,99.6100,99.5344
NVDA,2025-04-22 12:28:00,99.5399,99.7250
NVDA,2025-04-22 12:29:00,99.7200,99.6500
NVDA,2025-04-22 12:30:00,99.6550,99.6202
NVDA,2025-04-22 12:31:00,99.6201,99.5916
NVDA,2025-04-22 12:32:00,99.5950,99.7650
NVDA,2025-04-22 12:33:00,99.7650,99.7250
NVDA,2025-04-22 12:34:00,99.7300,99.6100
NVDA,2025-04-22 12:35:00,99.6150,99.5600
NVDA,2025-04-22 12:36:00,99.5650,99.4950
NVDA,2025-04-22 12:37:00,99.4950,99.3801
NVDA,2025-04-22 12:38:00,99.3850,99.3950
NVDA,2025-04-22 12:39:00,99.3900,99.3200
NVDA,2025-04-22 12:40:00,99.3200,99.1550
NVDA,2025-04-22 12:41:00,99.1600,99.1027
NVDA,2025-04-22 12:42:00,99.1001,99.2616
NVDA,2025-04-22 12:43:00,99.2600,99.1950
NVDA,2025-04-22 12:44:00,99.1850,99.2300
NVDA,2025-04-22 12:45:00,99.2350,99.2800
NVDA,2025-04-22 12:46:00,99.2800,99.2600
NVDA,2025-04-22 12:47:00,99.2650,99.3050
NVDA,2025-04-22 12:48:00,99.3100,99.2050
NVDA,2025-04-22 12:49:00,99.2012,99.3299
NVDA,2025-04-22 12:50:00,99.3300,99.2600
NVDA,2025-04-22 12:51:00,99.2616,99.1000
NVDA,2025-04-22 12:52:00,99.1001,99.0583
NVDA,2025-04-22 12:53:00,99.0550,99.2148
NVDA,2025-04-22 12:54:00,99.2111,99.1901
NVDA,2025-04-22 12:55:00,99.2000,99.1950
NVDA,2025-04-22 12:56:00,99.1939,99.1912
NVDA,2025-04-22 12:57:00,99.1900,99.1650
NVDA,2025-04-22 12:58:00,99.1600,99.1600
NVDA,2025-04-22 12:59:00,99.1500,99.1626
NVDA,2025-04-22 13:00:00,99.1650,99.2247
NVDA,2025-04-22 13:01:00,99.2211,99.3156
NVDA,2025-04-22 13:02:00,99.3150,99.3400
NVDA,2025-04-22 13:03:00,99.3350,99.3400
NVDA,2025-04-22 13:04:00,99.3401,99.2900
NVDA,2025-04-22 13:05:00,99.2897,99.3200
NVDA,2025-04-22 13:06:00,99.3200,99.2450
NVDA,2025-04-22 13:07:00,99.2350,99.1850
NVDA,2025-04-22 13:08:00,99.1850,99.4800
NVDA,2025-04-22 13:09:00,99.4800,99.4416
NVDA,2025-04-22 13:10:00,99.4450,99.0590
NVDA,2025-04-22 13:11:00,99.0500,98.8048
NVDA,2025-04-22 13:12:00,98.8000,98.9700
NVDA,2025-04-22 13:13:00,98.9800,98.7950
NVDA,2025-04-22 13:14:00,98.7950,98.7141
NVDA,2025-04-22 13:15:00,98.7100,98.5150
NVDA,2025-04-22 13:16:00,98.5100,98.4650
NVDA,2025-04-22 13:17:00,98.4699,98.5195
NVDA,2025-04-22 13:18:00,98.5200,98.6700
NVDA,2025-04-22 13:19:00,98.6700,98.6148
NVDA,2025-04-22 13:20:00,98.6200,98.3700
NVDA,2025-04-22 13:21:00,98.3766,98.2448
NVDA,2025-04-22 13:22:00,98.2400,98.1722
NVDA,2025-04-22 13:23:00,98.1700,98.1201
NVDA,2025-04-22 13:24:00,98.1200,98.1650
NVDA,2025-04-22 13:25:00,98.1500,98.3200
NVDA,2025-04-22 13:26:00,98.3050,98.4200
NVDA,2025-04-22 13:27:00,98.4150,98.2150
NVDA,2025-04-22 13:28:00,98.2100,98.1699
NVDA,2025-04-22 13:29:00,98.1501,98.0950
NVDA,2025-04-22 13:30:00,98.1000,98.1200
NVDA,2025-04-22 13:31:00,98.1300,98.1800
NVDA,2025-04-22 13:32:00,98.1700,98.2600
NVDA,2025-04-22 13:33:00,98.2500,98.1100
NVDA,2025-04-22 13:34:00,98.1200,98.1950
NVDA,2025-04-22 13:35:00,98.1950,98.2600
NVDA,2025-04-22 13:36:00,98.2600,98.4800
NVDA,2025-04-22 13:37:00,98.4810,98.4200
NVDA,2025-04-22 13:38:00,98.4200,98.4300
NVDA,2025-04-22 13:39:00,98.4300,98.3517
NVDA,2025-04-22 13:40:00,98.3500,98.2100
NVDA,2025-04-22 13:41:00,98.2200,98.2050
NVDA,2025-04-22 13:42:00,98.2000,98.0199
NVDA,2025-04-22 13:43:00,98.0100,98.1300
NVDA,2025-04-22 13:44:00,98.1400,98.1900
NVDA,2025-04-22 13:45:00,98.1900,98.0658
NVDA,2025-04-22 13:46:00,98.0650,98.0301
NVDA,2025-04-22 13:47:00,98.0400,98.0300
NVDA,2025-04-22 13:48:00,98.0399,97.9302
NVDA,2025-04-22 13:49:00,97.9250,97.7615
NVDA,2025-04-22 13:50:00,97.7600,97.7557
NVDA,2025-04-22 13:51:00,97.7553,97.6250
NVDA,2025-04-22 13:52:00,97.6200,97.6688
NVDA,2025-04-22 13:53:00,97.6600,97.7150
NVDA,2025-04-22 13:54:00,97.7100,97.8700
NVDA,2025-04-22 13:55:00,97.8600,97.9037
NVDA,2025-04-22 13:56:00,97.9200,97.9100
NVDA,2025-04-22 13:57:00,97.9014,97.7688
NVDA,2025-04-22 13:58:00,97.7650,97.8600
NVDA,2025-04-22 13:59:00,97.8550,97.7600
NVDA,2025-04-22 14:00:00,97.7649,97.7800
NVDA,2025-04-22 14:01:00,97.7800,97.8731
NVDA,2025-04-22 14:02:00,97.8800,97.9500
NVDA,2025-04-22 14:03:00,97.9400,98.1091
NVDA,2025-04-22 14:04:00,98.1088,98.1300
NVDA,2025-04-22 14:05:00,98.1400,98.2300
NVDA,2025-04-22 14:06:00,98.2300,98.2250
NVDA,2025-04-22 14:07:00,98.2200,98.2565
NVDA,2025-04-22 14:08:00,98.2500,98.0700
NVDA,2025-04-22 14:09:00,98.0700,98.1700
NVDA,2025-04-22 14:10:00,98.1600,98.1350
NVDA,2025-04-22 14:11:00,98.1400,98.1417
NVDA,2025-04-22 14:12:00,98.1402,98.2050
NVDA,2025-04-22 14:13:00,98.2000,98.2500
NVDA,2025-04-22 14:14:00,98.2450,98.2090
NVDA,2025-04-22 14:15:00,98.2000,98.2199
NVDA,2025-04-22 14:16:00,98.2199,98.2100
NVDA,2025-04-22 14:17:00,98.2136,98.1950
NVDA,2025-04-22 14:18:00,98.2000,98.1150
NVDA,2025-04-22 14:19:00,98.1200,98.1900
NVDA,2025-04-22 14:20:00,98.1800,98.2300
NVDA,2025-04-22 14:21:00,98.2250,98.3299
NVDA,2025-04-22 14:22:00,98.3300,98.3786
NVDA,2025-04-22 14:23:00,98.3797,98.4800
NVDA,2025-04-22 14:24:00,98.4701,98.4500
NVDA,2025-04-22 14:25:00,98.4400,98.4990
NVDA,2025-04-22 14:26:00,98.4950,98.4710
NVDA,2025-04-22 14:27:00,98.4700,98.5202
NVDA,2025-04-22 14:28:00,98.5250,98.5000
NVDA,2025-04-22 14:29:00,98.5050,98.4850
NVDA,2025-04-22 14:30:00,98.4900,98.4300
NVDA,2025-04-22 14:31:00,98.4410,98.4600
NVDA,2025-04-22 14:32:00,98.4600,98.5100
NVDA,2025-04-22 14:33:00,98.5050,98.5150
NVDA,2025-04-22 14:34:00,98.5200,98.5150
NVDA,2025-04-22 14:35:00,98.5200,98.5550
NVDA,2025-04-22 14:36:00,98.5550,98.6344
NVDA,2025-04-22 14:37:00,98.6386,98.6300
NVDA,2025-04-22 14:38:00,98.6300,98.5100
NVDA,2025-04-22 14:39:00,98.5150,98.4400
NVDA,2025-04-22 14:40:00,98.4500,98.4900
NVDA,2025-04-22 14:41:00,98.4900,98.5348
NVDA,2025-04-22 14:42:00,98.5301,98.5550
NVDA,2025-04-22 14:43:00,98.5500,98.5839
NVDA,2025-04-22 14:44:00,98.5800,98.5500
NVDA,2025-04-22 14:45:00,98.5500,98.6350
NVDA,2025-04-22 14:46:00,98.6400,98.6541
NVDA,2025-04-22 14:47:00,98.6500,98.6250
NVDA,2025-04-22 14:48:00,98.6200,98.5673
NVDA,2025-04-22 14:49:00,98.5685,98.5400
NVDA,2025-04-22 14:50:00,98.5500,98.6450
NVDA,2025-04-22 14:51:00,98.6401,98.6200
NVDA,2025-04-22 14:52:00,98.6150,98.6986
NVDA,2025-04-22 14:53:00,98.6950,98.7324
NVDA,2025-04-22 14:54:00,98.7350,98.7550
NVDA,2025-04-22 14:55:00,98.7583,98.8250
NVDA,2025-04-22 14:56:00,98.8200,98.7950
NVDA,2025-04-22 14:57:00,98.7950,98.7181
NVDA,2025-04-22 14:58:00,98.7103,98.7600
NVDA,2025-04-22 14:59:00,98.7598,98.6850
NVDA,2025-04-22 15:00:00,98.6850,98.7600
NVDA,2025-04-22 15:01:00,98.7701,98.7050
NVDA,2025-04-22 15:02:00,98.7000,98.7300
NVDA,2025-04-22 15:03:00,98.7200,98.7300
NVDA,2025-04-22 15:04:00,98.7250,98.7600
NVDA,2025-04-22 15:05:00,98.7650,98.7700
NVDA,2025-04-22 15:06:00,98.7650,98.6850
NVDA,2025-04-22 15:07:00,98.6800,98.6002
NVDA,2025-04-22 15:08:00,98.6000,98.6550
NVDA,2025-04-22 15:09:00,98.6550,98.6017
NVDA,2025-04-22 15:10:00,98.6050,98.5700
NVDA,2025-04-22 15:11:00,98.5600,98.4250
NVDA,2025-04-22 15:12:00,98.4300,98.3709
NVDA,2025-04-22 15:13:00,98.3786,98.4000
NVDA,2025-04-22 15:14:00,98.3948,98.2650
NVDA,2025-04-22 15:15:00,98.2600,98.2001
NVDA,2025-04-22 15:16:00,98.2050,98.1200
NVDA,2025-04-22 15:17:00,98.1250,98.0688
NVDA,2025-04-22 15:18:00,98.0600,97.9850
NVDA,2025-04-22 15:19:00,97.9887,98.0450
NVDA,2025-04-22 15:20:00,98.0402,97.9700
NVDA,2025-04-22 15:21:00,97.9601,97.8850
NVDA,2025-04-22 15:22:00,97.8888,97.8700
NVDA,2025-04-22 15:23:00,97.8700,97.8388
NVDA,2025-04-22 15:24:00,97.8300,97.9401
NVDA,2025-04-22 15:25:00,97.9500,97.9805
NVDA,2025-04-22 15:26:00,97.9800,97.8500
NVDA,2025-04-22 15:27:00,97.8586,97.7840
NVDA,2025-04-22 15:28:00,97.7850,97.8200
NVDA,2025-04-22 15:29:00,97.8200,97.7050
NVDA,2025-04-22 15:30:00,97.7000,97.7850
NVDA,2025-04-22 15:31:00,97.7900,97.7900
NVDA,2025-04-22 15:32:00,97.7950,97.7280
NVDA,2025-04-22 15:33:00,97.7250,97.7050
NVDA,2025-04-22 15:34:00,97.7100,97.6450
NVDA,2025-04-22 15:35:00,97.6450,97.7099
NVDA,2025-04-22 15:36:00,97.7100,97.5500
NVDA,2025-04-22 15:37:00,97.5600,97.5799
NVDA,2025-04-22 15:38:00,97.5750,97.3850
NVDA,2025-04-22 15:39:00,97.3850,97.3050
NVDA,2025-04-22 15:40:00,97.3100,97.3950
NVDA,2025-04-22 15:41:00,97.3950,97.8350
NVDA,2025-04-22 15:42:00,97.8388,98.0600
NVDA,2025-04-22 15:43:00,98.0600,98.0450
NVDA,2025-04-22 15:44:00,98.0450,98.0750
NVDA,2025-04-22 15:45:00,98.0750,98.1405
NVDA,2025-04-22 15:46:00,98.1589,98.1400
NVDA,2025-04-22 15:47:00,98.1444,98.3000
NVDA,2025-04-22 15:48:00,98.3000,98.2300
NVDA,2025-04-22 15:49:00,98.2400,98.3390
NVDA,2025-04-22 15:50:00,98.3400,98.2400
NVDA,2025-04-22 15:51:00,98.2350,98.1350
NVDA,2025-04-22 15:52:00,98.1302,98.1335
NVDA,2025-04-22 15:53:00,98.1400,98.3099
NVDA,2025-04-22 15:54:00,98.3100,98.5080
NVDA,2025-04-22 15:55:00,98.5150,98.4500
NVDA,2025-04-22 15:56:00,98.4450,98.6836
NVDA,2025-04-22 15:57:00,98.6900,98.7800
NVDA,2025-04-22 15:58:00,98.7800,98.9400
NVDA,2025-04-22 15:59:00,98.9400,98.8800
NVDA,2025-04-23 09:30:00,104.5200,104.1600
NVDA,2025-04-23 09:31:00,104.1600,104.0201
NVDA,2025-04-23 09:32:00,104.0250,104.2057
NVDA,2025-04-23 09:33:00,104.2200,104.2900
NVDA,2025-04-23 09:34:00,104.2800,103.8500
NVDA,2025-04-23 09:35:00,103.8700,103.2464
NVDA,2025-04-23 09:36:00,103.2500,102.9550
NVDA,2025-04-23 09:37:00,102.9401,104.1650
NVDA,2025-04-23 09:38:00,104.1650,104.0600
NVDA,2025-04-23 09:39:00,104.0400,103.9311
NVDA,2025-04-23 09:40:00,103.9350,104.0500
NVDA,2025-04-23 09:41:00,104.0540,104.0372
NVDA,2025-04-23 09:42:00,104.0358,103.6512
NVDA,2025-04-23 09:43:00,103.6500,103.9500
NVDA,2025-04-23 09:44:00,103.9400,103.7388
NVDA,2025-04-23 09:45:00,103.7100,103.9100
NVDA,2025-04-23 09:46:00,103.9100,104.0958
NVDA,2025-04-23 09:47:00,104.1100,104.0750
NVDA,2025-04-23 09:48:00,104.0700,103.9400
NVDA,2025-04-23 09:49:00,103.9400,104.0400
NVDA,2025-04-23 09:50:00,104.0350,103.8150
NVDA,2025-04-23 09:51:00,103.8100,103.8300
NVDA,2025-04-23 09:52:00,103.8300,103.4100
NVDA,2025-04-23 09:53:00,103.4100,103.1050
NVDA,2025-04-23 09:54:00,103.1000,103.0700
NVDA,2025-04-23 09:55:00,103.0791,102.8750
NVDA,2025-04-23 09:56:00,102.8750,103.1100
NVDA,2025-04-23 09:57:00,103.1200,103.3099
NVDA,2025-04-23 09:58:00,103.3000,103.3399
NVDA,2025-04-23 09:59:00,103.3350,103.4199
NVDA,2025-04-23 10:00:00,103.4100,103.4250
NVDA,2025-04-23 10:01:00,103.4300,103.1350
NVDA,2025-04-23 10:02:00,103.1200,103.0400
NVDA,2025-04-23 10:03:00,103.0400,102.7498
NVDA,2025-04-23 10:04:00,102.7396,103.2101
NVDA,2025-04-23 10:05:00,103.2300,103.1216
NVDA,2025-04-23 10:06:00,103.1150,103.2850
NVDA,2025-04-23 10:07:00,103.2900,103.2100
NVDA,2025-04-23 10:08:00,103.2200,103.4775
NVDA,2025-04-23 10:09:00,103.4800,103.4500
NVDA,2025-04-23 10:10:00,103.4600,103.5750
NVDA,2025-04-23 10:11:00,103.5700,103.7200
NVDA,2025-04-23 10:12:00,103.7200,103.9550
NVDA,2025-04-23 10:13:00,103.9500,103.7850
NVDA,2025-04-23 10:14:00,103.7800,103.7500
NVDA,2025-04-23 10:15:00,103.7700,103.6300
NVDA,2025-04-23 10:16:00,103.6250,103.4099
NVDA,2025-04-23 10:17:00,103.3900,103.3500
NVDA,2025-04-23 10:18:00,103.3400,103.2000
NVDA,2025-04-23 10:19:00,103.2100,103.4650
NVDA,2025-04-23 10:20:00,103.4500,103.3500
NVDA,2025-04-23 10:21:00,103.3600,103.2400
NVDA,2025-04-23 10:22:00,103.2200,103.4000
NVDA,2025-04-23 10:23:00,103.3900,103.7100
NVDA,2025-04-23 10:24:00,103.7100,103.8200
NVDA,2025-04-23 10:25:00,103.8300,103.9300
NVDA,2025-04-23 10:26:00,103.9200,104.0400
NVDA,2025-04-23 10:27:00,104.0401,103.9400
NVDA,2025-04-23 10:28:00,103.9360,104.1302
NVDA,2025-04-23 10:29:00,104.1406,104.1850
NVDA,2025-04-23 10:30:00,104.1850,104.1000
NVDA,2025-04-23 10:31:00,104.1100,104.3600
NVDA,2025-04-23 10:32:00,104.3600,104.3400
NVDA,2025-04-23 10:33:00,104.3400,104.4700
NVDA,2025-04-23 10:34:00,104.4602,104.4487
NVDA,2025-04-23 10:35:00,104.4450,104.6700
NVDA,2025-04-23 10:36:00,104.6610,104.7000
NVDA,2025-04-23 10:37:00,104.7050,104.6600
NVDA,2025-04-23 10:38:00,104.6600,104.4756
NVDA,2025-04-23 10:39:00,104.4799,104.3700
NVDA,2025-04-23 10:40:00,104.3752,104.3000
NVDA,2025-04-23 10:41:00,104.2950,104.1356
NVDA,2025-04-23 10:42:00,104.1300,104.0500
NVDA,2025-04-23 10:43:00,104.0500,104.1400
NVDA,2025-04-23 10:44:00,104.1402,104.2025
NVDA,2025-04-23 10:45:00,104.2050,104.1486
NVDA,2025-04-23 10:46:00,104.1500,104.1982
NVDA,2025-04-23 10:47:00,104.2000,104.2800
NVDA,2025-04-23 10:48:00,104.2750,104.1650
NVDA,2025-04-23 10:49:00,104.1800,103.9550
NVDA,2025-04-23 10:50:00,103.9600,103.8550
NVDA,2025-04-23 10:51:00,103.8500,103.8800
NVDA,2025-04-23 10:52:00,103.8750,104.0100
NVDA,2025-04-23 10:53:00,104.0100,103.8800
NVDA,2025-04-23 10:54:00,103.8876,104.0200
NVDA,2025-04-23 10:55:00,104.0200,103.9850
NVDA,2025-04-23 10:56:00,104.0000,103.8900
NVDA,2025-04-23 10:57:00,103.8800,103.9150
NVDA,2025-04-23 10:58:00,103.9200,103.9750
NVDA,2025-04-23 10:59:00,103.9744,103.8650
NVDA,2025-04-23 11:00:00,103.8700,103.9000
NVDA,2025-04-23 11:01:00,103.9100,103.6500
NVDA,2025-04-23 11:02:00,103.6600,103.6391
NVDA,2025-04-23 11:03:00,103.6400,103.6980
NVDA,2025-04-23 11:04:00,103.6900,104.0299
NVDA,2025-04-23 11:05:00,104.0250,103.9900
NVDA,2025-04-23 11:06:00,104.0050,104.1800
NVDA,2025-04-23 11:07:00,104.1800,104.2152
NVDA,2025-04-23 11:08:00,104.2150,104.2200
NVDA,2025-04-23 11:09:00,104.2200,104.0801
NVDA,2025-04-23 11:10:00,104.0800,103.9250
NVDA,2025-04-23 11:11:00,103.9200,104.0550
NVDA,2025-04-23 11:12:00,104.0600,104.1799
NVDA,2025-04-23 11:13:00,104.1750,104.2186
NVDA,2025-04-23 11:14:00,104.2100,104.2088
NVDA,2025-04-23 11:15:00,104.2100,104.2744
NVDA,2025-04-23 11:16:00,104.2700,104.1200
NVDA,2025-04-23 11:17:00,104.1269,104.1200
NVDA,2025-04-23 11:18:00,104.1296,104.1000
NVDA,2025-04-23 11:19:00,104.1000,103.8550
NVDA,2025-04-23 11:20:00,103.8600,103.8800
NVDA,2025-04-23 11:21:00,103.8750,104.0350
NVDA,2025-04-23 11:22:00,104.0250,104.0900
NVDA,2025-04-23 11:23:00,104.0850,103.7200
NVDA,2025-04-23 11:24:00,103.7100,103.7670
NVDA,2025-04-23 11:25:00,103.7600,103.6650
NVDA,2025-04-23 11:26:00,103.6600,103.3800
NVDA,2025-04-23 11:27:00,103.3700,103.1599
NVDA,2025-04-23 11:28:00,103.1500,103.0600
NVDA,2025-04-23 11:29:00,103.0601,103.1400
NVDA,2025-04-23 11:30:00,103.1500,103.1350
NVDA,2025-04-23 11:31:00,103.1394,103.0150
NVDA,2025-04-23 11:32:00,103.0150,102.7800
NVDA,2025-04-23 11:33:00,102.7700,102.9300
NVDA,2025-04-23 11:34:00,102.9300,103.2100
NVDA,2025-04-23 11:35:00,103.1950,103.0400
NVDA,2025-04-23 11:36:00,103.0500,103.0200
NVDA,2025-04-23 11:37:00,103.0387,103.1150
NVDA,2025-04-23 11:38:00,103.1258,103.2900
NVDA,2025-04-23 11:39:00,103.2800,103.3900
NVDA,2025-04-23 11:40:00,103.3800,103.3080
NVDA,2025-04-23 11:41:00,103.3048,103.2900
NVDA,2025-04-23 11:42:00,103.2900,103.1648
NVDA,2025-04-23 11:43:00,103.1700,102.9844
NVDA,2025-04-23 11:44:00,102.9850,102.9444
NVDA,2025-04-23 11:45:00,102.9483,103.1800
NVDA,2025-04-23 11:46:00,103.1701,103.0550
NVDA,2025-04-23 11:47:00,103.0500,102.9850
NVDA,2025-04-23 11:48:00,102.9850,102.7150
NVDA,2025-04-23 11:49:00,102.7100,102.7100
NVDA,2025-04-23 11:50:00,102.7100,102.8156
NVDA,2025-04-23 11:51:00,102.8200,102.8435
NVDA,2025-04-23 11:52:00,102.8400,102.7850
NVDA,2025-04-23 11:53:00,102.7900,102.8348
NVDA,2025-04-23 11:54:00,102.8400,103.1050
NVDA,2025-04-23 11:55:00,103.1100,103.1850
NVDA,2025-04-23 11:56:00,103.1850,103.2800
NVDA,2025-04-23 11:57:00,103.2790,103.3500
NVDA,2025-04-23 11:58:00,103.3401,103.2650
NVDA,2025-04-23 11:59:00,103.2650,103.2700
NVDA,2025-04-23 12:00:00,103.2650,103.1700
NVDA,2025-04-23 12:01:00,103.1700,103.0800
NVDA,2025-04-23 12:02:00,103.0750,103.0750
NVDA,2025-04-23 12:03:00,103.0701,103.2601
NVDA,2025-04-23 12:04:00,103.2600,103.3312
NVDA,2025-04-23 12:05:00,103.3286,103.3900
NVDA,2025-04-23 12:06:00,103.3900,103.1450
NVDA,2025-04-23 12:07:00,103.1450,103.2799
NVDA,2025-04-23 12:08:00,103.2800,103.2156
NVDA,2025-04-23 12:09:00,103.2199,103.0999
NVDA,2025-04-23 12:10:00,103.0900,103.3000
NVDA,2025-04-23 12:11:00,103.3000,103.1050
NVDA,2025-04-23 12:12:00,103.1050,102.9750
NVDA,2025-04-23 12:13:00,102.9750,103.1400
NVDA,2025-04-23 12:14:00,103.1300,103.1470
NVDA,2025-04-23 12:15:00,103.1501,103.1100
NVDA,2025-04-23 12:16:00,103.1100,103.1200
NVDA,2025-04-23 12:17:00,103.1299,103.1400
NVDA,2025-04-23 12:18:00,103.1400,102.9901
NVDA,2025-04-23 12:19:00,102.9990,102.8600
NVDA,2025-04-23 12:20:00,102.8600,102.7835
NVDA,2025-04-23 12:21:00,102.8051,102.6986
NVDA,2025-04-23 12:22:00,102.6900,102.7200
NVDA,2025-04-23 12:23:00,102.7100,102.8400
NVDA,2025-04-23 12:24:00,102.8400,102.8501
NVDA,2025-04-23 12:25:00,102.8600,102.8150
NVDA,2025-04-23 12:26:00,102.8150,102.6701
NVDA,2025-04-23 12:27:00,102.6750,102.9650
NVDA,2025-04-23 12:28:00,102.9700,103.2450
NVDA,2025-04-23 12:29:00,103.2450,103.3500
NVDA,2025-04-23 12:30:00,103.3600,103.3650
NVDA,2025-04-23 12:31:00,103.3644,103.3000
NVDA,2025-04-23 12:32:00,103.2990,103.2600
NVDA,2025-04-23 12:33:00,103.2700,103.3000
NVDA,2025-04-23 12:34:00,103.3000,103.2100
NVDA,2025-04-23 12:35:00,103.2102,103.3499
NVDA,2025-04-23 12:36:00,103.3498,103.4696
NVDA,2025-04-23 12:37:00,103.4650,103.6200
NVDA,2025-04-23 12:38:00,103.6100,103.7350
NVDA,2025-04-23 12:39:00,103.7400,103.7000
NVDA,2025-04-23 12:40:00,103.6950,103.7300
NVDA,2025-04-23 12:41:00,103.7300,103.6400
NVDA,2025-04-23 12:42:00,103.6350,103.6599
NVDA,2025-04-23 12:43:00,103.6600,103.7812
NVDA,2025-04-23 12:44:00,103.7800,103.7600
NVDA,2025-04-23 12:45:00,103.7685,103.8000
NVDA,2025-04-23 12:46:00,103.8050,103.7400
NVDA,2025-04-23 12:47:00,103.7300,103.7997
NVDA,2025-04-23 12:48:00,103.7950,103.6330
NVDA,2025-04-23 12:49:00,103.6400,103.4850
NVDA,2025-04-23 12:50:00,103.4800,103.6100
NVDA,2025-04-23 12:51:00,103.6100,103.7400
NVDA,2025-04-23 12:52:00,103.7450,103.7790
NVDA,2025-04-23 12:53:00,103.7800,103.8300
NVDA,2025-04-23 12:54:00,103.8300,103.8990
NVDA,2025-04-23 12:55:00,103.8900,104.0500
NVDA,2025-04-23 12:56:00,104.0500,104.1250
NVDA,2025-04-23 12:57:00,104.1250,104.1500
NVDA,2025-04-23 12:58:00,104.1483,104.0952
NVDA,2025-04-23 12:59:00,104.1000,104.0550
NVDA,2025-04-23 13:00:00,104.0500,103.8200
NVDA,2025-04-23 13:01:00,103.8241,103.9800
NVDA,2025-04-23 13:02:00,103.9884,104.0700
NVDA,2025-04-23 13:03:00,104.0700,104.1000
NVDA,2025-04-23 13:04:00,104.1100,104.1450
NVDA,2025-04-23 13:05:00,104.1486,104.1550
NVDA,2025-04-23 13:06:00,104.1550,104.1983
NVDA,2025-04-23 13:07:00,104.1900,104.1714
NVDA,2025-04-23 13:08:00,104.1800,104.2686
NVDA,2025-04-23 13:09:00,104.2700,104.2650
NVDA,2025-04-23 13:10:00,104.2607,104.2298
NVDA,2025-04-23 13:11:00,104.2166,104.1383
NVDA,2025-04-23 13:12:00,104.1381,104.1800
NVDA,2025-04-23 13:13:00,104.1700,104.1300
NVDA,2025-04-23 13:14:00,104.1350,104.1350
NVDA,2025-04-23 13:15:00,104.1350,104.2100
NVDA,2025-04-23 13:16:00,104.2088,104.1600
NVDA,2025-04-23 13:17:00,104.1648,104.2250
NVDA,2025-04-23 13:18:00,104.2300,104.2100
NVDA,2025-04-23 13:19:00,104.2150,104.2150
NVDA,2025-04-23 13:20:00,104.2100,104.1900
NVDA,2025-04-23 13:21:00,104.2000,104.2400
NVDA,2025-04-23 13:22:00,104.2500,104.1383
NVDA,2025-04-23 13:23:00,104.1356,104.0400
NVDA,2025-04-23 13:24:00,104.0413,104.1400
NVDA,2025-04-23 13:25:00,104.1499,104.2150
NVDA,2025-04-23 13:26:00,104.2200,104.0750
NVDA,2025-04-23 13:27:00,104.0800,104.2000
NVDA,2025-04-23 13:28:00,104.2000,104.0800
NVDA,2025-04-23 13:29:00,104.0800,103.9600
NVDA,2025-04-23 13:30:00,103.9685,104.0450
NVDA,2025-04-23 13:31:00,104.0455,103.9884
NVDA,2025-04-23 13:32:00,103.9800,104.0200
NVDA,2025-04-23 13:33:00,104.0200,103.9190
NVDA,2025-04-23 13:34:00,103.9300,103.8700
NVDA,2025-04-23 13:35:00,103.8750,103.9100
NVDA,2025-04-23 13:36:00,103.9000,103.8900
NVDA,2025-04-23 13:37:00,103.8900,103.7500
NVDA,2025-04-23 13:38:00,103.7401,103.7001
NVDA,2025-04-23 13:39:00,103.7048,103.7400
NVDA,2025-04-23 13:40:00,103.7400,103.6700
NVDA,2025-04-23 13:41:00,103.6596,103.7200
NVDA,2025-04-23 13:42:00,103.7300,103.7900
NVDA,2025-04-23 13:43:00,103.7950,103.9550
NVDA,2025-04-23 13:44:00,103.9550,104.0450
NVDA,2025-04-23 13:45:00,104.0403,103.8898
NVDA,2025-04-23 13:46:00,103.8850,103.9900
NVDA,2025-04-23 13:47:00,103.9800,103.9250
NVDA,2025-04-23 13:48:00,103.9250,103.8650
NVDA,2025-04-23 13:49:00,103.8700,103.9550
NVDA,2025-04-23 13:50:00,103.9600,103.9650
NVDA,2025-04-23 13:51:00,103.9700,103.9750
NVDA,2025-04-23 13:52:00,103.9800,103.9950
NVDA,2025-04-23 13:53:00,103.9989,104.1150
NVDA,2025-04-23 13:54:00,104.1200,104.1838
NVDA,2025-04-23 13:55:00,104.1900,104.1850
NVDA,2025-04-23 13:56:00,104.1850,104.2300
NVDA,2025-04-23 13:57:00,104.2300,104.2250
NVDA,2025-04-23 13:58:00,104.2286,104.1350
NVDA,2025-04-23 13:59:00,104.1400,104.0888
NVDA,2025-04-23 14:00:00,104.0800,104.0700
NVDA,2025-04-23 14:01:00,104.0650,104.0748
NVDA,2025-04-23 14:02:00,104.0800,103.9600
NVDA,2025-04-23 14:03:00,103.9600,103.8100
NVDA,2025-04-23 14:04:00,103.8200,103.9300
NVDA,2025-04-23 14:05:00,103.9300,103.9550
NVDA,2025-04-23 14:06:00,103.9600,103.8686
NVDA,2025-04-23 14:07:00,103.8700,103.8450
NVDA,2025-04-23 14:08:00,103.8400,103.9500
NVDA,2025-04-23 14:09:00,103.9550,103.9265
NVDA,2025-04-23 14:10:00,103.9250,103.9288
NVDA,2025-04-23 14:11:00,103.9350,104.0199
NVDA,2025-04-23 14:12:00,104.0199,104.0850
NVDA,2025-04-23 14:13:00,104.1000,104.0800
NVDA,2025-04-23 14:14:00,104.0800,103.9600
NVDA,2025-04-23 14:15:00,103.9600,104.0581
NVDA,2025-04-23 14:16:00,104.0600,104.0650
NVDA,2025-04-23 14:17:00,104.0650,104.0000
NVDA,2025-04-23 14:18:00,104.0000,103.8899
NVDA,2025-04-23 14:19:00,103.8850,103.8950
NVDA,2025-04-23 14:20:00,103.8901,104.0200
NVDA,2025-04-23 14:21:00,104.0100,104.0500
NVDA,2025-04-23 14:22:00,104.0600,103.9900
NVDA,2025-04-23 14:23:00,103.9700,103.8100
NVDA,2025-04-23 14:24:00,103.8050,103.8550
NVDA,2025-04-23 14:25:00,103.8600,103.7957
NVDA,2025-04-23 14:26:00,103.7983,103.8350
NVDA,2025-04-23 14:27:00,103.8400,103.8300
NVDA,2025-04-23 14:28:00,103.8200,103.7600
NVDA,2025-04-23 14:29:00,103.7600,103.7150
NVDA,2025-04-23 14:30:00,103.7150,103.7750
NVDA,2025-04-23 14:31:00,103.7778,103.8300
NVDA,2025-04-23 14:32:00,103.8250,103.8500
NVDA,2025-04-23 14:33:00,103.8500,103.7552
NVDA,2025-04-23 14:34:00,103.7600,103.7200
NVDA,2025-04-23 14:35:00,103.7200,103.7458
NVDA,2025-04-23 14:36:00,103.7450,103.7100
NVDA,2025-04-23 14:37:00,103.7100,103.7150
NVDA,2025-04-23 14:38:00,103.7100,103.6900
NVDA,2025-04-23 14:39:00,103.6900,103.7200
NVDA,2025-04-23 14:40:00,103.7300,103.6498
NVDA,2025-04-23 14:41:00,103.6400,103.6300
NVDA,2025-04-23 14:42:00,103.6200,103.5800
NVDA,2025-04-23 14:43:00,103.5700,103.4650
NVDA,2025-04-23 14:44:00,103.4650,103.3200
NVDA,2025-04-23 14:45:00,103.3300,103.4280
NVDA,2025-04-23 14:46:00,103.4200,103.3700
NVDA,2025-04-23 14:47:00,103.3600,103.5600
NVDA,2025-04-23 14:48:00,103.5600,103.5600
NVDA,2025-04-23 14:49:00,103.5550,103.5786
NVDA,2025-04-23 14:50:00,103.5783,103.4900
NVDA,2025-04-23 14:51:00,103.4899,103.4800
NVDA,2025-04-23 14:52:00,103.4781,103.5300
NVDA,2025-04-23 14:53:00,103.5350,103.4450
NVDA,2025-04-23 14:54:00,103.4482,103.4599
NVDA,2025-04-23 14:55:00,103.4600,103.5500
NVDA,2025-04-23 14:56:00,103.5500,103.6999
NVDA,2025-04-23 14:57:00,103.6982,103.5900
NVDA,2025-04-23 14:58:00,103.5913,103.6496
NVDA,2025-04-23 14:59:00,103.6540,103.4950
NVDA,2025-04-23 15:00:00,103.4900,103.5000
NVDA,2025-04-23 15:01:00,103.4999,103.3384
NVDA,2025-04-23 15:02:00,103.3386,103.2450
NVDA,2025-04-23 15:03:00,103.2499,103.2600
NVDA,2025-04-23 15:04:00,103.2700,103.1300
NVDA,2025-04-23 15:05:00,103.1500,103.1800
NVDA,2025-04-23 15:06:00,103.1744,103.2044
NVDA,2025-04-23 15:07:00,103.2100,103.3200
NVDA,2025-04-23 15:08:00,103.3200,103.3500
NVDA,2025-04-23 15:09:00,103.3600,103.2300
NVDA,2025-04-23 15:10:00,103.2250,103.2481
NVDA,2025-04-23 15:11:00,103.2500,103.3000
NVDA,2025-04-23 15:12:00,103.3000,103.1383
NVDA,2025-04-23 15:13:00,103.1350,103.1700
NVDA,2025-04-23 15:14:00,103.1700,103.1050
NVDA,2025-04-23 15:15:00,103.1090,102.9544
NVDA,2025-04-23 15:16:00,102.9401,102.9400
NVDA,2025-04-23 15:17:00,102.9350,102.9600
NVDA,2025-04-23 15:18:00,102.9690,102.8650
NVDA,2025-04-23 15:19:00,102.8650,102.8200
NVDA,2025-04-23 15:20:00,102.8200,102.7300
NVDA,2025-04-23 15:21:00,102.7299,102.7850
NVDA,2025-04-23 15:22:00,102.7900,102.5600
NVDA,2025-04-23 15:23:00,102.5650,102.4900
NVDA,2025-04-23 15:24:00,102.4783,102.4550
NVDA,2025-04-23 15:25:00,102.4550,102.3900
NVDA,2025-04-23 15:26:00,102.3800,102.4800
NVDA,2025-04-23 15:27:00,102.4700,102.5499
NVDA,2025-04-23 15:28:00,102.5450,102.4400
NVDA,2025-04-23 15:29:00,102.4395,102.4100
NVDA,2025-04-23 15:30:00,102.4200,102.5600
NVDA,2025-04-23 15:31:00,102.5683,102.6400
NVDA,2025-04-23 15:32:00,102.6588,102.4900
NVDA,2025-04-23 15:33:00,102.5000,102.6497
NVDA,2025-04-23 15:34:00,102.6390,102.5750
NVDA,2025-04-23 15:35:00,102.5750,102.2600
NVDA,2025-04-23 15:36:00,102.2650,102.1886
NVDA,2025-04-23 15:37:00,102.1800,102.0701
NVDA,2025-04-23 15:38:00,102.0800,102.0450
NVDA,2025-04-23 15:39:00,102.0454,102.1800
NVDA,2025-04-23 15:40:00,102.1700,102.2450
NVDA,2025-04-23 15:41:00,102.2400,102.2450
NVDA,2025-04-23 15:42:00,102.2500,102.1900
NVDA,2025-04-23 15:43:00,102.2100,102.1850
NVDA,2025-04-23 15:44:00,102.1801,102.2200
NVDA,2025-04-23 15:45:00,102.2150,102.3100
NVDA,2025-04-23 15:46:00,102.3150,102.1400
NVDA,2025-04-23 15:47:00,102.1300,102.2900
NVDA,2025-04-23 15:48:00,102.2750,102.3150
NVDA,2025-04-23 15:49:00,102.3150,102.3650
NVDA,2025-04-23 15:50:00,102.3700,102.6500
NVDA,2025-04-23 15:51:00,102.6500,102.5750
NVDA,2025-04-23 15:52:00,102.5700,102.7150
NVDA,2025-04-23 15:53:00,102.7200,102.7000
NVDA,2025-04-23 15:54:00,102.7050,102.7800
NVDA,2025-04-23 15:55:00,102.7800,102.8200
NVDA,2025-04-23 15:56:00,102.8300,102.7350
NVDA,2025-04-23 15:57:00,102.7400,102.7350
NVDA,2025-04-23 15:58:00,102.7400,102.7150
NVDA,2025-04-23 15:59:00,102.7100,102.5350
NVDA,2025-04-24 09:30:00,103.4750,103.3950
NVDA,2025-04-24 09:31:00,103.3900,103.6250
NVDA,2025-04-24 09:32:00,103.6250,103.2299
NVDA,2025-04-24 09:33:00,103.2200,103.3600
NVDA,2025-04-24 09:34:00,103.3500,103.6200
NVDA,2025-04-24 09:35:00,103.6100,103.3950
NVDA,2025-04-24 09:36:00,103.3950,103.7350
NVDA,2025-04-24 09:37:00,103.7400,103.8855
NVDA,2025-04-24 09:38:00,103.8900,103.7877
NVDA,2025-04-24 09:39:00,103.7850,103.8000
NVDA,2025-04-24 09:40:00,103.7950,103.8359
NVDA,2025-04-24 09:41:00,103.8399,103.8900
NVDA,2025-04-24 09:42:00,103.8801,103.9706
NVDA,2025-04-24 09:43:00,103.9600,104.0400
NVDA,2025-04-24 09:44:00,104.0457,103.9788
NVDA,2025-04-24 09:45:00,103.9748,104.2450
NVDA,2025-04-24 09:46:00,104.2800,104.2650
NVDA,2025-04-24 09:47:00,104.2700,104.2372
NVDA,2025-04-24 09:48:00,104.2350,104.2300
NVDA,2025-04-24 09:49:00,104.2250,104.4750
NVDA,2025-04-24 09:50:00,104.4800,104.3400
NVDA,2025-04-24 09:51:00,104.3400,104.3191
NVDA,2025-04-24 09:52:00,104.3150,104.2601
NVDA,2025-04-24 09:53:00,104.2600,104.5750
NVDA,2025-04-24 09:54:00,104.5725,104.3250
NVDA,2025-04-24 09:55:00,104.3250,104.2700
NVDA,2025-04-24 09:56:00,104.2800,104.5386
NVDA,2025-04-24 09:57:00,104.5400,104.7202
NVDA,2025-04-24 09:58:00,104.7300,104.9600
NVDA,2025-04-24 09:59:00,104.9650,104.9487
NVDA,2025-04-24 10:00:00,104.9450,104.7800
NVDA,2025-04-24 10:01:00,104.7800,104.7555
NVDA,2025-04-24 10:02:00,104.7588,104.5865
NVDA,2025-04-24 10:03:00,104.5800,104.5953
NVDA,2025-04-24 10:04:00,104.5989,104.6510
NVDA,2025-04-24 10:05:00,104.6500,104.8100
NVDA,2025-04-24 10:06:00,104.8050,104.9300
NVDA,2025-04-24 10:07:00,104.9250,104.7700
NVDA,2025-04-24 10:08:00,104.7800,104.8300
NVDA,2025-04-24 10:09:00,104.8350,104.9001
NVDA,2025-04-24 10:10:00,104.9000,104.6614
NVDA,2025-04-24 10:11:00,104.6618,104.5910
NVDA,2025-04-24 10:12:00,104.5900,104.5350
NVDA,2025-04-24 10:13:00,104.5400,104.7250
NVDA,2025-04-24 10:14:00,104.7300,104.7900
NVDA,2025-04-24 10:15:00,104.8000,104.7587
NVDA,2025-04-24 10:16:00,104.7550,104.8560
NVDA,2025-04-24 10:17:00,104.8450,104.7750
NVDA,2025-04-24 10:18:00,104.7699,104.7753
NVDA,2025-04-24 10:19:00,104.7800,104.8750
NVDA,2025-04-24 10:20:00,104.8750,105.0886
NVDA,2025-04-24 10:21:00,105.0850,105.0650
NVDA,2025-04-24 10:22:00,105.0700,105.2900
NVDA,2025-04-24 10:23:00,105.2887,105.2801
NVDA,2025-04-24 10:24:00,105.2800,105.3000
NVDA,2025-04-24 10:25:00,105.3100,105.3150
NVDA,2025-04-24 10:26:00,105.3100,105.1900
NVDA,2025-04-24 10:27:00,105.1884,105.3000
NVDA,2025-04-24 10:28:00,105.3100,105.3791
NVDA,2025-04-24 10:29:00,105.3750,105.3650
NVDA,2025-04-24 10:30:00,105.3650,105.2800
NVDA,2025-04-24 10:31:00,105.2900,105.2250
NVDA,2025-04-24 10:32:00,105.2250,105.2450
NVDA,2025-04-24 10:33:00,105.2450,105.2700
NVDA,2025-04-24 10:34:00,105.2689,105.2950
NVDA,2025-04-24 10:35:00,105.2950,105.3000
NVDA,2025-04-24 10:36:00,105.2999,105.3900
NVDA,2025-04-24 10:37:00,105.3800,105.5199
NVDA,2025-04-24 10:38:00,105.5100,105.4050
NVDA,2025-04-24 10:39:00,105.4000,105.3250
NVDA,2025-04-24 10:40:00,105.3237,105.3498
NVDA,2025-04-24 10:41:00,105.3450,105.3600
NVDA,2025-04-24 10:42:00,105.3590,105.3400
NVDA,2025-04-24 10:43:00,105.3450,105.1350
NVDA,2025-04-24 10:44:00,105.1400,105.0250
NVDA,2025-04-24 10:45:00,105.0200,105.0100
NVDA,2025-04-24 10:46:00,105.0259,105.0786
NVDA,2025-04-24 10:47:00,105.0700,104.8250
NVDA,2025-04-24 10:48:00,104.8250,104.8201
NVDA,2025-04-24 10:49:00,104.8200,104.9900
NVDA,2025-04-24 10:50:00,104.9900,105.0018
NVDA,2025-04-24 10:51:00,105.0050,105.0400
NVDA,2025-04-24 10:52:00,105.0400,104.8350
NVDA,2025-04-24 10:53:00,104.8382,104.8747
NVDA,2025-04-24 10:54:00,104.8700,104.9400
NVDA,2025-04-24 10:55:00,104.9450,104.9896
NVDA,2025-04-24 10:56:00,104.9800,104.9924
NVDA,2025-04-24 10:57:00,104.9900,104.9850
NVDA,2025-04-24 10:58:00,104.9850,104.8853
NVDA,2025-04-24 10:59:00,104.8850,104.8500
NVDA,2025-04-24 11:00:00,104.8500,104.8850
NVDA,2025-04-24 11:01:00,104.9000,104.8800
NVDA,2025-04-24 11:02:00,104.8845,104.8450
NVDA,2025-04-24 11:03:00,104.8450,104.8100
NVDA,2025-04-24 11:04:00,104.8100,105.1400
NVDA,2025-04-24 11:05:00,105.1499,105.2550
NVDA,2025-04-24 11:06:00,105.2500,105.3550
NVDA,2025-04-24 11:07:00,105.3556,105.4797
NVDA,2025-04-24 11:08:00,105.4797,105.4297
NVDA,2025-04-24 11:09:00,105.4300,105.4600
NVDA,2025-04-24 11:10:00,105.4650,105.6277
NVDA,2025-04-24 11:11:00,105.6200,105.8500
NVDA,2025-04-24 11:12:00,105.8588,105.8599
NVDA,2025-04-24 11:13:00,105.8500,105.9250
NVDA,2025-04-24 11:14:00,105.9300,105.9197
NVDA,2025-04-24 11:15:00,105.9200,105.9350
NVDA,2025-04-24 11:16:00,105.9300,105.8250
NVDA,2025-04-24 11:17:00,105.8250,105.8300
NVDA,2025-04-24 11:18:00,105.8202,105.7900
NVDA,2025-04-24 11:19:00,105.7800,105.6700
NVDA,2025-04-24 11:20:00,105.6650,105.6650
NVDA,2025-04-24 11:21:00,105.6650,105.7000
NVDA,2025-04-24 11:22:00,105.7000,105.6200
NVDA,2025-04-24 11:23:00,105.6201,105.4900
NVDA,2025-04-24 11:24:00,105.4868,105.5200
NVDA,2025-04-24 11:25:00,105.5300,105.4500
NVDA,2025-04-24 11:26:00,105.4501,105.5617
NVDA,2025-04-24 11:27:00,105.5600,105.3950
NVDA,2025-04-24 11:28:00,105.3950,105.3850
NVDA,2025-04-24 11:29:00,105.3850,105.3450
NVDA,2025-04-24 11:30:00,105.3450,105.2200
NVDA,2025-04-24 11:31:00,105.2187,105.2800
NVDA,2025-04-24 11:32:00,105.2811,105.2950
NVDA,2025-04-24 11:33:00,105.2950,105.3800
NVDA,2025-04-24 11:34:00,105.3750,105.5250
NVDA,2025-04-24 11:35:00,105.5300,105.4250
NVDA,2025-04-24 11:36:00,105.4202,105.4200
NVDA,2025-04-24 11:37:00,105.4101,105.3700
NVDA,2025-04-24 11:38:00,105.3800,105.3964
NVDA,2025-04-24 11:39:00,105.3900,105.3550
NVDA,2025-04-24 11:40:00,105.3500,105.3100
NVDA,2025-04-24 11:41:00,105.3200,105.3489
NVDA,2025-04-24 11:42:00,105.3400,105.2999
NVDA,2025-04-24 11:43:00,105.3000,105.3100
NVDA,2025-04-24 11:44:00,105.3100,105.2950
NVDA,2025-04-24 11:45:00,105.2950,105.3600
NVDA,2025-04-24 11:46:00,105.3650,105.4600
NVDA,2025-04-24 11:47:00,105.4700,105.4150
NVDA,2025-04-24 11:48:00,105.4150,105.4200
NVDA,2025-04-24 11:49:00,105.4200,105.4900
NVDA,2025-04-24 11:50:00,105.4890,105.3800
NVDA,2025-04-24 11:51:00,105.3850,105.4116
NVDA,2025-04-24 11:52:00,105.4100,105.5850
NVDA,2025-04-24 11:53:00,105.5850,105.7217
NVDA,2025-04-24 11:54:00,105.7250,105.7150
NVDA,2025-04-24 11:55:00,105.7100,105.6999
NVDA,2025-04-24 11:56:00,105.6950,105.5150
NVDA,2025-04-24 11:57:00,105.5189,105.5200
NVDA,2025-04-24 11:58:00,105.5207,105.4850
NVDA,2025-04-24 11:59:00,105.4800,105.2987
NVDA,2025-04-24 12:00:00,105.3000,105.3200
NVDA,2025-04-24 12:01:00,105.3150,105.3700
NVDA,2025-04-24 12:02:00,105.3750,105.4050
NVDA,2025-04-24 12:03:00,105.4000,105.3600
NVDA,2025-04-24 12:04:00,105.3500,105.3100
NVDA,2025-04-24 12:05:00,105.3300,105.2000
NVDA,2025-04-24 12:06:00,105.1950,105.0950
NVDA,2025-04-24 12:07:00,105.0952,105.0801
NVDA,2025-04-24 12:08:00,105.0850,105.1250
NVDA,2025-04-24 12:09:00,105.1300,105.1350
NVDA,2025-04-24 12:10:00,105.1350,105.2250
NVDA,2025-04-24 12:11:00,105.2200,105.2150
NVDA,2025-04-24 12:12:00,105.2100,105.3150
NVDA,2025-04-24 12:13:00,105.3150,105.3250
NVDA,2025-04-24 12:14:00,105.3201,105.4250
NVDA,2025-04-24 12:15:00,105.4250,105.4600
NVDA,2025-04-24 12:16:00,105.4500,105.4883
NVDA,2025-04-24 12:17:00,105.4900,105.6093
NVDA,2025-04-24 12:18:00,105.6036,105.5711
NVDA,2025-04-24 12:19:00,105.5700,105.5450
NVDA,2025-04-24 12:20:00,105.5500,105.5617
NVDA,2025-04-24 12:21:00,105.5600,105.5984
NVDA,2025-04-24 12:22:00,105.6000,105.5599
NVDA,2025-04-24 12:23:00,105.5600,105.5909
NVDA,2025-04-24 12:24:00,105.5950,105.4400
NVDA,2025-04-24 12:25:00,105.4400,105.4683
NVDA,2025-04-24 12:26:00,105.4700,105.4200
NVDA,2025-04-24 12:27:00,105.4150,105.5550
NVDA,2025-04-24 12:28:00,105.5550,105.7847
NVDA,2025-04-24 12:29:00,105.8000,105.7489
NVDA,2025-04-24 12:30:00,105.7400,105.8550
NVDA,2025-04-24 12:31:00,105.8500,105.8700
NVDA,2025-04-24 12:32:00,105.8650,105.9199
NVDA,2025-04-24 12:33:00,105.9101,105.9186
NVDA,2025-04-24 12:34:00,105.9197,105.9601
NVDA,2025-04-24 12:35:00,105.9700,106.0900
NVDA,2025-04-24 12:36:00,106.0950,106.1850
NVDA,2025-04-24 12:37:00,106.1899,106.1298
NVDA,2025-04-24 12:38:00,106.1300,106.0800
NVDA,2025-04-24 12:39:00,106.0899,106.1250
NVDA,2025-04-24 12:40:00,106.1200,105.9716
NVDA,2025-04-24 12:41:00,105.9800,105.8390
NVDA,2025-04-24 12:42:00,105.8400,105.9150
NVDA,2025-04-24 12:43:00,105.9109,105.8250
NVDA,2025-04-24 12:44:00,105.8250,105.8400
NVDA,2025-04-24 12:45:00,105.8350,105.6899
NVDA,2025-04-24 12:46:00,105.6765,105.8414
NVDA,2025-04-24 12:47:00,105.8450,105.8550
NVDA,2025-04-24 12:48:00,105.8501,105.8599
NVDA,2025-04-24 12:49:00,105.8550,105.8050
NVDA,2025-04-24 12:50:00,105.8100,105.8400
NVDA,2025-04-24 12:51:00,105.8500,105.8750
NVDA,2025-04-24 12:52:00,105.8791,105.9400
NVDA,2025-04-24 12:53:00,105.9499,105.8614
NVDA,2025-04-24 12:54:00,105.8700,105.8750
NVDA,2025-04-24 12:55:00,105.8750,106.0400
NVDA,2025-04-24 12:56:00,106.0345,106.1550
NVDA,2025-04-24 12:57:00,106.1600,106.1700
NVDA,2025-04-24 12:58:00,106.1700,106.2300
NVDA,2025-04-24 12:59:00,106.2300,106.1550
NVDA,2025-04-24 13:00:00,106.1550,106.1350
NVDA,2025-04-24 13:01:00,106.1350,106.0800
NVDA,2025-04-24 13:02:00,106.0850,106.0675
NVDA,2025-04-24 13:03:00,106.0600,106.1784
NVDA,2025-04-24 13:04:00,106.1800,106.2324
NVDA,2025-04-24 13:05:00,106.2350,106.2350
NVDA,2025-04-24 13:06:00,106.2350,106.1355
NVDA,2025-04-24 13:07:00,106.1383,106.2100
NVDA,2025-04-24 13:08:00,106.2050,106.1800
NVDA,2025-04-24 13:09:00,106.1800,106.0850
NVDA,2025-04-24 13:10:00,106.0847,106.2245
NVDA,2025-04-24 13:11:00,106.2201,106.3400
NVDA,2025-04-24 13:12:00,106.3470,106.2900
NVDA,2025-04-24 13:13:00,106.2900,106.2291
NVDA,2025-04-24 13:14:00,106.2300,106.2682
NVDA,2025-04-24 13:15:00,106.2688,106.1700
NVDA,2025-04-24 13:16:00,106.1700,106.0950
NVDA,2025-04-24 13:17:00,106.0950,106.0500
NVDA,2025-04-24 13:18:00,106.0445,105.9550
NVDA,2025-04-24 13:19:00,105.9500,106.0250
NVDA,2025-04-24 13:20:00,106.0300,106.0389
NVDA,2025-04-24 13:21:00,106.0350,106.0300
NVDA,2025-04-24 13:22:00,106.0400,106.2200
NVDA,2025-04-24 13:23:00,106.2299,106.2687
NVDA,2025-04-24 13:24:00,106.2699,106.2852
NVDA,2025-04-24 13:25:00,106.2850,106.3450
NVDA,2025-04-24 13:26:00,106.3450,106.2900
NVDA,2025-04-24 13:27:00,106.2900,106.2397
NVDA,2025-04-24 13:28:00,106.2400,106.3400
NVDA,2025-04-24 13:29:00,106.3300,106.2950
NVDA,2025-04-24 13:30:00,106.3000,106.4200
NVDA,2025-04-24 13:31:00,106.4200,106.2650
NVDA,2025-04-24 13:32:00,106.2600,106.2050
NVDA,2025-04-24 13:33:00,106.2050,106.1700
NVDA,2025-04-24 13:34:00,106.1600,106.0850
NVDA,2025-04-24 13:35:00,106.0900,106.0400
NVDA,2025-04-24 13:36:00,106.0350,106.1000
NVDA,2025-04-24 13:37:00,106.1088,106.1250
NVDA,2025-04-24 13:38:00,106.1300,106.1100
NVDA,2025-04-24 13:39:00,106.1000,106.1000
NVDA,2025-04-24 13:40:00,106.1000,106.0650
NVDA,2025-04-24 13:41:00,106.0650,105.8900
NVDA,2025-04-24 13:42:00,105.9000,105.9700
NVDA,2025-04-24 13:43:00,105.9750,105.9555
NVDA,2025-04-24 13:44:00,105.9582,106.0284
NVDA,2025-04-24 13:45:00,106.0296,105.9750
NVDA,2025-04-24 13:46:00,105.9701,106.0700
NVDA,2025-04-24 13:47:00,106.0650,106.1785
NVDA,2025-04-24 13:48:00,106.1700,106.0700
NVDA,2025-04-24 13:49:00,106.0600,106.1600
NVDA,2025-04-24 13:50:00,106.1595,106.1865
NVDA,2025-04-24 13:51:00,106.1850,106.1599
NVDA,2025-04-24 13:52:00,106.1600,106.1711
NVDA,2025-04-24 13:53:00,106.1800,106.2693
NVDA,2025-04-24 13:54:00,106.2650,106.2999
NVDA,2025-04-24 13:55:00,106.2950,106.2652
NVDA,2025-04-24 13:56:00,106.2601,106.3385
NVDA,2025-04-24 13:57:00,106.3399,106.3050
NVDA,2025-04-24 13:58:00,106.3100,106.3600
NVDA,2025-04-24 13:59:00,106.3700,106.2600
NVDA,2025-04-24 14:00:00,106.2550,106.3147
NVDA,2025-04-24 14:01:00,106.3150,106.3550
NVDA,2025-04-24 14:02:00,106.3600,106.2850
NVDA,2025-04-24 14:03:00,106.2850,106.2199
NVDA,2025-04-24 14:04:00,106.2200,106.2200
NVDA,2025-04-24 14:05:00,106.2200,106.2799
NVDA,2025-04-24 14:06:00,106.2750,106.4100
NVDA,2025-04-24 14:07:00,106.4100,106.3650
NVDA,2025-04-24 14:08:00,106.3650,106.4000
NVDA,2025-04-24 14:09:00,106.3950,106.2901
NVDA,2025-04-24 14:10:00,106.2950,106.2750
NVDA,2025-04-24 14:11:00,106.2800,106.2750
NVDA,2025-04-24 14:12:00,106.2735,106.2550
NVDA,2025-04-24 14:13:00,106.2600,106.2950
NVDA,2025-04-24 14:14:00,106.2998,106.2800
NVDA,2025-04-24 14:15:00,106.2800,106.3500
NVDA,2025-04-24 14:16:00,106.3500,106.2950
NVDA,2025-04-24 14:17:00,106.2950,106.1100
NVDA,2025-04-24 14:18:00,106.1083,106.1548
NVDA,2025-04-24 14:19:00,106.1553,106.2250
NVDA,2025-04-24 14:20:00,106.2250,106.1750
NVDA,2025-04-24 14:21:00,106.1650,106.1750
NVDA,2025-04-24 14:22:00,106.1750,106.2850
NVDA,2025-04-24 14:23:00,106.2850,106.3050
NVDA,2025-04-24 14:24:00,106.3050,106.3600
NVDA,2025-04-24 14:25:00,106.3614,106.3750
NVDA,2025-04-24 14:26:00,106.3750,106.3550
NVDA,2025-04-24 14:27:00,106.3600,106.4100
NVDA,2025-04-24 14:28:00,106.4000,106.4100
NVDA,2025-04-24 14:29:00,106.4100,106.3347
NVDA,2025-04-24 14:30:00,106.3300,106.4000
NVDA,2025-04-24 14:31:00,106.3950,106.3700
NVDA,2025-04-24 14:32:00,106.3750,106.3150
NVDA,2025-04-24 14:33:00,106.3155,106.4050
NVDA,2025-04-24 14:34:00,106.4079,106.3801
NVDA,2025-04-24 14:35:00,106.3899,106.4300
NVDA,2025-04-24 14:36:00,106.4300,106.3899
NVDA,2025-04-24 14:37:00,106.3884,106.4155
NVDA,2025-04-24 14:38:00,106.4150,106.4400
NVDA,2025-04-24 14:39:00,106.4400,106.4850
NVDA,2025-04-24 14:40:00,106.4850,106.4400
NVDA,2025-04-24 14:41:00,106.4400,106.3850
NVDA,2025-04-24 14:42:00,106.3800,106.4250
NVDA,2025-04-24 14:43:00,106.4250,106.3300
NVDA,2025-04-24 14:44:00,106.3350,106.3353
NVDA,2025-04-24 14:45:00,106.3400,106.2800
NVDA,2025-04-24 14:46:00,106.2702,106.3750
NVDA,2025-04-24 14:47:00,106.3750,106.4200
NVDA,2025-04-24 14:48:00,106.4150,106.3550
NVDA,2025-04-24 14:49:00,106.3600,106.3900
NVDA,2025-04-24 14:50:00,106.3850,106.4250
NVDA,2025-04-24 14:51:00,106.4200,106.3755
NVDA,2025-04-24 14:52:00,106.3750,106.4150
NVDA,2025-04-24 14:53:00,106.4050,106.4350
NVDA,2025-04-24 14:54:00,106.4350,106.3847
NVDA,2025-04-24 14:55:00,106.3800,106.3586
NVDA,2025-04-24 14:56:00,106.3500,106.3000
NVDA,2025-04-24 14:57:00,106.3000,106.2400
NVDA,2025-04-24 14:58:00,106.2500,106.1900
NVDA,2025-04-24 14:59:00,106.2000,106.1683
NVDA,2025-04-24 15:00:00,106.1600,106.1800
NVDA,2025-04-24 15:01:00,106.1786,106.0350
NVDA,2025-04-24 15:02:00,106.0352,106.0548
NVDA,2025-04-24 15:03:00,106.0555,106.0050
NVDA,2025-04-24 15:04:00,106.0050,105.9300
NVDA,2025-04-24 15:05:00,105.9299,105.9950
NVDA,2025-04-24 15:06:00,105.9950,105.9200
NVDA,2025-04-24 15:07:00,105.9150,105.9400
NVDA,2025-04-24 15:08:00,105.9400,105.9450
NVDA,2025-04-24 15:09:00,105.9450,105.8500
NVDA,2025-04-24 15:10:00,105.8450,105.6883
NVDA,2025-04-24 15:11:00,105.6850,105.7065
NVDA,2025-04-24 15:12:00,105.7019,105.6800
NVDA,2025-04-24 15:13:00,105.6900,105.5420
NVDA,2025-04-24 15:14:00,105.5399,105.7300
NVDA,2025-04-24 15:15:00,105.7250,105.7948
NVDA,2025-04-24 15:16:00,105.8000,105.8600
NVDA,2025-04-24 15:17:00,105.8550,105.9570
NVDA,2025-04-24 15:18:00,105.9600,105.9950
NVDA,2025-04-24 15:19:00,105.9950,105.9650
NVDA,2025-04-24 15:20:00,105.9650,105.8900
NVDA,2025-04-24 15:21:00,105.8898,105.9750
NVDA,2025-04-24 15:22:00,105.9800,106.0248
NVDA,2025-04-24 15:23:00,106.0245,105.9600
NVDA,2025-04-24 15:24:00,105.9600,105.8902
NVDA,2025-04-24 15:25:00,105.8950,105.9650
NVDA,2025-04-24 15:26:00,105.9650,105.9100
NVDA,2025-04-24 15:27:00,105.9100,105.8750
NVDA,2025-04-24 15:28:00,105.8700,105.7850
NVDA,2025-04-24 15:29:00,105.7850,105.7200
NVDA,2025-04-24 15:30:00,105.7250,105.7550
NVDA,2025-04-24 15:31:00,105.7600,105.8500
NVDA,2025-04-24 15:32:00,105.8450,105.8500
NVDA,2025-04-24 15:33:00,105.8500,105.8445
NVDA,2025-04-24 15:34:00,105.8450,105.8650
NVDA,2025-04-24 15:35:00,105.8650,105.9350
NVDA,2025-04-24 15:36:00,105.9350,105.8703
NVDA,2025-04-24 15:37:00,105.8800,106.0000
NVDA,2025-04-24 15:38:00,106.0000,106.0500
NVDA,2025-04-24 15:39:00,106.0550,106.0499
NVDA,2025-04-24 15:40:00,106.0450,106.0450
NVDA,2025-04-24 15:41:00,106.0450,106.1200
NVDA,2025-04-24 15:42:00,106.1200,106.1419
NVDA,2025-04-24 15:43:00,106.1450,106.0812
NVDA,2025-04-24 15:44:00,106.0899,106.0750
NVDA,2025-04-24 15:45:00,106.0750,106.0200
NVDA,2025-04-24 15:46:00,106.0150,106.0555
NVDA,2025-04-24 15:47:00,106.0500,106.1499
NVDA,2025-04-24 15:48:00,106.1450,106.2100
NVDA,2025-04-24 15:49:00,106.2100,106.2875
NVDA,2025-04-24 15:50:00,106.2900,106.2850
NVDA,2025-04-24 15:51:00,106.2900,106.1900
NVDA,2025-04-24 15:52:00,106.1890,106.3691
NVDA,2025-04-24 15:53:00,106.3700,106.4700
NVDA,2025-04-24 15:54:00,106.4701,106.3600
NVDA,2025-04-24 15:55:00,106.3600,106.2350
NVDA,2025-04-24 15:56:00,106.2300,106.3000
NVDA,2025-04-24 15:57:00,106.3000,106.4112
NVDA,2025-04-24 15:58:00,106.4100,106.3600
NVDA,2025-04-24 15:59:00,106.3650,106.3800
NVDA,2025-04-25 09:30:00,106.8500,106.3600
NVDA,2025-04-25 09:31:00,106.3600,106.0600
NVDA,2025-04-25 09:32:00,106.0524,105.8900
NVDA,2025-04-25 09:33:00,105.8800,106.2300
NVDA,2025-04-25 09:34:00,106.2290,107.2500
NVDA,2025-04-25 09:35:00,107.2400,107.0900
NVDA,2025-04-25 09:36:00,107.0969,107.3677
NVDA,2025-04-25 09:37:00,107.3600,107.6739
NVDA,2025-04-25 09:38:00,107.6739,107.3800
NVDA,2025-04-25 09:39:00,107.3800,107.3150
NVDA,2025-04-25 09:40:00,107.3100,107.5300
NVDA,2025-04-25 09:41:00,107.5200,107.2250
NVDA,2025-04-25 09:42:00,107.2300,107.1650
NVDA,2025-04-25 09:43:00,107.1790,107.0000
NVDA,2025-04-25 09:44:00,107.0200,107.0150
NVDA,2025-04-25 09:45:00,107.0150,107.1250
NVDA,2025-04-25 09:46:00,107.1250,106.7958
NVDA,2025-04-25 09:47:00,106.7800,106.7150
NVDA,2025-04-25 09:48:00,106.7100,106.7700
NVDA,2025-04-25 09:49:00,106.7750,106.8700
NVDA,2025-04-25 09:50:00,106.8550,106.7801
NVDA,2025-04-25 09:51:00,106.7850,106.6300
NVDA,2025-04-25 09:52:00,106.6250,106.5600
NVDA,2025-04-25 09:53:00,106.5650,106.4155
NVDA,2025-04-25 09:54:00,106.4200,106.6100
NVDA,2025-04-25 09:55:00,106.6100,106.6900
NVDA,2025-04-25 09:56:00,106.6900,106.7050
NVDA,2025-04-25 09:57:00,106.7050,106.7100
NVDA,2025-04-25 09:58:00,106.7200,107.0099
NVDA,2025-04-25 09:59:00,107.0050,106.8600
NVDA,2025-04-25 10:00:00,106.8600,107.2402
NVDA,2025-04-25 10:01:00,107.2500,107.1400
NVDA,2025-04-25 10:02:00,107.1400,107.3091
NVDA,2025-04-25 10:03:00,107.3000,107.2000
NVDA,2025-04-25 10:04:00,107.2000,107.1300
NVDA,2025-04-25 10:05:00,107.1300,107.2900
NVDA,2025-04-25 10:06:00,107.2900,107.6300
NVDA,2025-04-25 10:07:00,107.6250,107.7445
NVDA,2025-04-25 10:08:00,107.7400,107.8000
NVDA,2025-04-25 10:09:00,107.7882,107.7700
NVDA,2025-04-25 10:10:00,107.7600,107.8000
NVDA,2025-04-25 10:11:00,107.7900,107.8501
NVDA,2025-04-25 10:12:00,107.8596,108.0757
NVDA,2025-04-25 10:13:00,108.0609,107.9100
NVDA,2025-04-25 10:14:00,107.9100,108.0400
NVDA,2025-04-25 10:15:00,108.0400,108.0100
NVDA,2025-04-25 10:16:00,108.0100,107.8450
NVDA,2025-04-25 10:17:00,107.8400,107.9200
NVDA,2025-04-25 10:18:00,107.9200,107.8150
NVDA,2025-04-25 10:19:00,107.8150,107.8550
NVDA,2025-04-25 10:20:00,107.8600,107.8500
NVDA,2025-04-25 10:21:00,107.8450,107.5750
NVDA,2025-04-25 10:22:00,107.5600,107.3000
NVDA,2025-04-25 10:23:00,107.2950,107.3800
NVDA,2025-04-25 10:24:00,107.3600,107.4610
NVDA,2025-04-25 10:25:00,107.4700,107.4450
NVDA,2025-04-25 10:26:00,107.4400,107.4550
NVDA,2025-04-25 10:27:00,107.4514,107.4400
NVDA,2025-04-25 10:28:00,107.4450,107.3450
NVDA,2025-04-25 10:29:00,107.3400,107.5410
NVDA,2025-04-25 10:30:00,107.5500,107.5700
NVDA,2025-04-25 10:31:00,107.5600,107.4452
NVDA,2025-04-25 10:32:00,107.4400,107.6900
NVDA,2025-04-25 10:33:00,107.7000,107.8054
NVDA,2025-04-25 10:34:00,107.8050,107.8900
NVDA,2025-04-25 10:35:00,107.8950,107.7450
NVDA,2025-04-25 10:36:00,107.7450,107.8500
NVDA,2025-04-25 10:37:00,107.8510,107.9200
NVDA,2025-04-25 10:38:00,107.9200,108.0970
NVDA,2025-04-25 10:39:00,108.0900,108.3150
NVDA,2025-04-25 10:40:00,108.3200,108.4299
NVDA,2025-04-25 10:41:00,108.4300,108.3450
NVDA,2025-04-25 10:42:00,108.3500,108.2300
NVDA,2025-04-25 10:43:00,108.2300,108.2900
NVDA,2025-04-25 10:44:00,108.2816,108.3500
NVDA,2025-04-25 10:45:00,108.3500,108.3388
NVDA,2025-04-25 10:46:00,108.3400,108.3588
NVDA,2025-04-25 10:47:00,108.3600,108.3199
NVDA,2025-04-25 10:48:00,108.3199,108.4189
NVDA,2025-04-25 10:49:00,108.4200,108.3600
NVDA,2025-04-25 10:50:00,108.3501,108.0100
NVDA,2025-04-25 10:51:00,108.0100,108.0300
NVDA,2025-04-25 10:52:00,108.0363,108.0602
NVDA,2025-04-25 10:53:00,108.0650,108.2301
NVDA,2025-04-25 10:54:00,108.2350,108.1625
NVDA,2025-04-25 10:55:00,108.1657,108.0750
NVDA,2025-04-25 10:56:00,108.0800,108.0450
NVDA,2025-04-25 10:57:00,108.0450,107.9701
NVDA,2025-04-25 10:58:00,107.9800,107.8831
NVDA,2025-04-25 10:59:00,107.8847,108.0901
NVDA,2025-04-25 11:00:00,108.1000,107.9501
NVDA,2025-04-25 11:01:00,107.9789,108.0050
NVDA,2025-04-25 11:02:00,108.0182,107.9700
NVDA,2025-04-25 11:03:00,107.9650,107.9750
NVDA,2025-04-25 11:04:00,107.9800,108.1100
NVDA,2025-04-25 11:05:00,108.1200,108.1700
NVDA,2025-04-25 11:06:00,108.1699,108.1850
NVDA,2025-04-25 11:07:00,108.1882,108.1700
NVDA,2025-04-25 11:08:00,108.1800,108.1600
NVDA,2025-04-25 11:09:00,108.1500,108.2350
NVDA,2025-04-25 11:10:00,108.2500,108.3800
NVDA,2025-04-25 11:11:00,108.3800,108.3700
NVDA,2025-04-25 11:12:00,108.3650,108.3101
NVDA,2025-04-25 11:13:00,108.3150,108.3889
NVDA,2025-04-25 11:14:00,108.3800,108.4600
NVDA,2025-04-25 11:15:00,108.4550,108.4550
NVDA,2025-04-25 11:16:00,108.4491,108.4050
NVDA,2025-04-25 11:17:00,108.4052,108.4542
NVDA,2025-04-25 11:18:00,108.4650,108.6616
NVDA,2025-04-25 11:19:00,108.6699,108.5900
NVDA,2025-04-25 11:20:00,108.5900,108.8090
NVDA,2025-04-25 11:21:00,108.8050,108.8050
NVDA,2025-04-25 11:22:00,108.8100,108.9250
NVDA,2025-04-25 11:23:00,108.9295,108.9401
NVDA,2025-04-25 11:24:00,108.9450,108.9400
NVDA,2025-04-25 11:25:00,108.9400,108.8142
NVDA,2025-04-25 11:26:00,108.8200,108.7654
NVDA,2025-04-25 11:27:00,108.7700,108.9150
NVDA,2025-04-25 11:28:00,108.9145,108.7700
NVDA,2025-04-25 11:29:00,108.7750,108.6600
NVDA,2025-04-25 11:30:00,108.6600,108.7300
NVDA,2025-04-25 11:31:00,108.7400,108.7050
NVDA,2025-04-25 11:32:00,108.7000,108.6483
NVDA,2025-04-25 11:33:00,108.6490,108.8100
NVDA,2025-04-25 11:34:00,108.8300,108.9050
NVDA,2025-04-25 11:35:00,108.9000,108.9000
NVDA,2025-04-25 11:36:00,108.9000,109.0050
NVDA,2025-04-25 11:37:00,109.0100,109.0599
NVDA,2025-04-25 11:38:00,109.0581,108.8898
NVDA,2025-04-25 11:39:00,108.8900,108.9650
NVDA,2025-04-25 11:40:00,108.9650,109.1750
NVDA,2025-04-25 11:41:00,109.1781,109.2900
NVDA,2025-04-25 11:42:00,109.2850,109.2300
NVDA,2025-04-25 11:43:00,109.2250,109.1163
NVDA,2025-04-25 11:44:00,109.1200,109.0700
NVDA,2025-04-25 11:45:00,109.0800,109.1450
NVDA,2025-04-25 11:46:00,109.1450,109.0399
NVDA,2025-04-25 11:47:00,109.0382,108.9350
NVDA,2025-04-25 11:48:00,108.9383,108.9700
NVDA,2025-04-25 11:49:00,108.9650,108.9900
NVDA,2025-04-25 11:50:00,108.9900,109.0650
NVDA,2025-04-25 11:51:00,109.0700,109.1150
NVDA,2025-04-25 11:52:00,109.1200,109.1800
NVDA,2025-04-25 11:53:00,109.1800,109.1952
NVDA,2025-04-25 11:54:00,109.2000,109.1700
NVDA,2025-04-25 11:55:00,109.1700,109.1699
NVDA,2025-04-25 11:56:00,109.1650,109.1600
NVDA,2025-04-25 11:57:00,109.1800,109.1250
NVDA,2025-04-25 11:58:00,109.1250,109.1600
NVDA,2025-04-25 11:59:00,109.1550,109.0200
NVDA,2025-04-25 12:00:00,109.0250,109.0100
NVDA,2025-04-25 12:01:00,109.0100,109.0150
NVDA,2025-04-25 12:02:00,109.0100,108.9200
NVDA,2025-04-25 12:03:00,108.9184,108.7955
NVDA,2025-04-25 12:04:00,108.7982,108.7776
NVDA,2025-04-25 12:05:00,108.7800,108.8616
NVDA,2025-04-25 12:06:00,108.8650,108.7250
NVDA,2025-04-25 12:07:00,108.7300,108.6599
NVDA,2025-04-25 12:08:00,108.6599,108.6650
NVDA,2025-04-25 12:09:00,108.6700,108.6181
NVDA,2025-04-25 12:10:00,108.6178,108.5450
NVDA,2025-04-25 12:11:00,108.5450,108.6111
NVDA,2025-04-25 12:12:00,108.6200,108.7950
NVDA,2025-04-25 12:13:00,108.7986,108.9000
NVDA,2025-04-25 12:14:00,108.8998,108.8883
NVDA,2025-04-25 12:15:00,108.8885,108.9050
NVDA,2025-04-25 12:16:00,108.9000,109.0000
NVDA,2025-04-25 12:17:00,109.0100,109.0500
NVDA,2025-04-25 12:18:00,109.0450,109.1083
NVDA,2025-04-25 12:19:00,109.1100,109.1300
NVDA,2025-04-25 12:20:00,109.1200,109.1650
NVDA,2025-04-25 12:21:00,109.1600,109.1800
NVDA,2025-04-25 12:22:00,109.1750,109.2699
NVDA,2025-04-25 12:23:00,109.2600,109.3300
NVDA,2025-04-25 12:24:00,109.3200,109.3850
NVDA,2025-04-25 12:25:00,109.3850,109.4501
NVDA,2025-04-25 12:26:00,109.4500,109.3850
NVDA,2025-04-25 12:27:00,109.3850,109.4150
NVDA,2025-04-25 12:28:00,109.4200,109.4782
NVDA,2025-04-25 12:29:00,109.4750,109.4750
NVDA,2025-04-25 12:30:00,109.4750,109.3400
NVDA,2025-04-25 12:31:00,109.3450,109.5200
NVDA,2025-04-25 12:32:00,109.5192,109.7300
NVDA,2025-04-25 12:33:00,109.7300,109.8300
NVDA,2025-04-25 12:34:00,109.8200,109.8350
NVDA,2025-04-25 12:35:00,109.8400,109.9450
NVDA,2025-04-25 12:36:00,109.9450,110.0500
NVDA,2025-04-25 12:37:00,110.0600,110.0285
NVDA,2025-04-25 12:38:00,110.0201,110.0700
NVDA,2025-04-25 12:39:00,110.0600,110.2600
NVDA,2025-04-25 12:40:00,110.2550,110.5401
NVDA,2025-04-25 12:41:00,110.5500,110.4050
NVDA,2025-04-25 12:42:00,110.4083,110.4401
NVDA,2025-04-25 12:43:00,110.4418,110.4550
NVDA,2025-04-25 12:44:00,110.4548,110.4050
NVDA,2025-04-25 12:45:00,110.4050,110.3701
NVDA,2025-04-25 12:46:00,110.3750,110.3586
NVDA,2025-04-25 12:47:00,110.3600,110.2300
NVDA,2025-04-25 12:48:00,110.2211,110.2100
NVDA,2025-04-25 12:49:00,110.2150,110.2800
NVDA,2025-04-25 12:50:00,110.2800,110.3550
NVDA,2025-04-25 12:51:00,110.3600,110.2927
NVDA,2025-04-25 12:52:00,110.2800,110.3100
NVDA,2025-04-25 12:53:00,110.3000,110.4300
NVDA,2025-04-25 12:54:00,110.4250,110.4200
NVDA,2025-04-25 12:55:00,110.4250,110.4295
NVDA,2025-04-25 12:56:00,110.4287,110.6211
NVDA,2025-04-25 12:57:00,110.6284,110.7150
NVDA,2025-04-25 12:58:00,110.7100,110.8750
NVDA,2025-04-25 12:59:00,110.8781,110.9700
NVDA,2025-04-25 13:00:00,110.9720,110.8800
NVDA,2025-04-25 13:01:00,110.8850,110.8200
NVDA,2025-04-25 13:02:00,110.8150,110.6800
NVDA,2025-04-25 13:03:00,110.6750,110.6500
NVDA,2025-04-25 13:04:00,110.6470,110.8000
NVDA,2025-04-25 13:05:00,110.7950,110.9250
NVDA,2025-04-25 13:06:00,110.9263,110.9250
NVDA,2025-04-25 13:07:00,110.9200,111.0916
NVDA,2025-04-25 13:08:00,111.1000,111.1200
NVDA,2025-04-25 13:09:00,111.1200,111.0150
NVDA,2025-04-25 13:10:00,111.0199,110.9800
NVDA,2025-04-25 13:11:00,110.9800,111.0400
NVDA,2025-04-25 13:12:00,111.0487,111.1199
NVDA,2025-04-25 13:13:00,111.1150,111.1550
NVDA,2025-04-25 13:14:00,111.1550,111.2699
NVDA,2025-04-25 13:15:00,111.2650,111.1800
NVDA,2025-04-25 13:16:00,111.1800,111.2600
NVDA,2025-04-25 13:17:00,111.2600,111.4250
NVDA,2025-04-25 13:18:00,111.4250,111.3650
NVDA,2025-04-25 13:19:00,111.3699,111.4900
NVDA,2025-04-25 13:20:00,111.4825,111.6500
NVDA,2025-04-25 13:21:00,111.6450,111.7650
NVDA,2025-04-25 13:22:00,111.7697,111.5900
NVDA,2025-04-25 13:23:00,111.5900,111.6656
NVDA,2025-04-25 13:24:00,111.6650,111.5800
NVDA,2025-04-25 13:25:00,111.5750,111.7501
NVDA,2025-04-25 13:26:00,111.7550,111.8450
NVDA,2025-04-25 13:27:00,111.8400,111.8500
NVDA,2025-04-25 13:28:00,111.8450,111.8600
NVDA,2025-04-25 13:29:00,111.8600,111.8700
NVDA,2025-04-25 13:30:00,111.8600,111.6150
NVDA,2025-04-25 13:31:00,111.6100,111.3550
NVDA,2025-04-25 13:32:00,111.3599,111.3882
NVDA,2025-04-25 13:33:00,111.3888,111.5900
NVDA,2025-04-25 13:34:00,111.5900,111.5201
NVDA,2025-04-25 13:35:00,111.5250,111.5400
NVDA,2025-04-25 13:36:00,111.5350,111.6188
NVDA,2025-04-25 13:37:00,111.6150,111.5600
NVDA,2025-04-25 13:38:00,111.5653,111.0200
NVDA,2025-04-25 13:39:00,111.0200,110.6850
NVDA,2025-04-25 13:40:00,110.6800,110.7698
NVDA,2025-04-25 13:41:00,110.7600,110.9700
NVDA,2025-04-25 13:42:00,110.9900,110.8715
NVDA,2025-04-25 13:43:00,110.8750,110.6589
NVDA,2025-04-25 13:44:00,110.6600,110.7300
NVDA,2025-04-25 13:45:00,110.7300,110.5500
NVDA,2025-04-25 13:46:00,110.5600,110.4820
NVDA,2025-04-25 13:47:00,110.4850,110.3900
NVDA,2025-04-25 13:48:00,110.4000,110.2700
NVDA,2025-04-25 13:49:00,110.2699,110.3700
NVDA,2025-04-25 13:50:00,110.3650,110.0930
NVDA,2025-04-25 13:51:00,110.1250,110.2000
NVDA,2025-04-25 13:52:00,110.1950,110.0899
NVDA,2025-04-25 13:53:00,110.0850,110.1302
NVDA,2025-04-25 13:54:00,110.1323,110.0982
NVDA,2025-04-25 13:55:00,110.0950,110.0050
NVDA,2025-04-25 13:56:00,110.0099,109.9600
NVDA,2025-04-25 13:57:00,109.9550,109.9699
NVDA,2025-04-25 13:58:00,109.9650,110.2280
NVDA,2025-04-25 13:59:00,110.2300,110.3687
NVDA,2025-04-25 14:00:00,110.3600,110.3000
NVDA,2025-04-25 14:01:00,110.2982,110.2287
NVDA,2025-04-25 14:02:00,110.2300,110.3300
NVDA,2025-04-25 14:03:00,110.3300,110.5187
NVDA,2025-04-25 14:04:00,110.5150,110.4550
NVDA,2025-04-25 14:05:00,110.4509,110.4150
NVDA,2025-04-25 14:06:00,110.3999,110.5200
NVDA,2025-04-25 14:07:00,110.5300,110.4900
NVDA,2025-04-25 14:08:00,110.4900,110.5550
NVDA,2025-04-25 14:09:00,110.5570,110.6150
NVDA,2025-04-25 14:10:00,110.6200,110.5850
NVDA,2025-04-25 14:11:00,110.5798,110.4900
NVDA,2025-04-25 14:12:00,110.5000,110.5550
NVDA,2025-04-25 14:13:00,110.5550,110.4899
NVDA,2025-04-25 14:14:00,110.4900,110.4790
NVDA,2025-04-25 14:15:00,110.4750,110.5200
NVDA,2025-04-25 14:16:00,110.5200,110.5150
NVDA,2025-04-25 14:17:00,110.5148,110.5637
NVDA,2025-04-25 14:18:00,110.5600,110.5899
NVDA,2025-04-25 14:19:00,110.5900,110.6300
NVDA,2025-04-25 14:20:00,110.6300,110.6200
NVDA,2025-04-25 14:21:00,110.6200,110.7850
NVDA,2025-04-25 14:22:00,110.7870,110.8550
NVDA,2025-04-25 14:23:00,110.8500,110.9500
NVDA,2025-04-25 14:24:00,110.9470,110.9100
NVDA,2025-04-25 14:25:00,110.9050,111.0800
NVDA,2025-04-25 14:26:00,111.0800,110.9750
NVDA,2025-04-25 14:27:00,110.9750,110.8100
NVDA,2025-04-25 14:28:00,110.8000,110.8350
NVDA,2025-04-25 14:29:00,110.8385,110.8350
NVDA,2025-04-25 14:30:00,110.8400,110.9000
NVDA,2025-04-25 14:31:00,110.8950,110.9100
NVDA,2025-04-25 14:32:00,110.9150,110.9700
NVDA,2025-04-25 14:33:00,110.9700,111.0200
NVDA,2025-04-25 14:34:00,111.0137,110.9700
NVDA,2025-04-25 14:35:00,110.9750,111.0201
NVDA,2025-04-25 14:36:00,111.0287,111.1250
NVDA,2025-04-25 14:37:00,111.1250,111.1593
NVDA,2025-04-25 14:38:00,111.1615,111.2550
NVDA,2025-04-25 14:39:00,111.2550,111.3452
NVDA,2025-04-25 14:40:00,111.3450,111.3715
NVDA,2025-04-25 14:41:00,111.3750,111.2300
NVDA,2025-04-25 14:42:00,111.2350,111.2942
NVDA,2025-04-25 14:43:00,111.2963,111.3101
NVDA,2025-04-25 14:44:00,111.3150,111.2490
NVDA,2025-04-25 14:45:00,111.2500,111.2500
NVDA,2025-04-25 14:46:00,111.2500,111.0400
NVDA,2025-04-25 14:47:00,111.0400,111.1350
NVDA,2025-04-25 14:48:00,111.1301,111.2250
NVDA,2025-04-25 14:49:00,111.2250,111.2650
NVDA,2025-04-25 14:50:00,111.2650,111.1001
NVDA,2025-04-25 14:51:00,111.1000,111.0550
NVDA,2025-04-25 14:52:00,111.0600,110.9950
NVDA,2025-04-25 14:53:00,110.9800,111.1000
NVDA,2025-04-25 14:54:00,111.1100,111.3350
NVDA,2025-04-25 14:55:00,111.3350,111.2800
NVDA,2025-04-25 14:56:00,111.2750,111.0499
NVDA,2025-04-25 14:57:00,111.0400,111.0950
NVDA,2025-04-25 14:58:00,111.0986,111.1750
NVDA,2025-04-25 14:59:00,111.1790,111.0900
NVDA,2025-04-25 15:00:00,111.0900,111.1050
NVDA,2025-04-25 15:01:00,111.1100,111.1400
NVDA,2025-04-25 15:02:00,111.1301,111.1050
NVDA,2025-04-25 15:03:00,111.1050,111.1350
NVDA,2025-04-25 15:04:00,111.1250,111.1080
NVDA,2025-04-25 15:05:00,111.1099,111.0282
NVDA,2025-04-25 15:06:00,111.0300,110.9750
NVDA,2025-04-25 15:07:00,110.9770,111.0189
NVDA,2025-04-25 15:08:00,111.0150,110.8746
NVDA,2025-04-25 15:09:00,110.8750,110.8750
NVDA,2025-04-25 15:10:00,110.8800,110.8550
NVDA,2025-04-25 15:11:00,110.8550,110.6500
NVDA,2025-04-25 15:12:00,110.6450,110.6650
NVDA,2025-04-25 15:13:00,110.6600,110.6545
NVDA,2025-04-25 15:14:00,110.6600,110.7800
NVDA,2025-04-25 15:15:00,110.7801,110.7050
NVDA,2025-04-25 15:16:00,110.7024,110.8850
NVDA,2025-04-25 15:17:00,110.8750,110.9800
NVDA,2025-04-25 15:18:00,110.9950,110.9450
NVDA,2025-04-25 15:19:00,110.9400,110.8801
NVDA,2025-04-25 15:20:00,110.8900,110.8192
NVDA,2025-04-25 15:21:00,110.8200,111.0150
NVDA,2025-04-25 15:22:00,111.0101,110.9600
NVDA,2025-04-25 15:23:00,110.9600,110.9900
NVDA,2025-04-25 15:24:00,110.9850,111.0200
NVDA,2025-04-25 15:25:00,111.0200,110.8900
NVDA,2025-04-25 15:26:00,110.8950,110.8800
NVDA,2025-04-25 15:27:00,110.8900,110.8901
NVDA,2025-04-25 15:28:00,110.8900,110.7890
NVDA,2025-04-25 15:29:00,110.7850,110.7350
NVDA,2025-04-25 15:30:00,110.7400,110.6686
NVDA,2025-04-25 15:31:00,110.6650,110.6150
NVDA,2025-04-25 15:32:00,110.6150,110.6050
NVDA,2025-04-25 15:33:00,110.6050,110.6450
NVDA,2025-04-25 15:34:00,110.6450,110.5501
NVDA,2025-04-25 15:35:00,110.5500,110.5900
NVDA,2025-04-25 15:36:00,110.5885,110.4350
NVDA,2025-04-25 15:37:00,110.4350,110.3050
NVDA,2025-04-25 15:38:00,110.3000,110.3499
NVDA,2025-04-25 15:39:00,110.3401,110.3300
NVDA,2025-04-25 15:40:00,110.3400,110.3100
NVDA,2025-04-25 15:41:00,110.3150,110.2585
NVDA,2025-04-25 15:42:00,110.2585,110.5400
NVDA,2025-04-25 15:43:00,110.5400,110.4700
NVDA,2025-04-25 15:44:00,110.4650,110.5000
NVDA,2025-04-25 15:45:00,110.5100,110.4486
NVDA,2025-04-25 15:46:00,110.4450,110.2882
NVDA,2025-04-25 15:47:00,110.2900,110.2800
NVDA,2025-04-25 15:48:00,110.2850,110.3650
NVDA,2025-04-25 15:49:00,110.3700,110.3887
NVDA,2025-04-25 15:50:00,110.3900,110.7350
NVDA,2025-04-25 15:51:00,110.7400,110.6700
NVDA,2025-04-25 15:52:00,110.6750,110.7350
NVDA,2025-04-25 15:53:00,110.7400,110.7450
NVDA,2025-04-25 15:54:00,110.7500,110.8000
NVDA,2025-04-25 15:55:00,110.8050,110.7400
NVDA,2025-04-25 15:56:00,110.7300,110.7750
NVDA,2025-04-25 15:57:00,110.7750,110.8550
NVDA,2025-04-25 15:58:00,110.8550,110.8050
NVDA,2025-04-25 15:59:00,110.8050,110.9600
