STOCK_SYMBOL,DATE_TIME,OPEN_PRICE,CLOSE_PRICE
TSLA,2025-04-14 09:30:00,258.3600,260.6731
TSLA,2025-04-14 09:31:00,260.7000,259.9059
TSLA,2025-04-14 09:32:00,259.8600,260.4916
TSLA,2025-04-14 09:33:00,260.5400,260.2050
TSLA,2025-04-14 09:34:00,260.1712,259.3255
TSLA,2025-04-14 09:35:00,259.3300,257.4080
TSLA,2025-04-14 09:36:00,257.4020,256.9800
TSLA,2025-04-14 09:37:00,256.9510,257.0850
TSLA,2025-04-14 09:38:00,257.0400,257.7800
TSLA,2025-04-14 09:39:00,257.7800,257.1250
TSLA,2025-04-14 09:40:00,257.1800,255.5000
TSLA,2025-04-14 09:41:00,255.5700,255.4800
TSLA,2025-04-14 09:42:00,255.5500,254.8100
TSLA,2025-04-14 09:43:00,254.8500,253.6267
TSLA,2025-04-14 09:44:00,253.6150,255.2900
TSLA,2025-04-14 09:45:00,255.2900,254.3713
TSLA,2025-04-14 09:46:00,254.5200,253.4700
TSLA,2025-04-14 09:47:00,253.3950,253.2939
TSLA,2025-04-14 09:48:00,253.2400,254.0750
TSLA,2025-04-14 09:49:00,254.1300,254.5601
TSLA,2025-04-14 09:50:00,254.6787,255.3800
TSLA,2025-04-14 09:51:00,255.3790,255.9300
TSLA,2025-04-14 09:52:00,255.8800,255.0727
TSLA,2025-04-14 09:53:00,255.1000,256.2950
TSLA,2025-04-14 09:54:00,256.2001,256.4950
TSLA,2025-04-14 09:55:00,256.4702,256.6195
TSLA,2025-04-14 09:56:00,256.5900,255.9200
TSLA,2025-04-14 09:57:00,255.8964,256.0650
TSLA,2025-04-14 09:58:00,256.0650,257.0000
TSLA,2025-04-14 09:59:00,257.0000,256.3500
TSLA,2025-04-14 10:00:00,256.3550,257.0800
TSLA,2025-04-14 10:01:00,257.1600,258.0000
TSLA,2025-04-14 10:02:00,258.0050,258.3100
TSLA,2025-04-14 10:03:00,258.2600,258.6300
TSLA,2025-04-14 10:04:00,258.7000,259.0100
TSLA,2025-04-14 10:05:00,259.0600,259.2700
TSLA,2025-04-14 10:06:00,259.2900,258.7000
TSLA,2025-04-14 10:07:00,258.7000,258.3700
TSLA,2025-04-14 10:08:00,258.3700,258.0150
TSLA,2025-04-14 10:09:00,258.0500,258.0800
TSLA,2025-04-14 10:10:00,258.1500,257.5800
TSLA,2025-04-14 10:11:00,257.5800,257.2959
TSLA,2025-04-14 10:12:00,257.3300,257.7000
TSLA,2025-04-14 10:13:00,257.7600,257.7100
TSLA,2025-04-14 10:14:00,257.6778,257.6400
TSLA,2025-04-14 10:15:00,257.6700,256.5200
TSLA,2025-04-14 10:16:00,256.5200,256.2000
TSLA,2025-04-14 10:17:00,256.2522,255.8100
TSLA,2025-04-14 10:18:00,255.8200,256.5010
TSLA,2025-04-14 10:19:00,256.5050,256.8476
TSLA,2025-04-14 10:20:00,256.7750,256.7350
TSLA,2025-04-14 10:21:00,256.7700,256.2700
TSLA,2025-04-14 10:22:00,256.3000,256.0900
TSLA,2025-04-14 10:23:00,256.0900,255.6700
TSLA,2025-04-14 10:24:00,255.5975,256.2000
TSLA,2025-04-14 10:25:00,256.2000,255.5000
TSLA,2025-04-14 10:26:00,255.4500,256.2200
TSLA,2025-04-14 10:27:00,256.2900,256.5390
TSLA,2025-04-14 10:28:00,256.5400,257.1900
TSLA,2025-04-14 10:29:00,257.2550,257.2650
TSLA,2025-04-14 10:30:00,257.2650,257.0225
TSLA,2025-04-14 10:31:00,257.0591,256.8500
TSLA,2025-04-14 10:32:00,256.8350,257.5493
TSLA,2025-04-14 10:33:00,257.5550,257.9000
TSLA,2025-04-14 10:34:00,257.9050,257.2300
TSLA,2025-04-14 10:35:00,257.2300,257.5900
TSLA,2025-04-14 10:36:00,257.6100,257.7600
TSLA,2025-04-14 10:37:00,257.7600,257.5700
TSLA,2025-04-14 10:38:00,257.6150,257.6300
TSLA,2025-04-14 10:39:00,257.6100,258.2050
TSLA,2025-04-14 10:40:00,258.2400,257.9388
TSLA,2025-04-14 10:41:00,258.0000,258.3250
TSLA,2025-04-14 10:42:00,258.3250,257.6700
TSLA,2025-04-14 10:43:00,257.6650,257.1350
TSLA,2025-04-14 10:44:00,257.1693,256.5900
TSLA,2025-04-14 10:45:00,256.5813,256.7400
TSLA,2025-04-14 10:46:00,256.7600,255.4600
TSLA,2025-04-14 10:47:00,255.4500,256.0000
TSLA,2025-04-14 10:48:00,256.0000,256.2700
TSLA,2025-04-14 10:49:00,256.2700,256.5700
TSLA,2025-04-14 10:50:00,256.5850,257.1643
TSLA,2025-04-14 10:51:00,257.1005,257.0400
TSLA,2025-04-14 10:52:00,257.0100,257.3404
TSLA,2025-04-14 10:53:00,257.3400,257.0720
TSLA,2025-04-14 10:54:00,257.1050,257.2099
TSLA,2025-04-14 10:55:00,257.2000,256.5000
TSLA,2025-04-14 10:56:00,256.4700,255.8999
TSLA,2025-04-14 10:57:00,255.8800,255.9074
TSLA,2025-04-14 10:58:00,255.9100,255.6117
TSLA,2025-04-14 10:59:00,255.5500,255.4500
TSLA,2025-04-14 11:00:00,255.4300,254.8587
TSLA,2025-04-14 11:01:00,254.8600,255.0299
TSLA,2025-04-14 11:02:00,255.0200,254.6000
TSLA,2025-04-14 11:03:00,254.6546,254.6369
TSLA,2025-04-14 11:04:00,254.7600,254.4650
TSLA,2025-04-14 11:05:00,254.5200,253.8750
TSLA,2025-04-14 11:06:00,253.9200,253.9200
TSLA,2025-04-14 11:07:00,253.8850,253.5892
TSLA,2025-04-14 11:08:00,253.5900,253.7090
TSLA,2025-04-14 11:09:00,253.7000,253.4379
TSLA,2025-04-14 11:10:00,253.4100,254.0150
TSLA,2025-04-14 11:11:00,254.0150,252.9500
TSLA,2025-04-14 11:12:00,253.0000,252.4324
TSLA,2025-04-14 11:13:00,252.4600,252.1024
TSLA,2025-04-14 11:14:00,252.0954,251.9150
TSLA,2025-04-14 11:15:00,251.9150,252.0892
TSLA,2025-04-14 11:16:00,252.1000,251.8000
TSLA,2025-04-14 11:17:00,251.7843,251.2600
TSLA,2025-04-14 11:18:00,251.2100,251.5500
TSLA,2025-04-14 11:19:00,251.5673,251.7050
TSLA,2025-04-14 11:20:00,251.7200,251.0400
TSLA,2025-04-14 11:21:00,251.0200,251.5500
TSLA,2025-04-14 11:22:00,251.5200,251.5348
TSLA,2025-04-14 11:23:00,251.5464,251.1550
TSLA,2025-04-14 11:24:00,251.2100,251.0100
TSLA,2025-04-14 11:25:00,251.0200,250.7496
TSLA,2025-04-14 11:26:00,250.6940,250.3200
TSLA,2025-04-14 11:27:00,250.3300,249.2450
TSLA,2025-04-14 11:28:00,249.2475,249.0099
TSLA,2025-04-14 11:29:00,248.9708,248.9350
TSLA,2025-04-14 11:30:00,248.9500,249.5650
TSLA,2025-04-14 11:31:00,249.5550,249.8600
TSLA,2025-04-14 11:32:00,249.8900,249.8900
TSLA,2025-04-14 11:33:00,249.8550,249.7700
TSLA,2025-04-14 11:34:00,249.7650,249.8253
TSLA,2025-04-14 11:35:00,249.9000,249.5051
TSLA,2025-04-14 11:36:00,249.5300,249.6650
TSLA,2025-04-14 11:37:00,249.6650,248.5108
TSLA,2025-04-14 11:38:00,248.5900,247.9924
TSLA,2025-04-14 11:39:00,248.0094,248.5850
TSLA,2025-04-14 11:40:00,248.6050,248.4300
TSLA,2025-04-14 11:41:00,248.3500,248.6425
TSLA,2025-04-14 11:42:00,248.6400,248.3500
TSLA,2025-04-14 11:43:00,248.3100,248.7700
TSLA,2025-04-14 11:44:00,248.7100,249.3200
TSLA,2025-04-14 11:45:00,249.3000,248.1950
TSLA,2025-04-14 11:46:00,248.1500,247.8650
TSLA,2025-04-14 11:47:00,247.8500,248.7400
TSLA,2025-04-14 11:48:00,248.7428,248.7650
TSLA,2025-04-14 11:49:00,248.7100,249.0100
TSLA,2025-04-14 11:50:00,248.9700,249.1300
TSLA,2025-04-14 11:51:00,249.1791,248.4937
TSLA,2025-04-14 11:52:00,248.4000,248.3300
TSLA,2025-04-14 11:53:00,248.3100,249.4300
TSLA,2025-04-14 11:54:00,249.4500,249.6800
TSLA,2025-04-14 11:55:00,249.7000,250.0500
TSLA,2025-04-14 11:56:00,250.1000,250.1500
TSLA,2025-04-14 11:57:00,250.1800,250.2742
TSLA,2025-04-14 11:58:00,250.2200,249.5600
TSLA,2025-04-14 11:59:00,249.6048,249.0948
TSLA,2025-04-14 12:00:00,249.1000,249.0300
TSLA,2025-04-14 12:01:00,249.0738,249.7100
TSLA,2025-04-14 12:02:00,249.6600,249.3150
TSLA,2025-04-14 12:03:00,249.3600,249.0100
TSLA,2025-04-14 12:04:00,248.9900,249.3200
TSLA,2025-04-14 12:05:00,249.3300,249.1215
TSLA,2025-04-14 12:06:00,249.1700,248.7400
TSLA,2025-04-14 12:07:00,248.7300,248.7200
TSLA,2025-04-14 12:08:00,248.6800,248.5000
TSLA,2025-04-14 12:09:00,248.4461,248.3000
TSLA,2025-04-14 12:10:00,248.3000,247.9901
TSLA,2025-04-14 12:11:00,248.1000,246.3700
TSLA,2025-04-14 12:12:00,246.3625,246.9700
TSLA,2025-04-14 12:13:00,246.9200,247.2800
TSLA,2025-04-14 12:14:00,247.2850,247.5450
TSLA,2025-04-14 12:15:00,247.5900,247.3450
TSLA,2025-04-14 12:16:00,247.3100,247.5000
TSLA,2025-04-14 12:17:00,247.5000,246.9999
TSLA,2025-04-14 12:18:00,246.9925,247.5300
TSLA,2025-04-14 12:19:00,247.5600,248.0338
TSLA,2025-04-14 12:20:00,247.9737,248.0300
TSLA,2025-04-14 12:21:00,248.0863,249.3200
TSLA,2025-04-14 12:22:00,249.2809,248.8315
TSLA,2025-04-14 12:23:00,248.8000,247.9400
TSLA,2025-04-14 12:24:00,247.9111,248.3500
TSLA,2025-04-14 12:25:00,248.3900,247.9903
TSLA,2025-04-14 12:26:00,247.9900,247.7500
TSLA,2025-04-14 12:27:00,247.7712,247.1500
TSLA,2025-04-14 12:28:00,247.1500,247.0500
TSLA,2025-04-14 12:29:00,247.0600,247.0050
TSLA,2025-04-14 12:30:00,246.9800,247.4500
TSLA,2025-04-14 12:31:00,247.3600,248.1600
TSLA,2025-04-14 12:32:00,248.1100,248.3000
TSLA,2025-04-14 12:33:00,248.3500,248.6500
TSLA,2025-04-14 12:34:00,248.6250,248.8811
TSLA,2025-04-14 12:35:00,248.9068,249.0050
TSLA,2025-04-14 12:36:00,249.0025,249.1901
TSLA,2025-04-14 12:37:00,249.2600,249.4400
TSLA,2025-04-14 12:38:00,249.3950,248.9300
TSLA,2025-04-14 12:39:00,248.9300,248.6750
TSLA,2025-04-14 12:40:00,248.6920,249.0000
TSLA,2025-04-14 12:41:00,248.9920,249.0100
TSLA,2025-04-14 12:42:00,248.9900,248.2858
TSLA,2025-04-14 12:43:00,248.3245,248.8000
TSLA,2025-04-14 12:44:00,248.7300,248.8100
TSLA,2025-04-14 12:45:00,248.7800,248.8340
TSLA,2025-04-14 12:46:00,248.8400,248.4800
TSLA,2025-04-14 12:47:00,248.4800,248.4900
TSLA,2025-04-14 12:48:00,248.5000,248.6600
TSLA,2025-04-14 12:49:00,248.6400,248.3636
TSLA,2025-04-14 12:50:00,248.3500,247.6301
TSLA,2025-04-14 12:51:00,247.6500,247.4150
TSLA,2025-04-14 12:52:00,247.4533,246.9576
TSLA,2025-04-14 12:53:00,246.9450,247.1900
TSLA,2025-04-14 12:54:00,247.1900,247.4600
TSLA,2025-04-14 12:55:00,247.4350,247.3600
TSLA,2025-04-14 12:56:00,247.4000,246.6200
TSLA,2025-04-14 12:57:00,246.6200,246.0722
TSLA,2025-04-14 12:58:00,246.1100,246.2100
TSLA,2025-04-14 12:59:00,246.1975,246.2650
TSLA,2025-04-14 13:00:00,246.2650,248.1800
TSLA,2025-04-14 13:01:00,248.1750,248.1000
TSLA,2025-04-14 13:02:00,248.2125,248.0100
TSLA,2025-04-14 13:03:00,248.0564,247.2501
TSLA,2025-04-14 13:04:00,247.2600,247.6800
TSLA,2025-04-14 13:05:00,247.6900,247.7599
TSLA,2025-04-14 13:06:00,247.7600,248.2300
TSLA,2025-04-14 13:07:00,248.2300,248.2550
TSLA,2025-04-14 13:08:00,248.2450,248.3200
TSLA,2025-04-14 13:09:00,248.3841,248.4616
TSLA,2025-04-14 13:10:00,248.4300,248.1250
TSLA,2025-04-14 13:11:00,248.1375,248.2000
TSLA,2025-04-14 13:12:00,248.2400,248.1623
TSLA,2025-04-14 13:13:00,248.1300,248.0200
TSLA,2025-04-14 13:14:00,248.0200,247.7000
TSLA,2025-04-14 13:15:00,247.7635,247.8300
TSLA,2025-04-14 13:16:00,247.7650,247.3394
TSLA,2025-04-14 13:17:00,247.3400,247.6900
TSLA,2025-04-14 13:18:00,247.7200,248.3167
TSLA,2025-04-14 13:19:00,248.2701,248.4500
TSLA,2025-04-14 13:20:00,248.4495,248.4789
TSLA,2025-04-14 13:21:00,248.4500,248.8350
TSLA,2025-04-14 13:22:00,248.8660,248.9880
TSLA,2025-04-14 13:23:00,248.9800,248.8650
TSLA,2025-04-14 13:24:00,248.9100,248.9950
TSLA,2025-04-14 13:25:00,248.9500,248.5950
TSLA,2025-04-14 13:26:00,248.5950,248.6487
TSLA,2025-04-14 13:27:00,248.6800,248.3400
TSLA,2025-04-14 13:28:00,248.3600,248.0454
TSLA,2025-04-14 13:29:00,248.0491,247.9900
TSLA,2025-04-14 13:30:00,247.9700,248.1250
TSLA,2025-04-14 13:31:00,248.1900,247.3770
TSLA,2025-04-14 13:32:00,247.4700,247.9050
TSLA,2025-04-14 13:33:00,247.9350,248.1963
TSLA,2025-04-14 13:34:00,248.2300,247.9800
TSLA,2025-04-14 13:35:00,247.9300,248.0700
TSLA,2025-04-14 13:36:00,248.1433,247.9600
TSLA,2025-04-14 13:37:00,247.9400,248.3000
TSLA,2025-04-14 13:38:00,248.3150,247.8785
TSLA,2025-04-14 13:39:00,247.8600,248.0800
TSLA,2025-04-14 13:40:00,248.0350,247.7400
TSLA,2025-04-14 13:41:00,247.7500,248.0291
TSLA,2025-04-14 13:42:00,248.0700,248.2700
TSLA,2025-04-14 13:43:00,248.2525,248.2500
TSLA,2025-04-14 13:44:00,248.2900,247.6950
TSLA,2025-04-14 13:45:00,247.7276,247.7700
TSLA,2025-04-14 13:46:00,247.8000,247.5550
TSLA,2025-04-14 13:47:00,247.4900,247.3950
TSLA,2025-04-14 13:48:00,247.4199,247.9484
TSLA,2025-04-14 13:49:00,247.9050,248.0700
TSLA,2025-04-14 13:50:00,248.0500,248.1500
TSLA,2025-04-14 13:51:00,248.1575,248.5000
TSLA,2025-04-14 13:52:00,248.5000,248.6200
TSLA,2025-04-14 13:53:00,248.6463,248.9600
TSLA,2025-04-14 13:54:00,248.9700,248.8000
TSLA,2025-04-14 13:55:00,248.7529,248.9400
TSLA,2025-04-14 13:56:00,248.9400,248.7911
TSLA,2025-04-14 13:57:00,248.9100,249.1550
TSLA,2025-04-14 13:58:00,249.1900,249.1163
TSLA,2025-04-14 13:59:00,249.0700,249.0500
TSLA,2025-04-14 14:00:00,248.9900,249.3000
TSLA,2025-04-14 14:01:00,249.2935,249.2900
TSLA,2025-04-14 14:02:00,249.2600,249.4450
TSLA,2025-04-14 14:03:00,249.4300,249.6300
TSLA,2025-04-14 14:04:00,249.6096,249.5000
TSLA,2025-04-14 14:05:00,249.5200,249.2850
TSLA,2025-04-14 14:06:00,249.3300,249.7900
TSLA,2025-04-14 14:07:00,249.7800,249.4050
TSLA,2025-04-14 14:08:00,249.4400,249.5092
TSLA,2025-04-14 14:09:00,249.5426,249.4000
TSLA,2025-04-14 14:10:00,249.3250,248.8550
TSLA,2025-04-14 14:11:00,248.8400,248.5507
TSLA,2025-04-14 14:12:00,248.4712,248.5422
TSLA,2025-04-14 14:13:00,248.5500,248.8000
TSLA,2025-04-14 14:14:00,248.8000,248.6400
TSLA,2025-04-14 14:15:00,248.6400,248.6200
TSLA,2025-04-14 14:16:00,248.6900,248.8995
TSLA,2025-04-14 14:17:00,248.9140,249.0500
TSLA,2025-04-14 14:18:00,249.0494,249.0500
TSLA,2025-04-14 14:19:00,249.1025,249.1250
TSLA,2025-04-14 14:20:00,249.1000,249.4500
TSLA,2025-04-14 14:21:00,249.4567,249.3701
TSLA,2025-04-14 14:22:00,249.4190,249.6612
TSLA,2025-04-14 14:23:00,249.6700,249.4200
TSLA,2025-04-14 14:24:00,249.4074,249.4900
TSLA,2025-04-14 14:25:00,249.5100,249.4300
TSLA,2025-04-14 14:26:00,249.3200,249.3800
TSLA,2025-04-14 14:27:00,249.4200,249.6200
TSLA,2025-04-14 14:28:00,249.6500,249.5000
TSLA,2025-04-14 14:29:00,249.5300,249.1700
TSLA,2025-04-14 14:30:00,249.2329,249.3000
TSLA,2025-04-14 14:31:00,249.2644,249.5300
TSLA,2025-04-14 14:32:00,249.5300,249.3500
TSLA,2025-04-14 14:33:00,249.3900,248.9400
TSLA,2025-04-14 14:34:00,248.9800,249.3100
TSLA,2025-04-14 14:35:00,249.3300,249.5000
TSLA,2025-04-14 14:36:00,249.5650,249.2450
TSLA,2025-04-14 14:37:00,249.2550,249.9300
TSLA,2025-04-14 14:38:00,249.9400,250.2400
TSLA,2025-04-14 14:39:00,250.2400,250.3300
TSLA,2025-04-14 14:40:00,250.3550,250.2500
TSLA,2025-04-14 14:41:00,250.2275,250.8200
TSLA,2025-04-14 14:42:00,250.8100,251.3200
TSLA,2025-04-14 14:43:00,251.3200,251.4440
TSLA,2025-04-14 14:44:00,251.4650,251.4100
TSLA,2025-04-14 14:45:00,251.3800,251.5594
TSLA,2025-04-14 14:46:00,251.5600,251.7400
TSLA,2025-04-14 14:47:00,251.7227,251.9100
TSLA,2025-04-14 14:48:00,251.8509,251.9900
TSLA,2025-04-14 14:49:00,251.9800,251.9500
TSLA,2025-04-14 14:50:00,252.0000,252.2599
TSLA,2025-04-14 14:51:00,252.2400,251.8500
TSLA,2025-04-14 14:52:00,251.8971,251.7425
TSLA,2025-04-14 14:53:00,251.6900,251.5400
TSLA,2025-04-14 14:54:00,251.5356,251.5830
TSLA,2025-04-14 14:55:00,251.5050,251.1800
TSLA,2025-04-14 14:56:00,251.1900,251.3100
TSLA,2025-04-14 14:57:00,251.3100,251.0626
TSLA,2025-04-14 14:58:00,251.0200,251.4900
TSLA,2025-04-14 14:59:00,251.5200,251.2600
TSLA,2025-04-14 15:00:00,251.2550,251.3900
TSLA,2025-04-14 15:01:00,251.3750,250.9100
TSLA,2025-04-14 15:02:00,250.9000,251.2151
TSLA,2025-04-14 15:03:00,251.1400,251.6200
TSLA,2025-04-14 15:04:00,251.6300,252.0000
TSLA,2025-04-14 15:05:00,252.0250,252.6500
TSLA,2025-04-14 15:06:00,252.6600,252.8610
TSLA,2025-04-14 15:07:00,252.8600,253.1389
TSLA,2025-04-14 15:08:00,253.0801,253.2520
TSLA,2025-04-14 15:09:00,253.1907,253.2904
TSLA,2025-04-14 15:10:00,253.3100,252.8001
TSLA,2025-04-14 15:11:00,252.7800,253.3014
TSLA,2025-04-14 15:12:00,253.3245,253.4600
TSLA,2025-04-14 15:13:00,253.4600,253.9283
TSLA,2025-04-14 15:14:00,253.9100,253.6500
TSLA,2025-04-14 15:15:00,253.7000,253.2500
TSLA,2025-04-14 15:16:00,253.2555,253.0200
TSLA,2025-04-14 15:17:00,252.9950,253.4245
TSLA,2025-04-14 15:18:00,253.4450,253.3100
TSLA,2025-04-14 15:19:00,253.3600,253.1100
TSLA,2025-04-14 15:20:00,253.1300,253.0550
TSLA,2025-04-14 15:21:00,253.0300,253.4500
TSLA,2025-04-14 15:22:00,253.4020,253.3270
TSLA,2025-04-14 15:23:00,253.3263,253.4600
TSLA,2025-04-14 15:24:00,253.4600,253.7919
TSLA,2025-04-14 15:25:00,253.8150,253.7359
TSLA,2025-04-14 15:26:00,253.7200,253.4400
TSLA,2025-04-14 15:27:00,253.4009,253.7000
TSLA,2025-04-14 15:28:00,253.6600,253.6600
TSLA,2025-04-14 15:29:00,253.6200,253.4817
TSLA,2025-04-14 15:30:00,253.4400,253.6450
TSLA,2025-04-14 15:31:00,253.6100,253.6850
TSLA,2025-04-14 15:32:00,253.7100,253.6650
TSLA,2025-04-14 15:33:00,253.6550,254.1438
TSLA,2025-04-14 15:34:00,254.0501,254.0600
TSLA,2025-04-14 15:35:00,254.0800,254.1500
TSLA,2025-04-14 15:36:00,254.2132,254.5400
TSLA,2025-04-14 15:37:00,254.5000,254.5050
TSLA,2025-04-14 15:38:00,254.4999,254.7790
TSLA,2025-04-14 15:39:00,254.7500,255.0356
TSLA,2025-04-14 15:40:00,255.0200,255.5910
TSLA,2025-04-14 15:41:00,255.6200,255.7494
TSLA,2025-04-14 15:42:00,255.7200,255.6700
TSLA,2025-04-14 15:43:00,255.6700,255.5950
TSLA,2025-04-14 15:44:00,255.6100,255.3250
TSLA,2025-04-14 15:45:00,255.3500,255.1999
TSLA,2025-04-14 15:46:00,255.2000,255.1300
TSLA,2025-04-14 15:47:00,255.1500,254.9700
TSLA,2025-04-14 15:48:00,254.9750,254.5625
TSLA,2025-04-14 15:49:00,254.5650,254.5500
TSLA,2025-04-14 15:50:00,254.4800,253.3520
TSLA,2025-04-14 15:51:00,253.3200,254.0150
TSLA,2025-04-14 15:52:00,254.0400,253.6499
TSLA,2025-04-14 15:53:00,253.5500,253.8000
TSLA,2025-04-14 15:54:00,253.8300,253.6715
TSLA,2025-04-14 15:55:00,253.7000,253.1751
TSLA,2025-04-14 15:56:00,253.2000,252.8600
TSLA,2025-04-14 15:57:00,252.8505,252.4512
TSLA,2025-04-14 15:58:00,252.4700,252.1300
TSLA,2025-04-14 15:59:00,252.1300,252.3600
TSLA,2025-04-15 09:30:00,249.9100,248.0500
TSLA,2025-04-15 09:31:00,248.0400,248.0923
TSLA,2025-04-15 09:32:00,248.0100,248.9000
TSLA,2025-04-15 09:33:00,248.8400,250.5900
TSLA,2025-04-15 09:34:00,250.5950,250.8200
TSLA,2025-04-15 09:35:00,250.8650,250.5984
TSLA,2025-04-15 09:36:00,250.5200,252.0901
TSLA,2025-04-15 09:37:00,252.1000,252.1597
TSLA,2025-04-15 09:38:00,252.1400,252.4392
TSLA,2025-04-15 09:39:00,252.4800,253.1500
TSLA,2025-04-15 09:40:00,253.1500,253.4100
TSLA,2025-04-15 09:41:00,253.3908,252.3500
TSLA,2025-04-15 09:42:00,252.3300,253.8835
TSLA,2025-04-15 09:43:00,253.8900,253.7150
TSLA,2025-04-15 09:44:00,253.7200,253.2792
TSLA,2025-04-15 09:45:00,253.2700,253.2100
TSLA,2025-04-15 09:46:00,253.1450,253.8001
TSLA,2025-04-15 09:47:00,253.9100,254.4300
TSLA,2025-04-15 09:48:00,254.4900,255.5613
TSLA,2025-04-15 09:49:00,255.5350,254.7189
TSLA,2025-04-15 09:50:00,254.7500,255.0690
TSLA,2025-04-15 09:51:00,255.0825,255.0700
TSLA,2025-04-15 09:52:00,255.0500,255.3897
TSLA,2025-04-15 09:53:00,255.3500,255.0700
TSLA,2025-04-15 09:54:00,255.0905,254.7875
TSLA,2025-04-15 09:55:00,254.7800,255.3000
TSLA,2025-04-15 09:56:00,255.1901,254.9700
TSLA,2025-04-15 09:57:00,254.9500,254.3000
TSLA,2025-04-15 09:58:00,254.3784,254.8600
TSLA,2025-04-15 09:59:00,254.8800,254.5900
TSLA,2025-04-15 10:00:00,254.5300,255.4100
TSLA,2025-04-15 10:01:00,255.4100,255.1501
TSLA,2025-04-15 10:02:00,255.1600,255.0700
TSLA,2025-04-15 10:03:00,255.1219,255.5200
TSLA,2025-04-15 10:04:00,255.4700,255.6756
TSLA,2025-04-15 10:05:00,255.6200,256.4000
TSLA,2025-04-15 10:06:00,256.4000,256.1025
TSLA,2025-04-15 10:07:00,256.1469,256.7700
TSLA,2025-04-15 10:08:00,256.8199,256.4500
TSLA,2025-04-15 10:09:00,256.4000,255.9500
TSLA,2025-04-15 10:10:00,255.9400,255.5800
TSLA,2025-04-15 10:11:00,255.6150,255.9600
TSLA,2025-04-15 10:12:00,255.9800,256.3300
TSLA,2025-04-15 10:13:00,256.3300,256.7550
TSLA,2025-04-15 10:14:00,256.6901,256.4900
TSLA,2025-04-15 10:15:00,256.4450,256.9000
TSLA,2025-04-15 10:16:00,256.9000,257.1600
TSLA,2025-04-15 10:17:00,257.1200,256.5111
TSLA,2025-04-15 10:18:00,256.3951,255.1500
TSLA,2025-04-15 10:19:00,255.1420,254.3578
TSLA,2025-04-15 10:20:00,254.2700,254.5400
TSLA,2025-04-15 10:21:00,254.5400,255.6799
TSLA,2025-04-15 10:22:00,255.6150,256.2400
TSLA,2025-04-15 10:23:00,256.2700,255.5800
TSLA,2025-04-15 10:24:00,255.4207,254.6500
TSLA,2025-04-15 10:25:00,254.6500,254.3375
TSLA,2025-04-15 10:26:00,254.3400,253.7900
TSLA,2025-04-15 10:27:00,253.7500,254.0000
TSLA,2025-04-15 10:28:00,253.9700,254.4601
TSLA,2025-04-15 10:29:00,254.5300,254.1100
TSLA,2025-04-15 10:30:00,254.1492,255.1200
TSLA,2025-04-15 10:31:00,255.1200,254.8100
TSLA,2025-04-15 10:32:00,254.8200,255.2500
TSLA,2025-04-15 10:33:00,255.2200,255.4500
TSLA,2025-04-15 10:34:00,255.4200,255.7580
TSLA,2025-04-15 10:35:00,255.7300,255.3324
TSLA,2025-04-15 10:36:00,255.4100,255.9200
TSLA,2025-04-15 10:37:00,255.9200,255.5049
TSLA,2025-04-15 10:38:00,255.5100,255.2300
TSLA,2025-04-15 10:39:00,255.2700,255.3175
TSLA,2025-04-15 10:40:00,255.3150,255.8000
TSLA,2025-04-15 10:41:00,255.7800,256.3700
TSLA,2025-04-15 10:42:00,256.3406,257.1550
TSLA,2025-04-15 10:43:00,257.1800,258.6100
TSLA,2025-04-15 10:44:00,258.6300,258.2129
TSLA,2025-04-15 10:45:00,258.1600,258.1300
TSLA,2025-04-15 10:46:00,258.1600,257.2500
TSLA,2025-04-15 10:47:00,257.3500,257.5220
TSLA,2025-04-15 10:48:00,257.5200,257.0050
TSLA,2025-04-15 10:49:00,257.0050,256.9300
TSLA,2025-04-15 10:50:00,256.9850,256.3400
TSLA,2025-04-15 10:51:00,256.3482,256.7500
TSLA,2025-04-15 10:52:00,256.8050,256.4627
TSLA,2025-04-15 10:53:00,256.5491,256.8114
TSLA,2025-04-15 10:54:00,256.8300,256.8200
TSLA,2025-04-15 10:55:00,256.9200,257.0800
TSLA,2025-04-15 10:56:00,257.1000,256.9800
TSLA,2025-04-15 10:57:00,257.1000,257.0250
TSLA,2025-04-15 10:58:00,257.0250,256.2600
TSLA,2025-04-15 10:59:00,256.2300,255.7963
TSLA,2025-04-15 11:00:00,255.7975,256.2309
TSLA,2025-04-15 11:01:00,256.2523,256.3750
TSLA,2025-04-15 11:02:00,256.4016,256.5673
TSLA,2025-04-15 11:03:00,256.5100,256.2459
TSLA,2025-04-15 11:04:00,256.2450,256.3600
TSLA,2025-04-15 11:05:00,256.4499,256.2500
TSLA,2025-04-15 11:06:00,256.2550,255.5400
TSLA,2025-04-15 11:07:00,255.5072,255.6000
TSLA,2025-04-15 11:08:00,255.6199,255.3845
TSLA,2025-04-15 11:09:00,255.3650,255.5088
TSLA,2025-04-15 11:10:00,255.4700,255.8600
TSLA,2025-04-15 11:11:00,255.7600,255.4000
TSLA,2025-04-15 11:12:00,255.4400,256.1700
TSLA,2025-04-15 11:13:00,256.1600,255.9900
TSLA,2025-04-15 11:14:00,255.9700,256.4608
TSLA,2025-04-15 11:15:00,256.4388,256.5834
TSLA,2025-04-15 11:16:00,256.5500,256.7600
TSLA,2025-04-15 11:17:00,256.7100,256.9000
TSLA,2025-04-15 11:18:00,256.8300,256.9045
TSLA,2025-04-15 11:19:00,256.8500,256.8600
TSLA,2025-04-15 11:20:00,256.8100,257.5500
TSLA,2025-04-15 11:21:00,257.5007,257.3400
TSLA,2025-04-15 11:22:00,257.3300,257.2200
TSLA,2025-04-15 11:23:00,257.2398,256.6000
TSLA,2025-04-15 11:24:00,256.6100,256.6950
TSLA,2025-04-15 11:25:00,256.7352,255.8500
TSLA,2025-04-15 11:26:00,255.8500,255.8150
TSLA,2025-04-15 11:27:00,255.8482,255.8500
TSLA,2025-04-15 11:28:00,255.8500,255.5000
TSLA,2025-04-15 11:29:00,255.4609,255.2258
TSLA,2025-04-15 11:30:00,255.2900,255.6200
TSLA,2025-04-15 11:31:00,255.6100,256.0489
TSLA,2025-04-15 11:32:00,256.0100,255.7500
TSLA,2025-04-15 11:33:00,255.7500,255.6000
TSLA,2025-04-15 11:34:00,255.6000,255.3008
TSLA,2025-04-15 11:35:00,255.3000,255.1150
TSLA,2025-04-15 11:36:00,255.1200,254.3255
TSLA,2025-04-15 11:37:00,254.3217,254.4400
TSLA,2025-04-15 11:38:00,254.4400,254.5241
TSLA,2025-04-15 11:39:00,254.6000,254.9700
TSLA,2025-04-15 11:40:00,254.9600,254.9900
TSLA,2025-04-15 11:41:00,254.9850,255.2000
TSLA,2025-04-15 11:42:00,255.2000,255.1090
TSLA,2025-04-15 11:43:00,255.0950,254.9006
TSLA,2025-04-15 11:44:00,254.9000,255.0050
TSLA,2025-04-15 11:45:00,254.9845,255.4106
TSLA,2025-04-15 11:46:00,255.4100,255.0700
TSLA,2025-04-15 11:47:00,255.0500,254.8050
TSLA,2025-04-15 11:48:00,254.8436,254.4300
TSLA,2025-04-15 11:49:00,254.4300,254.6400
TSLA,2025-04-15 11:50:00,254.6937,254.4313
TSLA,2025-04-15 11:51:00,254.4300,254.0700
TSLA,2025-04-15 11:52:00,254.0850,255.0800
TSLA,2025-04-15 11:53:00,255.0529,255.7491
TSLA,2025-04-15 11:54:00,255.7400,255.4100
TSLA,2025-04-15 11:55:00,255.4000,255.2000
TSLA,2025-04-15 11:56:00,255.2051,254.8000
TSLA,2025-04-15 11:57:00,254.8899,255.2800
TSLA,2025-04-15 11:58:00,255.3300,255.4050
TSLA,2025-04-15 11:59:00,255.4600,255.4900
TSLA,2025-04-15 12:00:00,255.5200,255.4100
TSLA,2025-04-15 12:01:00,255.4255,255.8100
TSLA,2025-04-15 12:02:00,255.7708,255.6590
TSLA,2025-04-15 12:03:00,255.6450,255.8401
TSLA,2025-04-15 12:04:00,255.8800,256.0000
TSLA,2025-04-15 12:05:00,255.9000,255.9300
TSLA,2025-04-15 12:06:00,255.8711,256.1292
TSLA,2025-04-15 12:07:00,256.1000,255.5600
TSLA,2025-04-15 12:08:00,255.6000,255.6029
TSLA,2025-04-15 12:09:00,255.6032,255.8550
TSLA,2025-04-15 12:10:00,255.8550,256.0296
TSLA,2025-04-15 12:11:00,256.0000,255.9900
TSLA,2025-04-15 12:12:00,255.9410,255.9000
TSLA,2025-04-15 12:13:00,255.9200,255.3600
TSLA,2025-04-15 12:14:00,255.4800,255.6700
TSLA,2025-04-15 12:15:00,255.6700,255.7200
TSLA,2025-04-15 12:16:00,255.7200,255.9600
TSLA,2025-04-15 12:17:00,255.9300,255.4231
TSLA,2025-04-15 12:18:00,255.4550,255.1150
TSLA,2025-04-15 12:19:00,255.1799,255.3900
TSLA,2025-04-15 12:20:00,255.4000,255.2399
TSLA,2025-04-15 12:21:00,255.1700,255.0400
TSLA,2025-04-15 12:22:00,254.9992,255.5350
TSLA,2025-04-15 12:23:00,255.5600,255.7400
TSLA,2025-04-15 12:24:00,255.7481,255.6043
TSLA,2025-04-15 12:25:00,255.6075,255.7500
TSLA,2025-04-15 12:26:00,255.7800,255.4292
TSLA,2025-04-15 12:27:00,255.4000,255.5200
TSLA,2025-04-15 12:28:00,255.5100,255.1000
TSLA,2025-04-15 12:29:00,255.1000,255.2200
TSLA,2025-04-15 12:30:00,255.2300,255.3888
TSLA,2025-04-15 12:31:00,255.4473,255.1200
TSLA,2025-04-15 12:32:00,255.1200,255.5600
TSLA,2025-04-15 12:33:00,255.5800,255.0700
TSLA,2025-04-15 12:34:00,255.1288,254.9569
TSLA,2025-04-15 12:35:00,255.0000,255.0139
TSLA,2025-04-15 12:36:00,254.9600,254.9050
TSLA,2025-04-15 12:37:00,254.9599,254.7950
TSLA,2025-04-15 12:38:00,254.8155,254.7850
TSLA,2025-04-15 12:39:00,254.7990,254.4550
TSLA,2025-04-15 12:40:00,254.4600,254.7000
TSLA,2025-04-15 12:41:00,254.6952,254.4006
TSLA,2025-04-15 12:42:00,254.4000,254.7300
TSLA,2025-04-15 12:43:00,254.7250,254.8650
TSLA,2025-04-15 12:44:00,254.8200,255.0200
TSLA,2025-04-15 12:45:00,255.1107,255.1500
TSLA,2025-04-15 12:46:00,255.1400,255.3838
TSLA,2025-04-15 12:47:00,255.3887,255.4192
TSLA,2025-04-15 12:48:00,255.4000,255.0400
TSLA,2025-04-15 12:49:00,254.9950,254.8850
TSLA,2025-04-15 12:50:00,254.8501,254.7200
TSLA,2025-04-15 12:51:00,254.6600,254.7000
TSLA,2025-04-15 12:52:00,254.7499,254.1300
TSLA,2025-04-15 12:53:00,254.1400,254.0200
TSLA,2025-04-15 12:54:00,254.0450,253.6487
TSLA,2025-04-15 12:55:00,253.6100,252.9370
TSLA,2025-04-15 12:56:00,252.9399,253.1600
TSLA,2025-04-15 12:57:00,253.1500,252.6000
TSLA,2025-04-15 12:58:00,252.5700,252.8643
TSLA,2025-04-15 12:59:00,252.8106,252.6850
TSLA,2025-04-15 13:00:00,252.6400,252.2870
TSLA,2025-04-15 13:01:00,252.3400,252.7011
TSLA,2025-04-15 13:02:00,252.7807,252.6120
TSLA,2025-04-15 13:03:00,252.5900,253.1100
TSLA,2025-04-15 13:04:00,253.1142,252.9600
TSLA,2025-04-15 13:05:00,252.9300,252.9397
TSLA,2025-04-15 13:06:00,252.9093,253.2300
TSLA,2025-04-15 13:07:00,253.1961,253.1175
TSLA,2025-04-15 13:08:00,253.1200,253.1500
TSLA,2025-04-15 13:09:00,253.1000,252.9150
TSLA,2025-04-15 13:10:00,252.9300,252.8500
TSLA,2025-04-15 13:11:00,252.7911,252.9200
TSLA,2025-04-15 13:12:00,252.9400,252.5200
TSLA,2025-04-15 13:13:00,252.5900,252.8433
TSLA,2025-04-15 13:14:00,252.7700,252.8799
TSLA,2025-04-15 13:15:00,252.8653,252.7291
TSLA,2025-04-15 13:16:00,252.7244,252.3550
TSLA,2025-04-15 13:17:00,252.3500,252.5100
TSLA,2025-04-15 13:18:00,252.4500,253.0450
TSLA,2025-04-15 13:19:00,252.9600,252.8000
TSLA,2025-04-15 13:20:00,252.7500,252.9100
TSLA,2025-04-15 13:21:00,252.9150,252.6092
TSLA,2025-04-15 13:22:00,252.6439,252.3200
TSLA,2025-04-15 13:23:00,252.3200,252.0500
TSLA,2025-04-15 13:24:00,252.0400,252.3894
TSLA,2025-04-15 13:25:00,252.3600,251.8299
TSLA,2025-04-15 13:26:00,251.8000,252.2450
TSLA,2025-04-15 13:27:00,252.3000,252.1550
TSLA,2025-04-15 13:28:00,252.1800,252.2700
TSLA,2025-04-15 13:29:00,252.2000,252.1499
TSLA,2025-04-15 13:30:00,252.0800,252.9700
TSLA,2025-04-15 13:31:00,252.9300,252.8300
TSLA,2025-04-15 13:32:00,252.8600,252.6400
TSLA,2025-04-15 13:33:00,252.6300,252.7150
TSLA,2025-04-15 13:34:00,252.7000,252.7368
TSLA,2025-04-15 13:35:00,252.6500,252.7100
TSLA,2025-04-15 13:36:00,252.6500,252.8150
TSLA,2025-04-15 13:37:00,252.8500,253.2100
TSLA,2025-04-15 13:38:00,253.2349,253.1700
TSLA,2025-04-15 13:39:00,253.2488,253.4261
TSLA,2025-04-15 13:40:00,253.4200,253.8400
TSLA,2025-04-15 13:41:00,253.8000,253.5999
TSLA,2025-04-15 13:42:00,253.5306,253.4250
TSLA,2025-04-15 13:43:00,253.4150,253.6000
TSLA,2025-04-15 13:44:00,253.6800,253.5900
TSLA,2025-04-15 13:45:00,253.5900,253.1000
TSLA,2025-04-15 13:46:00,253.1308,253.2700
TSLA,2025-04-15 13:47:00,253.3300,253.2300
TSLA,2025-04-15 13:48:00,253.2300,253.3400
TSLA,2025-04-15 13:49:00,253.3900,253.3300
TSLA,2025-04-15 13:50:00,253.3000,253.2200
TSLA,2025-04-15 13:51:00,253.2200,252.8950
TSLA,2025-04-15 13:52:00,252.8950,252.8031
TSLA,2025-04-15 13:53:00,252.8100,252.2600
TSLA,2025-04-15 13:54:00,252.2400,252.1739
TSLA,2025-04-15 13:55:00,252.1400,252.3000
TSLA,2025-04-15 13:56:00,252.3050,252.2837
TSLA,2025-04-15 13:57:00,252.2600,252.5100
TSLA,2025-04-15 13:58:00,252.4950,252.6003
TSLA,2025-04-15 13:59:00,252.6943,252.6693
TSLA,2025-04-15 14:00:00,252.6350,252.6716
TSLA,2025-04-15 14:01:00,252.7150,252.4000
TSLA,2025-04-15 14:02:00,252.3900,252.3600
TSLA,2025-04-15 14:03:00,252.3700,252.2213
TSLA,2025-04-15 14:04:00,252.2400,252.3900
TSLA,2025-04-15 14:05:00,252.3300,252.0900
TSLA,2025-04-15 14:06:00,252.1000,252.1500
TSLA,2025-04-15 14:07:00,252.1100,252.2975
TSLA,2025-04-15 14:08:00,252.3696,252.2200
TSLA,2025-04-15 14:09:00,252.2300,252.1000
TSLA,2025-04-15 14:10:00,252.0550,251.9700
TSLA,2025-04-15 14:11:00,251.9100,251.7600
TSLA,2025-04-15 14:12:00,251.7201,251.7100
TSLA,2025-04-15 14:13:00,251.7250,251.5601
TSLA,2025-04-15 14:14:00,251.5600,251.4972
TSLA,2025-04-15 14:15:00,251.4400,250.9001
TSLA,2025-04-15 14:16:00,250.9400,251.2343
TSLA,2025-04-15 14:17:00,251.2301,251.2000
TSLA,2025-04-15 14:18:00,251.2369,251.4200
TSLA,2025-04-15 14:19:00,251.3900,251.0596
TSLA,2025-04-15 14:20:00,251.0350,251.1050
TSLA,2025-04-15 14:21:00,251.0950,250.9900
TSLA,2025-04-15 14:22:00,251.0100,251.4714
TSLA,2025-04-15 14:23:00,251.4500,251.5250
TSLA,2025-04-15 14:24:00,251.5500,251.5900
TSLA,2025-04-15 14:25:00,251.5700,251.9300
TSLA,2025-04-15 14:26:00,251.9698,251.9000
TSLA,2025-04-15 14:27:00,251.9736,251.5875
TSLA,2025-04-15 14:28:00,251.5400,251.7450
TSLA,2025-04-15 14:29:00,251.7900,251.9217
TSLA,2025-04-15 14:30:00,251.8825,252.1491
TSLA,2025-04-15 14:31:00,252.1500,252.4000
TSLA,2025-04-15 14:32:00,252.4250,252.5200
TSLA,2025-04-15 14:33:00,252.5050,252.3200
TSLA,2025-04-15 14:34:00,252.3300,252.5600
TSLA,2025-04-15 14:35:00,252.6000,252.5605
TSLA,2025-04-15 14:36:00,252.5900,252.7900
TSLA,2025-04-15 14:37:00,252.7400,252.4800
TSLA,2025-04-15 14:38:00,252.3954,252.2600
TSLA,2025-04-15 14:39:00,252.2900,252.2100
TSLA,2025-04-15 14:40:00,252.2400,252.0100
TSLA,2025-04-15 14:41:00,252.0876,252.4700
TSLA,2025-04-15 14:42:00,252.4700,252.2600
TSLA,2025-04-15 14:43:00,252.2750,252.2300
TSLA,2025-04-15 14:44:00,252.2150,252.4550
TSLA,2025-04-15 14:45:00,252.4400,252.6200
TSLA,2025-04-15 14:46:00,252.6699,252.6001
TSLA,2025-04-15 14:47:00,252.6050,252.5250
TSLA,2025-04-15 14:48:00,252.5250,252.3700
TSLA,2025-04-15 14:49:00,252.3700,252.4800
TSLA,2025-04-15 14:50:00,252.4600,252.4800
TSLA,2025-04-15 14:51:00,252.4700,252.4400
TSLA,2025-04-15 14:52:00,252.4800,252.1400
TSLA,2025-04-15 14:53:00,252.1399,252.3600
TSLA,2025-04-15 14:54:00,252.4000,252.4500
TSLA,2025-04-15 14:55:00,252.4350,252.5750
TSLA,2025-04-15 14:56:00,252.5300,252.4900
TSLA,2025-04-15 14:57:00,252.4900,252.8350
TSLA,2025-04-15 14:58:00,252.8350,252.7250
TSLA,2025-04-15 14:59:00,252.7400,252.3625
TSLA,2025-04-15 15:00:00,252.3650,252.5778
TSLA,2025-04-15 15:01:00,252.5600,252.2100
TSLA,2025-04-15 15:02:00,252.2100,252.3141
TSLA,2025-04-15 15:03:00,252.2850,252.2300
TSLA,2025-04-15 15:04:00,252.1500,252.5450
TSLA,2025-04-15 15:05:00,252.5000,252.6590
TSLA,2025-04-15 15:06:00,252.6948,252.9506
TSLA,2025-04-15 15:07:00,252.9500,252.7450
TSLA,2025-04-15 15:08:00,252.7900,252.8101
TSLA,2025-04-15 15:09:00,252.8600,252.8050
TSLA,2025-04-15 15:10:00,252.7900,252.9100
TSLA,2025-04-15 15:11:00,252.9100,252.5001
TSLA,2025-04-15 15:12:00,252.5300,252.6001
TSLA,2025-04-15 15:13:00,252.6500,253.2164
TSLA,2025-04-15 15:14:00,253.2252,253.3799
TSLA,2025-04-15 15:15:00,253.3800,253.4000
TSLA,2025-04-15 15:16:00,253.4050,253.2900
TSLA,2025-04-15 15:17:00,253.2900,253.3200
TSLA,2025-04-15 15:18:00,253.3400,253.1350
TSLA,2025-04-15 15:19:00,253.1500,253.2290
TSLA,2025-04-15 15:20:00,253.2500,252.9250
TSLA,2025-04-15 15:21:00,252.9700,253.1250
TSLA,2025-04-15 15:22:00,253.1799,253.2490
TSLA,2025-04-15 15:23:00,253.2499,252.9350
TSLA,2025-04-15 15:24:00,252.9100,252.9550
TSLA,2025-04-15 15:25:00,252.9200,252.3820
TSLA,2025-04-15 15:26:00,252.4400,252.1300
TSLA,2025-04-15 15:27:00,252.1001,252.1190
TSLA,2025-04-15 15:28:00,252.1150,252.0050
TSLA,2025-04-15 15:29:00,251.9707,252.1297
TSLA,2025-04-15 15:30:00,252.1150,252.4500
TSLA,2025-04-15 15:31:00,252.4407,252.2600
TSLA,2025-04-15 15:32:00,252.2900,252.5964
TSLA,2025-04-15 15:33:00,252.5600,252.5000
TSLA,2025-04-15 15:34:00,252.4800,252.3245
TSLA,2025-04-15 15:35:00,252.2900,252.4700
TSLA,2025-04-15 15:36:00,252.5300,252.1000
TSLA,2025-04-15 15:37:00,252.1300,252.4000
TSLA,2025-04-15 15:38:00,252.3585,252.3700
TSLA,2025-04-15 15:39:00,252.3900,252.3200
TSLA,2025-04-15 15:40:00,252.2600,252.3700
TSLA,2025-04-15 15:41:00,252.4700,252.6500
TSLA,2025-04-15 15:42:00,252.6800,252.6500
TSLA,2025-04-15 15:43:00,252.6500,252.8800
TSLA,2025-04-15 15:44:00,252.8800,252.7900
TSLA,2025-04-15 15:45:00,252.8593,252.6346
TSLA,2025-04-15 15:46:00,252.6200,252.5900
TSLA,2025-04-15 15:47:00,252.5200,252.7500
TSLA,2025-04-15 15:48:00,252.7300,252.7100
TSLA,2025-04-15 15:49:00,252.7438,252.9700
TSLA,2025-04-15 15:50:00,252.9900,253.3400
TSLA,2025-04-15 15:51:00,253.2701,253.5699
TSLA,2025-04-15 15:52:00,253.5495,253.8550
TSLA,2025-04-15 15:53:00,253.8700,253.8200
TSLA,2025-04-15 15:54:00,253.7900,253.7200
TSLA,2025-04-15 15:55:00,253.7350,253.5930
TSLA,2025-04-15 15:56:00,253.6050,254.0220
TSLA,2025-04-15 15:57:00,254.0200,253.9800
TSLA,2025-04-15 15:58:00,254.0000,253.9210
TSLA,2025-04-15 15:59:00,253.9600,254.1200
TSLA,2025-04-16 09:30:00,247.6100,247.5700
TSLA,2025-04-16 09:31:00,247.5700,249.3851
TSLA,2025-04-16 09:32:00,249.4976,249.8817
TSLA,2025-04-16 09:33:00,249.8700,249.7300
TSLA,2025-04-16 09:34:00,249.7100,248.9000
TSLA,2025-04-16 09:35:00,248.8300,249.3900
TSLA,2025-04-16 09:36:00,249.4100,249.3300
TSLA,2025-04-16 09:37:00,249.4100,249.8800
TSLA,2025-04-16 09:38:00,249.7950,250.1288
TSLA,2025-04-16 09:39:00,250.1300,249.6100
TSLA,2025-04-16 09:40:00,249.6100,248.9878
TSLA,2025-04-16 09:41:00,248.9891,249.5800
TSLA,2025-04-16 09:42:00,249.5900,249.9084
TSLA,2025-04-16 09:43:00,249.9100,249.2300
TSLA,2025-04-16 09:44:00,249.2000,248.7200
TSLA,2025-04-16 09:45:00,248.7001,248.2000
TSLA,2025-04-16 09:46:00,248.1800,248.2196
TSLA,2025-04-16 09:47:00,248.2650,248.7742
TSLA,2025-04-16 09:48:00,248.7250,248.4800
TSLA,2025-04-16 09:49:00,248.5000,248.6700
TSLA,2025-04-16 09:50:00,248.6100,249.1400
TSLA,2025-04-16 09:51:00,249.1400,248.3200
TSLA,2025-04-16 09:52:00,248.2600,247.8700
TSLA,2025-04-16 09:53:00,247.8700,247.9600
TSLA,2025-04-16 09:54:00,247.9508,248.3965
TSLA,2025-04-16 09:55:00,248.3900,248.0300
TSLA,2025-04-16 09:56:00,248.0400,248.2800
TSLA,2025-04-16 09:57:00,248.2800,248.4650
TSLA,2025-04-16 09:58:00,248.4400,248.0000
TSLA,2025-04-16 09:59:00,247.9924,247.5800
TSLA,2025-04-16 10:00:00,247.5701,248.1989
TSLA,2025-04-16 10:01:00,248.1600,248.0550
TSLA,2025-04-16 10:02:00,248.0200,248.0408
TSLA,2025-04-16 10:03:00,248.0400,248.0500
TSLA,2025-04-16 10:04:00,248.0956,248.4200
TSLA,2025-04-16 10:05:00,248.4350,249.6922
TSLA,2025-04-16 10:06:00,249.7300,249.4500
TSLA,2025-04-16 10:07:00,249.4899,249.5950
TSLA,2025-04-16 10:08:00,249.5700,249.4800
TSLA,2025-04-16 10:09:00,249.4900,249.4100
TSLA,2025-04-16 10:10:00,249.4900,249.2749
TSLA,2025-04-16 10:11:00,249.2850,249.4229
TSLA,2025-04-16 10:12:00,249.5128,249.3575
TSLA,2025-04-16 10:13:00,249.4000,249.4600
TSLA,2025-04-16 10:14:00,249.4341,249.0400
TSLA,2025-04-16 10:15:00,249.0500,249.0600
TSLA,2025-04-16 10:16:00,249.0973,248.5950
TSLA,2025-04-16 10:17:00,248.5950,248.5215
TSLA,2025-04-16 10:18:00,248.5200,248.1425
TSLA,2025-04-16 10:19:00,248.1450,248.6500
TSLA,2025-04-16 10:20:00,248.6900,249.0700
TSLA,2025-04-16 10:21:00,249.0900,249.3225
TSLA,2025-04-16 10:22:00,249.2950,249.5550
TSLA,2025-04-16 10:23:00,249.5550,249.3850
TSLA,2025-04-16 10:24:00,249.4300,249.4871
TSLA,2025-04-16 10:25:00,249.5000,250.2150
TSLA,2025-04-16 10:26:00,250.1931,249.9950
TSLA,2025-04-16 10:27:00,250.0100,249.7950
TSLA,2025-04-16 10:28:00,249.8100,249.8400
TSLA,2025-04-16 10:29:00,249.8575,250.0471
TSLA,2025-04-16 10:30:00,250.0100,249.7800
TSLA,2025-04-16 10:31:00,249.8200,249.5000
TSLA,2025-04-16 10:32:00,249.5000,249.4400
TSLA,2025-04-16 10:33:00,249.4500,249.5800
TSLA,2025-04-16 10:34:00,249.5800,249.6100
TSLA,2025-04-16 10:35:00,249.6000,249.7659
TSLA,2025-04-16 10:36:00,249.7300,249.0070
TSLA,2025-04-16 10:37:00,248.9300,248.5580
TSLA,2025-04-16 10:38:00,248.5294,248.7550
TSLA,2025-04-16 10:39:00,248.7550,248.9800
TSLA,2025-04-16 10:40:00,248.9968,249.1300
TSLA,2025-04-16 10:41:00,249.1150,249.5600
TSLA,2025-04-16 10:42:00,249.5600,249.6350
TSLA,2025-04-16 10:43:00,249.6350,250.0577
TSLA,2025-04-16 10:44:00,250.0600,250.1800
TSLA,2025-04-16 10:45:00,250.1550,249.9688
TSLA,2025-04-16 10:46:00,249.9400,249.8500
TSLA,2025-04-16 10:47:00,249.8525,249.5700
TSLA,2025-04-16 10:48:00,249.5800,249.3100
TSLA,2025-04-16 10:49:00,249.2807,249.2567
TSLA,2025-04-16 10:50:00,249.2700,249.1772
TSLA,2025-04-16 10:51:00,249.2055,249.4200
TSLA,2025-04-16 10:52:00,249.4080,249.7196
TSLA,2025-04-16 10:53:00,249.7059,249.6030
TSLA,2025-04-16 10:54:00,249.6650,249.2500
TSLA,2025-04-16 10:55:00,249.2400,249.1800
TSLA,2025-04-16 10:56:00,249.1400,248.4433
TSLA,2025-04-16 10:57:00,248.4700,248.8300
TSLA,2025-04-16 10:58:00,248.8000,249.1200
TSLA,2025-04-16 10:59:00,249.1141,248.8600
TSLA,2025-04-16 11:00:00,248.8800,249.1850
TSLA,2025-04-16 11:01:00,249.1200,249.0400
TSLA,2025-04-16 11:02:00,248.9900,248.7450
TSLA,2025-04-16 11:03:00,248.7300,248.8400
TSLA,2025-04-16 11:04:00,248.8600,248.5504
TSLA,2025-04-16 11:05:00,248.5500,248.7057
TSLA,2025-04-16 11:06:00,248.6900,248.7230
TSLA,2025-04-16 11:07:00,248.7108,249.0350
TSLA,2025-04-16 11:08:00,249.0100,249.3032
TSLA,2025-04-16 11:09:00,249.2800,249.1700
TSLA,2025-04-16 11:10:00,249.2600,249.1200
TSLA,2025-04-16 11:11:00,249.1200,249.2920
TSLA,2025-04-16 11:12:00,249.3800,249.6500
TSLA,2025-04-16 11:13:00,249.6400,249.4800
TSLA,2025-04-16 11:14:00,249.5300,249.4500
TSLA,2025-04-16 11:15:00,249.5100,248.7950
TSLA,2025-04-16 11:16:00,248.8100,248.4700
TSLA,2025-04-16 11:17:00,248.5000,248.6019
TSLA,2025-04-16 11:18:00,248.6599,248.7800
TSLA,2025-04-16 11:19:00,248.7800,248.4000
TSLA,2025-04-16 11:20:00,248.4200,248.8200
TSLA,2025-04-16 11:21:00,248.8600,248.9600
TSLA,2025-04-16 11:22:00,248.9699,249.5758
TSLA,2025-04-16 11:23:00,249.5800,249.7500
TSLA,2025-04-16 11:24:00,249.7500,250.3400
TSLA,2025-04-16 11:25:00,250.3200,251.2121
TSLA,2025-04-16 11:26:00,251.2550,250.9700
TSLA,2025-04-16 11:27:00,251.0000,250.8100
TSLA,2025-04-16 11:28:00,250.8100,250.8200
TSLA,2025-04-16 11:29:00,250.8400,250.7999
TSLA,2025-04-16 11:30:00,250.8000,250.4350
TSLA,2025-04-16 11:31:00,250.3900,250.5300
TSLA,2025-04-16 11:32:00,250.5000,250.9900
TSLA,2025-04-16 11:33:00,251.0200,251.3200
TSLA,2025-04-16 11:34:00,251.3221,251.6500
TSLA,2025-04-16 11:35:00,251.7300,251.5050
TSLA,2025-04-16 11:36:00,251.5175,251.1330
TSLA,2025-04-16 11:37:00,251.1299,251.1300
TSLA,2025-04-16 11:38:00,251.1300,250.7540
TSLA,2025-04-16 11:39:00,250.7700,250.8950
TSLA,2025-04-16 11:40:00,250.8600,250.5300
TSLA,2025-04-16 11:41:00,250.5392,250.4600
TSLA,2025-04-16 11:42:00,250.4600,250.2800
TSLA,2025-04-16 11:43:00,250.2800,250.1239
TSLA,2025-04-16 11:44:00,250.1100,250.0350
TSLA,2025-04-16 11:45:00,250.0500,249.8100
TSLA,2025-04-16 11:46:00,249.8600,250.0650
TSLA,2025-04-16 11:47:00,250.0900,249.9700
TSLA,2025-04-16 11:48:00,249.9700,249.8800
TSLA,2025-04-16 11:49:00,249.8750,249.7800
TSLA,2025-04-16 11:50:00,249.7700,249.5400
TSLA,2025-04-16 11:51:00,249.5300,249.6000
TSLA,2025-04-16 11:52:00,249.5800,249.7401
TSLA,2025-04-16 11:53:00,249.7700,249.3899
TSLA,2025-04-16 11:54:00,249.3200,249.2312
TSLA,2025-04-16 11:55:00,249.2200,249.4500
TSLA,2025-04-16 11:56:00,249.4500,249.1900
TSLA,2025-04-16 11:57:00,249.2400,249.4415
TSLA,2025-04-16 11:58:00,249.4650,249.0750
TSLA,2025-04-16 11:59:00,249.0800,248.6300
TSLA,2025-04-16 12:00:00,248.7000,248.7720
TSLA,2025-04-16 12:01:00,248.7950,248.8600
TSLA,2025-04-16 12:02:00,248.8900,248.7300
TSLA,2025-04-16 12:03:00,248.7300,248.6569
TSLA,2025-04-16 12:04:00,248.7300,248.7400
TSLA,2025-04-16 12:05:00,248.7400,248.0600
TSLA,2025-04-16 12:06:00,248.0700,247.7550
TSLA,2025-04-16 12:07:00,247.7500,248.1200
TSLA,2025-04-16 12:08:00,248.1100,248.1673
TSLA,2025-04-16 12:09:00,248.1600,247.9901
TSLA,2025-04-16 12:10:00,248.0181,248.3145
TSLA,2025-04-16 12:11:00,248.3349,248.3090
TSLA,2025-04-16 12:12:00,248.3000,248.2150
TSLA,2025-04-16 12:13:00,248.1906,248.0600
TSLA,2025-04-16 12:14:00,248.0832,248.0599
TSLA,2025-04-16 12:15:00,248.0600,248.1550
TSLA,2025-04-16 12:16:00,248.1550,247.4464
TSLA,2025-04-16 12:17:00,247.4596,247.5986
TSLA,2025-04-16 12:18:00,247.6278,247.3300
TSLA,2025-04-16 12:19:00,247.3300,247.6400
TSLA,2025-04-16 12:20:00,247.6819,247.5700
TSLA,2025-04-16 12:21:00,247.5500,247.2212
TSLA,2025-04-16 12:22:00,247.2000,247.0000
TSLA,2025-04-16 12:23:00,246.9900,246.8300
TSLA,2025-04-16 12:24:00,246.8000,247.2513
TSLA,2025-04-16 12:25:00,247.2700,247.2595
TSLA,2025-04-16 12:26:00,247.3100,247.6300
TSLA,2025-04-16 12:27:00,247.6245,247.2131
TSLA,2025-04-16 12:28:00,247.2291,247.4500
TSLA,2025-04-16 12:29:00,247.4200,247.3150
TSLA,2025-04-16 12:30:00,247.3100,247.3460
TSLA,2025-04-16 12:31:00,247.3300,247.8600
TSLA,2025-04-16 12:32:00,247.8800,247.6200
TSLA,2025-04-16 12:33:00,247.6098,247.7947
TSLA,2025-04-16 12:34:00,247.8200,248.0520
TSLA,2025-04-16 12:35:00,248.0500,247.6600
TSLA,2025-04-16 12:36:00,247.6480,247.4000
TSLA,2025-04-16 12:37:00,247.4057,247.1250
TSLA,2025-04-16 12:38:00,247.1001,246.7008
TSLA,2025-04-16 12:39:00,246.7000,246.2150
TSLA,2025-04-16 12:40:00,246.2001,245.7052
TSLA,2025-04-16 12:41:00,245.7052,246.1650
TSLA,2025-04-16 12:42:00,246.1931,246.3100
TSLA,2025-04-16 12:43:00,246.3150,246.0000
TSLA,2025-04-16 12:44:00,246.0050,246.3000
TSLA,2025-04-16 12:45:00,246.2800,245.5800
TSLA,2025-04-16 12:46:00,245.5700,245.7780
TSLA,2025-04-16 12:47:00,245.7800,245.7121
TSLA,2025-04-16 12:48:00,245.6900,245.5950
TSLA,2025-04-16 12:49:00,245.6300,245.6500
TSLA,2025-04-16 12:50:00,245.6000,245.5200
TSLA,2025-04-16 12:51:00,245.5600,245.7150
TSLA,2025-04-16 12:52:00,245.7697,245.4228
TSLA,2025-04-16 12:53:00,245.4500,245.8400
TSLA,2025-04-16 12:54:00,245.8626,246.0100
TSLA,2025-04-16 12:55:00,246.0100,246.1960
TSLA,2025-04-16 12:56:00,246.1895,245.9200
TSLA,2025-04-16 12:57:00,245.9700,245.8200
TSLA,2025-04-16 12:58:00,245.8100,245.6620
TSLA,2025-04-16 12:59:00,245.6500,245.5350
TSLA,2025-04-16 13:00:00,245.5600,245.7400
TSLA,2025-04-16 13:01:00,245.6800,245.8800
TSLA,2025-04-16 13:02:00,245.8907,245.6800
TSLA,2025-04-16 13:03:00,245.6300,245.7300
TSLA,2025-04-16 13:04:00,245.6992,245.8700
TSLA,2025-04-16 13:05:00,245.8820,245.6900
TSLA,2025-04-16 13:06:00,245.6600,246.2350
TSLA,2025-04-16 13:07:00,246.2350,246.1000
TSLA,2025-04-16 13:08:00,246.0800,245.9769
TSLA,2025-04-16 13:09:00,245.9700,245.7050
TSLA,2025-04-16 13:10:00,245.7300,245.6100
TSLA,2025-04-16 13:11:00,245.5408,245.4300
TSLA,2025-04-16 13:12:00,245.4350,245.4360
TSLA,2025-04-16 13:13:00,245.4550,245.6090
TSLA,2025-04-16 13:14:00,245.6200,245.8400
TSLA,2025-04-16 13:15:00,245.8600,246.2450
TSLA,2025-04-16 13:16:00,246.2450,246.2650
TSLA,2025-04-16 13:17:00,246.2301,246.5560
TSLA,2025-04-16 13:18:00,246.5715,246.6294
TSLA,2025-04-16 13:19:00,246.6000,246.5750
TSLA,2025-04-16 13:20:00,246.5750,246.3600
TSLA,2025-04-16 13:21:00,246.3850,246.5600
TSLA,2025-04-16 13:22:00,246.5900,246.4000
TSLA,2025-04-16 13:23:00,246.4342,245.6900
TSLA,2025-04-16 13:24:00,245.7400,245.8500
TSLA,2025-04-16 13:25:00,245.8700,245.8850
TSLA,2025-04-16 13:26:00,245.8509,246.0300
TSLA,2025-04-16 13:27:00,246.0400,246.2973
TSLA,2025-04-16 13:28:00,246.3000,246.6600
TSLA,2025-04-16 13:29:00,246.6682,246.6200
TSLA,2025-04-16 13:30:00,246.6700,245.7000
TSLA,2025-04-16 13:31:00,245.7000,244.8400
TSLA,2025-04-16 13:32:00,244.8400,245.1400
TSLA,2025-04-16 13:33:00,245.1350,244.7400
TSLA,2025-04-16 13:34:00,244.7400,244.4900
TSLA,2025-04-16 13:35:00,244.4900,244.4950
TSLA,2025-04-16 13:36:00,244.4400,244.6700
TSLA,2025-04-16 13:37:00,244.6300,245.0789
TSLA,2025-04-16 13:38:00,245.0619,244.4080
TSLA,2025-04-16 13:39:00,244.3693,244.0150
TSLA,2025-04-16 13:40:00,244.0499,243.0630
TSLA,2025-04-16 13:41:00,243.0106,243.0960
TSLA,2025-04-16 13:42:00,243.1000,243.1500
TSLA,2025-04-16 13:43:00,243.1730,243.1449
TSLA,2025-04-16 13:44:00,243.1400,243.0200
TSLA,2025-04-16 13:45:00,243.0100,242.4804
TSLA,2025-04-16 13:46:00,242.4800,242.3900
TSLA,2025-04-16 13:47:00,242.3500,241.7890
TSLA,2025-04-16 13:48:00,241.7960,242.0850
TSLA,2025-04-16 13:49:00,242.0850,242.0200
TSLA,2025-04-16 13:50:00,242.0000,241.7000
TSLA,2025-04-16 13:51:00,241.7200,242.3700
TSLA,2025-04-16 13:52:00,242.3400,242.8100
TSLA,2025-04-16 13:53:00,242.8100,242.2100
TSLA,2025-04-16 13:54:00,242.1700,241.6100
TSLA,2025-04-16 13:55:00,241.6200,241.3800
TSLA,2025-04-16 13:56:00,241.3971,240.9100
TSLA,2025-04-16 13:57:00,240.9150,240.3300
TSLA,2025-04-16 13:58:00,240.3100,240.6700
TSLA,2025-04-16 13:59:00,240.6600,240.4800
TSLA,2025-04-16 14:00:00,240.4800,241.0900
TSLA,2025-04-16 14:01:00,241.1950,240.4050
TSLA,2025-04-16 14:02:00,240.4037,240.7850
TSLA,2025-04-16 14:03:00,240.8599,240.8350
TSLA,2025-04-16 14:04:00,240.8300,240.6400
TSLA,2025-04-16 14:05:00,240.6400,241.1000
TSLA,2025-04-16 14:06:00,241.0850,241.2000
TSLA,2025-04-16 14:07:00,241.2200,240.8600
TSLA,2025-04-16 14:08:00,240.8337,240.7900
TSLA,2025-04-16 14:09:00,240.8000,241.1900
TSLA,2025-04-16 14:10:00,241.1900,241.2121
TSLA,2025-04-16 14:11:00,241.2200,241.1000
TSLA,2025-04-16 14:12:00,241.1000,241.2453
TSLA,2025-04-16 14:13:00,241.2250,240.9000
TSLA,2025-04-16 14:14:00,240.9050,241.1300
TSLA,2025-04-16 14:15:00,241.1600,240.8150
TSLA,2025-04-16 14:16:00,240.8600,240.4631
TSLA,2025-04-16 14:17:00,240.4400,239.8650
TSLA,2025-04-16 14:18:00,239.8900,239.6999
TSLA,2025-04-16 14:19:00,239.6800,239.8650
TSLA,2025-04-16 14:20:00,239.8400,239.5501
TSLA,2025-04-16 14:21:00,239.5969,240.1800
TSLA,2025-04-16 14:22:00,240.2100,240.5200
TSLA,2025-04-16 14:23:00,240.5168,240.9071
TSLA,2025-04-16 14:24:00,240.9300,241.2773
TSLA,2025-04-16 14:25:00,241.2300,241.2500
TSLA,2025-04-16 14:26:00,241.2899,241.1800
TSLA,2025-04-16 14:27:00,241.2000,241.0300
TSLA,2025-04-16 14:28:00,240.9800,240.8100
TSLA,2025-04-16 14:29:00,240.7700,240.7400
TSLA,2025-04-16 14:30:00,240.7250,240.5300
TSLA,2025-04-16 14:31:00,240.5135,240.7895
TSLA,2025-04-16 14:32:00,240.7800,240.5600
TSLA,2025-04-16 14:33:00,240.5500,240.6500
TSLA,2025-04-16 14:34:00,240.6150,240.5000
TSLA,2025-04-16 14:35:00,240.4900,240.0900
TSLA,2025-04-16 14:36:00,240.1000,240.2136
TSLA,2025-04-16 14:37:00,240.2146,239.6500
TSLA,2025-04-16 14:38:00,239.6006,239.1255
TSLA,2025-04-16 14:39:00,239.1250,238.9600
TSLA,2025-04-16 14:40:00,238.9900,238.9000
TSLA,2025-04-16 14:41:00,238.8900,238.8700
TSLA,2025-04-16 14:42:00,238.8450,238.8050
TSLA,2025-04-16 14:43:00,238.8400,238.6244
TSLA,2025-04-16 14:44:00,238.6200,238.6002
TSLA,2025-04-16 14:45:00,238.6250,238.4700
TSLA,2025-04-16 14:46:00,238.4900,238.6600
TSLA,2025-04-16 14:47:00,238.7150,238.5400
TSLA,2025-04-16 14:48:00,238.5239,238.2900
TSLA,2025-04-16 14:49:00,238.2950,237.9600
TSLA,2025-04-16 14:50:00,237.9600,237.8101
TSLA,2025-04-16 14:51:00,237.8400,238.1638
TSLA,2025-04-16 14:52:00,238.1500,237.9000
TSLA,2025-04-16 14:53:00,237.9086,237.6310
TSLA,2025-04-16 14:54:00,237.6300,237.6400
TSLA,2025-04-16 14:55:00,237.6200,238.1160
TSLA,2025-04-16 14:56:00,238.0850,237.9900
TSLA,2025-04-16 14:57:00,237.9650,237.8710
TSLA,2025-04-16 14:58:00,237.9250,237.5300
TSLA,2025-04-16 14:59:00,237.5100,237.0700
TSLA,2025-04-16 15:00:00,237.1000,237.6300
TSLA,2025-04-16 15:01:00,237.6804,237.4800
TSLA,2025-04-16 15:02:00,237.4800,237.2700
TSLA,2025-04-16 15:03:00,237.2350,236.7504
TSLA,2025-04-16 15:04:00,236.7900,236.4285
TSLA,2025-04-16 15:05:00,236.4100,236.9600
TSLA,2025-04-16 15:06:00,236.9200,236.1400
TSLA,2025-04-16 15:07:00,236.1100,236.0000
TSLA,2025-04-16 15:08:00,235.9900,236.0243
TSLA,2025-04-16 15:09:00,236.0400,235.9000
TSLA,2025-04-16 15:10:00,235.9000,235.3500
TSLA,2025-04-16 15:11:00,235.3700,235.1500
TSLA,2025-04-16 15:12:00,235.1500,235.7750
TSLA,2025-04-16 15:13:00,235.7800,235.9300
TSLA,2025-04-16 15:14:00,235.8901,235.8350
TSLA,2025-04-16 15:15:00,235.8400,235.9778
TSLA,2025-04-16 15:16:00,235.9800,235.4595
TSLA,2025-04-16 15:17:00,235.4600,235.3350
TSLA,2025-04-16 15:18:00,235.3400,235.1900
TSLA,2025-04-16 15:19:00,235.1900,235.0100
TSLA,2025-04-16 15:20:00,234.9800,235.1150
TSLA,2025-04-16 15:21:00,235.1025,235.4800
TSLA,2025-04-16 15:22:00,235.4332,235.2612
TSLA,2025-04-16 15:23:00,235.2700,234.9706
TSLA,2025-04-16 15:24:00,234.9800,234.5800
TSLA,2025-04-16 15:25:00,234.5550,234.1500
TSLA,2025-04-16 15:26:00,234.1450,233.9701
TSLA,2025-04-16 15:27:00,234.0079,234.3110
TSLA,2025-04-16 15:28:00,234.3537,233.9642
TSLA,2025-04-16 15:29:00,233.9750,234.3800
TSLA,2025-04-16 15:30:00,234.4050,235.2201
TSLA,2025-04-16 15:31:00,235.2200,234.8700
TSLA,2025-04-16 15:32:00,234.9000,235.7800
TSLA,2025-04-16 15:33:00,235.7900,235.6852
TSLA,2025-04-16 15:34:00,235.6878,235.6100
TSLA,2025-04-16 15:35:00,235.5500,236.0500
TSLA,2025-04-16 15:36:00,236.0200,235.3141
TSLA,2025-04-16 15:37:00,235.3500,235.6000
TSLA,2025-04-16 15:38:00,235.6100,236.2600
TSLA,2025-04-16 15:39:00,236.2800,236.1700
TSLA,2025-04-16 15:40:00,236.1800,236.6800
TSLA,2025-04-16 15:41:00,236.6700,237.2300
TSLA,2025-04-16 15:42:00,237.2400,237.0927
TSLA,2025-04-16 15:43:00,237.1100,236.9500
TSLA,2025-04-16 15:44:00,236.9400,236.6200
TSLA,2025-04-16 15:45:00,236.5850,236.8400
TSLA,2025-04-16 15:46:00,236.8400,236.6850
TSLA,2025-04-16 15:47:00,236.7000,237.3500
TSLA,2025-04-16 15:48:00,237.3250,237.5000
TSLA,2025-04-16 15:49:00,237.5300,238.2900
TSLA,2025-04-16 15:50:00,238.3200,239.1250
TSLA,2025-04-16 15:51:00,239.1600,239.4001
TSLA,2025-04-16 15:52:00,239.4000,239.7800
TSLA,2025-04-16 15:53:00,239.7500,239.5050
TSLA,2025-04-16 15:54:00,239.5300,240.1459
TSLA,2025-04-16 15:55:00,240.1900,240.2700
TSLA,2025-04-16 15:56:00,240.2700,241.0050
TSLA,2025-04-16 15:57:00,241.0100,241.1300
TSLA,2025-04-16 15:58:00,241.1300,241.2740
TSLA,2025-04-16 15:59:00,241.2650,241.5500
TSLA,2025-04-17 09:30:00,243.4700,242.4600
TSLA,2025-04-17 09:31:00,242.4600,242.0499
TSLA,2025-04-17 09:32:00,242.0500,241.8600
TSLA,2025-04-17 09:33:00,241.8600,241.3000
TSLA,2025-04-17 09:34:00,241.3350,241.1242
TSLA,2025-04-17 09:35:00,241.1400,241.4900
TSLA,2025-04-17 09:36:00,241.4400,241.3457
TSLA,2025-04-17 09:37:00,241.4221,241.8298
TSLA,2025-04-17 09:38:00,241.8250,239.8400
TSLA,2025-04-17 09:39:00,239.8900,240.3650
TSLA,2025-04-17 09:40:00,240.4200,240.8950
TSLA,2025-04-17 09:41:00,240.9700,241.7901
TSLA,2025-04-17 09:42:00,241.9000,241.7000
TSLA,2025-04-17 09:43:00,241.7100,242.1050
TSLA,2025-04-17 09:44:00,242.1400,242.1000
TSLA,2025-04-17 09:45:00,242.1300,242.7900
TSLA,2025-04-17 09:46:00,242.8000,242.3833
TSLA,2025-04-17 09:47:00,242.4145,242.2600
TSLA,2025-04-17 09:48:00,242.2914,242.1300
TSLA,2025-04-17 09:49:00,242.1041,243.4200
TSLA,2025-04-17 09:50:00,243.4900,243.8550
TSLA,2025-04-17 09:51:00,243.8550,243.7599
TSLA,2025-04-17 09:52:00,243.7600,243.6299
TSLA,2025-04-17 09:53:00,243.6000,243.4700
TSLA,2025-04-17 09:54:00,243.4743,243.5350
TSLA,2025-04-17 09:55:00,243.5700,242.9972
TSLA,2025-04-17 09:56:00,243.0600,242.7450
TSLA,2025-04-17 09:57:00,242.7300,242.6126
TSLA,2025-04-17 09:58:00,242.5850,242.3559
TSLA,2025-04-17 09:59:00,242.3999,242.7000
TSLA,2025-04-17 10:00:00,242.6950,242.2700
TSLA,2025-04-17 10:01:00,242.3100,242.4300
TSLA,2025-04-17 10:02:00,242.4700,242.3388
TSLA,2025-04-17 10:03:00,242.3200,241.8000
TSLA,2025-04-17 10:04:00,241.7510,242.0700
TSLA,2025-04-17 10:05:00,242.0700,242.7300
TSLA,2025-04-17 10:06:00,242.7500,241.9563
TSLA,2025-04-17 10:07:00,241.9300,241.5600
TSLA,2025-04-17 10:08:00,241.4600,242.1139
TSLA,2025-04-17 10:09:00,242.1300,242.2632
TSLA,2025-04-17 10:10:00,242.2400,242.7295
TSLA,2025-04-17 10:11:00,242.7900,242.4600
TSLA,2025-04-17 10:12:00,242.5000,242.8928
TSLA,2025-04-17 10:13:00,242.8450,242.2000
TSLA,2025-04-17 10:14:00,242.2500,242.2100
TSLA,2025-04-17 10:15:00,242.2750,242.3200
TSLA,2025-04-17 10:16:00,242.3200,241.6042
TSLA,2025-04-17 10:17:00,241.6336,241.4000
TSLA,2025-04-17 10:18:00,241.4541,241.0180
TSLA,2025-04-17 10:19:00,240.9900,241.0469
TSLA,2025-04-17 10:20:00,241.0150,241.1134
TSLA,2025-04-17 10:21:00,241.0900,240.7753
TSLA,2025-04-17 10:22:00,240.7700,241.1000
TSLA,2025-04-17 10:23:00,241.1000,241.1000
TSLA,2025-04-17 10:24:00,241.0500,240.4750
TSLA,2025-04-17 10:25:00,240.4400,240.4888
TSLA,2025-04-17 10:26:00,240.5000,240.0000
TSLA,2025-04-17 10:27:00,239.9600,239.1806
TSLA,2025-04-17 10:28:00,239.2300,239.0500
TSLA,2025-04-17 10:29:00,239.0900,238.8001
TSLA,2025-04-17 10:30:00,238.8500,238.7000
TSLA,2025-04-17 10:31:00,238.7000,239.0600
TSLA,2025-04-17 10:32:00,238.9100,239.2700
TSLA,2025-04-17 10:33:00,239.2300,239.1215
TSLA,2025-04-17 10:34:00,239.1250,238.7100
TSLA,2025-04-17 10:35:00,238.6800,238.2350
TSLA,2025-04-17 10:36:00,238.2328,237.8307
TSLA,2025-04-17 10:37:00,237.8600,238.0800
TSLA,2025-04-17 10:38:00,238.1100,238.1680
TSLA,2025-04-17 10:39:00,238.1400,238.8590
TSLA,2025-04-17 10:40:00,238.8600,239.5126
TSLA,2025-04-17 10:41:00,239.5000,240.1000
TSLA,2025-04-17 10:42:00,240.1000,240.0174
TSLA,2025-04-17 10:43:00,240.0600,239.7900
TSLA,2025-04-17 10:44:00,239.7601,240.4000
TSLA,2025-04-17 10:45:00,240.4100,239.9900
TSLA,2025-04-17 10:46:00,239.9550,240.5300
TSLA,2025-04-17 10:47:00,240.5000,240.2950
TSLA,2025-04-17 10:48:00,240.3100,240.7200
TSLA,2025-04-17 10:49:00,240.7690,240.5500
TSLA,2025-04-17 10:50:00,240.5000,240.8540
TSLA,2025-04-17 10:51:00,240.7300,240.3600
TSLA,2025-04-17 10:52:00,240.3000,239.8200
TSLA,2025-04-17 10:53:00,239.8200,239.8801
TSLA,2025-04-17 10:54:00,239.9736,240.5400
TSLA,2025-04-17 10:55:00,240.5300,240.5100
TSLA,2025-04-17 10:56:00,240.5300,240.3499
TSLA,2025-04-17 10:57:00,240.3100,240.3000
TSLA,2025-04-17 10:58:00,240.3789,240.2650
TSLA,2025-04-17 10:59:00,240.2650,240.1050
TSLA,2025-04-17 11:00:00,240.1450,240.8494
TSLA,2025-04-17 11:01:00,240.8500,240.7702
TSLA,2025-04-17 11:02:00,240.7638,240.6800
TSLA,2025-04-17 11:03:00,240.6500,240.7800
TSLA,2025-04-17 11:04:00,240.7900,240.5600
TSLA,2025-04-17 11:05:00,240.5750,240.9800
TSLA,2025-04-17 11:06:00,240.9750,241.9208
TSLA,2025-04-17 11:07:00,241.9700,241.7000
TSLA,2025-04-17 11:08:00,241.7150,241.9149
TSLA,2025-04-17 11:09:00,241.8750,241.6881
TSLA,2025-04-17 11:10:00,241.6500,241.6750
TSLA,2025-04-17 11:11:00,241.6900,241.4000
TSLA,2025-04-17 11:12:00,241.3800,241.5700
TSLA,2025-04-17 11:13:00,241.5500,241.4700
TSLA,2025-04-17 11:14:00,241.4767,241.7478
TSLA,2025-04-17 11:15:00,241.7465,241.1160
TSLA,2025-04-17 11:16:00,241.1400,241.1550
TSLA,2025-04-17 11:17:00,241.1100,241.4000
TSLA,2025-04-17 11:18:00,241.3974,241.7800
TSLA,2025-04-17 11:19:00,241.8094,241.5000
TSLA,2025-04-17 11:20:00,241.4800,240.9354
TSLA,2025-04-17 11:21:00,240.9496,240.6572
TSLA,2025-04-17 11:22:00,240.6600,240.4500
TSLA,2025-04-17 11:23:00,240.4700,240.8200
TSLA,2025-04-17 11:24:00,240.7807,240.7300
TSLA,2025-04-17 11:25:00,240.7600,240.4332
TSLA,2025-04-17 11:26:00,240.4200,240.2850
TSLA,2025-04-17 11:27:00,240.3100,239.7400
TSLA,2025-04-17 11:28:00,239.7200,239.4500
TSLA,2025-04-17 11:29:00,239.5200,239.4500
TSLA,2025-04-17 11:30:00,239.5000,239.8100
TSLA,2025-04-17 11:31:00,239.8100,240.0173
TSLA,2025-04-17 11:32:00,240.0400,240.0600
TSLA,2025-04-17 11:33:00,240.0700,240.5000
TSLA,2025-04-17 11:34:00,240.5161,240.2450
TSLA,2025-04-17 11:35:00,240.2200,239.9400
TSLA,2025-04-17 11:36:00,239.9500,240.1800
TSLA,2025-04-17 11:37:00,240.1800,241.2500
TSLA,2025-04-17 11:38:00,241.2500,240.6300
TSLA,2025-04-17 11:39:00,240.6399,241.0000
TSLA,2025-04-17 11:40:00,240.9650,240.9150
TSLA,2025-04-17 11:41:00,240.9100,240.6249
TSLA,2025-04-17 11:42:00,240.5200,240.0215
TSLA,2025-04-17 11:43:00,239.9100,240.1800
TSLA,2025-04-17 11:44:00,240.1950,240.1600
TSLA,2025-04-17 11:45:00,240.1700,240.0185
TSLA,2025-04-17 11:46:00,240.0400,240.1000
TSLA,2025-04-17 11:47:00,240.1012,240.3305
TSLA,2025-04-17 11:48:00,240.2318,240.6700
TSLA,2025-04-17 11:49:00,240.6900,240.1818
TSLA,2025-04-17 11:50:00,240.1900,239.8750
TSLA,2025-04-17 11:51:00,239.9100,240.9196
TSLA,2025-04-17 11:52:00,240.8900,240.2750
TSLA,2025-04-17 11:53:00,240.3100,239.9500
TSLA,2025-04-17 11:54:00,239.8800,239.7801
TSLA,2025-04-17 11:55:00,239.8150,240.2300
TSLA,2025-04-17 11:56:00,240.2300,239.9828
TSLA,2025-04-17 11:57:00,239.9546,239.6129
TSLA,2025-04-17 11:58:00,239.6899,239.5650
TSLA,2025-04-17 11:59:00,239.5400,239.6248
TSLA,2025-04-17 12:00:00,239.5850,239.8350
TSLA,2025-04-17 12:01:00,239.8050,239.7163
TSLA,2025-04-17 12:02:00,239.7300,239.3200
TSLA,2025-04-17 12:03:00,239.3100,239.0163
TSLA,2025-04-17 12:04:00,239.0900,238.7700
TSLA,2025-04-17 12:05:00,238.7500,239.8200
TSLA,2025-04-17 12:06:00,239.8201,239.8800
TSLA,2025-04-17 12:07:00,239.8500,240.2800
TSLA,2025-04-17 12:08:00,240.3350,240.7950
TSLA,2025-04-17 12:09:00,240.7750,240.7599
TSLA,2025-04-17 12:10:00,240.7300,240.1350
TSLA,2025-04-17 12:11:00,240.1325,240.1700
TSLA,2025-04-17 12:12:00,240.1400,239.3600
TSLA,2025-04-17 12:13:00,239.3000,239.6450
TSLA,2025-04-17 12:14:00,239.7175,240.0200
TSLA,2025-04-17 12:15:00,240.0152,240.5700
TSLA,2025-04-17 12:16:00,240.5300,240.9800
TSLA,2025-04-17 12:17:00,240.9900,240.7100
TSLA,2025-04-17 12:18:00,240.7400,240.9050
TSLA,2025-04-17 12:19:00,240.9500,241.5800
TSLA,2025-04-17 12:20:00,241.6800,241.2800
TSLA,2025-04-17 12:21:00,241.3200,241.6501
TSLA,2025-04-17 12:22:00,241.6839,241.1500
TSLA,2025-04-17 12:23:00,241.2050,241.2000
TSLA,2025-04-17 12:24:00,241.2900,241.3241
TSLA,2025-04-17 12:25:00,241.2900,241.5997
TSLA,2025-04-17 12:26:00,241.5650,241.6495
TSLA,2025-04-17 12:27:00,241.6000,241.5375
TSLA,2025-04-17 12:28:00,241.5350,241.8700
TSLA,2025-04-17 12:29:00,241.8559,241.7810
TSLA,2025-04-17 12:30:00,241.8335,241.3050
TSLA,2025-04-17 12:31:00,241.3050,241.7500
TSLA,2025-04-17 12:32:00,241.7450,241.5300
TSLA,2025-04-17 12:33:00,241.5691,242.0350
TSLA,2025-04-17 12:34:00,242.0900,242.1600
TSLA,2025-04-17 12:35:00,242.1900,242.2600
TSLA,2025-04-17 12:36:00,242.2696,241.8900
TSLA,2025-04-17 12:37:00,241.8900,241.7100
TSLA,2025-04-17 12:38:00,241.7303,241.6900
TSLA,2025-04-17 12:39:00,241.6800,241.1350
TSLA,2025-04-17 12:40:00,241.1100,241.1000
TSLA,2025-04-17 12:41:00,241.0900,241.0950
TSLA,2025-04-17 12:42:00,241.1100,240.5600
TSLA,2025-04-17 12:43:00,240.6000,240.1418
TSLA,2025-04-17 12:44:00,240.1300,239.9658
TSLA,2025-04-17 12:45:00,239.9700,239.9337
TSLA,2025-04-17 12:46:00,239.9400,240.4000
TSLA,2025-04-17 12:47:00,240.3400,240.5500
TSLA,2025-04-17 12:48:00,240.5101,240.0550
TSLA,2025-04-17 12:49:00,240.0550,240.5800
TSLA,2025-04-17 12:50:00,240.5820,241.0000
TSLA,2025-04-17 12:51:00,241.0300,240.8182
TSLA,2025-04-17 12:52:00,240.8300,241.0300
TSLA,2025-04-17 12:53:00,241.0600,241.0900
TSLA,2025-04-17 12:54:00,241.0900,240.9850
TSLA,2025-04-17 12:55:00,240.9400,241.0600
TSLA,2025-04-17 12:56:00,241.0650,241.1038
TSLA,2025-04-17 12:57:00,241.0650,240.7400
TSLA,2025-04-17 12:58:00,240.7400,241.0300
TSLA,2025-04-17 12:59:00,241.0500,240.5800
TSLA,2025-04-17 13:00:00,240.5400,240.9125
TSLA,2025-04-17 13:01:00,240.9250,241.1550
TSLA,2025-04-17 13:02:00,241.2100,241.3143
TSLA,2025-04-17 13:03:00,241.2827,240.9250
TSLA,2025-04-17 13:04:00,240.9614,240.9400
TSLA,2025-04-17 13:05:00,240.9500,240.8450
TSLA,2025-04-17 13:06:00,240.8900,240.8000
TSLA,2025-04-17 13:07:00,240.7900,241.2998
TSLA,2025-04-17 13:08:00,241.2942,241.3850
TSLA,2025-04-17 13:09:00,241.4121,241.3995
TSLA,2025-04-17 13:10:00,241.4000,241.4400
TSLA,2025-04-17 13:11:00,241.4400,240.9850
TSLA,2025-04-17 13:12:00,240.9500,240.7800
TSLA,2025-04-17 13:13:00,240.8354,241.0050
TSLA,2025-04-17 13:14:00,241.0050,240.7000
TSLA,2025-04-17 13:15:00,240.6950,240.9214
TSLA,2025-04-17 13:16:00,240.9300,240.3700
TSLA,2025-04-17 13:17:00,240.3600,240.3500
TSLA,2025-04-17 13:18:00,240.3500,240.1559
TSLA,2025-04-17 13:19:00,240.1900,240.3500
TSLA,2025-04-17 13:20:00,240.3150,239.9414
TSLA,2025-04-17 13:21:00,239.9700,240.1000
TSLA,2025-04-17 13:22:00,240.0900,240.0492
TSLA,2025-04-17 13:23:00,240.0600,240.0350
TSLA,2025-04-17 13:24:00,240.0849,240.2250
TSLA,2025-04-17 13:25:00,240.2255,240.4000
TSLA,2025-04-17 13:26:00,240.3600,239.7784
TSLA,2025-04-17 13:27:00,239.7800,239.9250
TSLA,2025-04-17 13:28:00,239.8800,239.6400
TSLA,2025-04-17 13:29:00,239.6400,239.3434
TSLA,2025-04-17 13:30:00,239.4000,239.3925
TSLA,2025-04-17 13:31:00,239.3600,239.8559
TSLA,2025-04-17 13:32:00,239.8600,240.0500
TSLA,2025-04-17 13:33:00,240.0494,240.1400
TSLA,2025-04-17 13:34:00,240.1350,239.9550
TSLA,2025-04-17 13:35:00,239.9550,239.7500
TSLA,2025-04-17 13:36:00,239.7904,239.9100
TSLA,2025-04-17 13:37:00,239.9100,239.8300
TSLA,2025-04-17 13:38:00,239.8050,240.0700
TSLA,2025-04-17 13:39:00,240.0501,240.2200
TSLA,2025-04-17 13:40:00,240.2000,239.9350
TSLA,2025-04-17 13:41:00,239.9350,239.5866
TSLA,2025-04-17 13:42:00,239.5900,238.9350
TSLA,2025-04-17 13:43:00,238.9100,239.4150
TSLA,2025-04-17 13:44:00,239.4500,239.9500
TSLA,2025-04-17 13:45:00,239.9100,240.1359
TSLA,2025-04-17 13:46:00,240.0950,240.7000
TSLA,2025-04-17 13:47:00,240.7200,240.9913
TSLA,2025-04-17 13:48:00,240.9500,240.8200
TSLA,2025-04-17 13:49:00,240.7700,240.4225
TSLA,2025-04-17 13:50:00,240.4000,240.4700
TSLA,2025-04-17 13:51:00,240.5000,240.6200
TSLA,2025-04-17 13:52:00,240.6250,240.8100
TSLA,2025-04-17 13:53:00,240.7999,240.9300
TSLA,2025-04-17 13:54:00,240.9400,240.9500
TSLA,2025-04-17 13:55:00,240.9100,241.3300
TSLA,2025-04-17 13:56:00,241.3000,240.9200
TSLA,2025-04-17 13:57:00,240.9200,240.9773
TSLA,2025-04-17 13:58:00,240.9800,240.9400
TSLA,2025-04-17 13:59:00,240.9636,240.8850
TSLA,2025-04-17 14:00:00,240.8850,240.7200
TSLA,2025-04-17 14:01:00,240.7000,241.0300
TSLA,2025-04-17 14:02:00,240.9950,240.9500
TSLA,2025-04-17 14:03:00,240.9200,240.7925
TSLA,2025-04-17 14:04:00,240.7500,241.3090
TSLA,2025-04-17 14:05:00,241.3700,241.4000
TSLA,2025-04-17 14:06:00,241.4859,241.3750
TSLA,2025-04-17 14:07:00,241.3200,241.4350
TSLA,2025-04-17 14:08:00,241.4325,241.6900
TSLA,2025-04-17 14:09:00,241.7199,241.5500
TSLA,2025-04-17 14:10:00,241.5900,241.6000
TSLA,2025-04-17 14:11:00,241.5306,241.7400
TSLA,2025-04-17 14:12:00,241.7600,241.6361
TSLA,2025-04-17 14:13:00,241.6200,241.3012
TSLA,2025-04-17 14:14:00,241.3400,241.2100
TSLA,2025-04-17 14:15:00,241.2500,241.3811
TSLA,2025-04-17 14:16:00,241.3600,241.0000
TSLA,2025-04-17 14:17:00,241.0200,241.5754
TSLA,2025-04-17 14:18:00,241.5400,241.3104
TSLA,2025-04-17 14:19:00,241.3600,241.6500
TSLA,2025-04-17 14:20:00,241.6100,241.9200
TSLA,2025-04-17 14:21:00,241.8800,241.8100
TSLA,2025-04-17 14:22:00,241.7850,242.0250
TSLA,2025-04-17 14:23:00,242.0500,242.0100
TSLA,2025-04-17 14:24:00,242.0000,241.8250
TSLA,2025-04-17 14:25:00,241.8200,241.7900
TSLA,2025-04-17 14:26:00,241.7900,241.2900
TSLA,2025-04-17 14:27:00,241.2850,241.4600
TSLA,2025-04-17 14:28:00,241.4400,241.5001
TSLA,2025-04-17 14:29:00,241.5500,241.2400
TSLA,2025-04-17 14:30:00,241.2700,241.4400
TSLA,2025-04-17 14:31:00,241.4200,241.9900
TSLA,2025-04-17 14:32:00,241.9876,241.8705
TSLA,2025-04-17 14:33:00,241.8705,241.8400
TSLA,2025-04-17 14:34:00,241.8782,241.5300
TSLA,2025-04-17 14:35:00,241.5899,241.8400
TSLA,2025-04-17 14:36:00,241.8400,241.5850
TSLA,2025-04-17 14:37:00,241.6100,241.6850
TSLA,2025-04-17 14:38:00,241.6745,241.9300
TSLA,2025-04-17 14:39:00,241.9700,241.9950
TSLA,2025-04-17 14:40:00,242.0000,241.6400
TSLA,2025-04-17 14:41:00,241.6241,241.5550
TSLA,2025-04-17 14:42:00,241.5100,241.2650
TSLA,2025-04-17 14:43:00,241.2900,241.3818
TSLA,2025-04-17 14:44:00,241.4150,241.4417
TSLA,2025-04-17 14:45:00,241.4700,241.7000
TSLA,2025-04-17 14:46:00,241.6550,241.3000
TSLA,2025-04-17 14:47:00,241.3100,241.1099
TSLA,2025-04-17 14:48:00,241.0100,241.3300
TSLA,2025-04-17 14:49:00,241.3300,241.0000
TSLA,2025-04-17 14:50:00,241.0100,240.4800
TSLA,2025-04-17 14:51:00,240.5300,240.8700
TSLA,2025-04-17 14:52:00,240.8821,241.2100
TSLA,2025-04-17 14:53:00,241.2400,241.3400
TSLA,2025-04-17 14:54:00,241.3400,240.9325
TSLA,2025-04-17 14:55:00,240.9200,240.9350
TSLA,2025-04-17 14:56:00,240.9025,240.5741
TSLA,2025-04-17 14:57:00,240.5200,240.4214
TSLA,2025-04-17 14:58:00,240.5000,240.2450
TSLA,2025-04-17 14:59:00,240.2700,239.9500
TSLA,2025-04-17 15:00:00,239.9550,240.1708
TSLA,2025-04-17 15:01:00,240.2000,239.9900
TSLA,2025-04-17 15:02:00,239.9900,239.8550
TSLA,2025-04-17 15:03:00,239.8600,240.0817
TSLA,2025-04-17 15:04:00,240.1500,240.2282
TSLA,2025-04-17 15:05:00,240.1953,240.2500
TSLA,2025-04-17 15:06:00,240.2450,240.3150
TSLA,2025-04-17 15:07:00,240.3496,240.3000
TSLA,2025-04-17 15:08:00,240.2600,240.2200
TSLA,2025-04-17 15:09:00,240.2499,240.2200
TSLA,2025-04-17 15:10:00,240.1800,239.9401
TSLA,2025-04-17 15:11:00,239.9400,239.8273
TSLA,2025-04-17 15:12:00,239.7850,239.6752
TSLA,2025-04-17 15:13:00,239.6699,239.5658
TSLA,2025-04-17 15:14:00,239.5900,239.4701
TSLA,2025-04-17 15:15:00,239.4500,239.7416
TSLA,2025-04-17 15:16:00,239.7200,239.4075
TSLA,2025-04-17 15:17:00,239.4050,239.6740
TSLA,2025-04-17 15:18:00,239.6725,239.6599
TSLA,2025-04-17 15:19:00,239.6200,239.7250
TSLA,2025-04-17 15:20:00,239.7250,239.3600
TSLA,2025-04-17 15:21:00,239.3500,239.0825
TSLA,2025-04-17 15:22:00,239.1241,239.4300
TSLA,2025-04-17 15:23:00,239.3910,239.8000
TSLA,2025-04-17 15:24:00,239.7601,239.6600
TSLA,2025-04-17 15:25:00,239.6999,239.4500
TSLA,2025-04-17 15:26:00,239.4800,239.9547
TSLA,2025-04-17 15:27:00,239.9259,239.6346
TSLA,2025-04-17 15:28:00,239.5600,239.4500
TSLA,2025-04-17 15:29:00,239.4500,239.2398
TSLA,2025-04-17 15:30:00,239.2744,239.6867
TSLA,2025-04-17 15:31:00,239.6650,239.8400
TSLA,2025-04-17 15:32:00,239.8200,239.6350
TSLA,2025-04-17 15:33:00,239.6000,239.8600
TSLA,2025-04-17 15:34:00,239.8000,239.9500
TSLA,2025-04-17 15:35:00,239.9800,239.9500
TSLA,2025-04-17 15:36:00,239.9367,240.2401
TSLA,2025-04-17 15:37:00,240.2900,240.0000
TSLA,2025-04-17 15:38:00,239.9800,240.0100
TSLA,2025-04-17 15:39:00,240.0200,240.0525
TSLA,2025-04-17 15:40:00,240.0500,239.5600
TSLA,2025-04-17 15:41:00,239.5400,239.8659
TSLA,2025-04-17 15:42:00,239.8900,240.3300
TSLA,2025-04-17 15:43:00,240.3600,240.0067
TSLA,2025-04-17 15:44:00,239.9200,240.0500
TSLA,2025-04-17 15:45:00,240.1100,240.0600
TSLA,2025-04-17 15:46:00,240.0550,239.8700
TSLA,2025-04-17 15:47:00,239.8450,239.9400
TSLA,2025-04-17 15:48:00,239.9811,240.1251
TSLA,2025-04-17 15:49:00,240.0950,240.3200
TSLA,2025-04-17 15:50:00,240.2400,240.5433
TSLA,2025-04-17 15:51:00,240.5900,240.5500
TSLA,2025-04-17 15:52:00,240.5100,240.8000
TSLA,2025-04-17 15:53:00,240.8250,240.7318
TSLA,2025-04-17 15:54:00,240.7600,241.6900
TSLA,2025-04-17 15:55:00,241.6900,240.7800
TSLA,2025-04-17 15:56:00,240.7000,241.0800
TSLA,2025-04-17 15:57:00,241.1000,241.3100
TSLA,2025-04-17 15:58:00,241.3200,241.1923
TSLA,2025-04-17 15:59:00,241.2300,241.5400
TSLA,2025-04-21 09:30:00,230.2600,229.5000
TSLA,2025-04-21 09:31:00,229.5700,230.0400
TSLA,2025-04-21 09:32:00,230.0000,231.3950
TSLA,2025-04-21 09:33:00,231.3200,230.8400
TSLA,2025-04-21 09:34:00,230.8400,231.6700
TSLA,2025-04-21 09:35:00,231.6000,230.4400
TSLA,2025-04-21 09:36:00,230.4951,228.9350
TSLA,2025-04-21 09:37:00,228.9600,230.6600
TSLA,2025-04-21 09:38:00,230.8199,228.5700
TSLA,2025-04-21 09:39:00,228.7700,229.5900
TSLA,2025-04-21 09:40:00,229.6100,229.3575
TSLA,2025-04-21 09:41:00,229.2500,228.4800
TSLA,2025-04-21 09:42:00,228.5600,228.9320
TSLA,2025-04-21 09:43:00,228.8750,228.2600
TSLA,2025-04-21 09:44:00,228.2650,228.6300
TSLA,2025-04-21 09:45:00,228.6300,228.7424
TSLA,2025-04-21 09:46:00,228.7900,228.8550
TSLA,2025-04-21 09:47:00,228.8280,228.9050
TSLA,2025-04-21 09:48:00,228.9240,229.0200
TSLA,2025-04-21 09:49:00,229.0300,229.0200
TSLA,2025-04-21 09:50:00,229.0200,228.1732
TSLA,2025-04-21 09:51:00,228.2389,227.8000
TSLA,2025-04-21 09:52:00,227.7900,226.5100
TSLA,2025-04-21 09:53:00,226.5550,227.0000
TSLA,2025-04-21 09:54:00,226.9350,227.2329
TSLA,2025-04-21 09:55:00,227.2100,226.9150
TSLA,2025-04-21 09:56:00,226.9200,226.4300
TSLA,2025-04-21 09:57:00,226.4300,226.1000
TSLA,2025-04-21 09:58:00,226.1200,226.3450
TSLA,2025-04-21 09:59:00,226.3823,225.7836
TSLA,2025-04-21 10:00:00,225.7500,225.5000
TSLA,2025-04-21 10:01:00,225.5400,225.4400
TSLA,2025-04-21 10:02:00,225.4432,225.6972
TSLA,2025-04-21 10:03:00,225.6900,225.2100
TSLA,2025-04-21 10:04:00,225.2500,224.9700
TSLA,2025-04-21 10:05:00,224.9742,224.7618
TSLA,2025-04-21 10:06:00,224.7400,224.1158
TSLA,2025-04-21 10:07:00,224.1200,223.9082
TSLA,2025-04-21 10:08:00,223.8308,223.8866
TSLA,2025-04-21 10:09:00,223.8300,224.4388
TSLA,2025-04-21 10:10:00,224.4696,224.7600
TSLA,2025-04-21 10:11:00,224.7150,225.4100
TSLA,2025-04-21 10:12:00,225.3900,225.3050
TSLA,2025-04-21 10:13:00,225.2800,225.1999
TSLA,2025-04-21 10:14:00,225.1800,225.4600
TSLA,2025-04-21 10:15:00,225.4900,224.9665
TSLA,2025-04-21 10:16:00,225.0100,224.5450
TSLA,2025-04-21 10:17:00,224.4911,225.3316
TSLA,2025-04-21 10:18:00,225.3700,224.4632
TSLA,2025-04-21 10:19:00,224.4800,225.0900
TSLA,2025-04-21 10:20:00,225.1000,224.5900
TSLA,2025-04-21 10:21:00,224.6400,224.4200
TSLA,2025-04-21 10:22:00,224.4200,224.0950
TSLA,2025-04-21 10:23:00,224.1299,224.7100
TSLA,2025-04-21 10:24:00,224.7250,224.8400
TSLA,2025-04-21 10:25:00,224.8400,225.2100
TSLA,2025-04-21 10:26:00,225.2700,225.0580
TSLA,2025-04-21 10:27:00,225.0388,224.8911
TSLA,2025-04-21 10:28:00,224.8900,224.7700
TSLA,2025-04-21 10:29:00,224.7308,225.0100
TSLA,2025-04-21 10:30:00,225.0100,224.9532
TSLA,2025-04-21 10:31:00,224.9550,224.8650
TSLA,2025-04-21 10:32:00,224.8650,224.6900
TSLA,2025-04-21 10:33:00,224.7000,224.7600
TSLA,2025-04-21 10:34:00,224.7002,225.0900
TSLA,2025-04-21 10:35:00,225.0700,225.5600
TSLA,2025-04-21 10:36:00,225.5900,225.9550
TSLA,2025-04-21 10:37:00,225.9600,226.1200
TSLA,2025-04-21 10:38:00,226.1587,226.0800
TSLA,2025-04-21 10:39:00,226.1200,226.1700
TSLA,2025-04-21 10:40:00,226.2000,226.5900
TSLA,2025-04-21 10:41:00,226.5989,226.5000
TSLA,2025-04-21 10:42:00,226.5100,226.1339
TSLA,2025-04-21 10:43:00,226.0700,225.8600
TSLA,2025-04-21 10:44:00,225.8800,225.4700
TSLA,2025-04-21 10:45:00,225.4100,225.7800
TSLA,2025-04-21 10:46:00,225.7500,225.1700
TSLA,2025-04-21 10:47:00,225.1800,225.0350
TSLA,2025-04-21 10:48:00,225.0800,224.9300
TSLA,2025-04-21 10:49:00,224.9350,225.1500
TSLA,2025-04-21 10:50:00,225.1321,224.8273
TSLA,2025-04-21 10:51:00,224.7800,225.1500
TSLA,2025-04-21 10:52:00,225.1200,225.0300
TSLA,2025-04-21 10:53:00,225.0500,225.6550
TSLA,2025-04-21 10:54:00,225.6500,225.4400
TSLA,2025-04-21 10:55:00,225.4000,225.4164
TSLA,2025-04-21 10:56:00,225.4584,225.2080
TSLA,2025-04-21 10:57:00,225.2100,225.1100
TSLA,2025-04-21 10:58:00,225.1240,225.7853
TSLA,2025-04-21 10:59:00,225.7900,225.6000
TSLA,2025-04-21 11:00:00,225.5900,226.0913
TSLA,2025-04-21 11:01:00,226.0700,225.5194
TSLA,2025-04-21 11:02:00,225.4600,224.9036
TSLA,2025-04-21 11:03:00,224.9000,225.0536
TSLA,2025-04-21 11:04:00,225.0450,225.1301
TSLA,2025-04-21 11:05:00,225.1861,225.2300
TSLA,2025-04-21 11:06:00,225.2200,225.4200
TSLA,2025-04-21 11:07:00,225.4400,224.8050
TSLA,2025-04-21 11:08:00,224.8284,224.8300
TSLA,2025-04-21 11:09:00,224.8500,224.9850
TSLA,2025-04-21 11:10:00,224.9800,224.9604
TSLA,2025-04-21 11:11:00,225.0000,225.1400
TSLA,2025-04-21 11:12:00,225.1000,224.8100
TSLA,2025-04-21 11:13:00,224.7700,224.3750
TSLA,2025-04-21 11:14:00,224.3900,224.1000
TSLA,2025-04-21 11:15:00,224.0400,224.3400
TSLA,2025-04-21 11:16:00,224.3100,224.4700
TSLA,2025-04-21 11:17:00,224.5000,224.3950
TSLA,2025-04-21 11:18:00,224.4300,224.9700
TSLA,2025-04-21 11:19:00,224.9700,224.8600
TSLA,2025-04-21 11:20:00,224.9000,224.6200
TSLA,2025-04-21 11:21:00,224.6138,224.3800
TSLA,2025-04-21 11:22:00,224.3400,224.2000
TSLA,2025-04-21 11:23:00,224.2316,224.5900
TSLA,2025-04-21 11:24:00,224.5900,224.3450
TSLA,2025-04-21 11:25:00,224.3312,225.0700
TSLA,2025-04-21 11:26:00,225.0488,224.8600
TSLA,2025-04-21 11:27:00,224.8700,225.3400
TSLA,2025-04-21 11:28:00,225.2944,224.7550
TSLA,2025-04-21 11:29:00,224.8000,224.7500
TSLA,2025-04-21 11:30:00,224.7600,224.9200
TSLA,2025-04-21 11:31:00,224.9200,224.7500
TSLA,2025-04-21 11:32:00,224.8484,224.9850
TSLA,2025-04-21 11:33:00,225.0000,225.3600
TSLA,2025-04-21 11:34:00,225.3100,224.9400
TSLA,2025-04-21 11:35:00,224.9550,225.0150
TSLA,2025-04-21 11:36:00,224.9800,224.6200
TSLA,2025-04-21 11:37:00,224.6220,224.8199
TSLA,2025-04-21 11:38:00,224.7800,224.7724
TSLA,2025-04-21 11:39:00,224.7700,224.5900
TSLA,2025-04-21 11:40:00,224.6000,224.5799
TSLA,2025-04-21 11:41:00,224.5300,224.6800
TSLA,2025-04-21 11:42:00,224.6500,224.8800
TSLA,2025-04-21 11:43:00,224.8900,224.9900
TSLA,2025-04-21 11:44:00,224.9400,224.7000
TSLA,2025-04-21 11:45:00,224.6500,224.8550
TSLA,2025-04-21 11:46:00,224.8550,224.5393
TSLA,2025-04-21 11:47:00,224.5050,224.5400
TSLA,2025-04-21 11:48:00,224.5300,224.4567
TSLA,2025-04-21 11:49:00,224.4478,224.7499
TSLA,2025-04-21 11:50:00,224.7250,224.0865
TSLA,2025-04-21 11:51:00,224.0831,223.5300
TSLA,2025-04-21 11:52:00,223.5500,224.0900
TSLA,2025-04-21 11:53:00,224.0633,223.9526
TSLA,2025-04-21 11:54:00,223.9499,223.8643
TSLA,2025-04-21 11:55:00,223.8400,223.7364
TSLA,2025-04-21 11:56:00,223.7350,223.6500
TSLA,2025-04-21 11:57:00,223.6600,224.1700
TSLA,2025-04-21 11:58:00,224.1000,224.1100
TSLA,2025-04-21 11:59:00,224.1050,223.7100
TSLA,2025-04-21 12:00:00,223.7000,224.1200
TSLA,2025-04-21 12:01:00,224.1200,224.2700
TSLA,2025-04-21 12:02:00,224.2450,224.1200
TSLA,2025-04-21 12:03:00,224.0401,224.4000
TSLA,2025-04-21 12:04:00,224.4500,224.6800
TSLA,2025-04-21 12:05:00,224.6500,224.6400
TSLA,2025-04-21 12:06:00,224.6100,224.7299
TSLA,2025-04-21 12:07:00,224.7289,224.7499
TSLA,2025-04-21 12:08:00,224.7500,224.6092
TSLA,2025-04-21 12:09:00,224.6100,224.8000
TSLA,2025-04-21 12:10:00,224.8700,225.0800
TSLA,2025-04-21 12:11:00,225.0350,224.9200
TSLA,2025-04-21 12:12:00,224.9200,225.2300
TSLA,2025-04-21 12:13:00,225.2300,225.1700
TSLA,2025-04-21 12:14:00,225.1156,225.2300
TSLA,2025-04-21 12:15:00,225.2300,225.0000
TSLA,2025-04-21 12:16:00,224.9900,224.9650
TSLA,2025-04-21 12:17:00,224.9300,225.3999
TSLA,2025-04-21 12:18:00,225.3403,224.9312
TSLA,2025-04-21 12:19:00,224.9300,225.1188
TSLA,2025-04-21 12:20:00,225.1200,225.2700
TSLA,2025-04-21 12:21:00,225.2700,224.8200
TSLA,2025-04-21 12:22:00,224.8350,224.9800
TSLA,2025-04-21 12:23:00,224.9850,225.2500
TSLA,2025-04-21 12:24:00,225.2215,225.4500
TSLA,2025-04-21 12:25:00,225.4900,225.1686
TSLA,2025-04-21 12:26:00,225.1850,225.0000
TSLA,2025-04-21 12:27:00,225.0088,224.9692
TSLA,2025-04-21 12:28:00,224.9300,224.9014
TSLA,2025-04-21 12:29:00,224.8700,224.8200
TSLA,2025-04-21 12:30:00,224.8150,225.0900
TSLA,2025-04-21 12:31:00,225.0400,225.1600
TSLA,2025-04-21 12:32:00,225.1770,225.3808
TSLA,2025-04-21 12:33:00,225.4301,225.4092
TSLA,2025-04-21 12:34:00,225.3989,225.3800
TSLA,2025-04-21 12:35:00,225.3700,225.0650
TSLA,2025-04-21 12:36:00,225.0300,225.2350
TSLA,2025-04-21 12:37:00,225.2450,225.2550
TSLA,2025-04-21 12:38:00,225.2500,225.2590
TSLA,2025-04-21 12:39:00,225.2000,225.1965
TSLA,2025-04-21 12:40:00,225.1900,225.3326
TSLA,2025-04-21 12:41:00,225.3353,225.1600
TSLA,2025-04-21 12:42:00,225.2000,225.7100
TSLA,2025-04-21 12:43:00,225.7177,225.6650
TSLA,2025-04-21 12:44:00,225.6378,225.4350
TSLA,2025-04-21 12:45:00,225.4400,225.6200
TSLA,2025-04-21 12:46:00,225.6200,225.3500
TSLA,2025-04-21 12:47:00,225.3300,225.2450
TSLA,2025-04-21 12:48:00,225.2450,225.2050
TSLA,2025-04-21 12:49:00,225.2075,225.1600
TSLA,2025-04-21 12:50:00,225.1200,224.9300
TSLA,2025-04-21 12:51:00,224.9150,224.8550
TSLA,2025-04-21 12:52:00,224.8200,224.9041
TSLA,2025-04-21 12:53:00,224.9000,224.6100
TSLA,2025-04-21 12:54:00,224.6050,224.6550
TSLA,2025-04-21 12:55:00,224.6400,224.4500
TSLA,2025-04-21 12:56:00,224.4800,224.5864
TSLA,2025-04-21 12:57:00,224.5500,224.5200
TSLA,2025-04-21 12:58:00,224.5591,224.4400
TSLA,2025-04-21 12:59:00,224.4200,224.6200
TSLA,2025-04-21 13:00:00,224.6200,224.8115
TSLA,2025-04-21 13:01:00,224.8300,224.7500
TSLA,2025-04-21 13:02:00,224.8199,224.4951
TSLA,2025-04-21 13:03:00,224.4800,224.3603
TSLA,2025-04-21 13:04:00,224.2800,224.2894
TSLA,2025-04-21 13:05:00,224.2300,224.2400
TSLA,2025-04-21 13:06:00,224.2150,224.1900
TSLA,2025-04-21 13:07:00,224.1600,224.2000
TSLA,2025-04-21 13:08:00,224.2424,223.8600
TSLA,2025-04-21 13:09:00,223.8147,223.9000
TSLA,2025-04-21 13:10:00,223.8700,223.4699
TSLA,2025-04-21 13:11:00,223.4300,223.7360
TSLA,2025-04-21 13:12:00,223.7150,223.5400
TSLA,2025-04-21 13:13:00,223.5600,223.4150
TSLA,2025-04-21 13:14:00,223.4125,223.5144
TSLA,2025-04-21 13:15:00,223.6000,223.4200
TSLA,2025-04-21 13:16:00,223.3917,223.4700
TSLA,2025-04-21 13:17:00,223.4700,223.6600
TSLA,2025-04-21 13:18:00,223.6700,223.8100
TSLA,2025-04-21 13:19:00,223.7401,223.8387
TSLA,2025-04-21 13:20:00,223.8050,223.9138
TSLA,2025-04-21 13:21:00,223.8700,223.9800
TSLA,2025-04-21 13:22:00,223.9600,224.0900
TSLA,2025-04-21 13:23:00,224.0780,224.1799
TSLA,2025-04-21 13:24:00,224.1793,223.7550
TSLA,2025-04-21 13:25:00,223.7550,223.5401
TSLA,2025-04-21 13:26:00,223.6200,223.9777
TSLA,2025-04-21 13:27:00,223.9464,224.0450
TSLA,2025-04-21 13:28:00,224.1000,223.5600
TSLA,2025-04-21 13:29:00,223.5601,223.4600
TSLA,2025-04-21 13:30:00,223.4500,223.7200
TSLA,2025-04-21 13:31:00,223.6600,223.7750
TSLA,2025-04-21 13:32:00,223.8300,223.9900
TSLA,2025-04-21 13:33:00,223.9900,223.8000
TSLA,2025-04-21 13:34:00,223.8250,223.9700
TSLA,2025-04-21 13:35:00,223.9400,223.9750
TSLA,2025-04-21 13:36:00,223.9600,224.1200
TSLA,2025-04-21 13:37:00,224.1490,223.6205
TSLA,2025-04-21 13:38:00,223.6500,223.7460
TSLA,2025-04-21 13:39:00,223.7250,223.5700
TSLA,2025-04-21 13:40:00,223.5700,223.7650
TSLA,2025-04-21 13:41:00,223.7300,223.8400
TSLA,2025-04-21 13:42:00,223.8400,223.4488
TSLA,2025-04-21 13:43:00,223.4512,223.3900
TSLA,2025-04-21 13:44:00,223.3800,223.6865
TSLA,2025-04-21 13:45:00,223.6895,223.6000
TSLA,2025-04-21 13:46:00,223.5887,223.0600
TSLA,2025-04-21 13:47:00,223.0410,223.1950
TSLA,2025-04-21 13:48:00,223.1950,223.0550
TSLA,2025-04-21 13:49:00,223.0600,222.9927
TSLA,2025-04-21 13:50:00,222.9700,223.3650
TSLA,2025-04-21 13:51:00,223.3684,223.0703
TSLA,2025-04-21 13:52:00,223.1200,223.0900
TSLA,2025-04-21 13:53:00,223.0800,222.9976
TSLA,2025-04-21 13:54:00,222.9996,222.8700
TSLA,2025-04-21 13:55:00,222.8400,223.1200
TSLA,2025-04-21 13:56:00,223.1100,222.9599
TSLA,2025-04-21 13:57:00,222.9360,223.2900
TSLA,2025-04-21 13:58:00,223.2900,222.9200
TSLA,2025-04-21 13:59:00,222.9330,222.9700
TSLA,2025-04-21 14:00:00,222.9900,223.0000
TSLA,2025-04-21 14:01:00,222.9650,223.3200
TSLA,2025-04-21 14:02:00,223.3100,223.2900
TSLA,2025-04-21 14:03:00,223.2700,223.1366
TSLA,2025-04-21 14:04:00,223.1300,223.1699
TSLA,2025-04-21 14:05:00,223.1700,223.5200
TSLA,2025-04-21 14:06:00,223.5650,223.9799
TSLA,2025-04-21 14:07:00,223.9550,223.9000
TSLA,2025-04-21 14:08:00,223.9000,224.4500
TSLA,2025-04-21 14:09:00,224.4500,224.4500
TSLA,2025-04-21 14:10:00,224.4300,224.2864
TSLA,2025-04-21 14:11:00,224.3169,224.0396
TSLA,2025-04-21 14:12:00,224.0200,224.1201
TSLA,2025-04-21 14:13:00,224.1200,224.1018
TSLA,2025-04-21 14:14:00,224.0850,224.0134
TSLA,2025-04-21 14:15:00,223.9500,223.9000
TSLA,2025-04-21 14:16:00,223.9445,224.3301
TSLA,2025-04-21 14:17:00,224.3300,224.5600
TSLA,2025-04-21 14:18:00,224.5451,224.5999
TSLA,2025-04-21 14:19:00,224.5735,224.3400
TSLA,2025-04-21 14:20:00,224.3384,224.1200
TSLA,2025-04-21 14:21:00,224.1800,224.4850
TSLA,2025-04-21 14:22:00,224.4500,224.3500
TSLA,2025-04-21 14:23:00,224.3500,224.4400
TSLA,2025-04-21 14:24:00,224.4300,224.1901
TSLA,2025-04-21 14:25:00,224.1800,224.1100
TSLA,2025-04-21 14:26:00,224.1192,224.1800
TSLA,2025-04-21 14:27:00,224.1700,224.3480
TSLA,2025-04-21 14:28:00,224.3300,224.2300
TSLA,2025-04-21 14:29:00,224.2400,224.4400
TSLA,2025-04-21 14:30:00,224.3600,224.7297
TSLA,2025-04-21 14:31:00,224.6908,224.8400
TSLA,2025-04-21 14:32:00,224.8400,224.6100
TSLA,2025-04-21 14:33:00,224.5701,224.7618
TSLA,2025-04-21 14:34:00,224.7800,224.7400
TSLA,2025-04-21 14:35:00,224.7300,224.7800
TSLA,2025-04-21 14:36:00,224.8099,224.5300
TSLA,2025-04-21 14:37:00,224.5300,224.7100
TSLA,2025-04-21 14:38:00,224.7060,224.5650
TSLA,2025-04-21 14:39:00,224.5900,224.3985
TSLA,2025-04-21 14:40:00,224.3850,224.2800
TSLA,2025-04-21 14:41:00,224.2700,224.2500
TSLA,2025-04-21 14:42:00,224.2500,224.0250
TSLA,2025-04-21 14:43:00,224.0000,223.9700
TSLA,2025-04-21 14:44:00,223.9700,224.1100
TSLA,2025-04-21 14:45:00,224.1000,223.8800
TSLA,2025-04-21 14:46:00,223.8650,223.9250
TSLA,2025-04-21 14:47:00,223.9467,223.6700
TSLA,2025-04-21 14:48:00,223.7234,223.7800
TSLA,2025-04-21 14:49:00,223.8095,223.7400
TSLA,2025-04-21 14:50:00,223.6953,223.4500
TSLA,2025-04-21 14:51:00,223.4752,223.7199
TSLA,2025-04-21 14:52:00,223.6900,223.4250
TSLA,2025-04-21 14:53:00,223.4100,223.4350
TSLA,2025-04-21 14:54:00,223.4600,223.4100
TSLA,2025-04-21 14:55:00,223.3408,223.5900
TSLA,2025-04-21 14:56:00,223.5900,223.6100
TSLA,2025-04-21 14:57:00,223.6355,223.6092
TSLA,2025-04-21 14:58:00,223.6050,223.4656
TSLA,2025-04-21 14:59:00,223.4839,223.4700
TSLA,2025-04-21 15:00:00,223.4200,223.9900
TSLA,2025-04-21 15:01:00,224.0000,224.2500
TSLA,2025-04-21 15:02:00,224.2700,224.4700
TSLA,2025-04-21 15:03:00,224.4450,224.5564
TSLA,2025-04-21 15:04:00,224.5600,224.6100
TSLA,2025-04-21 15:05:00,224.6050,224.6400
TSLA,2025-04-21 15:06:00,224.6300,224.7850
TSLA,2025-04-21 15:07:00,224.7601,224.6700
TSLA,2025-04-21 15:08:00,224.6100,224.5600
TSLA,2025-04-21 15:09:00,224.5800,224.4700
TSLA,2025-04-21 15:10:00,224.4700,224.6200
TSLA,2025-04-21 15:11:00,224.6253,224.4400
TSLA,2025-04-21 15:12:00,224.4450,224.7650
TSLA,2025-04-21 15:13:00,224.7700,224.4947
TSLA,2025-04-21 15:14:00,224.4800,224.4600
TSLA,2025-04-21 15:15:00,224.4600,224.4728
TSLA,2025-04-21 15:16:00,224.4301,224.0350
TSLA,2025-04-21 15:17:00,224.0250,224.3200
TSLA,2025-04-21 15:18:00,224.3494,224.5300
TSLA,2025-04-21 15:19:00,224.5300,224.5450
TSLA,2025-04-21 15:20:00,224.5400,224.8142
TSLA,2025-04-21 15:21:00,224.8256,224.9850
TSLA,2025-04-21 15:22:00,224.9850,225.1976
TSLA,2025-04-21 15:23:00,225.1934,224.7708
TSLA,2025-04-21 15:24:00,224.7700,224.9875
TSLA,2025-04-21 15:25:00,224.9800,224.8600
TSLA,2025-04-21 15:26:00,224.8450,224.7600
TSLA,2025-04-21 15:27:00,224.7500,224.6000
TSLA,2025-04-21 15:28:00,224.6000,224.4068
TSLA,2025-04-21 15:29:00,224.4000,224.5700
TSLA,2025-04-21 15:30:00,224.5300,224.6300
TSLA,2025-04-21 15:31:00,224.6200,224.6100
TSLA,2025-04-21 15:32:00,224.6300,225.0300
TSLA,2025-04-21 15:33:00,225.0350,225.0700
TSLA,2025-04-21 15:34:00,225.0600,224.9499
TSLA,2025-04-21 15:35:00,224.9500,225.2850
TSLA,2025-04-21 15:36:00,225.3100,225.4301
TSLA,2025-04-21 15:37:00,225.4525,225.6500
TSLA,2025-04-21 15:38:00,225.6500,225.7350
TSLA,2025-04-21 15:39:00,225.7350,226.0100
TSLA,2025-04-21 15:40:00,226.0200,225.9700
TSLA,2025-04-21 15:41:00,225.9600,225.8000
TSLA,2025-04-21 15:42:00,225.7844,225.7900
TSLA,2025-04-21 15:43:00,225.8300,226.1900
TSLA,2025-04-21 15:44:00,226.2100,226.0900
TSLA,2025-04-21 15:45:00,226.0892,226.0000
TSLA,2025-04-21 15:46:00,225.9950,225.6300
TSLA,2025-04-21 15:47:00,225.5800,225.6700
TSLA,2025-04-21 15:48:00,225.6857,226.0268
TSLA,2025-04-21 15:49:00,226.0000,226.3000
TSLA,2025-04-21 15:50:00,226.3000,226.3100
TSLA,2025-04-21 15:51:00,226.3483,226.0500
TSLA,2025-04-21 15:52:00,226.0500,225.9200
TSLA,2025-04-21 15:53:00,225.8900,226.1600
TSLA,2025-04-21 15:54:00,226.1800,226.1400
TSLA,2025-04-21 15:55:00,226.1500,227.0100
TSLA,2025-04-21 15:56:00,227.0500,227.0400
TSLA,2025-04-21 15:57:00,227.0600,227.5600
TSLA,2025-04-21 15:58:00,227.5600,227.6094
TSLA,2025-04-21 15:59:00,227.6150,227.4500
TSLA,2025-04-22 09:30:00,230.9600,230.3414
TSLA,2025-04-22 09:31:00,230.2800,232.8450
TSLA,2025-04-22 09:32:00,232.8000,232.2400
TSLA,2025-04-22 09:33:00,232.2050,231.9100
TSLA,2025-04-22 09:34:00,231.8900,231.8255
TSLA,2025-04-22 09:35:00,231.8499,231.3650
TSLA,2025-04-22 09:36:00,231.4050,232.0270
TSLA,2025-04-22 09:37:00,232.0100,232.9600
TSLA,2025-04-22 09:38:00,232.9400,232.6534
TSLA,2025-04-22 09:39:00,232.6160,233.0699
TSLA,2025-04-22 09:40:00,232.9600,232.8550
TSLA,2025-04-22 09:41:00,232.8550,234.0100
TSLA,2025-04-22 09:42:00,234.0000,234.0601
TSLA,2025-04-22 09:43:00,234.1636,233.9799
TSLA,2025-04-22 09:44:00,233.9646,234.2200
TSLA,2025-04-22 09:45:00,234.2200,235.0800
TSLA,2025-04-22 09:46:00,235.0500,234.9800
TSLA,2025-04-22 09:47:00,234.9886,234.5400
TSLA,2025-04-22 09:48:00,234.5573,235.4400
TSLA,2025-04-22 09:49:00,235.4400,235.9700
TSLA,2025-04-22 09:50:00,235.9300,235.7000
TSLA,2025-04-22 09:51:00,235.7300,235.2401
TSLA,2025-04-22 09:52:00,235.2650,235.2599
TSLA,2025-04-22 09:53:00,235.2625,236.3300
TSLA,2025-04-22 09:54:00,236.2600,236.4312
TSLA,2025-04-22 09:55:00,236.3850,235.8100
TSLA,2025-04-22 09:56:00,235.8300,235.8300
TSLA,2025-04-22 09:57:00,235.8201,235.5700
TSLA,2025-04-22 09:58:00,235.5800,236.1800
TSLA,2025-04-22 09:59:00,236.1900,236.8186
TSLA,2025-04-22 10:00:00,236.8200,237.2300
TSLA,2025-04-22 10:01:00,237.2300,236.6108
TSLA,2025-04-22 10:02:00,236.6600,236.4600
TSLA,2025-04-22 10:03:00,236.4600,236.7650
TSLA,2025-04-22 10:04:00,236.7700,236.9300
TSLA,2025-04-22 10:05:00,236.9247,236.0899
TSLA,2025-04-22 10:06:00,236.0382,236.2050
TSLA,2025-04-22 10:07:00,236.2500,236.0000
TSLA,2025-04-22 10:08:00,236.0800,236.0400
TSLA,2025-04-22 10:09:00,236.0300,236.8400
TSLA,2025-04-22 10:10:00,236.8300,237.6800
TSLA,2025-04-22 10:11:00,237.6800,237.3950
TSLA,2025-04-22 10:12:00,237.4200,236.9300
TSLA,2025-04-22 10:13:00,236.9400,236.9650
TSLA,2025-04-22 10:14:00,236.9700,236.8600
TSLA,2025-04-22 10:15:00,236.8232,236.3155
TSLA,2025-04-22 10:16:00,236.3050,236.0400
TSLA,2025-04-22 10:17:00,236.0600,236.4400
TSLA,2025-04-22 10:18:00,236.4100,236.4000
TSLA,2025-04-22 10:19:00,236.4500,236.2500
TSLA,2025-04-22 10:20:00,236.1900,236.3000
TSLA,2025-04-22 10:21:00,236.3050,236.8000
TSLA,2025-04-22 10:22:00,236.8200,236.4300
TSLA,2025-04-22 10:23:00,236.4400,236.1900
TSLA,2025-04-22 10:24:00,236.1600,235.9300
TSLA,2025-04-22 10:25:00,235.9600,235.7733
TSLA,2025-04-22 10:26:00,235.8400,235.5900
TSLA,2025-04-22 10:27:00,235.5800,235.4800
TSLA,2025-04-22 10:28:00,235.5499,235.5600
TSLA,2025-04-22 10:29:00,235.6200,235.9601
TSLA,2025-04-22 10:30:00,235.9600,235.2500
TSLA,2025-04-22 10:31:00,235.2600,235.4200
TSLA,2025-04-22 10:32:00,235.4400,234.9500
TSLA,2025-04-22 10:33:00,235.0128,235.2100
TSLA,2025-04-22 10:34:00,235.2120,234.9900
TSLA,2025-04-22 10:35:00,235.0500,235.1099
TSLA,2025-04-22 10:36:00,235.0700,235.3900
TSLA,2025-04-22 10:37:00,235.3800,235.8600
TSLA,2025-04-22 10:38:00,235.8600,235.7600
TSLA,2025-04-22 10:39:00,235.7300,235.8200
TSLA,2025-04-22 10:40:00,235.8300,235.8900
TSLA,2025-04-22 10:41:00,235.8850,235.9270
TSLA,2025-04-22 10:42:00,235.9400,236.1450
TSLA,2025-04-22 10:43:00,236.1741,236.2571
TSLA,2025-04-22 10:44:00,236.2382,236.2698
TSLA,2025-04-22 10:45:00,236.3000,236.3178
TSLA,2025-04-22 10:46:00,236.3300,236.7000
TSLA,2025-04-22 10:47:00,236.6850,236.7900
TSLA,2025-04-22 10:48:00,236.7949,237.0600
TSLA,2025-04-22 10:49:00,237.0696,236.7000
TSLA,2025-04-22 10:50:00,236.6945,236.0850
TSLA,2025-04-22 10:51:00,236.1100,235.6400
TSLA,2025-04-22 10:52:00,235.6396,236.0492
TSLA,2025-04-22 10:53:00,236.0600,236.3600
TSLA,2025-04-22 10:54:00,236.3800,236.1700
TSLA,2025-04-22 10:55:00,236.1500,236.1400
TSLA,2025-04-22 10:56:00,236.1000,236.2072
TSLA,2025-04-22 10:57:00,236.2074,236.8500
TSLA,2025-04-22 10:58:00,236.8900,236.6800
TSLA,2025-04-22 10:59:00,236.6986,236.8950
TSLA,2025-04-22 11:00:00,236.8700,237.2150
TSLA,2025-04-22 11:01:00,237.2150,237.2500
TSLA,2025-04-22 11:02:00,237.2234,237.3000
TSLA,2025-04-22 11:03:00,237.3000,237.9000
TSLA,2025-04-22 11:04:00,237.8900,238.1500
TSLA,2025-04-22 11:05:00,238.1800,238.1500
TSLA,2025-04-22 11:06:00,238.1650,238.2500
TSLA,2025-04-22 11:07:00,238.2484,238.3380
TSLA,2025-04-22 11:08:00,238.3300,238.2240
TSLA,2025-04-22 11:09:00,238.2200,238.2417
TSLA,2025-04-22 11:10:00,238.2700,238.3000
TSLA,2025-04-22 11:11:00,238.2700,238.1950
TSLA,2025-04-22 11:12:00,238.1700,237.8450
TSLA,2025-04-22 11:13:00,237.8600,237.8748
TSLA,2025-04-22 11:14:00,237.9200,238.0000
TSLA,2025-04-22 11:15:00,238.0416,237.8900
TSLA,2025-04-22 11:16:00,237.9300,238.1900
TSLA,2025-04-22 11:17:00,238.2100,238.6300
TSLA,2025-04-22 11:18:00,238.6300,238.8000
TSLA,2025-04-22 11:19:00,238.7967,239.2201
TSLA,2025-04-22 11:20:00,239.2200,238.8750
TSLA,2025-04-22 11:21:00,238.8500,238.7332
TSLA,2025-04-22 11:22:00,238.6952,239.2300
TSLA,2025-04-22 11:23:00,239.2500,238.4750
TSLA,2025-04-22 11:24:00,238.4700,238.8550
TSLA,2025-04-22 11:25:00,238.8300,238.8163
TSLA,2025-04-22 11:26:00,238.8200,238.6200
TSLA,2025-04-22 11:27:00,238.6800,238.2300
TSLA,2025-04-22 11:28:00,238.2350,238.4400
TSLA,2025-04-22 11:29:00,238.3800,238.1100
TSLA,2025-04-22 11:30:00,238.1400,238.1364
TSLA,2025-04-22 11:31:00,238.1500,238.5150
TSLA,2025-04-22 11:32:00,238.5400,238.2400
TSLA,2025-04-22 11:33:00,238.2400,238.3491
TSLA,2025-04-22 11:34:00,238.3400,238.0200
TSLA,2025-04-22 11:35:00,238.0499,238.1300
TSLA,2025-04-22 11:36:00,238.1500,238.2500
TSLA,2025-04-22 11:37:00,238.2700,238.1200
TSLA,2025-04-22 11:38:00,238.1700,238.1200
TSLA,2025-04-22 11:39:00,238.1200,238.4868
TSLA,2025-04-22 11:40:00,238.4800,238.4450
TSLA,2025-04-22 11:41:00,238.4450,238.4154
TSLA,2025-04-22 11:42:00,238.4200,238.7454
TSLA,2025-04-22 11:43:00,238.7200,238.2700
TSLA,2025-04-22 11:44:00,238.2800,238.0400
TSLA,2025-04-22 11:45:00,238.0437,238.3041
TSLA,2025-04-22 11:46:00,238.3774,237.9050
TSLA,2025-04-22 11:47:00,237.9500,237.9118
TSLA,2025-04-22 11:48:00,237.9699,237.8500
TSLA,2025-04-22 11:49:00,237.8990,238.1200
TSLA,2025-04-22 11:50:00,238.1536,238.2479
TSLA,2025-04-22 11:51:00,238.2500,238.7466
TSLA,2025-04-22 11:52:00,238.7450,238.5432
TSLA,2025-04-22 11:53:00,238.5900,238.4655
TSLA,2025-04-22 11:54:00,238.4750,238.8493
TSLA,2025-04-22 11:55:00,238.8300,238.5540
TSLA,2025-04-22 11:56:00,238.6000,238.3650
TSLA,2025-04-22 11:57:00,238.3500,238.2501
TSLA,2025-04-22 11:58:00,238.2525,238.4309
TSLA,2025-04-22 11:59:00,238.4323,239.2480
TSLA,2025-04-22 12:00:00,239.2700,240.2488
TSLA,2025-04-22 12:01:00,240.2799,240.0000
TSLA,2025-04-22 12:02:00,240.0000,239.9600
TSLA,2025-04-22 12:03:00,239.9900,240.1200
TSLA,2025-04-22 12:04:00,240.1400,240.6400
TSLA,2025-04-22 12:05:00,240.6600,240.2900
TSLA,2025-04-22 12:06:00,240.3000,240.7450
TSLA,2025-04-22 12:07:00,240.7900,241.0208
TSLA,2025-04-22 12:08:00,241.0260,241.0301
TSLA,2025-04-22 12:09:00,241.0900,241.0679
TSLA,2025-04-22 12:10:00,241.0300,241.7450
TSLA,2025-04-22 12:11:00,241.6800,242.0075
TSLA,2025-04-22 12:12:00,241.9950,242.2300
TSLA,2025-04-22 12:13:00,242.2300,241.9108
TSLA,2025-04-22 12:14:00,241.9000,242.0000
TSLA,2025-04-22 12:15:00,241.9500,241.6200
TSLA,2025-04-22 12:16:00,241.6746,241.5400
TSLA,2025-04-22 12:17:00,241.5883,241.5900
TSLA,2025-04-22 12:18:00,241.5900,241.5300
TSLA,2025-04-22 12:19:00,241.5250,241.4400
TSLA,2025-04-22 12:20:00,241.4900,241.8800
TSLA,2025-04-22 12:21:00,241.9200,241.7300
TSLA,2025-04-22 12:22:00,241.7500,242.0900
TSLA,2025-04-22 12:23:00,242.1200,242.2000
TSLA,2025-04-22 12:24:00,242.1900,242.6500
TSLA,2025-04-22 12:25:00,242.6400,242.4750
TSLA,2025-04-22 12:26:00,242.4301,242.2200
TSLA,2025-04-22 12:27:00,242.2250,242.1800
TSLA,2025-04-22 12:28:00,242.1500,242.2600
TSLA,2025-04-22 12:29:00,242.2900,241.8400
TSLA,2025-04-22 12:30:00,241.8400,241.5700
TSLA,2025-04-22 12:31:00,241.5950,241.6500
TSLA,2025-04-22 12:32:00,241.6700,241.9950
TSLA,2025-04-22 12:33:00,242.0300,241.8400
TSLA,2025-04-22 12:34:00,241.8300,241.5100
TSLA,2025-04-22 12:35:00,241.4600,241.4900
TSLA,2025-04-22 12:36:00,241.4900,241.3799
TSLA,2025-04-22 12:37:00,241.3100,241.3700
TSLA,2025-04-22 12:38:00,241.3800,241.4132
TSLA,2025-04-22 12:39:00,241.4599,241.3000
TSLA,2025-04-22 12:40:00,241.3119,240.9250
TSLA,2025-04-22 12:41:00,240.9400,240.6604
TSLA,2025-04-22 12:42:00,240.6400,240.9550
TSLA,2025-04-22 12:43:00,240.9899,240.8600
TSLA,2025-04-22 12:44:00,240.8400,241.0250
TSLA,2025-04-22 12:45:00,241.0250,240.8496
TSLA,2025-04-22 12:46:00,240.8650,240.7484
TSLA,2025-04-22 12:47:00,240.7500,240.7682
TSLA,2025-04-22 12:48:00,240.7700,240.7100
TSLA,2025-04-22 12:49:00,240.6950,240.9808
TSLA,2025-04-22 12:50:00,241.0000,240.5900
TSLA,2025-04-22 12:51:00,240.5900,240.2111
TSLA,2025-04-22 12:52:00,240.2300,240.2014
TSLA,2025-04-22 12:53:00,240.2300,240.6328
TSLA,2025-04-22 12:54:00,240.6100,240.5600
TSLA,2025-04-22 12:55:00,240.5300,240.7500
TSLA,2025-04-22 12:56:00,240.7500,240.7400
TSLA,2025-04-22 12:57:00,240.7500,240.8900
TSLA,2025-04-22 12:58:00,240.8500,240.7200
TSLA,2025-04-22 12:59:00,240.7336,240.7380
TSLA,2025-04-22 13:00:00,240.7500,240.7900
TSLA,2025-04-22 13:01:00,240.7700,240.9500
TSLA,2025-04-22 13:02:00,241.0560,241.1160
TSLA,2025-04-22 13:03:00,241.0900,241.1500
TSLA,2025-04-22 13:04:00,241.0601,241.1600
TSLA,2025-04-22 13:05:00,241.1550,240.9850
TSLA,2025-04-22 13:06:00,241.0200,240.4700
TSLA,2025-04-22 13:07:00,240.4700,240.2816
TSLA,2025-04-22 13:08:00,240.3119,241.0750
TSLA,2025-04-22 13:09:00,241.0750,240.8150
TSLA,2025-04-22 13:10:00,240.8100,239.9250
TSLA,2025-04-22 13:11:00,239.9100,239.1300
TSLA,2025-04-22 13:12:00,239.1100,239.3141
TSLA,2025-04-22 13:13:00,239.2756,238.8800
TSLA,2025-04-22 13:14:00,238.8650,238.7200
TSLA,2025-04-22 13:15:00,238.6900,237.9635
TSLA,2025-04-22 13:16:00,237.9655,237.7101
TSLA,2025-04-22 13:17:00,237.8000,237.9300
TSLA,2025-04-22 13:18:00,237.9600,238.0750
TSLA,2025-04-22 13:19:00,238.1259,238.0400
TSLA,2025-04-22 13:20:00,238.0400,237.4150
TSLA,2025-04-22 13:21:00,237.3500,236.7250
TSLA,2025-04-22 13:22:00,236.7000,236.7500
TSLA,2025-04-22 13:23:00,236.7500,236.6450
TSLA,2025-04-22 13:24:00,236.6400,236.5600
TSLA,2025-04-22 13:25:00,236.5864,236.9800
TSLA,2025-04-22 13:26:00,236.9800,237.1325
TSLA,2025-04-22 13:27:00,237.1300,236.5100
TSLA,2025-04-22 13:28:00,236.5350,236.1250
TSLA,2025-04-22 13:29:00,236.1000,235.8700
TSLA,2025-04-22 13:30:00,235.8650,235.7653
TSLA,2025-04-22 13:31:00,235.8800,236.0700
TSLA,2025-04-22 13:32:00,236.1100,236.2192
TSLA,2025-04-22 13:33:00,236.2000,235.8501
TSLA,2025-04-22 13:34:00,235.9050,236.2100
TSLA,2025-04-22 13:35:00,236.1861,236.1321
TSLA,2025-04-22 13:36:00,236.0600,236.9501
TSLA,2025-04-22 13:37:00,236.9555,236.8850
TSLA,2025-04-22 13:38:00,236.8825,236.7700
TSLA,2025-04-22 13:39:00,236.7800,236.4200
TSLA,2025-04-22 13:40:00,236.4200,236.1625
TSLA,2025-04-22 13:41:00,236.1400,235.9650
TSLA,2025-04-22 13:42:00,235.9700,235.5550
TSLA,2025-04-22 13:43:00,235.5949,235.6200
TSLA,2025-04-22 13:44:00,235.6250,235.9900
TSLA,2025-04-22 13:45:00,235.9600,235.7350
TSLA,2025-04-22 13:46:00,235.7350,235.7700
TSLA,2025-04-22 13:47:00,235.7336,236.0531
TSLA,2025-04-22 13:48:00,236.0000,235.4345
TSLA,2025-04-22 13:49:00,235.4300,234.9550
TSLA,2025-04-22 13:50:00,234.9300,234.7900
TSLA,2025-04-22 13:51:00,234.7900,234.6300
TSLA,2025-04-22 13:52:00,234.6799,234.9500
TSLA,2025-04-22 13:53:00,234.9500,234.8650
TSLA,2025-04-22 13:54:00,234.8899,235.4659
TSLA,2025-04-22 13:55:00,235.4250,235.3400
TSLA,2025-04-22 13:56:00,235.3900,235.1200
TSLA,2025-04-22 13:57:00,235.1500,234.7700
TSLA,2025-04-22 13:58:00,234.7500,235.2900
TSLA,2025-04-22 13:59:00,235.2900,235.1100
TSLA,2025-04-22 14:00:00,235.1500,235.2550
TSLA,2025-04-22 14:01:00,235.2300,235.6000
TSLA,2025-04-22 14:02:00,235.5505,235.9500
TSLA,2025-04-22 14:03:00,235.9500,236.4050
TSLA,2025-04-22 14:04:00,236.4200,236.5400
TSLA,2025-04-22 14:05:00,236.5600,236.7400
TSLA,2025-04-22 14:06:00,236.7550,236.8000
TSLA,2025-04-22 14:07:00,236.7800,236.9112
TSLA,2025-04-22 14:08:00,236.8800,236.4800
TSLA,2025-04-22 14:09:00,236.4816,236.6900
TSLA,2025-04-22 14:10:00,236.6200,236.4600
TSLA,2025-04-22 14:11:00,236.4900,236.6426
TSLA,2025-04-22 14:12:00,236.6429,236.7004
TSLA,2025-04-22 14:13:00,236.7000,236.9494
TSLA,2025-04-22 14:14:00,236.9550,236.9966
TSLA,2025-04-22 14:15:00,237.0200,237.2000
TSLA,2025-04-22 14:16:00,237.2008,237.1500
TSLA,2025-04-22 14:17:00,237.1100,237.2700
TSLA,2025-04-22 14:18:00,237.2669,237.1500
TSLA,2025-04-22 14:19:00,237.1400,237.3200
TSLA,2025-04-22 14:20:00,237.3300,237.2800
TSLA,2025-04-22 14:21:00,237.3000,237.4600
TSLA,2025-04-22 14:22:00,237.4976,237.6900
TSLA,2025-04-22 14:23:00,237.6600,237.9400
TSLA,2025-04-22 14:24:00,237.9600,237.9900
TSLA,2025-04-22 14:25:00,237.9200,238.1526
TSLA,2025-04-22 14:26:00,238.1400,238.1300
TSLA,2025-04-22 14:27:00,238.1200,238.2325
TSLA,2025-04-22 14:28:00,238.2800,238.2100
TSLA,2025-04-22 14:29:00,238.1670,238.2600
TSLA,2025-04-22 14:30:00,238.2400,238.2700
TSLA,2025-04-22 14:31:00,238.2800,238.1725
TSLA,2025-04-22 14:32:00,238.1600,238.1000
TSLA,2025-04-22 14:33:00,238.0934,238.0400
TSLA,2025-04-22 14:34:00,238.0900,238.2150
TSLA,2025-04-22 14:35:00,238.2200,238.0900
TSLA,2025-04-22 14:36:00,238.1040,238.2700
TSLA,2025-04-22 14:37:00,238.2616,238.4400
TSLA,2025-04-22 14:38:00,238.4328,237.9802
TSLA,2025-04-22 14:39:00,237.9800,237.7700
TSLA,2025-04-22 14:40:00,237.8100,237.9200
TSLA,2025-04-22 14:41:00,237.9300,237.9500
TSLA,2025-04-22 14:42:00,237.9700,238.1600
TSLA,2025-04-22 14:43:00,238.1700,238.2900
TSLA,2025-04-22 14:44:00,238.2800,237.9400
TSLA,2025-04-22 14:45:00,237.9200,238.3073
TSLA,2025-04-22 14:46:00,238.3100,238.3400
TSLA,2025-04-22 14:47:00,238.3400,238.2500
TSLA,2025-04-22 14:48:00,238.2800,238.1172
TSLA,2025-04-22 14:49:00,238.1550,238.2300
TSLA,2025-04-22 14:50:00,238.2400,238.0600
TSLA,2025-04-22 14:51:00,238.0600,237.6400
TSLA,2025-04-22 14:52:00,237.6345,237.8400
TSLA,2025-04-22 14:53:00,237.8200,238.1400
TSLA,2025-04-22 14:54:00,238.1112,238.2000
TSLA,2025-04-22 14:55:00,238.1992,238.2725
TSLA,2025-04-22 14:56:00,238.2500,238.1070
TSLA,2025-04-22 14:57:00,238.0800,238.0100
TSLA,2025-04-22 14:58:00,238.0000,237.9500
TSLA,2025-04-22 14:59:00,237.9750,237.8100
TSLA,2025-04-22 15:00:00,237.8150,237.8620
TSLA,2025-04-22 15:01:00,237.8950,237.4800
TSLA,2025-04-22 15:02:00,237.5050,237.4515
TSLA,2025-04-22 15:03:00,237.4900,237.4950
TSLA,2025-04-22 15:04:00,237.4950,237.5800
TSLA,2025-04-22 15:05:00,237.5908,237.4200
TSLA,2025-04-22 15:06:00,237.4000,236.9550
TSLA,2025-04-22 15:07:00,236.9550,236.9850
TSLA,2025-04-22 15:08:00,236.9850,236.9488
TSLA,2025-04-22 15:09:00,236.9740,236.8056
TSLA,2025-04-22 15:10:00,236.8350,236.9201
TSLA,2025-04-22 15:11:00,236.9200,236.7300
TSLA,2025-04-22 15:12:00,236.7500,236.5750
TSLA,2025-04-22 15:13:00,236.5738,236.6900
TSLA,2025-04-22 15:14:00,236.6800,236.5600
TSLA,2025-04-22 15:15:00,236.5750,236.5416
TSLA,2025-04-22 15:16:00,236.5300,236.3900
TSLA,2025-04-22 15:17:00,236.3810,236.3700
TSLA,2025-04-22 15:18:00,236.3100,236.1785
TSLA,2025-04-22 15:19:00,236.1793,236.1600
TSLA,2025-04-22 15:20:00,236.1300,235.9950
TSLA,2025-04-22 15:21:00,236.0500,235.8156
TSLA,2025-04-22 15:22:00,235.8099,235.4300
TSLA,2025-04-22 15:23:00,235.4141,235.5800
TSLA,2025-04-22 15:24:00,235.5900,236.1293
TSLA,2025-04-22 15:25:00,236.1300,236.2259
TSLA,2025-04-22 15:26:00,236.1900,235.8300
TSLA,2025-04-22 15:27:00,235.8101,235.5100
TSLA,2025-04-22 15:28:00,235.5253,235.5294
TSLA,2025-04-22 15:29:00,235.5200,235.3900
TSLA,2025-04-22 15:30:00,235.4000,235.7100
TSLA,2025-04-22 15:31:00,235.6900,235.8600
TSLA,2025-04-22 15:32:00,235.9100,235.7941
TSLA,2025-04-22 15:33:00,235.7750,236.0200
TSLA,2025-04-22 15:34:00,236.0400,235.8801
TSLA,2025-04-22 15:35:00,235.8800,236.2100
TSLA,2025-04-22 15:36:00,236.2154,235.9400
TSLA,2025-04-22 15:37:00,235.9607,236.0900
TSLA,2025-04-22 15:38:00,236.0850,235.7600
TSLA,2025-04-22 15:39:00,235.7600,235.6700
TSLA,2025-04-22 15:40:00,235.6345,236.0200
TSLA,2025-04-22 15:41:00,236.0200,236.3171
TSLA,2025-04-22 15:42:00,236.3200,236.9768
TSLA,2025-04-22 15:43:00,236.9900,237.2444
TSLA,2025-04-22 15:44:00,237.2000,237.3169
TSLA,2025-04-22 15:45:00,237.2800,237.3700
TSLA,2025-04-22 15:46:00,237.4000,237.2500
TSLA,2025-04-22 15:47:00,237.2700,237.7100
TSLA,2025-04-22 15:48:00,237.7100,237.7900
TSLA,2025-04-22 15:49:00,237.8000,237.7400
TSLA,2025-04-22 15:50:00,237.7100,236.9650
TSLA,2025-04-22 15:51:00,236.9650,236.9000
TSLA,2025-04-22 15:52:00,236.8900,236.3500
TSLA,2025-04-22 15:53:00,236.3000,236.8200
TSLA,2025-04-22 15:54:00,236.8250,237.4300
TSLA,2025-04-22 15:55:00,237.4700,237.2450
TSLA,2025-04-22 15:56:00,237.2450,237.9300
TSLA,2025-04-22 15:57:00,237.9250,237.9200
TSLA,2025-04-22 15:58:00,237.9100,238.2250
TSLA,2025-04-22 15:59:00,238.2150,238.1500
TSLA,2025-04-23 09:30:00,254.8600,251.8899
TSLA,2025-04-23 09:31:00,251.9519,249.7221
TSLA,2025-04-23 09:32:00,249.7300,248.7400
TSLA,2025-04-23 09:33:00,248.7900,250.2700
TSLA,2025-04-23 09:34:00,250.2700,248.3250
TSLA,2025-04-23 09:35:00,248.2310,247.1700
TSLA,2025-04-23 09:36:00,247.2300,246.9000
TSLA,2025-04-23 09:37:00,246.8400,249.2900
TSLA,2025-04-23 09:38:00,249.2900,249.2900
TSLA,2025-04-23 09:39:00,249.3000,249.0000
TSLA,2025-04-23 09:40:00,248.9900,249.0800
TSLA,2025-04-23 09:41:00,249.0768,249.3700
TSLA,2025-04-23 09:42:00,249.3528,247.7800
TSLA,2025-04-23 09:43:00,247.8600,248.5600
TSLA,2025-04-23 09:44:00,248.5700,248.3000
TSLA,2025-04-23 09:45:00,248.1588,247.5400
TSLA,2025-04-23 09:46:00,247.5200,246.7500
TSLA,2025-04-23 09:47:00,246.8000,245.8200
TSLA,2025-04-23 09:48:00,245.8200,246.1000
TSLA,2025-04-23 09:49:00,246.0700,246.7300
TSLA,2025-04-23 09:50:00,246.7623,245.6300
TSLA,2025-04-23 09:51:00,245.7300,247.7400
TSLA,2025-04-23 09:52:00,247.7856,246.3876
TSLA,2025-04-23 09:53:00,246.3500,246.2800
TSLA,2025-04-23 09:54:00,246.3300,245.4256
TSLA,2025-04-23 09:55:00,245.4800,244.8500
TSLA,2025-04-23 09:56:00,244.8300,246.3100
TSLA,2025-04-23 09:57:00,246.2500,246.2000
TSLA,2025-04-23 09:58:00,246.1428,245.6499
TSLA,2025-04-23 09:59:00,245.6500,246.5900
TSLA,2025-04-23 10:00:00,246.6300,245.8400
TSLA,2025-04-23 10:01:00,245.7500,245.6100
TSLA,2025-04-23 10:02:00,245.6100,245.6445
TSLA,2025-04-23 10:03:00,245.6100,245.3831
TSLA,2025-04-23 10:04:00,245.3350,246.7470
TSLA,2025-04-23 10:05:00,246.7400,246.2206
TSLA,2025-04-23 10:06:00,246.2800,246.8700
TSLA,2025-04-23 10:07:00,246.8800,247.3400
TSLA,2025-04-23 10:08:00,247.3220,248.4300
TSLA,2025-04-23 10:09:00,248.4422,248.1600
TSLA,2025-04-23 10:10:00,248.2700,248.6100
TSLA,2025-04-23 10:11:00,248.6196,249.5700
TSLA,2025-04-23 10:12:00,249.5600,249.2800
TSLA,2025-04-23 10:13:00,249.1801,248.7000
TSLA,2025-04-23 10:14:00,248.7450,249.0950
TSLA,2025-04-23 10:15:00,249.0950,248.5500
TSLA,2025-04-23 10:16:00,248.5100,249.1100
TSLA,2025-04-23 10:17:00,249.0950,249.7400
TSLA,2025-04-23 10:18:00,249.7700,250.1100
TSLA,2025-04-23 10:19:00,250.1000,250.2350
TSLA,2025-04-23 10:20:00,250.1900,249.9600
TSLA,2025-04-23 10:21:00,249.9300,250.0700
TSLA,2025-04-23 10:22:00,250.0300,251.4400
TSLA,2025-04-23 10:23:00,251.4024,252.9900
TSLA,2025-04-23 10:24:00,252.9417,252.8700
TSLA,2025-04-23 10:25:00,252.8799,253.9200
TSLA,2025-04-23 10:26:00,253.8800,254.1108
TSLA,2025-04-23 10:27:00,254.0800,254.1550
TSLA,2025-04-23 10:28:00,254.1100,254.9673
TSLA,2025-04-23 10:29:00,254.8800,254.6350
TSLA,2025-04-23 10:30:00,254.5900,255.0750
TSLA,2025-04-23 10:31:00,255.0750,255.8399
TSLA,2025-04-23 10:32:00,255.7600,255.2800
TSLA,2025-04-23 10:33:00,255.2450,255.8300
TSLA,2025-04-23 10:34:00,255.8275,255.9902
TSLA,2025-04-23 10:35:00,255.9550,257.1000
TSLA,2025-04-23 10:36:00,257.1084,257.9700
TSLA,2025-04-23 10:37:00,257.9600,257.1100
TSLA,2025-04-23 10:38:00,257.0200,256.8950
TSLA,2025-04-23 10:39:00,256.8800,256.7199
TSLA,2025-04-23 10:40:00,256.6400,257.1174
TSLA,2025-04-23 10:41:00,257.1650,256.7300
TSLA,2025-04-23 10:42:00,256.7252,256.2096
TSLA,2025-04-23 10:43:00,256.1850,256.3270
TSLA,2025-04-23 10:44:00,256.3200,256.2300
TSLA,2025-04-23 10:45:00,256.2200,256.2699
TSLA,2025-04-23 10:46:00,256.2388,256.3700
TSLA,2025-04-23 10:47:00,256.4000,257.1595
TSLA,2025-04-23 10:48:00,257.0600,256.8500
TSLA,2025-04-23 10:49:00,256.9000,256.7101
TSLA,2025-04-23 10:50:00,256.8000,256.0200
TSLA,2025-04-23 10:51:00,256.0200,256.2860
TSLA,2025-04-23 10:52:00,256.2780,257.1950
TSLA,2025-04-23 10:53:00,257.2700,256.7900
TSLA,2025-04-23 10:54:00,256.8200,257.0200
TSLA,2025-04-23 10:55:00,257.0600,257.4700
TSLA,2025-04-23 10:56:00,257.5150,257.7400
TSLA,2025-04-23 10:57:00,257.6950,256.9650
TSLA,2025-04-23 10:58:00,256.9427,257.3985
TSLA,2025-04-23 10:59:00,257.3550,257.0861
TSLA,2025-04-23 11:00:00,257.1900,256.5106
TSLA,2025-04-23 11:01:00,256.5450,256.3900
TSLA,2025-04-23 11:02:00,256.3460,256.4200
TSLA,2025-04-23 11:03:00,256.4986,256.8200
TSLA,2025-04-23 11:04:00,256.8600,257.4055
TSLA,2025-04-23 11:05:00,257.3100,256.8600
TSLA,2025-04-23 11:06:00,256.8800,257.3650
TSLA,2025-04-23 11:07:00,257.3600,258.8450
TSLA,2025-04-23 11:08:00,258.8000,259.0800
TSLA,2025-04-23 11:09:00,259.1050,258.4071
TSLA,2025-04-23 11:10:00,258.4672,258.0206
TSLA,2025-04-23 11:11:00,258.0300,258.7200
TSLA,2025-04-23 11:12:00,258.6900,258.6025
TSLA,2025-04-23 11:13:00,258.6311,258.6200
TSLA,2025-04-23 11:14:00,258.6600,259.0141
TSLA,2025-04-23 11:15:00,259.0464,258.5900
TSLA,2025-04-23 11:16:00,258.5749,257.7606
TSLA,2025-04-23 11:17:00,257.7600,257.5750
TSLA,2025-04-23 11:18:00,257.5750,257.5523
TSLA,2025-04-23 11:19:00,257.6000,256.8200
TSLA,2025-04-23 11:20:00,256.8500,257.0900
TSLA,2025-04-23 11:21:00,257.1000,257.5300
TSLA,2025-04-23 11:22:00,257.5273,257.9700
TSLA,2025-04-23 11:23:00,257.9688,257.2000
TSLA,2025-04-23 11:24:00,257.0400,256.9100
TSLA,2025-04-23 11:25:00,256.9100,257.2500
TSLA,2025-04-23 11:26:00,257.2899,255.5600
TSLA,2025-04-23 11:27:00,255.5600,255.2100
TSLA,2025-04-23 11:28:00,255.1550,254.6500
TSLA,2025-04-23 11:29:00,254.6520,254.6867
TSLA,2025-04-23 11:30:00,254.7500,254.8384
TSLA,2025-04-23 11:31:00,254.7900,254.1300
TSLA,2025-04-23 11:32:00,254.2280,253.6500
TSLA,2025-04-23 11:33:00,253.5800,254.1800
TSLA,2025-04-23 11:34:00,254.2500,254.6999
TSLA,2025-04-23 11:35:00,254.6750,253.5250
TSLA,2025-04-23 11:36:00,253.5250,253.7100
TSLA,2025-04-23 11:37:00,253.7700,254.3916
TSLA,2025-04-23 11:38:00,254.3900,254.9177
TSLA,2025-04-23 11:39:00,254.8800,255.3427
TSLA,2025-04-23 11:40:00,255.3150,255.4900
TSLA,2025-04-23 11:41:00,255.5200,255.7525
TSLA,2025-04-23 11:42:00,255.8100,255.3050
TSLA,2025-04-23 11:43:00,255.3000,255.0628
TSLA,2025-04-23 11:44:00,254.9778,254.8450
TSLA,2025-04-23 11:45:00,254.8900,254.8101
TSLA,2025-04-23 11:46:00,254.8200,253.9700
TSLA,2025-04-23 11:47:00,253.9100,253.5000
TSLA,2025-04-23 11:48:00,253.5151,252.6997
TSLA,2025-04-23 11:49:00,252.6400,252.7867
TSLA,2025-04-23 11:50:00,252.8100,253.3600
TSLA,2025-04-23 11:51:00,253.3600,253.1850
TSLA,2025-04-23 11:52:00,253.1850,253.2501
TSLA,2025-04-23 11:53:00,253.3000,253.5965
TSLA,2025-04-23 11:54:00,253.5900,254.0000
TSLA,2025-04-23 11:55:00,254.0300,254.4215
TSLA,2025-04-23 11:56:00,254.4900,254.6250
TSLA,2025-04-23 11:57:00,254.6040,254.5732
TSLA,2025-04-23 11:58:00,254.6074,254.5300
TSLA,2025-04-23 11:59:00,254.4801,254.6800
TSLA,2025-04-23 12:00:00,254.6600,253.9277
TSLA,2025-04-23 12:01:00,253.9000,253.8000
TSLA,2025-04-23 12:02:00,253.7600,253.7900
TSLA,2025-04-23 12:03:00,253.9200,254.4500
TSLA,2025-04-23 12:04:00,254.4397,254.5600
TSLA,2025-04-23 12:05:00,254.5000,254.6718
TSLA,2025-04-23 12:06:00,254.6800,253.8920
TSLA,2025-04-23 12:07:00,253.8400,253.9400
TSLA,2025-04-23 12:08:00,253.9250,253.4950
TSLA,2025-04-23 12:09:00,253.4950,253.2400
TSLA,2025-04-23 12:10:00,253.2400,253.5400
TSLA,2025-04-23 12:11:00,253.5415,253.2204
TSLA,2025-04-23 12:12:00,253.2500,252.8000
TSLA,2025-04-23 12:13:00,252.7999,253.6000
TSLA,2025-04-23 12:14:00,253.6200,253.4067
TSLA,2025-04-23 12:15:00,253.3750,253.2000
TSLA,2025-04-23 12:16:00,253.1950,253.0900
TSLA,2025-04-23 12:17:00,253.1700,253.2400
TSLA,2025-04-23 12:18:00,253.1700,252.6200
TSLA,2025-04-23 12:19:00,252.6648,252.5000
TSLA,2025-04-23 12:20:00,252.5500,252.3250
TSLA,2025-04-23 12:21:00,252.2800,251.9000
TSLA,2025-04-23 12:22:00,251.9900,251.8136
TSLA,2025-04-23 12:23:00,251.7400,252.0200
TSLA,2025-04-23 12:24:00,252.0100,251.8099
TSLA,2025-04-23 12:25:00,251.8100,251.2816
TSLA,2025-04-23 12:26:00,251.2200,251.1700
TSLA,2025-04-23 12:27:00,251.1800,251.5100
TSLA,2025-04-23 12:28:00,251.5400,252.3500
TSLA,2025-04-23 12:29:00,252.3500,252.6400
TSLA,2025-04-23 12:30:00,252.6700,252.9000
TSLA,2025-04-23 12:31:00,252.9000,252.5900
TSLA,2025-04-23 12:32:00,252.6000,252.7600
TSLA,2025-04-23 12:33:00,252.7900,252.8500
TSLA,2025-04-23 12:34:00,252.8500,252.3400
TSLA,2025-04-23 12:35:00,252.3500,252.9497
TSLA,2025-04-23 12:36:00,252.8311,253.5594
TSLA,2025-04-23 12:37:00,253.5599,253.6738
TSLA,2025-04-23 12:38:00,253.6400,253.6450
TSLA,2025-04-23 12:39:00,253.6730,253.6500
TSLA,2025-04-23 12:40:00,253.6100,253.7891
TSLA,2025-04-23 12:41:00,253.7101,253.4600
TSLA,2025-04-23 12:42:00,253.4250,253.5200
TSLA,2025-04-23 12:43:00,253.5200,254.0362
TSLA,2025-04-23 12:44:00,254.0200,254.2000
TSLA,2025-04-23 12:45:00,254.2000,254.3499
TSLA,2025-04-23 12:46:00,254.3150,254.0035
TSLA,2025-04-23 12:47:00,254.0300,254.0672
TSLA,2025-04-23 12:48:00,254.0550,253.4921
TSLA,2025-04-23 12:49:00,253.4532,253.0200
TSLA,2025-04-23 12:50:00,253.0500,253.3200
TSLA,2025-04-23 12:51:00,253.3700,254.0400
TSLA,2025-04-23 12:52:00,254.0700,254.3047
TSLA,2025-04-23 12:53:00,254.2800,254.6400
TSLA,2025-04-23 12:54:00,254.6850,254.6360
TSLA,2025-04-23 12:55:00,254.6200,255.3100
TSLA,2025-04-23 12:56:00,255.3400,255.7950
TSLA,2025-04-23 12:57:00,255.7936,256.4440
TSLA,2025-04-23 12:58:00,256.4192,256.2492
TSLA,2025-04-23 12:59:00,256.2100,256.3500
TSLA,2025-04-23 13:00:00,256.3000,255.4550
TSLA,2025-04-23 13:01:00,255.4450,255.6800
TSLA,2025-04-23 13:02:00,255.6100,255.7000
TSLA,2025-04-23 13:03:00,255.6400,256.0902
TSLA,2025-04-23 13:04:00,256.0273,256.0384
TSLA,2025-04-23 13:05:00,256.0000,256.1750
TSLA,2025-04-23 13:06:00,256.1772,256.2700
TSLA,2025-04-23 13:07:00,256.2300,256.2438
TSLA,2025-04-23 13:08:00,256.2500,256.3476
TSLA,2025-04-23 13:09:00,256.4409,256.3581
TSLA,2025-04-23 13:10:00,256.3500,256.3000
TSLA,2025-04-23 13:11:00,256.2221,256.4000
TSLA,2025-04-23 13:12:00,256.3950,256.5916
TSLA,2025-04-23 13:13:00,256.6500,256.6400
TSLA,2025-04-23 13:14:00,256.6350,257.1100
TSLA,2025-04-23 13:15:00,257.0800,257.0050
TSLA,2025-04-23 13:16:00,257.0200,257.2800
TSLA,2025-04-23 13:17:00,257.2993,257.1176
TSLA,2025-04-23 13:18:00,257.1000,256.7600
TSLA,2025-04-23 13:19:00,256.7400,256.6500
TSLA,2025-04-23 13:20:00,256.6400,256.9400
TSLA,2025-04-23 13:21:00,256.9994,256.9375
TSLA,2025-04-23 13:22:00,256.9331,256.7300
TSLA,2025-04-23 13:23:00,256.7300,256.4600
TSLA,2025-04-23 13:24:00,256.4300,256.9399
TSLA,2025-04-23 13:25:00,256.9050,257.2500
TSLA,2025-04-23 13:26:00,257.2300,256.4300
TSLA,2025-04-23 13:27:00,256.4650,256.6500
TSLA,2025-04-23 13:28:00,256.7000,256.2450
TSLA,2025-04-23 13:29:00,256.2600,255.9699
TSLA,2025-04-23 13:30:00,255.9800,256.0824
TSLA,2025-04-23 13:31:00,256.1200,255.9450
TSLA,2025-04-23 13:32:00,255.9200,256.1200
TSLA,2025-04-23 13:33:00,256.1200,255.3800
TSLA,2025-04-23 13:34:00,255.4100,255.3100
TSLA,2025-04-23 13:35:00,255.3400,255.2500
TSLA,2025-04-23 13:36:00,255.2600,255.4100
TSLA,2025-04-23 13:37:00,255.4100,254.9200
TSLA,2025-04-23 13:38:00,254.9000,255.1750
TSLA,2025-04-23 13:39:00,255.1600,255.3550
TSLA,2025-04-23 13:40:00,255.4338,255.4850
TSLA,2025-04-23 13:41:00,255.5400,255.4000
TSLA,2025-04-23 13:42:00,255.4400,255.8900
TSLA,2025-04-23 13:43:00,255.8900,256.3200
TSLA,2025-04-23 13:44:00,256.3900,256.6200
TSLA,2025-04-23 13:45:00,256.6100,256.2291
TSLA,2025-04-23 13:46:00,256.1860,256.5300
TSLA,2025-04-23 13:47:00,256.5900,256.2754
TSLA,2025-04-23 13:48:00,256.2650,256.3101
TSLA,2025-04-23 13:49:00,256.3250,256.6059
TSLA,2025-04-23 13:50:00,256.6736,256.6008
TSLA,2025-04-23 13:51:00,256.6450,256.7500
TSLA,2025-04-23 13:52:00,256.7550,257.0600
TSLA,2025-04-23 13:53:00,257.0700,257.2270
TSLA,2025-04-23 13:54:00,257.2250,257.6100
TSLA,2025-04-23 13:55:00,257.6500,257.7124
TSLA,2025-04-23 13:56:00,257.7159,257.8410
TSLA,2025-04-23 13:57:00,257.8900,258.1350
TSLA,2025-04-23 13:58:00,258.1350,257.9400
TSLA,2025-04-23 13:59:00,257.9375,257.5275
TSLA,2025-04-23 14:00:00,257.5000,257.6595
TSLA,2025-04-23 14:01:00,257.6600,257.5600
TSLA,2025-04-23 14:02:00,257.6441,256.7622
TSLA,2025-04-23 14:03:00,256.7500,256.4900
TSLA,2025-04-23 14:04:00,256.5100,257.0087
TSLA,2025-04-23 14:05:00,256.9700,257.1700
TSLA,2025-04-23 14:06:00,257.2000,256.8900
TSLA,2025-04-23 14:07:00,256.9301,256.9099
TSLA,2025-04-23 14:08:00,256.8600,257.2600
TSLA,2025-04-23 14:09:00,257.2465,257.1150
TSLA,2025-04-23 14:10:00,257.0860,257.2922
TSLA,2025-04-23 14:11:00,257.3000,257.8296
TSLA,2025-04-23 14:12:00,257.8200,257.9999
TSLA,2025-04-23 14:13:00,258.0000,257.9700
TSLA,2025-04-23 14:14:00,257.9500,257.4900
TSLA,2025-04-23 14:15:00,257.5400,257.9700
TSLA,2025-04-23 14:16:00,257.9700,257.8092
TSLA,2025-04-23 14:17:00,257.7700,257.5700
TSLA,2025-04-23 14:18:00,257.6300,257.1900
TSLA,2025-04-23 14:19:00,257.1600,257.1635
TSLA,2025-04-23 14:20:00,257.1608,257.8597
TSLA,2025-04-23 14:21:00,257.8100,257.9900
TSLA,2025-04-23 14:22:00,258.0000,257.8901
TSLA,2025-04-23 14:23:00,257.9000,257.1500
TSLA,2025-04-23 14:24:00,257.1700,257.2938
TSLA,2025-04-23 14:25:00,257.2650,256.7700
TSLA,2025-04-23 14:26:00,256.7400,256.5100
TSLA,2025-04-23 14:27:00,256.5700,256.6600
TSLA,2025-04-23 14:28:00,256.6350,256.5800
TSLA,2025-04-23 14:29:00,256.5350,256.4763
TSLA,2025-04-23 14:30:00,256.5200,256.8600
TSLA,2025-04-23 14:31:00,256.8600,257.3950
TSLA,2025-04-23 14:32:00,257.3708,257.5200
TSLA,2025-04-23 14:33:00,257.5400,257.3800
TSLA,2025-04-23 14:34:00,257.3300,257.1800
TSLA,2025-04-23 14:35:00,257.1800,257.2000
TSLA,2025-04-23 14:36:00,257.2700,257.1400
TSLA,2025-04-23 14:37:00,257.1600,257.1850
TSLA,2025-04-23 14:38:00,257.2000,257.3600
TSLA,2025-04-23 14:39:00,257.3800,257.6124
TSLA,2025-04-23 14:40:00,257.6222,257.3300
TSLA,2025-04-23 14:41:00,257.2800,257.3850
TSLA,2025-04-23 14:42:00,257.3500,257.5300
TSLA,2025-04-23 14:43:00,257.5000,257.0800
TSLA,2025-04-23 14:44:00,257.0800,256.5050
TSLA,2025-04-23 14:45:00,256.5299,256.5000
TSLA,2025-04-23 14:46:00,256.4700,256.4100
TSLA,2025-04-23 14:47:00,256.3300,257.0357
TSLA,2025-04-23 14:48:00,257.0100,256.9822
TSLA,2025-04-23 14:49:00,257.0150,257.2100
TSLA,2025-04-23 14:50:00,257.1300,256.7663
TSLA,2025-04-23 14:51:00,256.7200,256.3718
TSLA,2025-04-23 14:52:00,256.3550,256.3701
TSLA,2025-04-23 14:53:00,256.3550,256.0900
TSLA,2025-04-23 14:54:00,256.0700,256.3650
TSLA,2025-04-23 14:55:00,256.3990,256.7900
TSLA,2025-04-23 14:56:00,256.7400,257.2114
TSLA,2025-04-23 14:57:00,257.2150,257.1550
TSLA,2025-04-23 14:58:00,257.1101,257.3558
TSLA,2025-04-23 14:59:00,257.3700,256.6650
TSLA,2025-04-23 15:00:00,256.6100,256.4800
TSLA,2025-04-23 15:01:00,256.5300,256.0799
TSLA,2025-04-23 15:02:00,256.0800,255.7050
TSLA,2025-04-23 15:03:00,255.6900,255.4101
TSLA,2025-04-23 15:04:00,255.4200,255.0800
TSLA,2025-04-23 15:05:00,255.0400,255.1101
TSLA,2025-04-23 15:06:00,255.1009,255.2800
TSLA,2025-04-23 15:07:00,255.2900,255.1900
TSLA,2025-04-23 15:08:00,255.1800,255.2800
TSLA,2025-04-23 15:09:00,255.3700,254.9890
TSLA,2025-04-23 15:10:00,254.9800,255.0600
TSLA,2025-04-23 15:11:00,255.0500,255.3300
TSLA,2025-04-23 15:12:00,255.3400,254.9600
TSLA,2025-04-23 15:13:00,254.9480,254.9300
TSLA,2025-04-23 15:14:00,254.8400,254.5900
TSLA,2025-04-23 15:15:00,254.6200,253.9100
TSLA,2025-04-23 15:16:00,253.8900,254.0650
TSLA,2025-04-23 15:17:00,254.0650,254.0050
TSLA,2025-04-23 15:18:00,254.0107,253.6950
TSLA,2025-04-23 15:19:00,253.6950,253.7892
TSLA,2025-04-23 15:20:00,253.7850,253.2800
TSLA,2025-04-23 15:21:00,253.2900,253.4150
TSLA,2025-04-23 15:22:00,253.4000,252.7600
TSLA,2025-04-23 15:23:00,252.7250,252.5900
TSLA,2025-04-23 15:24:00,252.6281,252.6100
TSLA,2025-04-23 15:25:00,252.5700,252.5200
TSLA,2025-04-23 15:26:00,252.5200,252.7050
TSLA,2025-04-23 15:27:00,252.7300,252.7600
TSLA,2025-04-23 15:28:00,252.7900,252.7100
TSLA,2025-04-23 15:29:00,252.7418,252.3800
TSLA,2025-04-23 15:30:00,252.4100,252.4750
TSLA,2025-04-23 15:31:00,252.5000,253.1928
TSLA,2025-04-23 15:32:00,253.1600,252.6800
TSLA,2025-04-23 15:33:00,252.6800,252.8200
TSLA,2025-04-23 15:34:00,252.8200,251.7100
TSLA,2025-04-23 15:35:00,251.7125,251.0100
TSLA,2025-04-23 15:36:00,251.0550,250.7948
TSLA,2025-04-23 15:37:00,250.7932,250.3800
TSLA,2025-04-23 15:38:00,250.3900,250.4950
TSLA,2025-04-23 15:39:00,250.5000,250.7500
TSLA,2025-04-23 15:40:00,250.7550,251.2368
TSLA,2025-04-23 15:41:00,251.1893,251.1100
TSLA,2025-04-23 15:42:00,251.1900,251.0700
TSLA,2025-04-23 15:43:00,251.0900,251.2400
TSLA,2025-04-23 15:44:00,251.2150,251.4173
TSLA,2025-04-23 15:45:00,251.4167,251.9169
TSLA,2025-04-23 15:46:00,251.9200,251.3700
TSLA,2025-04-23 15:47:00,251.3300,251.3884
TSLA,2025-04-23 15:48:00,251.4300,252.1500
TSLA,2025-04-23 15:49:00,252.1200,252.2900
TSLA,2025-04-23 15:50:00,252.2900,252.6600
TSLA,2025-04-23 15:51:00,252.6400,252.4362
TSLA,2025-04-23 15:52:00,252.4200,252.8485
TSLA,2025-04-23 15:53:00,252.9199,252.7801
TSLA,2025-04-23 15:54:00,252.8465,252.7800
TSLA,2025-04-23 15:55:00,252.8300,252.1300
TSLA,2025-04-23 15:56:00,252.1400,251.4800
TSLA,2025-04-23 15:57:00,251.5500,251.1050
TSLA,2025-04-23 15:58:00,251.1200,251.0712
TSLA,2025-04-23 15:59:00,251.0700,250.7900
TSLA,2025-04-24 09:30:00,250.5000,249.5050
TSLA,2025-04-24 09:31:00,249.4227,253.2250
TSLA,2025-04-24 09:32:00,253.2200,252.6150
TSLA,2025-04-24 09:33:00,252.5000,252.5868
TSLA,2025-04-24 09:34:00,252.5100,253.1400
TSLA,2025-04-24 09:35:00,253.1500,251.7300
TSLA,2025-04-24 09:36:00,251.7300,252.4600
TSLA,2025-04-24 09:37:00,252.4900,252.7600
TSLA,2025-04-24 09:38:00,252.8700,253.1350
TSLA,2025-04-24 09:39:00,253.1550,253.9600
TSLA,2025-04-24 09:40:00,253.9300,253.4499
TSLA,2025-04-24 09:41:00,253.3800,253.9440
TSLA,2025-04-24 09:42:00,253.9700,253.7699
TSLA,2025-04-24 09:43:00,253.7200,253.9863
TSLA,2025-04-24 09:44:00,253.9500,253.6000
TSLA,2025-04-24 09:45:00,253.6000,253.5450
TSLA,2025-04-24 09:46:00,253.5450,253.1000
TSLA,2025-04-24 09:47:00,253.0300,252.8000
TSLA,2025-04-24 09:48:00,252.8300,253.3700
TSLA,2025-04-24 09:49:00,253.3300,253.0600
TSLA,2025-04-24 09:50:00,253.0375,253.0342
TSLA,2025-04-24 09:51:00,252.9900,252.7700
TSLA,2025-04-24 09:52:00,252.7400,252.1400
TSLA,2025-04-24 09:53:00,252.0900,252.3300
TSLA,2025-04-24 09:54:00,252.4000,252.8533
TSLA,2025-04-24 09:55:00,252.7701,253.1800
TSLA,2025-04-24 09:56:00,253.2370,253.4660
TSLA,2025-04-24 09:57:00,253.4400,253.3300
TSLA,2025-04-24 09:58:00,253.3700,253.2855
TSLA,2025-04-24 09:59:00,253.2300,253.7000
TSLA,2025-04-24 10:00:00,253.5800,253.4650
TSLA,2025-04-24 10:01:00,253.4650,254.6450
TSLA,2025-04-24 10:02:00,254.5812,254.6900
TSLA,2025-04-24 10:03:00,254.6850,254.2900
TSLA,2025-04-24 10:04:00,254.3441,254.4075
TSLA,2025-04-24 10:05:00,254.4492,255.1500
TSLA,2025-04-24 10:06:00,255.1500,255.0400
TSLA,2025-04-24 10:07:00,255.0500,255.9500
TSLA,2025-04-24 10:08:00,255.9500,256.6700
TSLA,2025-04-24 10:09:00,256.6628,256.6401
TSLA,2025-04-24 10:10:00,256.7200,256.0750
TSLA,2025-04-24 10:11:00,256.0700,255.7200
TSLA,2025-04-24 10:12:00,255.6950,255.8250
TSLA,2025-04-24 10:13:00,255.8500,256.3507
TSLA,2025-04-24 10:14:00,256.4185,256.6200
TSLA,2025-04-24 10:15:00,256.6300,257.7500
TSLA,2025-04-24 10:16:00,257.7250,257.6250
TSLA,2025-04-24 10:17:00,257.6200,257.7900
TSLA,2025-04-24 10:18:00,257.6902,257.6100
TSLA,2025-04-24 10:19:00,257.6007,257.3525
TSLA,2025-04-24 10:20:00,257.3200,257.1400
TSLA,2025-04-24 10:21:00,257.1400,256.9100
TSLA,2025-04-24 10:22:00,256.8501,257.1800
TSLA,2025-04-24 10:23:00,257.1825,256.7700
TSLA,2025-04-24 10:24:00,256.7800,256.5700
TSLA,2025-04-24 10:25:00,256.6100,256.3500
TSLA,2025-04-24 10:26:00,256.3000,256.0650
TSLA,2025-04-24 10:27:00,256.1000,256.4468
TSLA,2025-04-24 10:28:00,256.4500,256.7000
TSLA,2025-04-24 10:29:00,256.6600,256.3899
TSLA,2025-04-24 10:30:00,256.2800,255.9500
TSLA,2025-04-24 10:31:00,255.9575,255.9463
TSLA,2025-04-24 10:32:00,255.8950,256.0300
TSLA,2025-04-24 10:33:00,255.9936,255.7450
TSLA,2025-04-24 10:34:00,255.7300,256.5650
TSLA,2025-04-24 10:35:00,256.5400,256.5650
TSLA,2025-04-24 10:36:00,256.5400,256.9700
TSLA,2025-04-24 10:37:00,256.9708,257.3400
TSLA,2025-04-24 10:38:00,257.3232,256.9747
TSLA,2025-04-24 10:39:00,256.9900,256.7500
TSLA,2025-04-24 10:40:00,256.7100,256.4120
TSLA,2025-04-24 10:41:00,256.4120,256.0935
TSLA,2025-04-24 10:42:00,256.1000,255.9100
TSLA,2025-04-24 10:43:00,255.9000,255.6600
TSLA,2025-04-24 10:44:00,255.6800,255.7500
TSLA,2025-04-24 10:45:00,255.7550,255.2300
TSLA,2025-04-24 10:46:00,255.2664,255.6881
TSLA,2025-04-24 10:47:00,255.6400,255.0820
TSLA,2025-04-24 10:48:00,255.1000,254.8300
TSLA,2025-04-24 10:49:00,254.8200,255.2400
TSLA,2025-04-24 10:50:00,255.2500,254.9500
TSLA,2025-04-24 10:51:00,254.9600,255.5891
TSLA,2025-04-24 10:52:00,255.5840,254.8235
TSLA,2025-04-24 10:53:00,254.8193,255.0800
TSLA,2025-04-24 10:54:00,255.0700,255.2611
TSLA,2025-04-24 10:55:00,255.2507,255.0700
TSLA,2025-04-24 10:56:00,255.0810,255.1700
TSLA,2025-04-24 10:57:00,255.1820,255.0250
TSLA,2025-04-24 10:58:00,255.0499,255.0200
TSLA,2025-04-24 10:59:00,255.0300,254.9300
TSLA,2025-04-24 11:00:00,254.9001,254.4250
TSLA,2025-04-24 11:01:00,254.4850,254.3750
TSLA,2025-04-24 11:02:00,254.3850,254.2251
TSLA,2025-04-24 11:03:00,254.1500,253.9400
TSLA,2025-04-24 11:04:00,253.9700,254.7000
TSLA,2025-04-24 11:05:00,254.7000,254.9600
TSLA,2025-04-24 11:06:00,254.9680,254.9100
TSLA,2025-04-24 11:07:00,254.9300,255.2300
TSLA,2025-04-24 11:08:00,255.2200,254.9593
TSLA,2025-04-24 11:09:00,254.9300,255.1100
TSLA,2025-04-24 11:10:00,255.1250,255.6250
TSLA,2025-04-24 11:11:00,255.6200,256.1900
TSLA,2025-04-24 11:12:00,256.2000,256.3200
TSLA,2025-04-24 11:13:00,256.2901,256.2000
TSLA,2025-04-24 11:14:00,256.1900,255.8000
TSLA,2025-04-24 11:15:00,255.8899,255.7800
TSLA,2025-04-24 11:16:00,255.7800,255.6175
TSLA,2025-04-24 11:17:00,255.5850,256.1900
TSLA,2025-04-24 11:18:00,256.1938,256.4900
TSLA,2025-04-24 11:19:00,256.5000,256.4000
TSLA,2025-04-24 11:20:00,256.4000,255.9400
TSLA,2025-04-24 11:21:00,255.9250,255.9200
TSLA,2025-04-24 11:22:00,255.9600,256.0400
TSLA,2025-04-24 11:23:00,256.0200,255.2600
TSLA,2025-04-24 11:24:00,255.2636,255.2250
TSLA,2025-04-24 11:25:00,255.1900,254.8900
TSLA,2025-04-24 11:26:00,254.8750,255.4800
TSLA,2025-04-24 11:27:00,255.4400,255.4500
TSLA,2025-04-24 11:28:00,255.4896,255.4200
TSLA,2025-04-24 11:29:00,255.3873,254.8037
TSLA,2025-04-24 11:30:00,254.8057,254.4700
TSLA,2025-04-24 11:31:00,254.4896,254.6591
TSLA,2025-04-24 11:32:00,254.6200,254.3150
TSLA,2025-04-24 11:33:00,254.2800,254.5450
TSLA,2025-04-24 11:34:00,254.5600,254.6740
TSLA,2025-04-24 11:35:00,254.6100,254.5300
TSLA,2025-04-24 11:36:00,254.5500,254.2305
TSLA,2025-04-24 11:37:00,254.1950,254.2300
TSLA,2025-04-24 11:38:00,254.2300,254.5600
TSLA,2025-04-24 11:39:00,254.5650,254.1350
TSLA,2025-04-24 11:40:00,254.1350,254.4071
TSLA,2025-04-24 11:41:00,254.4350,254.6000
TSLA,2025-04-24 11:42:00,254.6000,254.3736
TSLA,2025-04-24 11:43:00,254.3517,254.2425
TSLA,2025-04-24 11:44:00,254.2425,254.0200
TSLA,2025-04-24 11:45:00,254.0200,254.0000
TSLA,2025-04-24 11:46:00,254.0165,254.3000
TSLA,2025-04-24 11:47:00,254.2700,253.9400
TSLA,2025-04-24 11:48:00,253.9580,254.1889
TSLA,2025-04-24 11:49:00,254.2228,254.5804
TSLA,2025-04-24 11:50:00,254.6100,254.4600
TSLA,2025-04-24 11:51:00,254.4500,255.2094
TSLA,2025-04-24 11:52:00,255.2090,255.2650
TSLA,2025-04-24 11:53:00,255.2400,255.1654
TSLA,2025-04-24 11:54:00,255.1200,255.2450
TSLA,2025-04-24 11:55:00,255.2400,255.0700
TSLA,2025-04-24 11:56:00,255.0650,254.3600
TSLA,2025-04-24 11:57:00,254.3600,253.9365
TSLA,2025-04-24 11:58:00,253.9100,253.7599
TSLA,2025-04-24 11:59:00,253.7300,253.3900
TSLA,2025-04-24 12:00:00,253.4200,253.1900
TSLA,2025-04-24 12:01:00,253.1750,253.3700
TSLA,2025-04-24 12:02:00,253.4005,253.4400
TSLA,2025-04-24 12:03:00,253.3900,253.1540
TSLA,2025-04-24 12:04:00,253.1700,253.1194
TSLA,2025-04-24 12:05:00,253.1000,252.8900
TSLA,2025-04-24 12:06:00,252.8801,252.7700
TSLA,2025-04-24 12:07:00,252.8100,252.8000
TSLA,2025-04-24 12:08:00,252.7900,252.6500
TSLA,2025-04-24 12:09:00,252.6600,252.7850
TSLA,2025-04-24 12:10:00,252.7850,253.1590
TSLA,2025-04-24 12:11:00,253.1400,253.4883
TSLA,2025-04-24 12:12:00,253.4600,253.7100
TSLA,2025-04-24 12:13:00,253.7100,253.6600
TSLA,2025-04-24 12:14:00,253.7200,253.7000
TSLA,2025-04-24 12:15:00,253.6800,253.7438
TSLA,2025-04-24 12:16:00,253.7500,254.0600
TSLA,2025-04-24 12:17:00,254.0250,254.4195
TSLA,2025-04-24 12:18:00,254.4350,254.5987
TSLA,2025-04-24 12:19:00,254.5800,254.3000
TSLA,2025-04-24 12:20:00,254.3225,254.3700
TSLA,2025-04-24 12:21:00,254.4094,254.3600
TSLA,2025-04-24 12:22:00,254.4300,254.1780
TSLA,2025-04-24 12:23:00,254.2149,254.5164
TSLA,2025-04-24 12:24:00,254.5397,253.9700
TSLA,2025-04-24 12:25:00,254.0100,254.1000
TSLA,2025-04-24 12:26:00,254.1000,254.1400
TSLA,2025-04-24 12:27:00,254.0900,254.0200
TSLA,2025-04-24 12:28:00,254.0400,254.4500
TSLA,2025-04-24 12:29:00,254.5400,254.8494
TSLA,2025-04-24 12:30:00,254.8300,254.9900
TSLA,2025-04-24 12:31:00,254.9708,254.9808
TSLA,2025-04-24 12:32:00,254.9800,255.0800
TSLA,2025-04-24 12:33:00,255.0700,255.2359
TSLA,2025-04-24 12:34:00,255.2499,255.4500
TSLA,2025-04-24 12:35:00,255.4800,255.7850
TSLA,2025-04-24 12:36:00,255.7844,255.8500
TSLA,2025-04-24 12:37:00,255.8500,255.5912
TSLA,2025-04-24 12:38:00,255.5900,255.3700
TSLA,2025-04-24 12:39:00,255.3400,255.2700
TSLA,2025-04-24 12:40:00,255.2500,255.1100
TSLA,2025-04-24 12:41:00,255.1100,255.0400
TSLA,2025-04-24 12:42:00,255.0810,255.4187
TSLA,2025-04-24 12:43:00,255.3800,255.2200
TSLA,2025-04-24 12:44:00,255.1900,255.1400
TSLA,2025-04-24 12:45:00,255.1694,254.7950
TSLA,2025-04-24 12:46:00,254.7950,254.9999
TSLA,2025-04-24 12:47:00,255.0000,255.3299
TSLA,2025-04-24 12:48:00,255.3300,255.1600
TSLA,2025-04-24 12:49:00,255.1600,255.0350
TSLA,2025-04-24 12:50:00,255.0120,255.0050
TSLA,2025-04-24 12:51:00,255.0050,255.1284
TSLA,2025-04-24 12:52:00,255.1500,255.1913
TSLA,2025-04-24 12:53:00,255.1800,255.1200
TSLA,2025-04-24 12:54:00,255.1400,255.1100
TSLA,2025-04-24 12:55:00,255.1100,255.3000
TSLA,2025-04-24 12:56:00,255.2700,255.4938
TSLA,2025-04-24 12:57:00,255.4850,255.7977
TSLA,2025-04-24 12:58:00,255.7740,256.0470
TSLA,2025-04-24 12:59:00,256.0101,255.7136
TSLA,2025-04-24 13:00:00,255.7528,255.3500
TSLA,2025-04-24 13:01:00,255.3150,255.0600
TSLA,2025-04-24 13:02:00,255.1200,255.3650
TSLA,2025-04-24 13:03:00,255.4000,255.5250
TSLA,2025-04-24 13:04:00,255.5500,255.5923
TSLA,2025-04-24 13:05:00,255.5900,255.6599
TSLA,2025-04-24 13:06:00,255.6500,255.1700
TSLA,2025-04-24 13:07:00,255.1350,255.2844
TSLA,2025-04-24 13:08:00,255.3000,255.2651
TSLA,2025-04-24 13:09:00,255.2357,255.0000
TSLA,2025-04-24 13:10:00,255.0160,255.3708
TSLA,2025-04-24 13:11:00,255.3600,255.1800
TSLA,2025-04-24 13:12:00,255.1800,255.2350
TSLA,2025-04-24 13:13:00,255.2050,254.9460
TSLA,2025-04-24 13:14:00,254.9947,254.8905
TSLA,2025-04-24 13:15:00,254.9383,254.4250
TSLA,2025-04-24 13:16:00,254.4250,254.0500
TSLA,2025-04-24 13:17:00,254.1165,254.2000
TSLA,2025-04-24 13:18:00,254.2200,253.8900
TSLA,2025-04-24 13:19:00,253.9348,254.0400
TSLA,2025-04-24 13:20:00,254.0400,253.6600
TSLA,2025-04-24 13:21:00,253.6500,253.8782
TSLA,2025-04-24 13:22:00,253.8540,254.3300
TSLA,2025-04-24 13:23:00,254.3104,254.4800
TSLA,2025-04-24 13:24:00,254.4700,254.5400
TSLA,2025-04-24 13:25:00,254.5600,255.3300
TSLA,2025-04-24 13:26:00,255.3450,255.1800
TSLA,2025-04-24 13:27:00,255.1900,254.9916
TSLA,2025-04-24 13:28:00,255.0700,255.3500
TSLA,2025-04-24 13:29:00,255.3200,255.3600
TSLA,2025-04-24 13:30:00,255.3600,255.6604
TSLA,2025-04-24 13:31:00,255.6350,255.4700
TSLA,2025-04-24 13:32:00,255.4800,255.5100
TSLA,2025-04-24 13:33:00,255.5400,255.3300
TSLA,2025-04-24 13:34:00,255.3375,255.1000
TSLA,2025-04-24 13:35:00,255.0999,254.9000
TSLA,2025-04-24 13:36:00,254.9314,255.0100
TSLA,2025-04-24 13:37:00,255.0400,255.0100
TSLA,2025-04-24 13:38:00,255.0400,255.1050
TSLA,2025-04-24 13:39:00,255.1000,254.9950
TSLA,2025-04-24 13:40:00,254.9450,254.8450
TSLA,2025-04-24 13:41:00,254.8323,254.7000
TSLA,2025-04-24 13:42:00,254.7200,254.8658
TSLA,2025-04-24 13:43:00,254.9000,254.7295
TSLA,2025-04-24 13:44:00,254.7800,255.0200
TSLA,2025-04-24 13:45:00,255.0247,254.7700
TSLA,2025-04-24 13:46:00,254.8000,255.1800
TSLA,2025-04-24 13:47:00,255.1600,255.3400
TSLA,2025-04-24 13:48:00,255.3200,255.0400
TSLA,2025-04-24 13:49:00,255.0000,255.1950
TSLA,2025-04-24 13:50:00,255.2112,255.1550
TSLA,2025-04-24 13:51:00,255.1585,255.2293
TSLA,2025-04-24 13:52:00,255.2300,255.2100
TSLA,2025-04-24 13:53:00,255.2100,255.4550
TSLA,2025-04-24 13:54:00,255.4301,255.5399
TSLA,2025-04-24 13:55:00,255.5400,255.2050
TSLA,2025-04-24 13:56:00,255.2085,255.3604
TSLA,2025-04-24 13:57:00,255.3485,255.2985
TSLA,2025-04-24 13:58:00,255.2950,255.4600
TSLA,2025-04-24 13:59:00,255.4700,255.4749
TSLA,2025-04-24 14:00:00,255.4200,255.4912
TSLA,2025-04-24 14:01:00,255.5200,255.7150
TSLA,2025-04-24 14:02:00,255.7400,255.6400
TSLA,2025-04-24 14:03:00,255.6200,255.5564
TSLA,2025-04-24 14:04:00,255.5800,255.5500
TSLA,2025-04-24 14:05:00,255.6000,255.5017
TSLA,2025-04-24 14:06:00,255.5000,255.6277
TSLA,2025-04-24 14:07:00,255.5900,255.2730
TSLA,2025-04-24 14:08:00,255.2400,255.5427
TSLA,2025-04-24 14:09:00,255.4906,255.5853
TSLA,2025-04-24 14:10:00,255.5865,255.8508
TSLA,2025-04-24 14:11:00,255.8950,256.0001
TSLA,2025-04-24 14:12:00,256.0400,255.9350
TSLA,2025-04-24 14:13:00,255.9314,256.0900
TSLA,2025-04-24 14:14:00,256.1116,256.3116
TSLA,2025-04-24 14:15:00,256.2700,256.5100
TSLA,2025-04-24 14:16:00,256.5300,256.6260
TSLA,2025-04-24 14:17:00,256.6400,256.1700
TSLA,2025-04-24 14:18:00,256.1100,256.4051
TSLA,2025-04-24 14:19:00,256.4021,256.4811
TSLA,2025-04-24 14:20:00,256.5000,256.4830
TSLA,2025-04-24 14:21:00,256.4700,256.5850
TSLA,2025-04-24 14:22:00,256.5850,256.4829
TSLA,2025-04-24 14:23:00,256.5000,256.3000
TSLA,2025-04-24 14:24:00,256.2900,256.4624
TSLA,2025-04-24 14:25:00,256.4900,256.4650
TSLA,2025-04-24 14:26:00,256.4403,256.6800
TSLA,2025-04-24 14:27:00,256.6900,257.1500
TSLA,2025-04-24 14:28:00,257.1650,257.0700
TSLA,2025-04-24 14:29:00,257.0650,257.1681
TSLA,2025-04-24 14:30:00,257.1700,257.3500
TSLA,2025-04-24 14:31:00,257.3500,257.5700
TSLA,2025-04-24 14:32:00,257.5400,257.2473
TSLA,2025-04-24 14:33:00,257.2500,257.4300
TSLA,2025-04-24 14:34:00,257.4361,257.4608
TSLA,2025-04-24 14:35:00,257.4650,257.6451
TSLA,2025-04-24 14:36:00,257.6200,257.6299
TSLA,2025-04-24 14:37:00,257.5950,257.7500
TSLA,2025-04-24 14:38:00,257.7750,257.7609
TSLA,2025-04-24 14:39:00,257.8199,257.9000
TSLA,2025-04-24 14:40:00,257.8750,257.7300
TSLA,2025-04-24 14:41:00,257.7300,257.4750
TSLA,2025-04-24 14:42:00,257.4700,257.8850
TSLA,2025-04-24 14:43:00,257.8600,257.5974
TSLA,2025-04-24 14:44:00,257.5900,257.5794
TSLA,2025-04-24 14:45:00,257.5900,257.3846
TSLA,2025-04-24 14:46:00,257.4300,257.4599
TSLA,2025-04-24 14:47:00,257.4600,257.7400
TSLA,2025-04-24 14:48:00,257.7354,257.6231
TSLA,2025-04-24 14:49:00,257.6294,257.6700
TSLA,2025-04-24 14:50:00,257.6750,257.8155
TSLA,2025-04-24 14:51:00,257.8041,257.5300
TSLA,2025-04-24 14:52:00,257.5300,257.6400
TSLA,2025-04-24 14:53:00,257.6000,257.3900
TSLA,2025-04-24 14:54:00,257.3750,257.1400
TSLA,2025-04-24 14:55:00,257.1400,257.0950
TSLA,2025-04-24 14:56:00,257.1000,256.8000
TSLA,2025-04-24 14:57:00,256.8200,256.4860
TSLA,2025-04-24 14:58:00,256.5000,256.5600
TSLA,2025-04-24 14:59:00,256.5690,256.5700
TSLA,2025-04-24 15:00:00,256.5500,256.3350
TSLA,2025-04-24 15:01:00,256.2950,255.9100
TSLA,2025-04-24 15:02:00,255.9000,255.7800
TSLA,2025-04-24 15:03:00,255.8000,255.9200
TSLA,2025-04-24 15:04:00,255.9250,255.4200
TSLA,2025-04-24 15:05:00,255.4400,255.7000
TSLA,2025-04-24 15:06:00,255.7200,255.6393
TSLA,2025-04-24 15:07:00,255.6500,255.5100
TSLA,2025-04-24 15:08:00,255.4900,255.9400
TSLA,2025-04-24 15:09:00,255.9300,255.8005
TSLA,2025-04-24 15:10:00,255.8400,255.3500
TSLA,2025-04-24 15:11:00,255.3200,255.2650
TSLA,2025-04-24 15:12:00,255.2550,255.2110
TSLA,2025-04-24 15:13:00,255.1800,254.9750
TSLA,2025-04-24 15:14:00,254.9326,255.4400
TSLA,2025-04-24 15:15:00,255.4400,255.4950
TSLA,2025-04-24 15:16:00,255.4700,255.6244
TSLA,2025-04-24 15:17:00,255.6399,255.8204
TSLA,2025-04-24 15:18:00,255.8300,255.9500
TSLA,2025-04-24 15:19:00,255.9307,255.9569
TSLA,2025-04-24 15:20:00,255.9400,255.6300
TSLA,2025-04-24 15:21:00,255.6400,256.2900
TSLA,2025-04-24 15:22:00,256.3000,256.2400
TSLA,2025-04-24 15:23:00,256.2400,256.1200
TSLA,2025-04-24 15:24:00,256.1600,256.1100
TSLA,2025-04-24 15:25:00,256.0700,256.3162
TSLA,2025-04-24 15:26:00,256.3559,256.3200
TSLA,2025-04-24 15:27:00,256.2900,256.2900
TSLA,2025-04-24 15:28:00,256.2600,256.1550
TSLA,2025-04-24 15:29:00,256.1038,255.9501
TSLA,2025-04-24 15:30:00,256.0000,256.2800
TSLA,2025-04-24 15:31:00,256.2900,256.4700
TSLA,2025-04-24 15:32:00,256.4300,256.4900
TSLA,2025-04-24 15:33:00,256.4600,256.2900
TSLA,2025-04-24 15:34:00,256.3100,256.2750
TSLA,2025-04-24 15:35:00,256.2800,256.5500
TSLA,2025-04-24 15:36:00,256.5500,256.5562
TSLA,2025-04-24 15:37:00,256.5100,256.8095
TSLA,2025-04-24 15:38:00,256.8200,257.0389
TSLA,2025-04-24 15:39:00,257.0550,256.9950
TSLA,2025-04-24 15:40:00,257.0000,257.0710
TSLA,2025-04-24 15:41:00,257.0800,257.3400
TSLA,2025-04-24 15:42:00,257.3300,257.2500
TSLA,2025-04-24 15:43:00,257.2400,257.3201
TSLA,2025-04-24 15:44:00,257.3346,257.3300
TSLA,2025-04-24 15:45:00,257.3300,257.2899
TSLA,2025-04-24 15:46:00,257.2800,257.4900
TSLA,2025-04-24 15:47:00,257.4900,257.5297
TSLA,2025-04-24 15:48:00,257.5150,257.6300
TSLA,2025-04-24 15:49:00,257.6150,257.6550
TSLA,2025-04-24 15:50:00,257.6500,257.8206
TSLA,2025-04-24 15:51:00,257.8500,257.5350
TSLA,2025-04-24 15:52:00,257.5500,258.0800
TSLA,2025-04-24 15:53:00,258.0400,258.5000
TSLA,2025-04-24 15:54:00,258.5150,258.8400
TSLA,2025-04-24 15:55:00,258.8900,258.6200
TSLA,2025-04-24 15:56:00,258.6100,258.5650
TSLA,2025-04-24 15:57:00,258.5800,258.9665
TSLA,2025-04-24 15:58:00,258.9400,259.0000
TSLA,2025-04-24 15:59:00,258.9800,259.5100
TSLA,2025-04-25 09:30:00,261.6900,263.0075
TSLA,2025-04-25 09:31:00,263.0480,260.8800
TSLA,2025-04-25 09:32:00,260.8820,260.4042
TSLA,2025-04-25 09:33:00,260.3800,261.3900
TSLA,2025-04-25 09:34:00,261.3900,262.0300
TSLA,2025-04-25 09:35:00,262.0000,261.6615
TSLA,2025-04-25 09:36:00,261.6225,261.0201
TSLA,2025-04-25 09:37:00,261.0400,262.0100
TSLA,2025-04-25 09:38:00,262.0900,263.0700
TSLA,2025-04-25 09:39:00,263.0550,264.2700
TSLA,2025-04-25 09:40:00,264.2778,264.3240
TSLA,2025-04-25 09:41:00,264.2580,263.2600
TSLA,2025-04-25 09:42:00,263.2000,263.4960
TSLA,2025-04-25 09:43:00,263.5200,264.0000
TSLA,2025-04-25 09:44:00,264.0250,263.4100
TSLA,2025-04-25 09:45:00,263.4800,264.0865
TSLA,2025-04-25 09:46:00,264.0740,263.6900
TSLA,2025-04-25 09:47:00,263.6850,263.2598
TSLA,2025-04-25 09:48:00,263.2050,263.3900
TSLA,2025-04-25 09:49:00,263.4050,263.5500
TSLA,2025-04-25 09:50:00,263.6000,263.4600
TSLA,2025-04-25 09:51:00,263.4924,262.1600
TSLA,2025-04-25 09:52:00,262.1700,262.0587
TSLA,2025-04-25 09:53:00,262.0950,261.2115
TSLA,2025-04-25 09:54:00,261.2500,261.7600
TSLA,2025-04-25 09:55:00,261.7167,262.5700
TSLA,2025-04-25 09:56:00,262.5800,262.5700
TSLA,2025-04-25 09:57:00,262.5400,261.7832
TSLA,2025-04-25 09:58:00,261.7168,262.1619
TSLA,2025-04-25 09:59:00,262.1200,261.5500
TSLA,2025-04-25 10:00:00,261.6600,263.0400
TSLA,2025-04-25 10:01:00,262.9900,263.0450
TSLA,2025-04-25 10:02:00,263.0001,263.4240
TSLA,2025-04-25 10:03:00,263.4000,263.0801
TSLA,2025-04-25 10:04:00,263.1600,263.4133
TSLA,2025-04-25 10:05:00,263.4400,264.1450
TSLA,2025-04-25 10:06:00,264.1351,265.7000
TSLA,2025-04-25 10:07:00,265.7600,265.9700
TSLA,2025-04-25 10:08:00,265.9600,266.4900
TSLA,2025-04-25 10:09:00,266.4700,267.3000
TSLA,2025-04-25 10:10:00,267.3400,268.6019
TSLA,2025-04-25 10:11:00,268.6504,268.5700
TSLA,2025-04-25 10:12:00,268.5800,269.2081
TSLA,2025-04-25 10:13:00,269.1800,269.2200
TSLA,2025-04-25 10:14:00,269.2120,270.0700
TSLA,2025-04-25 10:15:00,270.0000,270.2800
TSLA,2025-04-25 10:16:00,270.2524,269.7050
TSLA,2025-04-25 10:17:00,269.6800,270.8800
TSLA,2025-04-25 10:18:00,270.9100,269.7800
TSLA,2025-04-25 10:19:00,269.7574,270.1300
TSLA,2025-04-25 10:20:00,270.1300,270.3150
TSLA,2025-04-25 10:21:00,270.3150,269.2850
TSLA,2025-04-25 10:22:00,269.2400,269.0500
TSLA,2025-04-25 10:23:00,268.9900,269.2550
TSLA,2025-04-25 10:24:00,269.2550,270.2650
TSLA,2025-04-25 10:25:00,270.3400,270.3600
TSLA,2025-04-25 10:26:00,270.4000,270.5300
TSLA,2025-04-25 10:27:00,270.5900,270.1000
TSLA,2025-04-25 10:28:00,270.1000,269.4650
TSLA,2025-04-25 10:29:00,269.4500,270.6250
TSLA,2025-04-25 10:30:00,270.6500,271.0600
TSLA,2025-04-25 10:31:00,271.0300,270.3800
TSLA,2025-04-25 10:32:00,270.3800,272.5700
TSLA,2025-04-25 10:33:00,272.5200,273.6400
TSLA,2025-04-25 10:34:00,273.6200,274.4300
TSLA,2025-04-25 10:35:00,274.4400,273.7536
TSLA,2025-04-25 10:36:00,273.7800,272.9800
TSLA,2025-04-25 10:37:00,272.9800,273.5950
TSLA,2025-04-25 10:38:00,273.5968,274.3475
TSLA,2025-04-25 10:39:00,274.3366,275.2900
TSLA,2025-04-25 10:40:00,275.2900,276.9300
TSLA,2025-04-25 10:41:00,276.9900,276.5600
TSLA,2025-04-25 10:42:00,276.5400,275.6900
TSLA,2025-04-25 10:43:00,275.7150,276.6200
TSLA,2025-04-25 10:44:00,276.5350,277.0576
TSLA,2025-04-25 10:45:00,277.0001,276.9850
TSLA,2025-04-25 10:46:00,276.9400,277.1600
TSLA,2025-04-25 10:47:00,277.1600,276.9150
TSLA,2025-04-25 10:48:00,276.9400,277.8500
TSLA,2025-04-25 10:49:00,277.8800,277.8668
TSLA,2025-04-25 10:50:00,277.8950,277.0950
TSLA,2025-04-25 10:51:00,277.0700,277.4600
TSLA,2025-04-25 10:52:00,277.4500,276.7000
TSLA,2025-04-25 10:53:00,276.7000,277.2450
TSLA,2025-04-25 10:54:00,277.2600,276.2000
TSLA,2025-04-25 10:55:00,276.2250,275.8400
TSLA,2025-04-25 10:56:00,275.9000,274.9650
TSLA,2025-04-25 10:57:00,274.9500,275.1952
TSLA,2025-04-25 10:58:00,275.1900,274.4536
TSLA,2025-04-25 10:59:00,274.4519,275.1155
TSLA,2025-04-25 11:00:00,275.1400,274.9400
TSLA,2025-04-25 11:01:00,274.8800,275.9500
TSLA,2025-04-25 11:02:00,276.0000,276.0100
TSLA,2025-04-25 11:03:00,276.0473,276.4750
TSLA,2025-04-25 11:04:00,276.4600,277.0500
TSLA,2025-04-25 11:05:00,277.0552,276.6300
TSLA,2025-04-25 11:06:00,276.6100,277.4456
TSLA,2025-04-25 11:07:00,277.4600,277.8100
TSLA,2025-04-25 11:08:00,277.8101,277.0300
TSLA,2025-04-25 11:09:00,277.0200,277.1500
TSLA,2025-04-25 11:10:00,277.1500,278.2300
TSLA,2025-04-25 11:11:00,278.2550,278.0350
TSLA,2025-04-25 11:12:00,277.9985,277.8200
TSLA,2025-04-25 11:13:00,277.7300,278.7337
TSLA,2025-04-25 11:14:00,278.7600,278.8019
TSLA,2025-04-25 11:15:00,278.8100,278.2100
TSLA,2025-04-25 11:16:00,278.2600,278.0800
TSLA,2025-04-25 11:17:00,278.1304,277.9000
TSLA,2025-04-25 11:18:00,277.9300,278.9300
TSLA,2025-04-25 11:19:00,278.9000,278.5000
TSLA,2025-04-25 11:20:00,278.4700,278.4946
TSLA,2025-04-25 11:21:00,278.5400,278.7700
TSLA,2025-04-25 11:22:00,278.7762,279.1400
TSLA,2025-04-25 11:23:00,279.1600,279.5200
TSLA,2025-04-25 11:24:00,279.5299,279.3514
TSLA,2025-04-25 11:25:00,279.2900,278.9900
TSLA,2025-04-25 11:26:00,279.0200,279.4500
TSLA,2025-04-25 11:27:00,279.4750,279.9000
TSLA,2025-04-25 11:28:00,279.9000,279.4400
TSLA,2025-04-25 11:29:00,279.4600,279.5201
TSLA,2025-04-25 11:30:00,279.5452,279.5328
TSLA,2025-04-25 11:31:00,279.5007,280.4985
TSLA,2025-04-25 11:32:00,280.5100,280.9951
TSLA,2025-04-25 11:33:00,280.9900,281.5500
TSLA,2025-04-25 11:34:00,281.5800,282.0045
TSLA,2025-04-25 11:35:00,282.0200,281.6500
TSLA,2025-04-25 11:36:00,281.6400,281.2650
TSLA,2025-04-25 11:37:00,281.2800,281.8100
TSLA,2025-04-25 11:38:00,281.8150,281.6850
TSLA,2025-04-25 11:39:00,281.7200,281.9232
TSLA,2025-04-25 11:40:00,281.9300,282.0800
TSLA,2025-04-25 11:41:00,282.0800,281.4800
TSLA,2025-04-25 11:42:00,281.4900,280.8950
TSLA,2025-04-25 11:43:00,280.8968,280.4330
TSLA,2025-04-25 11:44:00,280.4100,280.7101
TSLA,2025-04-25 11:45:00,280.7900,281.2819
TSLA,2025-04-25 11:46:00,281.3300,282.6575
TSLA,2025-04-25 11:47:00,282.6300,282.9830
TSLA,2025-04-25 11:48:00,283.0000,283.0500
TSLA,2025-04-25 11:49:00,283.0000,283.2750
TSLA,2025-04-25 11:50:00,283.2900,282.9600
TSLA,2025-04-25 11:51:00,282.9700,283.1082
TSLA,2025-04-25 11:52:00,283.0000,282.6400
TSLA,2025-04-25 11:53:00,282.6600,281.9800
TSLA,2025-04-25 11:54:00,281.9900,282.2097
TSLA,2025-04-25 11:55:00,282.1800,281.8600
TSLA,2025-04-25 11:56:00,281.8508,282.0500
TSLA,2025-04-25 11:57:00,282.0400,281.5000
TSLA,2025-04-25 11:58:00,281.5100,282.1000
TSLA,2025-04-25 11:59:00,282.0400,281.4300
TSLA,2025-04-25 12:00:00,281.4700,280.9199
TSLA,2025-04-25 12:01:00,280.8600,281.3941
TSLA,2025-04-25 12:02:00,281.4100,280.9100
TSLA,2025-04-25 12:03:00,280.9132,281.0144
TSLA,2025-04-25 12:04:00,281.0450,281.2600
TSLA,2025-04-25 12:05:00,281.2550,281.3550
TSLA,2025-04-25 12:06:00,281.3800,280.8000
TSLA,2025-04-25 12:07:00,280.8000,280.6800
TSLA,2025-04-25 12:08:00,280.7100,281.0300
TSLA,2025-04-25 12:09:00,281.0100,281.3500
TSLA,2025-04-25 12:10:00,281.3472,281.0281
TSLA,2025-04-25 12:11:00,281.0006,280.5685
TSLA,2025-04-25 12:12:00,280.5601,280.6600
TSLA,2025-04-25 12:13:00,280.6600,280.3190
TSLA,2025-04-25 12:14:00,280.2850,280.5900
TSLA,2025-04-25 12:15:00,280.5990,280.8600
TSLA,2025-04-25 12:16:00,280.8000,282.1300
TSLA,2025-04-25 12:17:00,282.1301,282.0071
TSLA,2025-04-25 12:18:00,282.0100,282.0100
TSLA,2025-04-25 12:19:00,282.0450,282.2294
TSLA,2025-04-25 12:20:00,282.2500,282.1300
TSLA,2025-04-25 12:21:00,282.1100,282.1920
TSLA,2025-04-25 12:22:00,282.2181,282.2982
TSLA,2025-04-25 12:23:00,282.2875,282.8649
TSLA,2025-04-25 12:24:00,282.8900,283.0800
TSLA,2025-04-25 12:25:00,283.0800,283.0200
TSLA,2025-04-25 12:26:00,283.0420,282.8100
TSLA,2025-04-25 12:27:00,282.8300,283.8000
TSLA,2025-04-25 12:28:00,283.8000,284.3500
TSLA,2025-04-25 12:29:00,284.3500,284.4000
TSLA,2025-04-25 12:30:00,284.4000,284.2012
TSLA,2025-04-25 12:31:00,284.1900,284.2300
TSLA,2025-04-25 12:32:00,284.1700,284.2200
TSLA,2025-04-25 12:33:00,284.2593,284.1414
TSLA,2025-04-25 12:34:00,284.1300,284.3500
TSLA,2025-04-25 12:35:00,284.3765,284.7300
TSLA,2025-04-25 12:36:00,284.6668,284.7300
TSLA,2025-04-25 12:37:00,284.7344,284.6900
TSLA,2025-04-25 12:38:00,284.6820,285.2401
TSLA,2025-04-25 12:39:00,285.2650,285.7450
TSLA,2025-04-25 12:40:00,285.7200,285.4515
TSLA,2025-04-25 12:41:00,285.4687,285.8458
TSLA,2025-04-25 12:42:00,285.8100,285.2500
TSLA,2025-04-25 12:43:00,285.2300,285.8800
TSLA,2025-04-25 12:44:00,285.8900,285.8000
TSLA,2025-04-25 12:45:00,285.8500,285.5200
TSLA,2025-04-25 12:46:00,285.5200,285.4200
TSLA,2025-04-25 12:47:00,285.3900,284.6200
TSLA,2025-04-25 12:48:00,284.6425,284.5000
TSLA,2025-04-25 12:49:00,284.5115,284.9800
TSLA,2025-04-25 12:50:00,284.9766,284.8736
TSLA,2025-04-25 12:51:00,284.8450,284.4850
TSLA,2025-04-25 12:52:00,284.4700,284.8636
TSLA,2025-04-25 12:53:00,284.8625,284.5900
TSLA,2025-04-25 12:54:00,284.5399,284.6001
TSLA,2025-04-25 12:55:00,284.6200,285.2684
TSLA,2025-04-25 12:56:00,285.2700,285.7700
TSLA,2025-04-25 12:57:00,285.7700,285.8346
TSLA,2025-04-25 12:58:00,285.8550,285.9900
TSLA,2025-04-25 12:59:00,285.9950,286.1400
TSLA,2025-04-25 13:00:00,286.1400,285.9100
TSLA,2025-04-25 13:01:00,285.9300,286.1950
TSLA,2025-04-25 13:02:00,286.1800,285.5900
TSLA,2025-04-25 13:03:00,285.5631,285.3499
TSLA,2025-04-25 13:04:00,285.2591,285.1001
TSLA,2025-04-25 13:05:00,285.1886,285.5400
TSLA,2025-04-25 13:06:00,285.4950,284.6300
TSLA,2025-04-25 13:07:00,284.6200,284.9800
TSLA,2025-04-25 13:08:00,285.0400,285.1550
TSLA,2025-04-25 13:09:00,285.1513,285.6750
TSLA,2025-04-25 13:10:00,285.6750,285.0900
TSLA,2025-04-25 13:11:00,285.0950,284.9700
TSLA,2025-04-25 13:12:00,284.9800,284.8950
TSLA,2025-04-25 13:13:00,284.9200,284.8008
TSLA,2025-04-25 13:14:00,284.8400,285.0942
TSLA,2025-04-25 13:15:00,285.0650,285.0000
TSLA,2025-04-25 13:16:00,284.9900,284.9000
TSLA,2025-04-25 13:17:00,284.8600,284.8518
TSLA,2025-04-25 13:18:00,284.8600,284.7100
TSLA,2025-04-25 13:19:00,284.6600,284.8401
TSLA,2025-04-25 13:20:00,284.8600,284.9700
TSLA,2025-04-25 13:21:00,284.9800,284.9900
TSLA,2025-04-25 13:22:00,284.9800,285.0800
TSLA,2025-04-25 13:23:00,285.1199,285.6100
TSLA,2025-04-25 13:24:00,285.5900,285.9400
TSLA,2025-04-25 13:25:00,285.9126,286.3300
TSLA,2025-04-25 13:26:00,286.3698,286.4700
TSLA,2025-04-25 13:27:00,286.4700,286.8200
TSLA,2025-04-25 13:28:00,286.7950,286.5400
TSLA,2025-04-25 13:29:00,286.5600,286.6600
TSLA,2025-04-25 13:30:00,286.6400,285.4850
TSLA,2025-04-25 13:31:00,285.4900,285.3050
TSLA,2025-04-25 13:32:00,285.2703,285.0170
TSLA,2025-04-25 13:33:00,285.0351,284.9700
TSLA,2025-04-25 13:34:00,284.9850,284.4950
TSLA,2025-04-25 13:35:00,284.5300,284.2690
TSLA,2025-04-25 13:36:00,284.3100,284.8500
TSLA,2025-04-25 13:37:00,284.8735,284.8900
TSLA,2025-04-25 13:38:00,284.9401,283.7100
TSLA,2025-04-25 13:39:00,283.7150,282.9500
TSLA,2025-04-25 13:40:00,282.9999,282.8600
TSLA,2025-04-25 13:41:00,282.7357,283.3607
TSLA,2025-04-25 13:42:00,283.4000,282.8250
TSLA,2025-04-25 13:43:00,282.8100,282.8200
TSLA,2025-04-25 13:44:00,282.7975,283.4150
TSLA,2025-04-25 13:45:00,283.4150,282.6262
TSLA,2025-04-25 13:46:00,282.7000,282.5800
TSLA,2025-04-25 13:47:00,282.5900,282.8500
TSLA,2025-04-25 13:48:00,282.8400,282.5185
TSLA,2025-04-25 13:49:00,282.4600,282.8400
TSLA,2025-04-25 13:50:00,282.7700,282.0350
TSLA,2025-04-25 13:51:00,281.9900,282.3900
TSLA,2025-04-25 13:52:00,282.3800,281.8199
TSLA,2025-04-25 13:53:00,281.7509,281.9450
TSLA,2025-04-25 13:54:00,281.9400,281.9219
TSLA,2025-04-25 13:55:00,281.9485,281.4700
TSLA,2025-04-25 13:56:00,281.5099,281.6400
TSLA,2025-04-25 13:57:00,281.6700,282.0175
TSLA,2025-04-25 13:58:00,281.9680,282.8900
TSLA,2025-04-25 13:59:00,282.9000,282.9000
TSLA,2025-04-25 14:00:00,282.9175,283.0168
TSLA,2025-04-25 14:01:00,283.0548,283.2031
TSLA,2025-04-25 14:02:00,283.2385,283.7400
TSLA,2025-04-25 14:03:00,283.7111,284.1400
TSLA,2025-04-25 14:04:00,284.1050,283.9400
TSLA,2025-04-25 14:05:00,283.9007,283.7600
TSLA,2025-04-25 14:06:00,283.7600,283.8307
TSLA,2025-04-25 14:07:00,283.9400,283.6400
TSLA,2025-04-25 14:08:00,283.6950,283.6500
TSLA,2025-04-25 14:09:00,283.6500,283.9638
TSLA,2025-04-25 14:10:00,283.9800,283.7866
TSLA,2025-04-25 14:11:00,283.8300,283.6800
TSLA,2025-04-25 14:12:00,283.7250,283.9800
TSLA,2025-04-25 14:13:00,283.9800,284.1000
TSLA,2025-04-25 14:14:00,284.1300,284.3716
TSLA,2025-04-25 14:15:00,284.3650,284.5000
TSLA,2025-04-25 14:16:00,284.4950,284.7600
TSLA,2025-04-25 14:17:00,284.7600,284.7000
TSLA,2025-04-25 14:18:00,284.7200,284.8610
TSLA,2025-04-25 14:19:00,284.8500,284.6702
TSLA,2025-04-25 14:20:00,284.6700,284.0892
TSLA,2025-04-25 14:21:00,284.0800,284.2700
TSLA,2025-04-25 14:22:00,284.2900,284.5136
TSLA,2025-04-25 14:23:00,284.4900,284.5700
TSLA,2025-04-25 14:24:00,284.5384,284.4082
TSLA,2025-04-25 14:25:00,284.3800,284.2500
TSLA,2025-04-25 14:26:00,284.2300,284.4400
TSLA,2025-04-25 14:27:00,284.4700,284.0900
TSLA,2025-04-25 14:28:00,284.0700,284.3400
TSLA,2025-04-25 14:29:00,284.3450,284.2308
TSLA,2025-04-25 14:30:00,284.2350,284.1400
TSLA,2025-04-25 14:31:00,284.0900,284.4140
TSLA,2025-04-25 14:32:00,284.4395,284.3807
TSLA,2025-04-25 14:33:00,284.4100,284.3393
TSLA,2025-04-25 14:34:00,284.2900,284.2200
TSLA,2025-04-25 14:35:00,284.2075,284.4274
TSLA,2025-04-25 14:36:00,284.4245,284.5150
TSLA,2025-04-25 14:37:00,284.5150,284.5650
TSLA,2025-04-25 14:38:00,284.5700,284.6658
TSLA,2025-04-25 14:39:00,284.6950,284.8750
TSLA,2025-04-25 14:40:00,284.8500,285.4550
TSLA,2025-04-25 14:41:00,285.4800,285.3296
TSLA,2025-04-25 14:42:00,285.3066,285.5600
TSLA,2025-04-25 14:43:00,285.5800,285.7131
TSLA,2025-04-25 14:44:00,285.7100,285.7500
TSLA,2025-04-25 14:45:00,285.7100,285.6788
TSLA,2025-04-25 14:46:00,285.6500,285.7700
TSLA,2025-04-25 14:47:00,285.7360,285.7090
TSLA,2025-04-25 14:48:00,285.6800,285.8900
TSLA,2025-04-25 14:49:00,285.8850,285.8299
TSLA,2025-04-25 14:50:00,285.7900,285.5919
TSLA,2025-04-25 14:51:00,285.6150,285.4950
TSLA,2025-04-25 14:52:00,285.4950,284.7300
TSLA,2025-04-25 14:53:00,284.7292,285.2150
TSLA,2025-04-25 14:54:00,285.2500,285.5700
TSLA,2025-04-25 14:55:00,285.5799,285.4950
TSLA,2025-04-25 14:56:00,285.4790,285.1150
TSLA,2025-04-25 14:57:00,285.1001,285.3150
TSLA,2025-04-25 14:58:00,285.3300,285.4600
TSLA,2025-04-25 14:59:00,285.4680,285.3950
TSLA,2025-04-25 15:00:00,285.3700,285.3952
TSLA,2025-04-25 15:01:00,285.4400,285.1900
TSLA,2025-04-25 15:02:00,285.2100,285.3000
TSLA,2025-04-25 15:03:00,285.2800,285.2900
TSLA,2025-04-25 15:04:00,285.2900,284.9950
TSLA,2025-04-25 15:05:00,285.0400,284.2401
TSLA,2025-04-25 15:06:00,284.2858,284.0604
TSLA,2025-04-25 15:07:00,283.9800,283.6900
TSLA,2025-04-25 15:08:00,283.7247,283.4720
TSLA,2025-04-25 15:09:00,283.4647,283.6700
TSLA,2025-04-25 15:10:00,283.6600,283.9159
TSLA,2025-04-25 15:11:00,283.9008,283.1650
TSLA,2025-04-25 15:12:00,283.1600,283.1700
TSLA,2025-04-25 15:13:00,283.2000,282.6750
TSLA,2025-04-25 15:14:00,282.7000,282.7600
TSLA,2025-04-25 15:15:00,282.7600,282.4600
TSLA,2025-04-25 15:16:00,282.4400,283.4300
TSLA,2025-04-25 15:17:00,283.4100,283.7850
TSLA,2025-04-25 15:18:00,283.7800,283.5800
TSLA,2025-04-25 15:19:00,283.5650,283.4700
TSLA,2025-04-25 15:20:00,283.4800,283.1407
TSLA,2025-04-25 15:21:00,283.1778,283.5975
TSLA,2025-04-25 15:22:00,283.6200,283.4399
TSLA,2025-04-25 15:23:00,283.4400,282.8323
TSLA,2025-04-25 15:24:00,282.8337,283.1900
TSLA,2025-04-25 15:25:00,283.1500,283.0300
TSLA,2025-04-25 15:26:00,283.0100,283.0750
TSLA,2025-04-25 15:27:00,283.0600,283.0550
TSLA,2025-04-25 15:28:00,283.0550,282.9100
TSLA,2025-04-25 15:29:00,282.8790,282.5600
TSLA,2025-04-25 15:30:00,282.5400,282.0975
TSLA,2025-04-25 15:31:00,282.1500,281.9153
TSLA,2025-04-25 15:32:00,281.9000,282.1552
TSLA,2025-04-25 15:33:00,282.1330,282.1701
TSLA,2025-04-25 15:34:00,282.1700,282.3500
TSLA,2025-04-25 15:35:00,282.3700,282.2600
TSLA,2025-04-25 15:36:00,282.2500,281.8745
TSLA,2025-04-25 15:37:00,281.8504,281.9500
TSLA,2025-04-25 15:38:00,281.9241,282.7400
TSLA,2025-04-25 15:39:00,282.7500,282.4500
TSLA,2025-04-25 15:40:00,282.4100,282.4200
TSLA,2025-04-25 15:41:00,282.4500,282.5400
TSLA,2025-04-25 15:42:00,282.5300,283.8294
TSLA,2025-04-25 15:43:00,283.8050,284.0950
TSLA,2025-04-25 15:44:00,284.1172,283.9400
TSLA,2025-04-25 15:45:00,283.9100,283.6150
TSLA,2025-04-25 15:46:00,283.6150,283.4511
TSLA,2025-04-25 15:47:00,283.4885,283.8039
TSLA,2025-04-25 15:48:00,283.8450,283.8936
TSLA,2025-04-25 15:49:00,283.8700,283.8350
TSLA,2025-04-25 15:50:00,283.8800,284.3600
TSLA,2025-04-25 15:51:00,284.3600,284.2850
TSLA,2025-04-25 15:52:00,284.2800,284.5100
TSLA,2025-04-25 15:53:00,284.5600,284.5786
TSLA,2025-04-25 15:54:00,284.5900,285.1650
TSLA,2025-04-25 15:55:00,285.1900,284.8705
TSLA,2025-04-25 15:56:00,284.8900,284.7700
TSLA,2025-04-25 15:57:00,284.8100,284.7602
TSLA,2025-04-25 15:58:00,284.7500,284.8000
TSLA,2025-04-25 15:59:00,284.7850,284.8750
