,STOCK_SYMBOL,OPEN_PRICE,CLOSE_PRICE,PREDICTED_PRICE
2025-04-14 09:30:00,AAPL,211.44,211.98,
2025-04-14 09:31:00,AAPL,212.0,210.5399,
2025-04-14 09:32:00,AAPL,210.49,209.3302,
2025-04-14 09:33:00,AAPL,209.355,209.072,
2025-04-14 09:34:00,AAPL,209.03,208.6302,
2025-04-14 09:35:00,AAPL,208.68,208.66,
2025-04-14 09:36:00,AAPL,208.67,208.84,
2025-04-14 09:37:00,AAPL,208.85,208.225,
2025-04-14 09:38:00,AAPL,208.225,208.77,
2025-04-14 09:39:00,AAPL,208.78,208.51,
2025-04-14 09:40:00,AAPL,208.53,206.74,
2025-04-14 09:41:00,AAPL,206.76,206.585,
2025-04-14 09:42:00,AAPL,206.58,206.7,
2025-04-14 09:43:00,AAPL,206.73,206.2107,
2025-04-14 09:44:00,AAPL,206.21,207.0296,
2025-04-14 09:45:00,AAPL,207.035,207.08,
2025-04-14 09:46:00,AAPL,207.08,206.99,
2025-04-14 09:47:00,AAPL,206.995,207.11,
2025-04-14 09:48:00,AAPL,207.115,207.7175,
2025-04-14 09:49:00,AAPL,207.6756,207.84,
2025-04-14 09:50:00,AAPL,207.815,207.405,
2025-04-14 09:51:00,AAPL,207.395,206.85,
2025-04-14 09:52:00,AAPL,206.838,206.56,
2025-04-14 09:53:00,AAPL,206.54,207.01,
2025-04-14 09:54:00,AAPL,206.99,207.185,
2025-04-14 09:55:00,AAPL,207.2,207.37,
2025-04-14 09:56:00,AAPL,207.39,206.8319,
2025-04-14 09:57:00,AAPL,206.8,207.155,
2025-04-14 09:58:00,AAPL,207.18,207.0,
2025-04-14 09:59:00,AAPL,206.9701,206.76,
2025-04-14 10:00:00,AAPL,206.795,206.4349,
2025-04-14 10:01:00,AAPL,206.4337,206.855,
2025-04-14 10:02:00,AAPL,206.8001,207.0895,
2025-04-14 10:03:00,AAPL,207.07,207.0676,
2025-04-14 10:04:00,AAPL,207.04,206.96,
2025-04-14 10:05:00,AAPL,206.975,207.63,
2025-04-14 10:06:00,AAPL,207.635,206.9509,
2025-04-14 10:07:00,AAPL,206.985,206.84,
2025-04-14 10:08:00,AAPL,206.92,206.67,
2025-04-14 10:09:00,AAPL,206.6899,206.25,
2025-04-14 10:10:00,AAPL,206.26,205.541,
2025-04-14 10:11:00,AAPL,205.52,205.2002,
2025-04-14 10:12:00,AAPL,205.21,205.42,
2025-04-14 10:13:00,AAPL,205.41,205.555,
2025-04-14 10:14:00,AAPL,205.59,205.215,
2025-04-14 10:15:00,AAPL,205.24,205.265,
2025-04-14 10:16:00,AAPL,205.27,205.405,
2025-04-14 10:17:00,AAPL,205.385,204.7,
2025-04-14 10:18:00,AAPL,204.705,205.125,
2025-04-14 10:19:00,AAPL,205.14,205.55,
2025-04-14 10:20:00,AAPL,205.5317,205.35,
2025-04-14 10:21:00,AAPL,205.32,205.37,
2025-04-14 10:22:00,AAPL,205.37,205.075,
2025-04-14 10:23:00,AAPL,205.05,204.96,
2025-04-14 10:24:00,AAPL,204.935,205.0,
2025-04-14 10:25:00,AAPL,205.03,205.165,
2025-04-14 10:26:00,AAPL,205.165,205.3515,
2025-04-14 10:27:00,AAPL,205.354,205.1316,
2025-04-14 10:28:00,AAPL,205.115,205.145,
2025-04-14 10:29:00,AAPL,205.1366,204.75,
2025-04-14 10:30:00,AAPL,204.8,204.96,204.55442810058594
2025-04-14 10:31:00,AAPL,204.94,205.2175,204.532470703125
2025-04-14 10:32:00,AAPL,205.225,204.93,204.53089904785156
2025-04-14 10:33:00,AAPL,204.95,205.055,204.52099609375
2025-04-14 10:34:00,AAPL,205.04,204.945,204.51637268066406
2025-04-14 10:35:00,AAPL,204.95,205.38,204.50735473632812
2025-04-14 10:36:00,AAPL,205.4,205.61,204.52830505371094
2025-04-14 10:37:00,AAPL,205.63,205.59,204.5825958251953
2025-04-14 10:38:00,AAPL,205.61,205.555,204.6520538330078
2025-04-14 10:39:00,AAPL,205.56,205.3763,204.7236785888672
2025-04-14 10:40:00,AAPL,205.4,205.29,204.77877807617188
2025-04-14 10:41:00,AAPL,205.27,205.7897,204.81382751464844
2025-04-14 10:42:00,AAPL,205.8,206.105,204.87060546875
2025-04-14 10:43:00,AAPL,206.105,205.8,204.9589080810547
2025-04-14 10:44:00,AAPL,205.815,205.67,205.03770446777344
2025-04-14 10:45:00,AAPL,205.685,205.791,205.09596252441406
2025-04-14 10:46:00,AAPL,205.805,205.525,205.14634704589844
2025-04-14 10:47:00,AAPL,205.5444,205.835,205.16847229003906
2025-04-14 10:48:00,AAPL,205.845,205.96,205.1943817138672
2025-04-14 10:49:00,AAPL,205.97,205.8342,205.22911071777344
2025-04-14 10:50:00,AAPL,205.86,205.72,205.25721740722656
2025-04-14 10:51:00,AAPL,205.715,205.75,205.27081298828125
2025-04-14 10:52:00,AAPL,205.7519,205.55,205.2766571044922
2025-04-14 10:53:00,AAPL,205.53,205.5,205.26235961914062
2025-04-14 10:54:00,AAPL,205.495,205.605,205.23306274414062
2025-04-14 10:55:00,AAPL,205.605,205.4204,205.2040252685547
2025-04-14 10:56:00,AAPL,205.42,205.005,205.16336059570312
2025-04-14 10:57:00,AAPL,204.9925,205.1261,205.088134765625
2025-04-14 10:58:00,AAPL,205.1795,205.135,205.00621032714844
2025-04-14 10:59:00,AAPL,205.148,205.2446,204.92620849609375
2025-04-14 11:00:00,AAPL,205.22,205.19,204.8609161376953
2025-04-14 11:01:00,AAPL,205.17,205.335,204.80516052246094
2025-04-14 11:02:00,AAPL,205.32,205.225,204.7699432373047
2025-04-14 11:03:00,AAPL,205.225,204.84,204.74179077148438
2025-04-14 11:04:00,AAPL,204.8201,204.805,204.69232177734375
2025-04-14 11:05:00,AAPL,204.805,204.68,204.63136291503906
2025-04-14 11:06:00,AAPL,204.67,204.26,204.55874633789062
2025-04-14 11:07:00,AAPL,204.25,204.3592,204.45376586914062
2025-04-14 11:08:00,AAPL,204.355,204.27,204.34420776367188
2025-04-14 11:09:00,AAPL,204.265,204.3099,204.23300170898438
2025-04-14 11:10:00,AAPL,204.27,204.6891,204.1318817138672
2025-04-14 11:11:00,AAPL,204.68,204.9099,204.0718994140625
2025-04-14 11:12:00,AAPL,204.9067,204.88,204.05747985839844
2025-04-14 11:13:00,AAPL,204.89,204.87,204.07020568847656
2025-04-14 11:14:00,AAPL,204.875,204.78,204.09866333007812
2025-04-14 11:15:00,AAPL,204.78,204.72,204.12879943847656
2025-04-14 11:16:00,AAPL,204.71,204.1817,204.154052734375
2025-04-14 11:17:00,AAPL,204.1844,204.36,204.1357421875
2025-04-14 11:18:00,AAPL,204.355,204.64,204.1058349609375
2025-04-14 11:19:00,AAPL,204.64,204.95,204.09120178222656
2025-04-14 11:20:00,AAPL,204.95,204.48,204.1093292236328
2025-04-14 11:21:00,AAPL,204.515,204.5694,204.11192321777344
2025-04-14 11:22:00,AAPL,204.57,204.74,204.11209106445312
2025-04-14 11:23:00,AAPL,204.7589,204.25,204.12318420410156
2025-04-14 11:24:00,AAPL,204.2487,204.37,204.10438537597656
2025-04-14 11:25:00,AAPL,204.4,204.255,204.0780029296875
2025-04-14 11:26:00,AAPL,204.255,203.88,204.04025268554688
2025-04-14 11:27:00,AAPL,203.9,203.63,203.97097778320312
2025-04-14 11:28:00,AAPL,203.62,203.691,203.86936950683594
2025-04-14 11:29:00,AAPL,203.72,203.6,203.759765625
2025-04-14 11:30:00,AAPL,203.65,203.56,203.64613342285156
2025-04-14 11:31:00,AAPL,203.5825,203.8316,203.5352783203125
2025-04-14 11:32:00,AAPL,203.79,203.87,203.4539031982422
2025-04-14 11:33:00,AAPL,203.87,203.6801,203.3990936279297
2025-04-14 11:34:00,AAPL,203.68,203.66,203.35098266601562
2025-04-14 11:35:00,AAPL,203.68,203.0733,203.30963134765625
2025-04-14 11:36:00,AAPL,203.1199,203.0929,203.2329864501953
2025-04-14 11:37:00,AAPL,203.09,202.805,203.14248657226562
2025-04-14 11:38:00,AAPL,202.8,202.61,203.02908325195312
2025-04-14 11:39:00,AAPL,202.61,202.3296,202.8959503173828
2025-04-14 11:40:00,AAPL,202.29,202.45,202.7400665283203
2025-04-14 11:41:00,AAPL,202.445,202.615,202.5904541015625
2025-04-14 11:42:00,AAPL,202.61,202.585,202.46737670898438
2025-04-14 11:43:00,AAPL,202.575,202.638,202.36741638183594
2025-04-14 11:44:00,AAPL,202.63,202.97,202.2931671142578
2025-04-14 11:45:00,AAPL,202.96,202.41,202.2646942138672
2025-04-14 11:46:00,AAPL,202.37,202.045,202.2261505126953
2025-04-14 11:47:00,AAPL,202.03,202.17,202.15878295898438
2025-04-14 11:48:00,AAPL,202.1,201.9396,202.0884552001953
2025-04-14 11:49:00,AAPL,201.9,201.915,202.00482177734375
2025-04-14 11:50:00,AAPL,201.9,201.99,201.91775512695312
2025-04-14 11:51:00,AAPL,202.0,202.01,201.84059143066406
2025-04-14 11:52:00,AAPL,202.0,202.03,201.77679443359375
2025-04-14 11:53:00,AAPL,202.03,202.47,201.7276153564453
2025-04-14 11:54:00,AAPL,202.46,202.51,201.723388671875
2025-04-14 11:55:00,AAPL,202.5,202.855,201.750244140625
2025-04-14 11:56:00,AAPL,202.84,203.09,201.820068359375
2025-04-14 11:57:00,AAPL,203.06,203.175,201.92884826660156
2025-04-14 11:58:00,AAPL,203.17,202.71,202.06060791015625
2025-04-14 11:59:00,AAPL,202.71,202.51,202.16383361816406
2025-04-14 12:00:00,AAPL,202.51,202.71,202.2284393310547
2025-04-14 12:01:00,AAPL,202.7,203.2326,202.279541015625
2025-04-14 12:02:00,AAPL,203.235,203.0153,202.35646057128906
2025-04-14 12:03:00,AAPL,203.0,202.68,202.42747497558594
2025-04-14 12:04:00,AAPL,202.67,202.88,202.46556091308594
2025-04-14 12:05:00,AAPL,202.88,202.725,202.49537658691406
2025-04-14 12:06:00,AAPL,202.7,202.5666,202.50621032714844
2025-04-14 12:07:00,AAPL,202.575,202.515,202.492919921875
2025-04-14 12:08:00,AAPL,202.4975,202.6582,202.46176147460938
2025-04-14 12:09:00,AAPL,202.684,202.6,202.4319305419922
2025-04-14 12:10:00,AAPL,202.605,202.28,202.4003143310547
2025-04-14 12:11:00,AAPL,202.28,201.67,202.3463897705078
2025-04-14 12:12:00,AAPL,201.67,202.27,202.23817443847656
2025-04-14 12:13:00,AAPL,202.29,202.4986,202.148193359375
2025-04-14 12:14:00,AAPL,202.4895,202.44,202.09153747558594
2025-04-14 12:15:00,AAPL,202.445,202.67,202.05496215820312
2025-04-14 12:16:00,AAPL,202.7,202.76,202.0502471923828
2025-04-14 12:17:00,AAPL,202.77,202.5,202.07203674316406
2025-04-14 12:18:00,AAPL,202.5,202.755,202.0899200439453
2025-04-14 12:19:00,AAPL,202.74,203.38,202.12322998046875
2025-04-14 12:20:00,AAPL,203.4599,203.6529,202.2091064453125
2025-04-14 12:21:00,AAPL,203.6794,204.09,202.3408966064453
2025-04-14 12:22:00,AAPL,204.1187,202.83,202.5235595703125
2025-04-14 12:23:00,AAPL,202.84,202.7515,202.63287353515625
2025-04-14 12:24:00,AAPL,202.72,202.54,202.6849365234375
2025-04-14 12:25:00,AAPL,202.56,202.27,202.68251037597656
2025-04-14 12:26:00,AAPL,202.265,201.975,202.62684631347656
2025-04-14 12:27:00,AAPL,201.99,201.21,202.5206298828125
2025-04-14 12:28:00,AAPL,201.21,201.6108,202.33473205566406
2025-04-14 12:29:00,AAPL,201.635,201.75,202.14224243164062
2025-04-14 12:30:00,AAPL,201.73,201.93,201.96835327148438
2025-04-14 12:31:00,AAPL,201.87,202.235,201.8308563232422
2025-04-14 12:32:00,AAPL,202.26,202.205,201.74742126464844
2025-04-14 12:33:00,AAPL,202.205,202.645,201.7010040283203
2025-04-14 12:34:00,AAPL,202.665,202.59,201.713134765625
2025-04-14 12:35:00,AAPL,202.5614,202.72,201.75668334960938
2025-04-14 12:36:00,AAPL,202.72,202.65,201.82672119140625
2025-04-14 12:37:00,AAPL,202.6587,202.6818,201.90353393554688
2025-04-14 12:38:00,AAPL,202.705,202.66,201.98202514648438
2025-04-14 12:39:00,AAPL,202.6493,202.6013,202.05477905273438
2025-04-14 12:40:00,AAPL,202.62,202.8206,202.1148681640625
2025-04-14 12:41:00,AAPL,202.88,203.0,202.17906188964844
2025-04-14 12:42:00,AAPL,203.02,202.715,202.25416564941406
2025-04-14 12:43:00,AAPL,202.68,202.865,202.30975341796875
2025-04-14 12:44:00,AAPL,202.86,203.0166,202.360595703125
2025-04-14 12:45:00,AAPL,203.055,202.995,202.41561889648438
2025-04-14 12:46:00,AAPL,203.0113,202.99,202.4674835205078
2025-04-14 12:47:00,AAPL,202.99,202.98,202.51319885253906
2025-04-14 12:48:00,AAPL,202.9813,203.0499,202.55096435546875
2025-04-14 12:49:00,AAPL,202.9881,202.9,202.58604431152344
2025-04-14 12:50:00,AAPL,202.865,202.63,202.60574340820312
2025-04-14 12:51:00,AAPL,202.61,202.621,202.5947723388672
2025-04-14 12:52:00,AAPL,202.6,202.42,202.56503295898438
2025-04-14 12:53:00,AAPL,202.4,202.84,202.5107879638672
2025-04-14 12:54:00,AAPL,202.84,202.925,202.47573852539062
2025-04-14 12:55:00,AAPL,202.925,202.86,202.46043395996094
2025-04-14 12:56:00,AAPL,202.865,202.4825,202.4534454345703
2025-04-14 12:57:00,AAPL,202.48,202.26,202.42459106445312
2025-04-14 12:58:00,AAPL,202.27,202.24,202.3684539794922
2025-04-14 12:59:00,AAPL,202.2511,202.1847,202.29812622070312
2025-04-14 13:00:00,AAPL,202.21,202.6899,202.2198486328125
2025-04-14 13:01:00,AAPL,202.7,203.0709,202.17892456054688
2025-04-14 13:02:00,AAPL,203.11,203.23,202.19113159179688
2025-04-14 13:03:00,AAPL,203.225,202.96,202.24667358398438
2025-04-14 13:04:00,AAPL,202.955,203.26,202.30557250976562
2025-04-14 13:05:00,AAPL,203.27,203.06,202.38479614257812
2025-04-14 13:06:00,AAPL,203.1,203.1902,202.45639038085938
2025-04-14 13:07:00,AAPL,203.2,203.08,202.52810668945312
2025-04-14 13:08:00,AAPL,203.085,203.035,202.58673095703125
2025-04-14 13:09:00,AAPL,203.01,203.2898,202.63002014160156
2025-04-14 13:10:00,AAPL,203.3,203.0837,202.67930603027344
2025-04-14 13:11:00,AAPL,203.15,203.26,202.71336364746094
2025-04-14 13:12:00,AAPL,203.245,203.32,202.74853515625
2025-04-14 13:13:00,AAPL,203.35,203.37,202.78590393066406
2025-04-14 13:14:00,AAPL,203.36,203.23,202.8253936767578
2025-04-14 13:15:00,AAPL,203.205,203.2,202.85292053222656
2025-04-14 13:16:00,AAPL,203.21,203.17,202.86892700195312
2025-04-14 13:17:00,AAPL,203.155,203.48,202.87429809570312
2025-04-14 13:18:00,AAPL,203.46,203.81,202.89511108398438
2025-04-14 13:19:00,AAPL,203.81,203.84,202.94740295410156
2025-04-14 13:20:00,AAPL,203.865,204.01,203.0171356201172
2025-04-14 13:21:00,AAPL,204.03,204.43,203.10496520996094
2025-04-14 13:22:00,AAPL,204.4175,204.5784,203.22805786132812
2025-04-14 13:23:00,AAPL,204.595,204.68,203.37451171875
2025-04-14 13:24:00,AAPL,204.73,204.97,203.53221130371094
2025-04-14 13:25:00,AAPL,204.9208,204.5799,203.70657348632812
2025-04-14 13:26:00,AAPL,204.57,204.45,203.84994506835938
2025-04-14 13:27:00,AAPL,204.4582,204.395,203.95477294921875
2025-04-14 13:28:00,AAPL,204.4,204.335,204.02413940429688
2025-04-14 13:29:00,AAPL,204.32,203.864,204.06182861328125
2025-04-14 13:30:00,AAPL,203.885,204.195,204.04237365722656
2025-04-14 13:31:00,AAPL,204.21,203.6207,204.0131072998047
2025-04-14 13:32:00,AAPL,203.645,203.98,203.93678283691406
2025-04-14 13:33:00,AAPL,203.99,204.075,203.86314392089844
2025-04-14 13:34:00,AAPL,204.08,204.16,203.80213928222656
2025-04-14 13:35:00,AAPL,204.134,204.15,203.75885009765625
2025-04-14 13:36:00,AAPL,204.17,203.94,203.72845458984375
2025-04-14 13:37:00,AAPL,203.9,204.18,203.69264221191406
2025-04-14 13:38:00,AAPL,204.17,203.985,203.67372131347656
2025-04-14 13:39:00,AAPL,203.975,203.945,203.6519775390625
2025-04-14 13:40:00,AAPL,203.95,203.815,203.62738037109375
2025-04-14 13:41:00,AAPL,203.81,204.08,203.5933380126953
2025-04-14 13:42:00,AAPL,204.06,204.22,203.5753936767578
2025-04-14 13:43:00,AAPL,204.2,204.23,203.5785369873047
2025-04-14 13:44:00,AAPL,204.215,203.89,203.5951385498047
2025-04-14 13:45:00,AAPL,203.91,204.14,203.59422302246094
2025-04-14 13:46:00,AAPL,204.135,203.85,203.6013641357422
2025-04-14 13:47:00,AAPL,203.845,203.46,203.59158325195312
2025-04-14 13:48:00,AAPL,203.49,203.855,203.54405212402344
2025-04-14 13:49:00,AAPL,203.86,203.875,203.505859375
2025-04-14 13:50:00,AAPL,203.87,203.925,203.47706604003906
2025-04-14 13:51:00,AAPL,203.8944,204.09,203.45973205566406
2025-04-14 13:52:00,AAPL,204.09,204.33,203.46270751953125
2025-04-14 13:53:00,AAPL,204.32,204.58,203.4954376220703
2025-04-14 13:54:00,AAPL,204.63,204.5959,203.56228637695312
2025-04-14 13:55:00,AAPL,204.5967,204.55,203.6465301513672
2025-04-14 13:56:00,AAPL,204.55,204.485,203.7324676513672
2025-04-14 13:57:00,AAPL,204.52,204.66,203.80880737304688
2025-04-14 13:58:00,AAPL,204.705,204.68,203.88677978515625
2025-04-14 13:59:00,AAPL,204.67,204.63,203.96144104003906
2025-04-14 14:00:00,AAPL,204.64,204.83,204.02503967285156
2025-04-14 14:01:00,AAPL,204.8104,204.7385,204.09181213378906
2025-04-14 14:02:00,AAPL,204.7604,204.585,204.14866638183594
2025-04-14 14:03:00,AAPL,204.57,204.65,204.18411254882812
2025-04-14 14:04:00,AAPL,204.64,204.56,204.20851135253906
2025-04-14 14:05:00,AAPL,204.56,204.649,204.21737670898438
2025-04-14 14:06:00,AAPL,204.65,204.87,204.22232055664062
2025-04-14 14:07:00,AAPL,204.86,204.84,204.2401580810547
2025-04-14 14:08:00,AAPL,204.84,205.12,204.2618865966797
2025-04-14 14:09:00,AAPL,205.125,205.205,204.30471801757812
2025-04-14 14:10:00,AAPL,205.2094,205.24,204.36314392089844
2025-04-14 14:11:00,AAPL,205.24,205.0704,204.4293975830078
2025-04-14 14:12:00,AAPL,205.05,205.065,204.4832305908203
2025-04-14 14:13:00,AAPL,205.09,205.28,204.52528381347656
2025-04-14 14:14:00,AAPL,205.265,205.155,204.5725860595703
2025-04-14 14:15:00,AAPL,205.18,205.01,204.61012268066406
2025-04-14 14:16:00,AAPL,205.025,205.11,204.6283721923828
2025-04-14 14:17:00,AAPL,205.1,205.1238,204.64064025878906
2025-04-14 14:18:00,AAPL,205.13,205.09,204.64892578125
2025-04-14 14:19:00,AAPL,205.0944,205.125,204.65142822265625
2025-04-14 14:20:00,AAPL,205.14,205.2,204.65249633789062
2025-04-14 14:21:00,AAPL,205.19,205.3099,204.65782165527344
2025-04-14 14:22:00,AAPL,205.3,205.34,204.67306518554688
2025-04-14 14:23:00,AAPL,205.36,205.3487,204.6952362060547
2025-04-14 14:24:00,AAPL,205.36,205.3274,204.72059631347656
2025-04-14 14:25:00,AAPL,205.34,205.32,204.7444305419922
2025-04-14 14:26:00,AAPL,205.32,205.33,204.7650604248047
2025-04-14 14:27:00,AAPL,205.34,205.56,204.78285217285156
2025-04-14 14:28:00,AAPL,205.55,205.53,204.81430053710938
2025-04-14 14:29:00,AAPL,205.5302,205.79,204.84930419921875
2025-04-14 14:30:00,AAPL,205.79,205.83,204.90293884277344
2025-04-14 14:31:00,AAPL,205.8201,205.71,204.96670532226562
2025-04-14 14:32:00,AAPL,205.71,205.62,205.02334594726562
2025-04-14 14:33:00,AAPL,205.61,205.52,205.0651092529297
2025-04-14 14:34:00,AAPL,205.53,205.625,205.0874481201172
2025-04-14 14:35:00,AAPL,205.62,205.55,205.1038360595703
2025-04-14 14:36:00,AAPL,205.5101,205.53,205.10951232910156
2025-04-14 14:37:00,AAPL,205.58,205.695,205.10658264160156
2025-04-14 14:38:00,AAPL,205.69,205.647,205.11041259765625
2025-04-14 14:39:00,AAPL,205.67,205.695,205.11410522460938
2025-04-14 14:40:00,AAPL,205.71,205.685,205.1208953857422
2025-04-14 14:41:00,AAPL,205.71,205.76,205.12814331054688
2025-04-14 14:42:00,AAPL,205.75,205.67,205.14051818847656
2025-04-14 14:43:00,AAPL,205.67,205.9,205.14837646484375
2025-04-14 14:44:00,AAPL,205.905,205.9609,205.1697235107422
2025-04-14 14:45:00,AAPL,205.96,205.88,205.20187377929688
2025-04-14 14:46:00,AAPL,205.89,205.76,205.23236083984375
2025-04-14 14:47:00,AAPL,205.7897,205.7649,205.25100708007812
2025-04-14 14:48:00,AAPL,205.7601,205.78,205.261474609375
2025-04-14 14:49:00,AAPL,205.76,205.84,205.2671356201172
2025-04-14 14:50:00,AAPL,205.86,206.17,205.273681640625
2025-04-14 14:51:00,AAPL,206.16,205.98,205.3041534423828
2025-04-14 14:52:00,AAPL,205.97,206.05,205.332763671875
2025-04-14 14:53:00,AAPL,206.03,205.9501,205.363525390625
2025-04-14 14:54:00,AAPL,205.97,205.97,205.385986328125
2025-04-14 14:55:00,AAPL,205.985,205.975,205.40328979492188
2025-04-14 14:56:00,AAPL,205.9766,205.98,205.41636657714844
2025-04-14 14:57:00,AAPL,205.97,205.8174,205.4261932373047
2025-04-14 14:58:00,AAPL,205.815,206.0,205.42127990722656
2025-04-14 14:59:00,AAPL,205.99,205.9,205.42108154296875
2025-04-14 15:00:00,AAPL,205.89,206.225,205.41607666015625
2025-04-14 15:01:00,AAPL,206.21,206.2099,205.4322052001953
2025-04-14 15:02:00,AAPL,206.22,206.045,205.45851135253906
2025-04-14 15:03:00,AAPL,206.04,206.19,205.4772186279297
2025-04-14 15:04:00,AAPL,206.2,206.34,205.50070190429688
2025-04-14 15:05:00,AAPL,206.36,206.3,205.53611755371094
2025-04-14 15:06:00,AAPL,206.305,206.27,205.5731964111328
2025-04-14 15:07:00,AAPL,206.255,206.54,205.60650634765625
2025-04-14 15:08:00,AAPL,206.54,206.58,205.65481567382812
2025-04-14 15:09:00,AAPL,206.57,206.52,205.71133422851562
2025-04-14 15:10:00,AAPL,206.54,206.37,205.7644500732422
2025-04-14 15:11:00,AAPL,206.36,206.55,205.8007354736328
2025-04-14 15:12:00,AAPL,206.55,206.585,205.8373565673828
2025-04-14 15:13:00,AAPL,206.59,206.61,205.87362670898438
2025-04-14 15:14:00,AAPL,206.6051,206.46,205.90872192382812
2025-04-14 15:15:00,AAPL,206.46,206.25,205.92941284179688
2025-04-14 15:16:00,AAPL,206.24,205.898,205.9244842529297
2025-04-14 15:17:00,AAPL,205.905,206.04,205.8785400390625
2025-04-14 15:18:00,AAPL,206.04,205.93,205.82119750976562
2025-04-14 15:19:00,AAPL,205.93,205.775,205.75234985351562
2025-04-14 15:20:00,AAPL,205.79,205.74,205.66983032226562
2025-04-14 15:21:00,AAPL,205.745,205.8028,205.5822296142578
2025-04-14 15:22:00,AAPL,205.8,205.58,205.50218200683594
2025-04-14 15:23:00,AAPL,205.57,205.72,205.416015625
2025-04-14 15:24:00,AAPL,205.72,205.86,205.3427734375
2025-04-14 15:25:00,AAPL,205.8723,205.62,205.292724609375
2025-04-14 15:26:00,AAPL,205.603,205.515,205.24301147460938
2025-04-14 15:27:00,AAPL,205.51,205.77,205.18994140625
2025-04-14 15:28:00,AAPL,205.7565,205.825,205.1575927734375
2025-04-14 15:29:00,AAPL,205.825,205.71,205.14419555664062
2025-04-14 15:30:00,AAPL,205.72,205.58,205.13528442382812
2025-04-14 15:31:00,AAPL,205.57,205.4194,205.12078857421875
2025-04-14 15:32:00,AAPL,205.42,205.29,205.09266662597656
2025-04-14 15:33:00,AAPL,205.285,205.415,205.04917907714844
2025-04-14 15:34:00,AAPL,205.42,205.57,205.0087890625
2025-04-14 15:35:00,AAPL,205.56,205.49,204.98443603515625
2025-04-14 15:36:00,AAPL,205.48,205.57,204.96583557128906
2025-04-14 15:37:00,AAPL,205.57,205.505,204.95828247070312
2025-04-14 15:38:00,AAPL,205.505,205.5641,204.9534454345703
2025-04-14 15:39:00,AAPL,205.56,205.54,204.95523071289062
2025-04-14 15:40:00,AAPL,205.55,205.83,204.9593963623047
2025-04-14 15:41:00,AAPL,205.83,205.72,204.98606872558594
2025-04-14 15:42:00,AAPL,205.725,205.7205,205.01649475097656
2025-04-14 15:43:00,AAPL,205.7331,205.71,205.0474853515625
2025-04-14 15:44:00,AAPL,205.6964,205.665,205.0760040283203
2025-04-14 15:45:00,AAPL,205.665,205.47,205.0978240966797
2025-04-14 15:46:00,AAPL,205.4364,205.35,205.09986877441406
2025-04-14 15:47:00,AAPL,205.315,205.08,205.08111572265625
2025-04-14 15:48:00,AAPL,205.09,204.97,205.03126525878906
2025-04-14 15:49:00,AAPL,204.97,204.7899,204.95806884765625
2025-04-14 15:50:00,AAPL,204.75,203.89,204.86248779296875
2025-04-14 15:51:00,AAPL,203.86,204.4193,204.69430541992188
2025-04-14 15:52:00,AAPL,204.407,204.12,204.53305053710938
2025-04-14 15:53:00,AAPL,204.07,203.8,204.36465454101562
2025-04-14 15:54:00,AAPL,203.82,203.42,204.1808319091797
2025-04-14 15:55:00,AAPL,203.41,202.895,203.97329711914062
2025-04-14 15:56:00,AAPL,202.9,202.83,203.72813415527344
2025-04-14 15:57:00,AAPL,202.825,202.54,203.4732666015625
2025-04-14 15:58:00,AAPL,202.52,202.4875,203.20957946777344
2025-04-14 15:59:00,AAPL,202.48,202.59,202.9559783935547
2025-04-15 09:30:00,AAPL,201.855,202.6946,202.73451232910156
2025-04-15 09:31:00,AAPL,202.65,202.745,202.5566864013672
2025-04-15 09:32:00,AAPL,202.7868,202.295,202.4227752685547
2025-04-15 09:33:00,AAPL,202.31,202.32,202.2937469482422
2025-04-15 09:34:00,AAPL,202.32,202.5473,202.1802215576172
2025-04-15 09:35:00,AAPL,202.505,201.15,202.10186767578125
2025-04-15 09:36:00,AAPL,201.15,201.595,201.94996643066406
2025-04-15 09:37:00,AAPL,201.58,202.235,201.79815673828125
2025-04-15 09:38:00,AAPL,202.26,202.475,201.70396423339844
2025-04-15 09:39:00,AAPL,202.45,202.86,201.66969299316406
2025-04-15 09:40:00,AAPL,202.88,202.6595,201.70364379882812
2025-04-15 09:41:00,AAPL,202.65,202.5453,201.76356506347656
2025-04-15 09:42:00,AAPL,202.5245,202.85,201.82826232910156
2025-04-15 09:43:00,AAPL,202.85,202.4401,201.91456604003906
2025-04-15 09:44:00,AAPL,202.465,202.455,201.9788360595703
2025-04-15 09:45:00,AAPL,202.44,202.125,202.0270538330078
2025-04-15 09:46:00,AAPL,202.11,202.37,202.0383758544922
2025-04-15 09:47:00,AAPL,202.35,202.625,202.04452514648438
2025-04-15 09:48:00,AAPL,202.6205,202.645,202.06544494628906
2025-04-15 09:49:00,AAPL,202.66,202.82,202.09532165527344
2025-04-15 09:50:00,AAPL,202.85,202.9908,202.1414337158203
2025-04-15 09:51:00,AAPL,202.98,203.04,202.20668029785156
2025-04-15 09:52:00,AAPL,203.04,203.045,202.2826385498047
2025-04-15 09:53:00,AAPL,203.02,203.4152,202.36026000976562
2025-04-15 09:54:00,AAPL,203.41,203.31,202.46038818359375
2025-04-15 09:55:00,AAPL,203.31,203.41,202.55931091308594
2025-04-15 09:56:00,AAPL,203.42,203.07,202.65782165527344
2025-04-15 09:57:00,AAPL,203.05,202.99,202.72418212890625
2025-04-15 09:58:00,AAPL,202.98,202.97,202.76031494140625
2025-04-15 09:59:00,AAPL,202.985,202.935,202.7735595703125
2025-04-15 10:00:00,AAPL,202.935,202.95,202.76878356933594
2025-04-15 10:01:00,AAPL,202.95,202.763,202.75396728515625
2025-04-15 10:02:00,AAPL,202.75,202.395,202.71990966796875
2025-04-15 10:03:00,AAPL,202.4295,202.585,202.64942932128906
2025-04-15 10:04:00,AAPL,202.565,202.09,202.57528686523438
2025-04-15 10:05:00,AAPL,202.1,202.375,202.467529296875
2025-04-15 10:06:00,AAPL,202.4148,202.495,202.36758422851562
2025-04-15 10:07:00,AAPL,202.494,202.5599,202.28773498535156
2025-04-15 10:08:00,AAPL,202.55,202.82,202.2303924560547
2025-04-15 10:09:00,AAPL,202.8,202.41,202.20993041992188
2025-04-15 10:10:00,AAPL,202.3845,202.57,202.1837615966797
2025-04-15 10:11:00,AAPL,202.55,202.38,202.16822814941406
2025-04-15 10:12:00,AAPL,202.37,202.4112,202.14662170410156
2025-04-15 10:13:00,AAPL,202.41,202.05,202.12548828125
2025-04-15 10:14:00,AAPL,202.065,201.75,202.0800323486328
2025-04-15 10:15:00,AAPL,201.78,202.24,202.00146484375
2025-04-15 10:16:00,AAPL,202.23,202.21,201.9440155029297
2025-04-15 10:17:00,AAPL,202.22,201.4921,201.90109252929688
2025-04-15 10:18:00,AAPL,201.51,201.052,201.81814575195312
2025-04-15 10:19:00,AAPL,201.0526,200.46,201.68524169921875
2025-04-15 10:20:00,AAPL,200.45,200.35,201.48828125
2025-04-15 10:21:00,AAPL,200.34,200.7,201.2582244873047
2025-04-15 10:22:00,AAPL,200.69,200.86,201.04937744140625
2025-04-15 10:23:00,AAPL,200.87,200.59,200.87973022460938
2025-04-15 10:24:00,AAPL,200.595,200.4,200.72679138183594
2025-04-15 10:25:00,AAPL,200.395,200.15,200.5819549560547
2025-04-15 10:26:00,AAPL,200.19,200.07,200.4348907470703
2025-04-15 10:27:00,AAPL,200.07,200.435,200.29183959960938
2025-04-15 10:28:00,AAPL,200.45,201.0112,200.18850708007812
2025-04-15 10:29:00,AAPL,201.02,200.8,200.1591796875
2025-04-15 10:30:00,AAPL,200.79,201.1035,200.1629180908203
2025-04-15 10:31:00,AAPL,201.09,200.87,200.2099609375
2025-04-15 10:32:00,AAPL,200.8693,201.265,200.2642822265625
2025-04-15 10:33:00,AAPL,201.265,201.4,200.3489990234375
2025-04-15 10:34:00,AAPL,201.4,201.57,200.45681762695312
2025-04-15 10:35:00,AAPL,201.57,201.3953,200.58424377441406
2025-04-15 10:36:00,AAPL,201.405,201.42,200.7025909423828
2025-04-15 10:37:00,AAPL,201.41,201.23,200.809326171875
2025-04-15 10:38:00,AAPL,201.265,201.3,200.8877410888672
2025-04-15 10:39:00,AAPL,201.3108,201.18,200.94845581054688
2025-04-15 10:40:00,AAPL,201.22,201.35,200.9850616455078
2025-04-15 10:41:00,AAPL,201.38,201.56,201.01646423339844
2025-04-15 10:42:00,AAPL,201.535,201.905,201.05728149414062
2025-04-15 10:43:00,AAPL,201.93,202.55,201.12567138671875
2025-04-15 10:44:00,AAPL,202.568,202.44,201.2526092529297
2025-04-15 10:45:00,AAPL,202.43,202.3,201.39820861816406
2025-04-15 10:46:00,AAPL,202.3,202.025,201.53489685058594
2025-04-15 10:47:00,AAPL,202.03,201.9339,201.63648986816406
2025-04-15 10:48:00,AAPL,201.89,201.635,201.70254516601562
2025-04-15 10:49:00,AAPL,201.61,201.79,201.7199249267578
2025-04-15 10:50:00,AAPL,201.78,201.42,201.71705627441406
2025-04-15 10:51:00,AAPL,201.43,201.9,201.6742401123047
2025-04-15 10:52:00,AAPL,201.92,201.67,201.64437866210938
2025-04-15 10:53:00,AAPL,201.67,201.73,201.60691833496094
2025-04-15 10:54:00,AAPL,201.78,201.9,201.57156372070312
2025-04-15 10:55:00,AAPL,201.93,202.03,201.55189514160156
2025-04-15 10:56:00,AAPL,202.04,201.8847,201.55233764648438
2025-04-15 10:57:00,AAPL,201.91,202.11,201.5543975830078
2025-04-15 10:58:00,AAPL,202.12,202.015,201.57366943359375
2025-04-15 10:59:00,AAPL,202.0242,201.7812,201.5950927734375
2025-04-15 11:00:00,AAPL,201.82,201.9514,201.59942626953125
2025-04-15 11:01:00,AAPL,201.97,201.8801,201.6054229736328
2025-04-15 11:02:00,AAPL,201.9197,201.81,201.6066131591797
2025-04-15 11:03:00,AAPL,201.78,201.61,201.59963989257812
2025-04-15 11:04:00,AAPL,201.595,201.695,201.57357788085938
2025-04-15 11:05:00,AAPL,201.7,201.71,201.54383850097656
2025-04-15 11:06:00,AAPL,201.705,201.42,201.51480102539062
2025-04-15 11:07:00,AAPL,201.42,201.3659,201.4670867919922
2025-04-15 11:08:00,AAPL,201.39,201.5,201.407470703125
2025-04-15 11:09:00,AAPL,201.49,201.63,201.3544158935547
2025-04-15 11:10:00,AAPL,201.62,201.92,201.31846618652344
2025-04-15 11:11:00,AAPL,201.93,201.68,201.31655883789062
2025-04-15 11:12:00,AAPL,201.68,202.095,201.31832885742188
2025-04-15 11:13:00,AAPL,202.1,201.985,201.35279846191406
2025-04-15 11:14:00,AAPL,202.0,202.35,201.39688110351562
2025-04-15 11:15:00,AAPL,202.37,202.34,201.47067260742188
2025-04-15 11:16:00,AAPL,202.37,202.5166,201.55679321289062
2025-04-15 11:17:00,AAPL,202.5,202.47,201.65753173828125
2025-04-15 11:18:00,AAPL,202.4665,202.5195,201.7567901611328
2025-04-15 11:19:00,AAPL,202.535,202.5,201.8518524169922
2025-04-15 11:20:00,AAPL,202.5053,202.749,201.9361572265625
2025-04-15 11:21:00,AAPL,202.77,202.75,202.02584838867188
2025-04-15 11:22:00,AAPL,202.765,202.97,202.1122283935547
2025-04-15 11:23:00,AAPL,202.97,202.97,202.2062530517578
2025-04-15 11:24:00,AAPL,202.99,203.02,202.29786682128906
2025-04-15 11:25:00,AAPL,203.0,202.75,202.3848876953125
2025-04-15 11:26:00,AAPL,202.74,202.455,202.44293212890625
2025-04-15 11:27:00,AAPL,202.455,202.3,202.4573516845703
2025-04-15 11:28:00,AAPL,202.3,202.29,202.43240356445312
2025-04-15 11:29:00,AAPL,202.28,202.13,202.38381958007812
2025-04-15 11:30:00,AAPL,202.13,202.265,202.31187438964844
2025-04-15 11:31:00,AAPL,202.2637,202.63,202.24002075195312
2025-04-15 11:32:00,AAPL,202.645,202.43,202.19924926757812
2025-04-15 11:33:00,AAPL,202.42,202.45,202.16531372070312
2025-04-15 11:34:00,AAPL,202.455,202.2849,202.13955688476562
2025-04-15 11:35:00,AAPL,202.27,202.48,202.1085205078125
2025-04-15 11:36:00,AAPL,202.49,202.1699,202.0907440185547
2025-04-15 11:37:00,AAPL,202.17,202.17,202.05967712402344
2025-04-15 11:38:00,AAPL,202.17,201.97,202.02293395996094
2025-04-15 11:39:00,AAPL,201.995,202.12,201.97076416015625
2025-04-15 11:40:00,AAPL,202.1,202.23,201.9238739013672
2025-04-15 11:41:00,AAPL,202.21,202.3,201.8914031982422
2025-04-15 11:42:00,AAPL,202.295,202.21,201.8751983642578
2025-04-15 11:43:00,AAPL,202.21,202.23,201.86373901367188
2025-04-15 11:44:00,AAPL,202.24,202.365,201.8577423095703
2025-04-15 11:45:00,AAPL,202.35,202.5402,201.86550903320312
2025-04-15 11:46:00,AAPL,202.56,202.345,201.89401245117188
2025-04-15 11:47:00,AAPL,202.36,202.44,201.91920471191406
2025-04-15 11:48:00,AAPL,202.445,202.28,201.9478302001953
2025-04-15 11:49:00,AAPL,202.2898,202.4213,201.96499633789062
2025-04-15 11:50:00,AAPL,202.47,202.28,201.98440551757812
2025-04-15 11:51:00,AAPL,202.28,202.255,201.99343872070312
2025-04-15 11:52:00,AAPL,202.29,203.02,201.99380493164062
2025-04-15 11:53:00,AAPL,202.99,203.185,202.0443878173828
2025-04-15 11:54:00,AAPL,203.23,203.04,202.1337127685547
2025-04-15 11:55:00,AAPL,203.03,202.895,202.2300567626953
2025-04-15 11:56:00,AAPL,202.86,202.68,202.31365966796875
2025-04-15 11:57:00,AAPL,202.69,203.07,202.36801147460938
2025-04-15 11:58:00,AAPL,203.055,202.93,202.42898559570312
2025-04-15 11:59:00,AAPL,202.89,202.8871,202.47898864746094
2025-04-15 12:00:00,AAPL,202.875,202.77,202.51547241210938
2025-04-15 12:01:00,AAPL,202.76,202.89,202.5323486328125
2025-04-15 12:02:00,AAPL,202.91,202.8,202.54446411132812
2025-04-15 12:03:00,AAPL,202.79,202.75,202.54579162597656
2025-04-15 12:04:00,AAPL,202.75,202.8593,202.5365447998047
2025-04-15 12:05:00,AAPL,202.8406,202.71,202.5291290283203
2025-04-15 12:06:00,AAPL,202.715,202.84,202.51211547851562
2025-04-15 12:07:00,AAPL,202.79,202.37,202.49978637695312
2025-04-15 12:08:00,AAPL,202.36,202.3792,202.45663452148438
2025-04-15 12:09:00,AAPL,202.38,202.43,202.3985137939453
2025-04-15 12:10:00,AAPL,202.425,202.54,202.33876037597656
2025-04-15 12:11:00,AAPL,202.535,202.63,202.28997802734375
2025-04-15 12:12:00,AAPL,202.63,202.7199,202.2577362060547
2025-04-15 12:13:00,AAPL,202.7098,202.595,202.24444580078125
2025-04-15 12:14:00,AAPL,202.6049,202.7698,202.2347412109375
2025-04-15 12:15:00,AAPL,202.78,202.85,202.24085998535156
2025-04-15 12:16:00,AAPL,202.83,202.885,202.2621612548828
2025-04-15 12:17:00,AAPL,202.89,202.65,202.2939453125
2025-04-15 12:18:00,AAPL,202.655,202.565,202.31300354003906
2025-04-15 12:19:00,AAPL,202.58,202.71,202.31707763671875
2025-04-15 12:20:00,AAPL,202.71,202.785,202.32228088378906
2025-04-15 12:21:00,AAPL,202.78,202.9101,202.33314514160156
2025-04-15 12:22:00,AAPL,202.93,203.2392,202.3557891845703
2025-04-15 12:23:00,AAPL,203.23,203.273,202.40794372558594
2025-04-15 12:24:00,AAPL,203.2875,203.17,202.47683715820312
2025-04-15 12:25:00,AAPL,203.17,203.2038,202.5437469482422
2025-04-15 12:26:00,AAPL,203.22,203.19,202.6073455810547
2025-04-15 12:27:00,AAPL,203.18,203.235,202.66336059570312
2025-04-15 12:28:00,AAPL,203.235,203.065,202.7139434814453
2025-04-15 12:29:00,AAPL,203.065,203.04,202.7450714111328
2025-04-15 12:30:00,AAPL,203.05,203.22,202.76016235351562
2025-04-15 12:31:00,AAPL,203.205,203.135,202.77720642089844
2025-04-15 12:32:00,AAPL,203.13,203.205,202.78756713867188
2025-04-15 12:33:00,AAPL,203.217,203.055,202.798095703125
2025-04-15 12:34:00,AAPL,203.0523,203.0291,202.79669189453125
2025-04-15 12:35:00,AAPL,203.03,203.0257,202.7861328125
2025-04-15 12:36:00,AAPL,203.03,203.13,202.77023315429688
2025-04-15 12:37:00,AAPL,203.15,203.06,202.75958251953125
2025-04-15 12:38:00,AAPL,203.06,203.1,202.74749755859375
2025-04-15 12:39:00,AAPL,203.1,202.9807,202.73826599121094
2025-04-15 12:40:00,AAPL,202.98,203.015,202.72262573242188
2025-04-15 12:41:00,AAPL,203.01,202.785,202.70668029785156
2025-04-15 12:42:00,AAPL,202.78,202.91,202.67481994628906
2025-04-15 12:43:00,AAPL,202.93,202.93,202.6446990966797
2025-04-15 12:44:00,AAPL,202.9499,203.0802,202.6190185546875
2025-04-15 12:45:00,AAPL,203.1,203.205,202.60879516601562
2025-04-15 12:46:00,AAPL,203.215,203.07,202.61776733398438
2025-04-15 12:47:00,AAPL,203.0656,203.18,202.6280975341797
2025-04-15 12:48:00,AAPL,203.165,202.965,202.6468048095703
2025-04-15 12:49:00,AAPL,202.95,202.86,202.65367126464844
2025-04-15 12:50:00,AAPL,202.86,202.6801,202.6454315185547
2025-04-15 12:51:00,AAPL,202.68,202.5402,202.61549377441406
2025-04-15 12:52:00,AAPL,202.56,202.39,202.5642547607422
2025-04-15 12:53:00,AAPL,202.39,202.22,202.4925994873047
2025-04-15 12:54:00,AAPL,202.22,202.2,202.401123046875
2025-04-15 12:55:00,AAPL,202.1996,201.84,202.302490234375
2025-04-15 12:56:00,AAPL,201.84,201.79,202.18017578125
2025-04-15 12:57:00,AAPL,201.77,201.4551,202.04856872558594
2025-04-15 12:58:00,AAPL,201.45,201.49,201.89622497558594
2025-04-15 12:59:00,AAPL,201.49,201.49,201.7447509765625
2025-04-15 13:00:00,AAPL,201.485,201.14,201.60459899902344
2025-04-15 13:01:00,AAPL,201.15,201.64,201.4561309814453
2025-04-15 13:02:00,AAPL,201.64,201.8,201.34991455078125
2025-04-15 13:03:00,AAPL,201.81,202.025,201.28892517089844
2025-04-15 13:04:00,AAPL,202.025,202.12,201.27694702148438
2025-04-15 13:05:00,AAPL,202.105,202.1701,201.30352783203125
2025-04-15 13:06:00,AAPL,202.19,202.28,201.35643005371094
2025-04-15 13:07:00,AAPL,202.255,202.3969,201.43055725097656
2025-04-15 13:08:00,AAPL,202.41,202.185,201.52163696289062
2025-04-15 13:09:00,AAPL,202.18,202.12,201.60189819335938
2025-04-15 13:10:00,AAPL,202.08,202.13,201.66571044921875
2025-04-15 13:11:00,AAPL,202.1452,202.2,201.7159423828125
2025-04-15 13:12:00,AAPL,202.215,202.0828,201.75946044921875
2025-04-15 13:13:00,AAPL,202.12,202.2316,201.78721618652344
2025-04-15 13:14:00,AAPL,202.23,202.3986,201.81422424316406
2025-04-15 13:15:00,AAPL,202.4,202.4301,201.8507537841797
2025-04-15 13:16:00,AAPL,202.425,202.2278,201.89263916015625
2025-04-15 13:17:00,AAPL,202.2,202.13,201.92007446289062
2025-04-15 13:18:00,AAPL,202.11,202.26,201.9296112060547
2025-04-15 13:19:00,AAPL,202.26,202.25,201.9368133544922
2025-04-15 13:20:00,AAPL,202.25,202.25,201.9410400390625
2025-04-15 13:21:00,AAPL,202.27,202.06,201.94296264648438
2025-04-15 13:22:00,AAPL,202.07,201.79,201.92933654785156
2025-04-15 13:23:00,AAPL,201.8,201.73,201.887451171875
2025-04-15 13:24:00,AAPL,201.75,201.925,201.8267822265625
2025-04-15 13:25:00,AAPL,201.91,201.62,201.77281188964844
2025-04-15 13:26:00,AAPL,201.61,201.825,201.70425415039062
2025-04-15 13:27:00,AAPL,201.825,201.64,201.64659118652344
2025-04-15 13:28:00,AAPL,201.64,201.7209,201.58604431152344
2025-04-15 13:29:00,AAPL,201.72,201.6044,201.5340118408203
2025-04-15 13:30:00,AAPL,201.585,202.11,201.48248291015625
2025-04-15 13:31:00,AAPL,202.1001,202.0,201.47177124023438
2025-04-15 13:32:00,AAPL,201.99,201.86,201.47882080078125
2025-04-15 13:33:00,AAPL,201.845,201.885,201.48655700683594
2025-04-15 13:34:00,AAPL,201.8785,201.94,201.49636840820312
2025-04-15 13:35:00,AAPL,201.94,202.03,201.510986328125
2025-04-15 13:36:00,AAPL,201.99,202.0907,201.53421020507812
2025-04-15 13:37:00,AAPL,202.13,202.46,201.56564331054688
2025-04-15 13:38:00,AAPL,202.44,202.3934,201.6268768310547
2025-04-15 13:39:00,AAPL,202.41,202.4984,201.6971893310547
2025-04-15 13:40:00,AAPL,202.5076,202.7,201.7760009765625
2025-04-15 13:41:00,AAPL,202.69,202.52,201.86920166015625
2025-04-15 13:42:00,AAPL,202.525,202.58,201.9514923095703
2025-04-15 13:43:00,AAPL,202.56,202.67,202.02577209472656
2025-04-15 13:44:00,AAPL,202.69,202.6,202.0962677001953
2025-04-15 13:45:00,AAPL,202.61,202.44,202.1540985107422
2025-04-15 13:46:00,AAPL,202.45,202.58,202.18826293945312
2025-04-15 13:47:00,AAPL,202.63,202.535,202.2154541015625
2025-04-15 13:48:00,AAPL,202.53,202.61,202.23269653320312
2025-04-15 13:49:00,AAPL,202.5875,202.7,202.2477264404297
2025-04-15 13:50:00,AAPL,202.705,202.5799,202.26649475097656
2025-04-15 13:51:00,AAPL,202.575,202.395,202.27713012695312
2025-04-15 13:52:00,AAPL,202.385,202.25,202.26841735839844
2025-04-15 13:53:00,AAPL,202.23,201.9,202.2377166748047
2025-04-15 13:54:00,AAPL,201.908,201.97,202.1699981689453
2025-04-15 13:55:00,AAPL,201.96,202.08,202.08937072753906
2025-04-15 13:56:00,AAPL,202.075,202.19,202.01406860351562
2025-04-15 13:57:00,AAPL,202.18,202.315,201.95501708984375
2025-04-15 13:58:00,AAPL,202.3,202.43,201.91903686523438
2025-04-15 13:59:00,AAPL,202.42,202.35,201.90809631347656
2025-04-15 14:00:00,AAPL,202.385,202.5601,201.90760803222656
2025-04-15 14:01:00,AAPL,202.5716,202.385,201.9291229248047
2025-04-15 14:02:00,AAPL,202.39,202.25,201.94998168945312
2025-04-15 14:03:00,AAPL,202.24,202.16,201.95953369140625
2025-04-15 14:04:00,AAPL,202.19,202.235,201.95513916015625
2025-04-15 14:05:00,AAPL,202.225,202.01,201.94808959960938
2025-04-15 14:06:00,AAPL,202.01,202.16,201.92347717285156
2025-04-15 14:07:00,AAPL,202.1699,202.41,201.90089416503906
2025-04-15 14:08:00,AAPL,202.39,202.2955,201.8992156982422
2025-04-15 14:09:00,AAPL,202.29,202.3927,201.9020233154297
2025-04-15 14:10:00,AAPL,202.39,202.38,201.91464233398438
2025-04-15 14:11:00,AAPL,202.35,202.27,201.93153381347656
2025-04-15 14:12:00,AAPL,202.27,202.183,201.9419708251953
2025-04-15 14:13:00,AAPL,202.19,201.955,201.94154357910156
2025-04-15 14:14:00,AAPL,201.955,202.01,201.91793823242188
2025-04-15 14:15:00,AAPL,201.995,201.655,201.88592529296875
2025-04-15 14:16:00,AAPL,201.67,201.72,201.82501220703125
2025-04-15 14:17:00,AAPL,201.715,201.61,201.75555419921875
2025-04-15 14:18:00,AAPL,201.628,201.69,201.67755126953125
2025-04-15 14:19:00,AAPL,201.6717,201.45,201.60565185546875
2025-04-15 14:20:00,AAPL,201.455,201.3601,201.5250701904297
2025-04-15 14:21:00,AAPL,201.37,201.43,201.4385223388672
2025-04-15 14:22:00,AAPL,201.44,201.67,201.35964965820312
2025-04-15 14:23:00,AAPL,201.67,201.6126,201.30859375
2025-04-15 14:24:00,AAPL,201.61,201.61,201.27415466308594
2025-04-15 14:25:00,AAPL,201.6,202.0,201.25257873535156
2025-04-15 14:26:00,AAPL,202.02,202.01,201.26914978027344
2025-04-15 14:27:00,AAPL,201.99,201.76,201.3089141845703
2025-04-15 14:28:00,AAPL,201.72,201.75,201.34246826171875
2025-04-15 14:29:00,AAPL,201.74,201.765,201.36965942382812
2025-04-15 14:30:00,AAPL,201.73,201.73,201.39239501953125
2025-04-15 14:31:00,AAPL,201.77,201.92,201.40843200683594
2025-04-15 14:32:00,AAPL,201.92,202.08,201.4331512451172
2025-04-15 14:33:00,AAPL,202.089,202.08,201.47305297851562
2025-04-15 14:34:00,AAPL,202.095,202.18,201.51947021484375
2025-04-15 14:35:00,AAPL,202.19,202.16,201.57400512695312
2025-04-15 14:36:00,AAPL,202.18,202.23,201.62823486328125
2025-04-15 14:37:00,AAPL,202.23,201.97,201.68356323242188
2025-04-15 14:38:00,AAPL,201.97,201.84,201.71669006347656
2025-04-15 14:39:00,AAPL,201.85,201.955,201.7244873046875
2025-04-15 14:40:00,AAPL,201.92,201.85,201.7244110107422
2025-04-15 14:41:00,AAPL,201.87,202.0801,201.7115020751953
2025-04-15 14:42:00,AAPL,202.09,201.92,201.70819091796875
2025-04-15 14:43:00,AAPL,201.91,201.89,201.69900512695312
2025-04-15 14:44:00,AAPL,201.89,202.23,201.68463134765625
2025-04-15 14:45:00,AAPL,202.23,202.37,201.69268798828125
2025-04-15 14:46:00,AAPL,202.355,202.4345,201.72378540039062
2025-04-15 14:47:00,AAPL,202.435,202.505,201.77146911621094
2025-04-15 14:48:00,AAPL,202.505,202.34,201.8311309814453
2025-04-15 14:49:00,AAPL,202.3439,202.3003,201.8819580078125
2025-04-15 14:50:00,AAPL,202.3,202.27,201.9210205078125
2025-04-15 14:51:00,AAPL,202.28,202.32,201.94781494140625
2025-04-15 14:52:00,AAPL,202.32,202.15,201.96868896484375
2025-04-15 14:53:00,AAPL,202.155,202.3,201.97186279296875
2025-04-15 14:54:00,AAPL,202.31,202.411,201.97476196289062
2025-04-15 14:55:00,AAPL,202.411,202.39,201.98500061035156
2025-04-15 14:56:00,AAPL,202.36,202.39,201.9972686767578
2025-04-15 14:57:00,AAPL,202.395,202.53,202.00978088378906
2025-04-15 14:58:00,AAPL,202.52,202.57,202.03163146972656
2025-04-15 14:59:00,AAPL,202.565,202.45,202.06039428710938
2025-04-15 15:00:00,AAPL,202.46,202.3971,202.08255004882812
2025-04-15 15:01:00,AAPL,202.43,202.1714,202.09523010253906
2025-04-15 15:02:00,AAPL,202.2,202.19,202.08470153808594
2025-04-15 15:03:00,AAPL,202.1904,202.18,202.06202697753906
2025-04-15 15:04:00,AAPL,202.18,202.48,202.03250122070312
2025-04-15 15:05:00,AAPL,202.47,202.36,202.02249145507812
2025-04-15 15:06:00,AAPL,202.35,202.43,202.01609802246094
2025-04-15 15:07:00,AAPL,202.43,202.44,202.01754760742188
2025-04-15 15:08:00,AAPL,202.44,202.3346,202.02439880371094
2025-04-15 15:09:00,AAPL,202.33,202.38,202.02639770507812
2025-04-15 15:10:00,AAPL,202.394,202.645,202.02870178222656
2025-04-15 15:11:00,AAPL,202.643,202.62,202.0502471923828
2025-04-15 15:12:00,AAPL,202.63,202.53,202.080078125
2025-04-15 15:13:00,AAPL,202.53,202.75,202.10646057128906
2025-04-15 15:14:00,AAPL,202.7599,202.865,202.14495849609375
2025-04-15 15:15:00,AAPL,202.87,202.9753,202.1964111328125
2025-04-15 15:16:00,AAPL,202.99,202.99,202.2601318359375
2025-04-15 15:17:00,AAPL,202.9942,203.091,202.32791137695312
2025-04-15 15:18:00,AAPL,203.07,203.14,202.4007568359375
2025-04-15 15:19:00,AAPL,203.15,203.11,202.47499084472656
2025-04-15 15:20:00,AAPL,203.1,203.0,202.5425262451172
2025-04-15 15:21:00,AAPL,203.0,203.08,202.59304809570312
2025-04-15 15:22:00,AAPL,203.0923,203.25,202.63525390625
2025-04-15 15:23:00,AAPL,203.259,203.02,202.6813507080078
2025-04-15 15:24:00,AAPL,203.0299,202.9,202.7094268798828
2025-04-15 15:25:00,AAPL,202.89,202.72,202.7156219482422
2025-04-15 15:26:00,AAPL,202.71,202.72,202.69456481933594
2025-04-15 15:27:00,AAPL,202.71,202.62,202.6580352783203
2025-04-15 15:28:00,AAPL,202.64,202.6317,202.60690307617188
2025-04-15 15:29:00,AAPL,202.65,202.81,202.55096435546875
2025-04-15 15:30:00,AAPL,202.83,202.8141,202.5087127685547
2025-04-15 15:31:00,AAPL,202.815,202.7,202.477783203125
2025-04-15 15:32:00,AAPL,202.71,202.77,202.44764709472656
2025-04-15 15:33:00,AAPL,202.76,202.74,202.42529296875
2025-04-15 15:34:00,AAPL,202.7205,202.62,202.40708923339844
2025-04-15 15:35:00,AAPL,202.62,202.715,202.3840789794922
2025-04-15 15:36:00,AAPL,202.72,202.42,202.3668212890625
2025-04-15 15:37:00,AAPL,202.42,202.61,202.33285522460938
2025-04-15 15:38:00,AAPL,202.59,202.59,202.3051300048828
2025-04-15 15:39:00,AAPL,202.6,202.6,202.28164672851562
2025-04-15 15:40:00,AAPL,202.6,202.64,202.26329040527344
2025-04-15 15:41:00,AAPL,202.65,202.67,202.2523651123047
2025-04-15 15:42:00,AAPL,202.67,202.7,202.2490692138672
2025-04-15 15:43:00,AAPL,202.705,202.638,202.25303649902344
2025-04-15 15:44:00,AAPL,202.63,202.625,202.25680541992188
2025-04-15 15:45:00,AAPL,202.61,202.37,202.25941467285156
2025-04-15 15:46:00,AAPL,202.38,202.2,202.24273681640625
2025-04-15 15:47:00,AAPL,202.19,202.1347,202.2032928466797
2025-04-15 15:48:00,AAPL,202.1488,202.02,202.14797973632812
2025-04-15 15:49:00,AAPL,202.0341,202.14,202.0784912109375
2025-04-15 15:50:00,AAPL,202.12,202.45,202.0139617919922
2025-04-15 15:51:00,AAPL,202.47,202.63,201.97946166992188
2025-04-15 15:52:00,AAPL,202.625,202.7225,201.9788055419922
2025-04-15 15:53:00,AAPL,202.73,202.7,202.005859375
2025-04-15 15:54:00,AAPL,202.68,202.603,202.04669189453125
2025-04-15 15:55:00,AAPL,202.59,202.48,202.08642578125
2025-04-15 15:56:00,AAPL,202.47,202.51,202.11407470703125
2025-04-15 15:57:00,AAPL,202.515,202.28,202.134765625
2025-04-15 15:58:00,AAPL,202.285,202.14,202.13302612304688
2025-04-15 15:59:00,AAPL,202.14,202.13,202.107666015625
2025-04-16 09:30:00,AAPL,198.36,200.0,202.06884765625
2025-04-16 09:31:00,AAPL,200.0,200.19,201.86923217773438
2025-04-16 09:32:00,AAPL,200.165,199.745,201.600341796875
2025-04-16 09:33:00,AAPL,199.745,199.845,201.2745819091797
2025-04-16 09:34:00,AAPL,199.86,199.255,200.94390869140625
2025-04-16 09:35:00,AAPL,199.275,199.21,200.59024047851562
2025-04-16 09:36:00,AAPL,199.17,199.32,200.2444305419922
2025-04-16 09:37:00,AAPL,199.32,199.465,199.93592834472656
2025-04-16 09:38:00,AAPL,199.465,199.095,199.6830291748047
2025-04-16 09:39:00,AAPL,199.09,198.79,199.45623779296875
2025-04-16 09:40:00,AAPL,198.79,199.03,199.24072265625
2025-04-16 09:41:00,AAPL,199.0405,199.005,199.06593322753906
2025-04-16 09:42:00,AAPL,199.0251,199.05,198.92788696289062
2025-04-16 09:43:00,AAPL,199.05,198.74,198.8268585205078
2025-04-16 09:44:00,AAPL,198.72,198.93,198.73475646972656
2025-04-16 09:45:00,AAPL,198.945,198.43,198.66983032226562
2025-04-16 09:46:00,AAPL,198.42,198.38,198.59136962890625
2025-04-16 09:47:00,AAPL,198.3553,198.165,198.50779724121094
2025-04-16 09:48:00,AAPL,198.165,198.21,198.41249084472656
2025-04-16 09:49:00,AAPL,198.21,198.03,198.32081604003906
2025-04-16 09:50:00,AAPL,197.9915,197.5107,198.22567749023438
2025-04-16 09:51:00,AAPL,197.525,197.4,198.09848022460938
2025-04-16 09:52:00,AAPL,197.4,197.1201,197.9532470703125
2025-04-16 09:53:00,AAPL,197.135,197.1,197.7875213623047
2025-04-16 09:54:00,AAPL,197.09,196.75,197.6199493408203
2025-04-16 09:55:00,AAPL,196.74,196.76,197.43832397460938
2025-04-16 09:56:00,AAPL,196.76,196.68,197.26206970214844
2025-04-16 09:57:00,AAPL,196.67,197.02,197.09634399414062
2025-04-16 09:58:00,AAPL,197.0043,196.9375,196.97378540039062
2025-04-16 09:59:00,AAPL,196.96,196.56,196.88131713867188
2025-04-16 10:00:00,AAPL,196.55,196.7,196.78778076171875
2025-04-16 10:01:00,AAPL,196.7215,196.57,196.7110595703125
2025-04-16 10:02:00,AAPL,196.565,196.595,196.64163208007812
2025-04-16 10:03:00,AAPL,196.61,196.68,196.5841827392578
2025-04-16 10:04:00,AAPL,196.6897,196.64,196.54505920410156
2025-04-16 10:05:00,AAPL,196.6798,196.93,196.5178985595703
2025-04-16 10:06:00,AAPL,196.9209,196.93,196.52157592773438
2025-04-16 10:07:00,AAPL,196.945,197.31,196.5447998046875
2025-04-16 10:08:00,AAPL,197.31,197.155,196.60646057128906
2025-04-16 10:09:00,AAPL,197.16,197.235,196.67713928222656
2025-04-16 10:10:00,AAPL,197.23,197.1071,196.75485229492188
2025-04-16 10:11:00,AAPL,197.08,196.99,196.82276916503906
2025-04-16 10:12:00,AAPL,196.99,196.77,196.871826171875
2025-04-16 10:13:00,AAPL,196.775,196.5854,196.89016723632812
2025-04-16 10:14:00,AAPL,196.5644,196.305,196.8750762939453
2025-04-16 10:15:00,AAPL,196.32,196.47,196.82012939453125
2025-04-16 10:16:00,AAPL,196.46,196.48,196.75611877441406
2025-04-16 10:17:00,AAPL,196.47,196.265,196.69142150878906
2025-04-16 10:18:00,AAPL,196.265,196.31,196.61529541015625
2025-04-16 10:19:00,AAPL,196.32,196.5629,196.54055786132812
2025-04-16 10:20:00,AAPL,196.57,196.84,196.4899444580078
2025-04-16 10:21:00,AAPL,196.8606,196.93,196.4777374267578
2025-04-16 10:22:00,AAPL,196.93,196.84,196.4967803955078
2025-04-16 10:23:00,AAPL,196.84,196.95,196.52767944335938
2025-04-16 10:24:00,AAPL,196.94,197.0927,196.5719757080078
2025-04-16 10:25:00,AAPL,197.07,197.33,196.6319580078125
2025-04-16 10:26:00,AAPL,197.325,196.95,196.71475219726562
2025-04-16 10:27:00,AAPL,197.0,196.9812,196.7788543701172
2025-04-16 10:28:00,AAPL,196.98,197.07,196.8292694091797
2025-04-16 10:29:00,AAPL,197.06,197.07,196.87411499023438
2025-04-16 10:30:00,AAPL,197.06,196.99,196.91232299804688
2025-04-16 10:31:00,AAPL,196.98,197.07,196.9379119873047
2025-04-16 10:32:00,AAPL,197.07,197.31,196.95948791503906
2025-04-16 10:33:00,AAPL,197.3343,197.335,196.994140625
2025-04-16 10:34:00,AAPL,197.335,197.37,197.0360870361328
2025-04-16 10:35:00,AAPL,197.36,197.48,197.08201599121094
2025-04-16 10:36:00,AAPL,197.47,197.165,197.1349639892578
2025-04-16 10:37:00,AAPL,197.17,197.44,197.165771484375
2025-04-16 10:38:00,AAPL,197.43,197.5,197.20037841796875
2025-04-16 10:39:00,AAPL,197.5,197.805,197.23899841308594
2025-04-16 10:40:00,AAPL,197.805,197.88,197.29913330078125
2025-04-16 10:41:00,AAPL,197.875,197.93,197.3735809326172
2025-04-16 10:42:00,AAPL,197.915,198.13,197.45516967773438
2025-04-16 10:43:00,AAPL,198.125,198.23,197.54971313476562
2025-04-16 10:44:00,AAPL,198.23,198.17,197.65269470214844
2025-04-16 10:45:00,AAPL,198.1877,197.91,197.74920654296875
2025-04-16 10:46:00,AAPL,197.9,197.87,197.81602478027344
2025-04-16 10:47:00,AAPL,197.875,197.87,197.85667419433594
2025-04-16 10:48:00,AAPL,197.88,197.8078,197.87791442871094
2025-04-16 10:49:00,AAPL,197.795,197.815,197.88072204589844
2025-04-16 10:50:00,AAPL,197.815,197.69,197.8720245361328
2025-04-16 10:51:00,AAPL,197.6953,197.775,197.84735107421875
2025-04-16 10:52:00,AAPL,197.775,197.82,197.82025146484375
2025-04-16 10:53:00,AAPL,197.835,197.82,197.79641723632812
2025-04-16 10:54:00,AAPL,197.82,197.77,197.77593994140625
2025-04-16 10:55:00,AAPL,197.76,197.84,197.75514221191406
2025-04-16 10:56:00,AAPL,197.83,197.52,197.740478515625
2025-04-16 10:57:00,AAPL,197.53,197.69,197.70748901367188
2025-04-16 10:58:00,AAPL,197.69,197.6,197.67764282226562
2025-04-16 10:59:00,AAPL,197.58,197.58,197.64523315429688
2025-04-16 11:00:00,AAPL,197.58,197.77,197.61204528808594
2025-04-16 11:01:00,AAPL,197.78,197.76,197.5943145751953
2025-04-16 11:02:00,AAPL,197.75,197.5325,197.58668518066406
2025-04-16 11:03:00,AAPL,197.53,197.655,197.56951904296875
2025-04-16 11:04:00,AAPL,197.67,197.58,197.55662536621094
2025-04-16 11:05:00,AAPL,197.57,197.48,197.54188537597656
2025-04-16 11:06:00,AAPL,197.47,197.33,197.5199737548828
2025-04-16 11:07:00,AAPL,197.34,197.5,197.48440551757812
2025-04-16 11:08:00,AAPL,197.52,197.65,197.45521545410156
2025-04-16 11:09:00,AAPL,197.66,197.68,197.4427947998047
2025-04-16 11:10:00,AAPL,197.685,197.525,197.44384765625
2025-04-16 11:11:00,AAPL,197.53,197.48,197.442138671875
2025-04-16 11:12:00,AAPL,197.49,197.605,197.435791015625
2025-04-16 11:13:00,AAPL,197.605,197.45,197.43612670898438
2025-04-16 11:14:00,AAPL,197.4528,197.58,197.4294891357422
2025-04-16 11:15:00,AAPL,197.6,197.3502,197.42849731445312
2025-04-16 11:16:00,AAPL,197.34,197.395,197.41456604003906
2025-04-16 11:17:00,AAPL,197.385,197.36,197.39695739746094
2025-04-16 11:18:00,AAPL,197.36,197.33,197.3757781982422
2025-04-16 11:19:00,AAPL,197.335,197.28,197.35174560546875
2025-04-16 11:20:00,AAPL,197.28,197.36,197.32411193847656
2025-04-16 11:21:00,AAPL,197.36,197.48,197.3019256591797
2025-04-16 11:22:00,AAPL,197.49,197.95,197.29335021972656
2025-04-16 11:23:00,AAPL,197.95,198.147,197.32763671875
2025-04-16 11:24:00,AAPL,198.14,198.565,197.40036010742188
2025-04-16 11:25:00,AAPL,198.58,198.791,197.52203369140625
2025-04-16 11:26:00,AAPL,198.8,198.6164,197.68206787109375
2025-04-16 11:27:00,AAPL,198.6496,198.54,197.84230041503906
2025-04-16 11:28:00,AAPL,198.56,198.41,197.98617553710938
2025-04-16 11:29:00,AAPL,198.4147,198.3501,198.1005096435547
2025-04-16 11:30:00,AAPL,198.375,198.025,198.18409729003906
2025-04-16 11:31:00,AAPL,198.04,198.02,198.21908569335938
2025-04-16 11:32:00,AAPL,198.0196,198.255,198.22085571289062
2025-04-16 11:33:00,AAPL,198.23,198.29,198.2183380126953
2025-04-16 11:34:00,AAPL,198.29,198.0996,198.2152862548828
2025-04-16 11:35:00,AAPL,198.09,198.15,198.19784545898438
2025-04-16 11:36:00,AAPL,198.14,198.085,198.176025390625
2025-04-16 11:37:00,AAPL,198.085,198.145,198.1479034423828
2025-04-16 11:38:00,AAPL,198.1506,198.07,198.12191772460938
2025-04-16 11:39:00,AAPL,198.09,198.0424,198.09332275390625
2025-04-16 11:40:00,AAPL,198.02,197.81,198.06295776367188
2025-04-16 11:41:00,AAPL,197.78,197.715,198.0167236328125
2025-04-16 11:42:00,AAPL,197.7106,197.685,197.95701599121094
2025-04-16 11:43:00,AAPL,197.67,197.795,197.89083862304688
2025-04-16 11:44:00,AAPL,197.79,197.69,197.83316040039062
2025-04-16 11:45:00,AAPL,197.69,197.5706,197.77711486816406
2025-04-16 11:46:00,AAPL,197.57,197.565,197.71749877929688
2025-04-16 11:47:00,AAPL,197.58,197.442,197.65948486328125
2025-04-16 11:48:00,AAPL,197.45,197.295,197.59780883789062
2025-04-16 11:49:00,AAPL,197.295,197.38,197.5277862548828
2025-04-16 11:50:00,AAPL,197.37,197.24,197.4637451171875
2025-04-16 11:51:00,AAPL,197.25,197.375,197.39796447753906
2025-04-16 11:52:00,AAPL,197.375,197.25,197.34564208984375
2025-04-16 11:53:00,AAPL,197.24,197.33,197.2965545654297
2025-04-16 11:54:00,AAPL,197.31,197.17,197.25892639160156
2025-04-16 11:55:00,AAPL,197.1897,197.12,197.2198028564453
2025-04-16 11:56:00,AAPL,197.105,197.04,197.17922973632812
2025-04-16 11:57:00,AAPL,197.03,197.0501,197.1351318359375
2025-04-16 11:58:00,AAPL,197.05,196.92,197.09295654296875
2025-04-16 11:59:00,AAPL,196.925,196.75,197.04580688476562
2025-04-16 12:00:00,AAPL,196.755,196.76,196.9869384765625
2025-04-16 12:01:00,AAPL,196.77,196.94,196.92588806152344
2025-04-16 12:02:00,AAPL,196.97,196.765,196.88087463378906
2025-04-16 12:03:00,AAPL,196.74,196.9,196.8366241455078
2025-04-16 12:04:00,AAPL,196.905,196.98,196.80589294433594
2025-04-16 12:05:00,AAPL,196.96,196.64,196.79171752929688
2025-04-16 12:06:00,AAPL,196.6305,196.48,196.7646484375
2025-04-16 12:07:00,AAPL,196.46,196.64,196.72036743164062
2025-04-16 12:08:00,AAPL,196.64,196.685,196.6802215576172
2025-04-16 12:09:00,AAPL,196.68,196.82,196.6488800048828
2025-04-16 12:10:00,AAPL,196.82,196.7805,196.63504028320312
2025-04-16 12:11:00,AAPL,196.81,196.8,196.6304473876953
2025-04-16 12:12:00,AAPL,196.82,196.6074,196.63356018066406
2025-04-16 12:13:00,AAPL,196.615,196.68,196.62767028808594
2025-04-16 12:14:00,AAPL,196.72,196.77,196.62205505371094
2025-04-16 12:15:00,AAPL,196.7699,196.815,196.62364196777344
2025-04-16 12:16:00,AAPL,196.83,196.67,196.6329803466797
2025-04-16 12:17:00,AAPL,196.67,196.625,196.63619995117188
2025-04-16 12:18:00,AAPL,196.61,196.525,196.63235473632812
2025-04-16 12:19:00,AAPL,196.52,196.61,196.6173095703125
2025-04-16 12:20:00,AAPL,196.6023,196.44,196.60255432128906
2025-04-16 12:21:00,AAPL,196.43,196.64,196.5768280029297
2025-04-16 12:22:00,AAPL,196.62,196.58,196.56048583984375
2025-04-16 12:23:00,AAPL,196.59,196.56,196.54684448242188
2025-04-16 12:24:00,AAPL,196.56,196.71,196.53443908691406
2025-04-16 12:25:00,AAPL,196.71,196.9,196.5344696044922
2025-04-16 12:26:00,AAPL,196.885,196.9,196.5559539794922
2025-04-16 12:27:00,AAPL,196.91,196.78,196.5893096923828
2025-04-16 12:28:00,AAPL,196.7772,196.86,196.61924743652344
2025-04-16 12:29:00,AAPL,196.85,196.91,196.6508331298828
2025-04-16 12:30:00,AAPL,196.91,196.885,196.6848907470703
2025-04-16 12:31:00,AAPL,196.885,197.03,196.71636962890625
2025-04-16 12:32:00,AAPL,197.025,197.0,196.7544708251953
2025-04-16 12:33:00,AAPL,197.0,197.12,196.7918243408203
2025-04-16 12:34:00,AAPL,197.115,197.23,196.834716796875
2025-04-16 12:35:00,AAPL,197.225,196.88,196.88587951660156
2025-04-16 12:36:00,AAPL,196.89,196.86,196.91339111328125
2025-04-16 12:37:00,AAPL,196.8479,196.8724,196.92283630371094
2025-04-16 12:38:00,AAPL,196.8789,196.865,196.92115783691406
2025-04-16 12:39:00,AAPL,196.86,196.8202,196.91200256347656
2025-04-16 12:40:00,AAPL,196.83,196.67,196.89540100097656
2025-04-16 12:41:00,AAPL,196.679,196.9575,196.8643798828125
2025-04-16 12:42:00,AAPL,196.9303,197.06,196.8470916748047
2025-04-16 12:43:00,AAPL,197.05,197.1099,196.8466796875
2025-04-16 12:44:00,AAPL,197.095,197.1,196.86024475097656
2025-04-16 12:45:00,AAPL,197.07,196.9412,196.8808135986328
2025-04-16 12:46:00,AAPL,196.92,196.98,196.8928985595703
2025-04-16 12:47:00,AAPL,196.9692,197.11,196.90170288085938
2025-04-16 12:48:00,AAPL,197.11,197.14,196.91714477539062
2025-04-16 12:49:00,AAPL,197.15,197.185,196.93775939941406
2025-04-16 12:50:00,AAPL,197.19,197.09,196.96334838867188
2025-04-16 12:51:00,AAPL,197.06,197.17,196.98338317871094
2025-04-16 12:52:00,AAPL,197.16,197.0856,197.0043182373047
2025-04-16 12:53:00,AAPL,197.07,197.24,197.01821899414062
2025-04-16 12:54:00,AAPL,197.2469,197.22,197.03785705566406
2025-04-16 12:55:00,AAPL,197.23,197.26,197.05813598632812
2025-04-16 12:56:00,AAPL,197.27,197.21,197.0802001953125
2025-04-16 12:57:00,AAPL,197.22,197.235,197.0981903076172
2025-04-16 12:58:00,AAPL,197.23,197.21,197.1140899658203
2025-04-16 12:59:00,AAPL,197.22,197.2127,197.12571716308594
2025-04-16 13:00:00,AAPL,197.225,197.2816,197.13400268554688
2025-04-16 13:01:00,AAPL,197.28,197.3,197.1444549560547
2025-04-16 13:02:00,AAPL,197.28,197.3055,197.15675354003906
2025-04-16 13:03:00,AAPL,197.31,197.375,197.1696319580078
2025-04-16 13:04:00,AAPL,197.3712,197.29,197.1868896484375
2025-04-16 13:05:00,AAPL,197.3,197.255,197.19944763183594
2025-04-16 13:06:00,AAPL,197.26,197.5,197.20567321777344
2025-04-16 13:07:00,AAPL,197.5075,197.44,197.22503662109375
2025-04-16 13:08:00,AAPL,197.445,197.39,197.24679565429688
2025-04-16 13:09:00,AAPL,197.39,197.265,197.2648468017578
2025-04-16 13:10:00,AAPL,197.28,197.18,197.2703094482422
2025-04-16 13:11:00,AAPL,197.1666,197.165,197.26144409179688
2025-04-16 13:12:00,AAPL,197.165,197.09,197.2430877685547
2025-04-16 13:13:00,AAPL,197.095,197.205,197.21469116210938
2025-04-16 13:14:00,AAPL,197.23,197.33,197.19015502929688
2025-04-16 13:15:00,AAPL,197.33,197.48,197.1785888671875
2025-04-16 13:16:00,AAPL,197.475,197.46,197.1865692138672
2025-04-16 13:17:00,AAPL,197.47,197.45,197.2046661376953
2025-04-16 13:18:00,AAPL,197.4682,197.51,197.2270965576172
2025-04-16 13:19:00,AAPL,197.5,197.6,197.2550048828125
2025-04-16 13:20:00,AAPL,197.605,197.52,197.2908935546875
2025-04-16 13:21:00,AAPL,197.5349,197.8396,197.32347106933594
2025-04-16 13:22:00,AAPL,197.83,197.8,197.374755859375
2025-04-16 13:23:00,AAPL,197.795,197.38,197.43113708496094
2025-04-16 13:24:00,AAPL,197.385,197.445,197.45654296875
2025-04-16 13:25:00,AAPL,197.4401,197.5,197.46568298339844
2025-04-16 13:26:00,AAPL,197.52,197.656,197.46792602539062
2025-04-16 13:27:00,AAPL,197.6296,197.73,197.47674560546875
2025-04-16 13:28:00,AAPL,197.735,197.835,197.49420166015625
2025-04-16 13:29:00,AAPL,197.8302,197.76,197.52317810058594
2025-04-16 13:30:00,AAPL,197.76,197.19,197.55174255371094
2025-04-16 13:31:00,AAPL,197.18,196.41,197.5369873046875
2025-04-16 13:32:00,AAPL,196.41,196.6207,197.4403076171875
2025-04-16 13:33:00,AAPL,196.63,196.47,197.31472778320312
2025-04-16 13:34:00,AAPL,196.45,196.2704,197.16888427734375
2025-04-16 13:35:00,AAPL,196.27,196.535,197.0060272216797
2025-04-16 13:36:00,AAPL,196.5,196.64,196.86282348632812
2025-04-16 13:37:00,AAPL,196.67,196.7921,196.7491912841797
2025-04-16 13:38:00,AAPL,196.785,196.62,196.67279052734375
2025-04-16 13:39:00,AAPL,196.6,196.315,196.6127471923828
2025-04-16 13:40:00,AAPL,196.31,196.05,196.54556274414062
2025-04-16 13:41:00,AAPL,196.05,196.03,196.46006774902344
2025-04-16 13:42:00,AAPL,196.0,196.13,196.36817932128906
2025-04-16 13:43:00,AAPL,196.17,196.01,196.2862548828125
2025-04-16 13:44:00,AAPL,196.02,195.935,196.2079620361328
2025-04-16 13:45:00,AAPL,195.92,195.55,196.13241577148438
2025-04-16 13:46:00,AAPL,195.5401,195.435,196.0366973876953
2025-04-16 13:47:00,AAPL,195.4,195.105,195.92730712890625
2025-04-16 13:48:00,AAPL,195.095,195.1,195.7938232421875
2025-04-16 13:49:00,AAPL,195.08,195.11,195.65467834472656
2025-04-16 13:50:00,AAPL,195.1,194.93,195.52273559570312
2025-04-16 13:51:00,AAPL,194.93,195.35,195.39199829101562
2025-04-16 13:52:00,AAPL,195.33,195.59,195.30142211914062
2025-04-16 13:53:00,AAPL,195.6,195.39,195.25973510742188
2025-04-16 13:54:00,AAPL,195.37,194.98,195.23773193359375
2025-04-16 13:55:00,AAPL,194.98,194.665,195.20089721679688
2025-04-16 13:56:00,AAPL,194.665,194.4815,195.13548278808594
2025-04-16 13:57:00,AAPL,194.49,193.9807,195.0443115234375
2025-04-16 13:58:00,AAPL,193.98,194.2575,194.9082489013672
2025-04-16 13:59:00,AAPL,194.25,193.985,194.7737274169922
2025-04-16 14:00:00,AAPL,193.985,194.5,194.6304931640625
2025-04-16 14:01:00,AAPL,194.53,194.127,194.5286102294922
2025-04-16 14:02:00,AAPL,194.14,194.19,194.4335479736328
2025-04-16 14:03:00,AAPL,194.17,194.25,194.35418701171875
2025-04-16 14:04:00,AAPL,194.26,194.33,194.29486083984375
2025-04-16 14:05:00,AAPL,194.32,194.445,194.25839233398438
2025-04-16 14:06:00,AAPL,194.43,194.7,194.24740600585938
2025-04-16 14:07:00,AAPL,194.62,194.48,194.2718048095703
2025-04-16 14:08:00,AAPL,194.4952,194.4,194.30154418945312
2025-04-16 14:09:00,AAPL,194.4,194.73,194.32737731933594
2025-04-16 14:10:00,AAPL,194.75,194.88,194.37289428710938
2025-04-16 14:11:00,AAPL,194.895,194.97,194.43869018554688
2025-04-16 14:12:00,AAPL,195.0,194.97,194.51934814453125
2025-04-16 14:13:00,AAPL,194.93,194.755,194.60398864746094
2025-04-16 14:14:00,AAPL,194.785,194.95,194.670166015625
2025-04-16 14:15:00,AAPL,194.97,194.79,194.73423767089844
2025-04-16 14:16:00,AAPL,194.775,194.6941,194.78128051757812
2025-04-16 14:17:00,AAPL,194.67,194.5279,194.80755615234375
2025-04-16 14:18:00,AAPL,194.54,194.5113,194.80712890625
2025-04-16 14:19:00,AAPL,194.5,194.58,194.78875732421875
2025-04-16 14:20:00,AAPL,194.59,194.43,194.76515197753906
2025-04-16 14:21:00,AAPL,194.45,194.66,194.72906494140625
2025-04-16 14:22:00,AAPL,194.6796,194.82,194.703857421875
2025-04-16 14:23:00,AAPL,194.82,194.95,194.6984100341797
2025-04-16 14:24:00,AAPL,194.96,194.93,194.7147979736328
2025-04-16 14:25:00,AAPL,194.95,194.885,194.74220275878906
2025-04-16 14:26:00,AAPL,194.89,194.97,194.7713623046875
2025-04-16 14:27:00,AAPL,194.99,194.87,194.80563354492188
2025-04-16 14:28:00,AAPL,194.89,194.67,194.83364868164062
2025-04-16 14:29:00,AAPL,194.67,194.555,194.84152221679688
2025-04-16 14:30:00,AAPL,194.54,194.43,194.8280792236328
2025-04-16 14:31:00,AAPL,194.44,194.56,194.79327392578125
2025-04-16 14:32:00,AAPL,194.57,194.6,194.7567596435547
2025-04-16 14:33:00,AAPL,194.58,194.45,194.7244110107422
2025-04-16 14:34:00,AAPL,194.4594,194.42,194.68612670898438
2025-04-16 14:35:00,AAPL,194.42,194.325,194.64459228515625
2025-04-16 14:36:00,AAPL,194.34,194.4,194.5970916748047
2025-04-16 14:37:00,AAPL,194.4,194.105,194.55447387695312
2025-04-16 14:38:00,AAPL,194.1,193.915,194.49691772460938
2025-04-16 14:39:00,AAPL,193.95,193.91,194.42054748535156
2025-04-16 14:40:00,AAPL,193.925,193.85,194.33738708496094
2025-04-16 14:41:00,AAPL,193.83,193.69,194.2515869140625
2025-04-16 14:42:00,AAPL,193.709,193.79,194.15879821777344
2025-04-16 14:43:00,AAPL,193.77,193.73,194.0752410888672
2025-04-16 14:44:00,AAPL,193.7499,193.735,193.99917602539062
2025-04-16 14:45:00,AAPL,193.735,193.8496,193.9335479736328
2025-04-16 14:46:00,AAPL,193.83,193.9,193.8873748779297
2025-04-16 14:47:00,AAPL,193.93,194.01,193.86038208007812
2025-04-16 14:48:00,AAPL,194.0,194.07,193.8554229736328
2025-04-16 14:49:00,AAPL,194.04,193.9529,193.86912536621094
2025-04-16 14:50:00,AAPL,193.93,193.7238,193.88563537597656
2025-04-16 14:51:00,AAPL,193.69,193.7296,193.88682556152344
2025-04-16 14:52:00,AAPL,193.705,193.5878,193.8790283203125
2025-04-16 14:53:00,AAPL,193.58,193.52,193.8563690185547
2025-04-16 14:54:00,AAPL,193.515,193.6,193.82138061523438
2025-04-16 14:55:00,AAPL,193.58,193.75,193.78692626953125
2025-04-16 14:56:00,AAPL,193.7518,193.735,193.76596069335938
2025-04-16 14:57:00,AAPL,193.72,193.645,193.75392150878906
2025-04-16 14:58:00,AAPL,193.645,193.42,193.74203491210938
2025-04-16 14:59:00,AAPL,193.4,193.34,193.71524047851562
2025-04-16 15:00:00,AAPL,193.33,193.475,193.67539978027344
2025-04-16 15:01:00,AAPL,193.475,193.52,193.6398468017578
2025-04-16 15:02:00,AAPL,193.5067,193.515,193.61273193359375
2025-04-16 15:03:00,AAPL,193.505,193.41,193.59254455566406
2025-04-16 15:04:00,AAPL,193.41,193.23,193.57073974609375
2025-04-16 15:05:00,AAPL,193.2205,193.305,193.5367889404297
2025-04-16 15:06:00,AAPL,193.29,193.025,193.5029754638672
2025-04-16 15:07:00,AAPL,193.0108,192.9449,193.45196533203125
2025-04-16 15:08:00,AAPL,192.95,192.835,193.38807678222656
2025-04-16 15:09:00,AAPL,192.8328,192.855,193.31289672851562
2025-04-16 15:10:00,AAPL,192.8507,192.63,193.2373504638672
2025-04-16 15:11:00,AAPL,192.63,192.75,193.1510009765625
2025-04-16 15:12:00,AAPL,192.74,193.219,193.07240295410156
2025-04-16 15:13:00,AAPL,193.24,193.32,193.03736877441406
2025-04-16 15:14:00,AAPL,193.33,193.19,193.03945922851562
2025-04-16 15:15:00,AAPL,193.17,193.44,193.05569458007812
2025-04-16 15:16:00,AAPL,193.43,193.1606,193.0975799560547
2025-04-16 15:17:00,AAPL,193.1699,193.3037,193.13328552246094
2025-04-16 15:18:00,AAPL,193.2814,193.195,193.17298889160156
2025-04-16 15:19:00,AAPL,193.195,193.145,193.205078125
2025-04-16 15:20:00,AAPL,193.14,193.061,193.22682189941406
2025-04-16 15:21:00,AAPL,193.06,192.98,193.2347869873047
2025-04-16 15:22:00,AAPL,192.97,192.89,193.2279510498047
2025-04-16 15:23:00,AAPL,192.894,192.895,193.20596313476562
2025-04-16 15:24:00,AAPL,192.9,192.75,193.1763916015625
2025-04-16 15:25:00,AAPL,192.74,192.6274,193.13380432128906
2025-04-16 15:26:00,AAPL,192.63,192.495,193.0773162841797
2025-04-16 15:27:00,AAPL,192.49,192.615,193.00660705566406
2025-04-16 15:28:00,AAPL,192.6,192.55,192.9403076171875
2025-04-16 15:29:00,AAPL,192.57,192.57,192.87680053710938
2025-04-16 15:30:00,AAPL,192.58,193.05,192.82081604003906
2025-04-16 15:31:00,AAPL,193.05,192.84,192.80731201171875
2025-04-16 15:32:00,AAPL,192.83,193.14,192.80677795410156
2025-04-16 15:33:00,AAPL,193.1615,193.18,192.83566284179688
2025-04-16 15:34:00,AAPL,193.19,193.14,192.88409423828125
2025-04-16 15:35:00,AAPL,193.13,193.31,192.93882751464844
2025-04-16 15:36:00,AAPL,193.3,193.19,193.0059356689453
2025-04-16 15:37:00,AAPL,193.21,193.0499,193.0679168701172
2025-04-16 15:38:00,AAPL,193.05,193.23,193.11264038085938
2025-04-16 15:39:00,AAPL,193.23,193.45,193.15625
2025-04-16 15:40:00,AAPL,193.4599,193.57,193.21177673339844
2025-04-16 15:41:00,AAPL,193.56,193.495,193.27947998046875
2025-04-16 15:42:00,AAPL,193.48,193.44,193.34475708007812
2025-04-16 15:43:00,AAPL,193.44,193.5522,193.40000915527344
2025-04-16 15:44:00,AAPL,193.52,193.325,193.4530029296875
2025-04-16 15:45:00,AAPL,193.32,193.55,193.4847412109375
2025-04-16 15:46:00,AAPL,193.55,193.55,193.51669311523438
2025-04-16 15:47:00,AAPL,193.58,193.45,193.5464630126953
2025-04-16 15:48:00,AAPL,193.43,193.45,193.56546020507812
2025-04-16 15:49:00,AAPL,193.46,193.365,193.57618713378906
2025-04-16 15:50:00,AAPL,193.42,194.37,193.57476806640625
2025-04-16 15:51:00,AAPL,194.36,194.455,193.63677978515625
2025-04-16 15:52:00,AAPL,194.4583,194.76,193.7402801513672
2025-04-16 15:53:00,AAPL,194.76,194.615,193.884033203125
2025-04-16 15:54:00,AAPL,194.64,194.665,194.03268432617188
2025-04-16 15:55:00,AAPL,194.68,194.41,194.17755126953125
2025-04-16 15:56:00,AAPL,194.37,194.71,194.29177856445312
2025-04-16 15:57:00,AAPL,194.71,194.465,194.40008544921875
2025-04-16 15:58:00,AAPL,194.46,194.42,194.4795379638672
2025-04-16 15:59:00,AAPL,194.41,194.3,194.5318603515625
2025-04-17 09:30:00,AAPL,197.2,196.4,194.5546875
2025-04-17 09:31:00,AAPL,196.44,196.26,194.70639038085938
2025-04-17 09:32:00,AAPL,196.24,195.4716,194.9180450439453
2025-04-17 09:33:00,AAPL,195.42,195.39,195.09567260742188
2025-04-17 09:34:00,AAPL,195.335,195.07,195.23358154296875
2025-04-17 09:35:00,AAPL,195.1258,195.27,195.3139190673828
2025-04-17 09:36:00,AAPL,195.3295,194.97,195.36666870117188
2025-04-17 09:37:00,AAPL,194.93,195.2491,195.3765411376953
2025-04-17 09:38:00,AAPL,195.2488,194.7882,195.3782958984375
2025-04-17 09:39:00,AAPL,194.79,194.98,195.34127807617188
2025-04-17 09:40:00,AAPL,194.97,195.22,195.29571533203125
2025-04-17 09:41:00,AAPL,195.2113,195.3498,195.2645263671875
2025-04-17 09:42:00,AAPL,195.3313,195.14,195.253173828125
2025-04-17 09:43:00,AAPL,195.19,194.88,195.2395782470703
2025-04-17 09:44:00,AAPL,194.9,194.941,195.20664978027344
2025-04-17 09:45:00,AAPL,194.925,194.86,195.16810607910156
2025-04-17 09:46:00,AAPL,194.86,194.7693,195.12274169921875
2025-04-17 09:47:00,AAPL,194.7607,194.87,195.06964111328125
2025-04-17 09:48:00,AAPL,194.885,194.875,195.0224609375
2025-04-17 09:49:00,AAPL,194.87,195.11,194.9824676513672
2025-04-17 09:50:00,AAPL,195.13,195.69,194.9664764404297
2025-04-17 09:51:00,AAPL,195.694,195.73,195.0078887939453
2025-04-17 09:52:00,AAPL,195.72,195.96,195.08523559570312
2025-04-17 09:53:00,AAPL,195.96,195.85,195.19613647460938
2025-04-17 09:54:00,AAPL,195.85,196.0499,195.3126983642578
2025-04-17 09:55:00,AAPL,196.035,196.02,195.4390869140625
2025-04-17 09:56:00,AAPL,196.04,195.79,195.56085205078125
2025-04-17 09:57:00,AAPL,195.7753,195.73,195.6548309326172
2025-04-17 09:58:00,AAPL,195.7475,195.8,195.72064208984375
2025-04-17 09:59:00,AAPL,195.75,196.08,195.76914978027344
2025-04-17 10:00:00,AAPL,196.1,196.025,195.8232879638672
2025-04-17 10:01:00,AAPL,196.05,196.3,195.8728790283203
2025-04-17 10:02:00,AAPL,196.34,196.26,195.93553161621094
2025-04-17 10:03:00,AAPL,196.27,196.03,195.9987335205078
2025-04-17 10:04:00,AAPL,195.9901,196.183,196.0411376953125
2025-04-17 10:05:00,AAPL,196.2,196.29,196.0782928466797
2025-04-17 10:06:00,AAPL,196.3,196.01,196.116943359375
2025-04-17 10:07:00,AAPL,196.03,195.755,196.13340759277344
2025-04-17 10:08:00,AAPL,195.74,195.7,196.11636352539062
2025-04-17 10:09:00,AAPL,195.7,195.8278,196.07545471191406
2025-04-17 10:10:00,AAPL,195.84,195.81,196.0313262939453
2025-04-17 10:11:00,AAPL,195.82,195.96,195.9866485595703
2025-04-17 10:12:00,AAPL,195.96,196.29,195.9551544189453
2025-04-17 10:13:00,AAPL,196.23,195.8919,195.9574432373047
2025-04-17 10:14:00,AAPL,195.8805,195.87,195.95196533203125
2025-04-17 10:15:00,AAPL,195.88,195.93,195.9404296875
2025-04-17 10:16:00,AAPL,195.92,195.7375,195.9302215576172
2025-04-17 10:17:00,AAPL,195.74,195.94,195.90774536132812
2025-04-17 10:18:00,AAPL,195.95,195.82,195.8936767578125
2025-04-17 10:19:00,AAPL,195.85,196.03,195.87722778320312
2025-04-17 10:20:00,AAPL,196.03,195.6902,195.87547302246094
2025-04-17 10:21:00,AAPL,195.68,195.75,195.85867309570312
2025-04-17 10:22:00,AAPL,195.81,196.01,195.8380126953125
2025-04-17 10:23:00,AAPL,196.05,196.0505,195.8350372314453
2025-04-17 10:24:00,AAPL,196.04,195.88,195.84619140625
2025-04-17 10:25:00,AAPL,195.875,196.0489,195.8531951904297
2025-04-17 10:26:00,AAPL,196.04,196.22,195.8693084716797
2025-04-17 10:27:00,AAPL,196.25,195.95,195.90231323242188
2025-04-17 10:28:00,AAPL,195.94,195.74,195.92422485351562
2025-04-17 10:29:00,AAPL,195.74,195.65,195.92279052734375
2025-04-17 10:30:00,AAPL,195.64,194.71,195.9005126953125
2025-04-17 10:31:00,AAPL,194.72,195.2901,195.79959106445312
2025-04-17 10:32:00,AAPL,195.28,196.06,195.69822692871094
2025-04-17 10:33:00,AAPL,196.08,196.2435,195.65846252441406
2025-04-17 10:34:00,AAPL,196.24,196.36,195.6727752685547
2025-04-17 10:35:00,AAPL,196.26,196.2005,195.72816467285156
2025-04-17 10:36:00,AAPL,196.25,196.07,195.79403686523438
2025-04-17 10:37:00,AAPL,196.08,195.995,195.852783203125
2025-04-17 10:38:00,AAPL,196.01,195.9,195.89784240722656
2025-04-17 10:39:00,AAPL,195.8905,196.23,195.9246063232422
2025-04-17 10:40:00,AAPL,196.2488,196.79,195.9617919921875
2025-04-17 10:41:00,AAPL,196.781,196.78,196.04290771484375
2025-04-17 10:42:00,AAPL,196.78,196.91,196.14501953125
2025-04-17 10:43:00,AAPL,196.9126,196.92,196.2623291015625
2025-04-17 10:44:00,AAPL,196.94,196.76,196.3816680908203
2025-04-17 10:45:00,AAPL,196.75,196.65,196.482421875
2025-04-17 10:46:00,AAPL,196.67,196.57,196.55661010742188
2025-04-17 10:47:00,AAPL,196.5699,196.47,196.60316467285156
2025-04-17 10:48:00,AAPL,196.47,196.31,196.62181091308594
2025-04-17 10:49:00,AAPL,196.305,196.275,196.6099853515625
2025-04-17 10:50:00,AAPL,196.27,196.31,196.5771484375
2025-04-17 10:51:00,AAPL,196.3099,195.98,196.53561401367188
2025-04-17 10:52:00,AAPL,195.99,195.8015,196.46749877929688
2025-04-17 10:53:00,AAPL,195.8121,195.89,196.37449645996094
2025-04-17 10:54:00,AAPL,195.88,196.005,196.27853393554688
2025-04-17 10:55:00,AAPL,196.02,195.92,196.1953582763672
2025-04-17 10:56:00,AAPL,195.9,195.86,196.11964416503906
2025-04-17 10:57:00,AAPL,195.86,195.9327,196.0494842529297
2025-04-17 10:58:00,AAPL,195.94,195.9612,195.9928436279297
2025-04-17 10:59:00,AAPL,195.96,195.7826,195.9507293701172
2025-04-17 11:00:00,AAPL,195.79,195.91,195.9079132080078
2025-04-17 11:01:00,AAPL,195.94,195.87,195.87696838378906
2025-04-17 11:02:00,AAPL,195.8313,195.785,195.8529510498047
2025-04-17 11:03:00,AAPL,195.77,195.61,195.82904052734375
2025-04-17 11:04:00,AAPL,195.61,195.56,195.7946319580078
2025-04-17 11:05:00,AAPL,195.57,195.64,195.75270080566406
2025-04-17 11:06:00,AAPL,195.635,196.49,195.7149658203125
2025-04-17 11:07:00,AAPL,196.52,196.27,195.7433624267578
2025-04-17 11:08:00,AAPL,196.275,196.5,195.79547119140625
2025-04-17 11:09:00,AAPL,196.53,196.31,195.87542724609375
2025-04-17 11:10:00,AAPL,196.3,196.46,195.95387268066406
2025-04-17 11:11:00,AAPL,196.43,196.5866,196.0369110107422
2025-04-17 11:12:00,AAPL,196.575,196.7587,196.1262969970703
2025-04-17 11:13:00,AAPL,196.74,196.7993,196.22584533691406
2025-04-17 11:14:00,AAPL,196.79,196.885,196.32774353027344
2025-04-17 11:15:00,AAPL,196.9,196.659,196.4301300048828
2025-04-17 11:16:00,AAPL,196.66,196.42,196.50938415527344
2025-04-17 11:17:00,AAPL,196.41,196.74,196.55145263671875
2025-04-17 11:18:00,AAPL,196.7496,196.8902,196.59024047851562
2025-04-17 11:19:00,AAPL,196.89,196.95,196.6346893310547
2025-04-17 11:20:00,AAPL,196.94,196.73,196.68350219726562
2025-04-17 11:21:00,AAPL,196.73,196.52,196.71548461914062
2025-04-17 11:22:00,AAPL,196.52,196.46,196.7194366455078
2025-04-17 11:23:00,AAPL,196.465,196.6,196.70111083984375
2025-04-17 11:24:00,AAPL,196.61,196.66,196.67991638183594
2025-04-17 11:25:00,AAPL,196.67,196.4607,196.66236877441406
2025-04-17 11:26:00,AAPL,196.47,196.415,196.63369750976562
2025-04-17 11:27:00,AAPL,196.39,196.29,196.59658813476562
2025-04-17 11:28:00,AAPL,196.28,196.075,196.54766845703125
2025-04-17 11:29:00,AAPL,196.06,196.04,196.47927856445312
2025-04-17 11:30:00,AAPL,196.03,196.34,196.40087890625
2025-04-17 11:31:00,AAPL,196.33,196.63,196.3431396484375
2025-04-17 11:32:00,AAPL,196.64,196.6472,196.32286071777344
2025-04-17 11:33:00,AAPL,196.6685,196.62,196.3285675048828
2025-04-17 11:34:00,AAPL,196.595,196.53,196.3481903076172
2025-04-17 11:35:00,AAPL,196.515,196.3565,196.36883544921875
2025-04-17 11:36:00,AAPL,196.36,196.3,196.37644958496094
2025-04-17 11:37:00,AAPL,196.26,196.92,196.37158203125
2025-04-17 11:38:00,AAPL,196.93,196.4772,196.40379333496094
2025-04-17 11:39:00,AAPL,196.5,196.735,196.4251708984375
2025-04-17 11:40:00,AAPL,196.75,196.7514,196.4568634033203
2025-04-17 11:41:00,AAPL,196.79,196.53,196.4940185546875
2025-04-17 11:42:00,AAPL,196.5247,196.31,196.51617431640625
2025-04-17 11:43:00,AAPL,196.2902,196.39,196.51171875
2025-04-17 11:44:00,AAPL,196.405,196.27,196.49676513671875
2025-04-17 11:45:00,AAPL,196.29,196.17,196.4676971435547
2025-04-17 11:46:00,AAPL,196.23,196.32,196.42457580566406
2025-04-17 11:47:00,AAPL,196.34,196.39,196.3863983154297
2025-04-17 11:48:00,AAPL,196.4,196.5,196.35887145996094
2025-04-17 11:49:00,AAPL,196.505,196.24,196.3477020263672
2025-04-17 11:50:00,AAPL,196.25,196.07,196.32882690429688
2025-04-17 11:51:00,AAPL,196.08,196.6876,196.2943878173828
2025-04-17 11:52:00,AAPL,196.7,196.5925,196.29698181152344
2025-04-17 11:53:00,AAPL,196.585,196.16,196.31558227539062
2025-04-17 11:54:00,AAPL,196.15,196.215,196.31199645996094
2025-04-17 11:55:00,AAPL,196.2004,196.58,196.29891967773438
2025-04-17 11:56:00,AAPL,196.59,196.5601,196.30711364746094
2025-04-17 11:57:00,AAPL,196.59,196.36,196.32656860351562
2025-04-17 11:58:00,AAPL,196.37,196.2195,196.3373565673828
2025-04-17 11:59:00,AAPL,196.2,196.11,196.33204650878906
2025-04-17 12:00:00,AAPL,196.12,196.4,196.30935668945312
2025-04-17 12:01:00,AAPL,196.4006,196.52,196.29818725585938
2025-04-17 12:02:00,AAPL,196.51,196.5,196.30352783203125
2025-04-17 12:03:00,AAPL,196.52,196.61,196.3173370361328
2025-04-17 12:04:00,AAPL,196.62,196.36,196.34332275390625
2025-04-17 12:05:00,AAPL,196.36,197.0,196.35726928710938
2025-04-17 12:06:00,AAPL,197.0071,196.8635,196.4086151123047
2025-04-17 12:07:00,AAPL,196.93,197.39,196.46990966796875
2025-04-17 12:08:00,AAPL,197.4,197.69,196.57089233398438
2025-04-17 12:09:00,AAPL,197.69,197.51,196.71109008789062
2025-04-17 12:10:00,AAPL,197.5,197.26,196.8529815673828
2025-04-17 12:11:00,AAPL,197.25,197.43,196.9681396484375
2025-04-17 12:12:00,AAPL,197.4313,196.84,197.07086181640625
2025-04-17 12:13:00,AAPL,196.81,197.0375,197.1160430908203
2025-04-17 12:14:00,AAPL,197.13,197.6,197.1363983154297
2025-04-17 12:15:00,AAPL,197.5501,197.45,197.17990112304688
2025-04-17 12:16:00,AAPL,197.4684,197.77,197.22337341308594
2025-04-17 12:17:00,AAPL,197.76,197.445,197.28643798828125
2025-04-17 12:18:00,AAPL,197.4217,197.47,197.33348083496094
2025-04-17 12:19:00,AAPL,197.48,197.91,197.3688507080078
2025-04-17 12:20:00,AAPL,197.9,197.62,197.42581176757812
2025-04-17 12:21:00,AAPL,197.6244,197.8304,197.47091674804688
2025-04-17 12:22:00,AAPL,197.83,197.64,197.52041625976562
2025-04-17 12:23:00,AAPL,197.65,197.84,197.55511474609375
2025-04-17 12:24:00,AAPL,197.84,197.79,197.5923614501953
2025-04-17 12:25:00,AAPL,197.8,197.824,197.62464904785156
2025-04-17 12:26:00,AAPL,197.805,197.775,197.65374755859375
2025-04-17 12:27:00,AAPL,197.76,197.6701,197.67503356933594
2025-04-17 12:28:00,AAPL,197.72,197.775,197.68212890625
2025-04-17 12:29:00,AAPL,197.79,197.805,197.687255859375
2025-04-17 12:30:00,AAPL,197.826,197.65,197.69264221191406
2025-04-17 12:31:00,AAPL,197.659,197.88,197.68638610839844
2025-04-17 12:32:00,AAPL,197.8748,197.665,197.68972778320312
2025-04-17 12:33:00,AAPL,197.65,198.05,197.6830596923828
2025-04-17 12:34:00,AAPL,198.06,198.0547,197.69821166992188
2025-04-17 12:35:00,AAPL,198.055,198.195,197.72598266601562
2025-04-17 12:36:00,AAPL,198.18,197.9675,197.7696075439453
2025-04-17 12:37:00,AAPL,197.97,197.865,197.80355834960938
2025-04-17 12:38:00,AAPL,197.89,197.89,197.82177734375
2025-04-17 12:39:00,AAPL,197.88,197.8,197.8307342529297
2025-04-17 12:40:00,AAPL,197.79,197.8266,197.82667541503906
2025-04-17 12:41:00,AAPL,197.84,197.84,197.81661987304688
2025-04-17 12:42:00,AAPL,197.82,197.8,197.8043975830078
2025-04-17 12:43:00,AAPL,197.8,197.46,197.78860473632812
2025-04-17 12:44:00,AAPL,197.42,197.34,197.74713134765625
2025-04-17 12:45:00,AAPL,197.33,197.2055,197.6840057373047
2025-04-17 12:46:00,AAPL,197.23,197.67,197.60203552246094
2025-04-17 12:47:00,AAPL,197.7,197.64,197.5474853515625
2025-04-17 12:48:00,AAPL,197.6659,197.45,197.51133728027344
2025-04-17 12:49:00,AAPL,197.45,197.73,197.47552490234375
2025-04-17 12:50:00,AAPL,197.75,198.0353,197.46270751953125
2025-04-17 12:51:00,AAPL,198.05,197.8876,197.48709106445312
2025-04-17 12:52:00,AAPL,197.91,198.3015,197.5223388671875
2025-04-17 12:53:00,AAPL,198.32,198.27,197.5919189453125
2025-04-17 12:54:00,AAPL,198.27,198.235,197.6758575439453
2025-04-17 12:55:00,AAPL,198.23,198.325,197.7605438232422
2025-04-17 12:56:00,AAPL,198.318,198.37,197.84642028808594
2025-04-17 12:57:00,AAPL,198.37,198.215,197.93035888671875
2025-04-17 12:58:00,AAPL,198.225,198.345,197.99607849121094
2025-04-17 12:59:00,AAPL,198.33,198.17,198.05523681640625
2025-04-17 13:00:00,AAPL,198.16,198.25,198.0933837890625
2025-04-17 13:01:00,AAPL,198.25,198.31,198.12147521972656
2025-04-17 13:02:00,AAPL,198.295,198.26,198.14537048339844
2025-04-17 13:03:00,AAPL,198.245,197.9768,198.16111755371094
2025-04-17 13:04:00,AAPL,198.01,197.92,198.15003967285156
2025-04-17 13:05:00,AAPL,197.88,197.72,198.11883544921875
2025-04-17 13:06:00,AAPL,197.725,197.65,198.0626220703125
2025-04-17 13:07:00,AAPL,197.65,197.81,197.98960876464844
2025-04-17 13:08:00,AAPL,197.81,197.9,197.92251586914062
2025-04-17 13:09:00,AAPL,197.89,197.815,197.8699951171875
2025-04-17 13:10:00,AAPL,197.8015,197.62,197.82391357421875
2025-04-17 13:11:00,AAPL,197.62,197.49,197.7709503173828
2025-04-17 13:12:00,AAPL,197.48,197.36,197.7082061767578
2025-04-17 13:13:00,AAPL,197.3724,197.485,197.6344451904297
2025-04-17 13:14:00,AAPL,197.475,197.315,197.56814575195312
2025-04-17 13:15:00,AAPL,197.32,197.4,197.4989013671875
2025-04-17 13:16:00,AAPL,197.4,197.24,197.43894958496094
2025-04-17 13:17:00,AAPL,197.23,197.19,197.3776092529297
2025-04-17 13:18:00,AAPL,197.195,197.09,197.31631469726562
2025-04-17 13:19:00,AAPL,197.09,197.05,197.25242614746094
2025-04-17 13:20:00,AAPL,197.03,196.87,197.188720703125
2025-04-17 13:21:00,AAPL,196.8725,196.8727,197.11695861816406
2025-04-17 13:22:00,AAPL,196.88,196.81,197.04563903808594
2025-04-17 13:23:00,AAPL,196.8072,196.775,196.97535705566406
2025-04-17 13:24:00,AAPL,196.775,196.825,196.90841674804688
2025-04-17 13:25:00,AAPL,196.86,196.9975,196.85205078125
2025-04-17 13:26:00,AAPL,196.99,196.77,196.81890869140625
2025-04-17 13:27:00,AAPL,196.7702,197.01,196.78646850585938
2025-04-17 13:28:00,AAPL,197.01,196.88,196.77438354492188
2025-04-17 13:29:00,AAPL,196.88,196.71,196.76673889160156
2025-04-17 13:30:00,AAPL,196.71,196.77,196.75059509277344
2025-04-17 13:31:00,AAPL,196.77,197.0,196.73497009277344
2025-04-17 13:32:00,AAPL,196.99,197.05,196.737548828125
2025-04-17 13:33:00,AAPL,197.04,197.215,196.7550506591797
2025-04-17 13:34:00,AAPL,197.215,197.27,196.792724609375
2025-04-17 13:35:00,AAPL,197.2864,197.16,196.84445190429688
2025-04-17 13:36:00,AAPL,197.15,197.4,196.8936767578125
2025-04-17 13:37:00,AAPL,197.39,197.29,196.95535278320312
2025-04-17 13:38:00,AAPL,197.3,197.44,197.0126495361328
2025-04-17 13:39:00,AAPL,197.479,197.63,197.0741729736328
2025-04-17 13:40:00,AAPL,197.615,197.4829,197.14767456054688
2025-04-17 13:41:00,AAPL,197.4921,197.3,197.21286010742188
2025-04-17 13:42:00,AAPL,197.2804,197.1,197.2551727294922
2025-04-17 13:43:00,AAPL,197.0997,197.24,197.26589965820312
2025-04-17 13:44:00,AAPL,197.23,197.38,197.2661895751953
2025-04-17 13:45:00,AAPL,197.375,197.49,197.269775390625
2025-04-17 13:46:00,AAPL,197.5111,197.8341,197.2827911376953
2025-04-17 13:47:00,AAPL,197.85,198.05,197.32525634765625
2025-04-17 13:48:00,AAPL,198.05,197.9626,197.39828491210938
2025-04-17 13:49:00,AAPL,197.96,197.76,197.47882080078125
2025-04-17 13:50:00,AAPL,197.74,197.8,197.5437469482422
2025-04-17 13:51:00,AAPL,197.8,197.9696,197.59725952148438
2025-04-17 13:52:00,AAPL,197.94,198.118,197.6520538330078
2025-04-17 13:53:00,AAPL,198.09,198.2,197.71421813964844
2025-04-17 13:54:00,AAPL,198.17,198.055,197.7822723388672
2025-04-17 13:55:00,AAPL,198.03,198.17,197.8385467529297
2025-04-17 13:56:00,AAPL,198.16,197.9285,197.8916473388672
2025-04-17 13:57:00,AAPL,197.9252,197.8601,197.92137145996094
2025-04-17 13:58:00,AAPL,197.86,197.865,197.9293975830078
2025-04-17 13:59:00,AAPL,197.855,197.81,197.92344665527344
2025-04-17 14:00:00,AAPL,197.82,197.8,197.90492248535156
2025-04-17 14:01:00,AAPL,197.8026,197.9601,197.87887573242188
2025-04-17 14:02:00,AAPL,197.99,198.0,197.86119079589844
2025-04-17 14:03:00,AAPL,198.0339,197.95,197.85247802734375
2025-04-17 14:04:00,AAPL,197.95,198.37,197.8461456298828
2025-04-17 14:05:00,AAPL,198.34,198.315,197.87184143066406
2025-04-17 14:06:00,AAPL,198.34,198.36,197.9114227294922
2025-04-17 14:07:00,AAPL,198.34,198.32,197.96014404296875
2025-04-17 14:08:00,AAPL,198.3153,198.53,198.00819396972656
2025-04-17 14:09:00,AAPL,198.5389,198.48,198.06761169433594
2025-04-17 14:10:00,AAPL,198.48,198.68,198.126220703125
2025-04-17 14:11:00,AAPL,198.67,198.64,198.1946258544922
2025-04-17 14:12:00,AAPL,198.66,198.4953,198.2612762451172
2025-04-17 14:13:00,AAPL,198.49,198.32,198.31163024902344
2025-04-17 14:14:00,AAPL,198.34,198.26,198.3356170654297
2025-04-17 14:15:00,AAPL,198.255,198.22,198.3371124267578
2025-04-17 14:16:00,AAPL,198.21,198.03,198.32142639160156
2025-04-17 14:17:00,AAPL,198.05,198.41,198.28219604492188
2025-04-17 14:18:00,AAPL,198.41,198.355,198.25828552246094
2025-04-17 14:19:00,AAPL,198.34,198.5032,198.24114990234375
2025-04-17 14:20:00,AAPL,198.48,198.5833,198.2399444580078
2025-04-17 14:21:00,AAPL,198.56,198.53,198.25425720214844
2025-04-17 14:22:00,AAPL,198.52,198.53,198.27328491210938
2025-04-17 14:23:00,AAPL,198.53,198.51,198.29388427734375
2025-04-17 14:24:00,AAPL,198.52,198.53,198.31259155273438
2025-04-17 14:25:00,AAPL,198.54,198.52,198.33023071289062
2025-04-17 14:26:00,AAPL,198.515,198.42,198.34518432617188
2025-04-17 14:27:00,AAPL,198.4,198.4,198.35020446777344
2025-04-17 14:28:00,AAPL,198.4,198.425,198.34719848632812
2025-04-17 14:29:00,AAPL,198.425,198.285,198.34120178222656
2025-04-17 14:30:00,AAPL,198.29,198.375,198.3235626220703
2025-04-17 14:31:00,AAPL,198.3659,198.61,198.30636596679688
2025-04-17 14:32:00,AAPL,198.61,198.62,198.3074951171875
2025-04-17 14:33:00,AAPL,198.625,198.59,198.3204803466797
2025-04-17 14:34:00,AAPL,198.59,198.4,198.33770751953125
2025-04-17 14:35:00,AAPL,198.405,198.4398,198.3427276611328
2025-04-17 14:36:00,AAPL,198.42,198.24,198.34274291992188
2025-04-17 14:37:00,AAPL,198.235,198.33,198.3252410888672
2025-04-17 14:38:00,AAPL,198.32,198.48,198.3046417236328
2025-04-17 14:39:00,AAPL,198.49,198.5,198.29425048828125
2025-04-17 14:40:00,AAPL,198.5,198.31,198.2922821044922
2025-04-17 14:41:00,AAPL,198.3,198.3801,198.2819366455078
2025-04-17 14:42:00,AAPL,198.37,198.305,198.27227783203125
2025-04-17 14:43:00,AAPL,198.29,198.4177,198.25828552246094
2025-04-17 14:44:00,AAPL,198.4238,198.35,198.250732421875
2025-04-17 14:45:00,AAPL,198.34,198.45,198.24281311035156
2025-04-17 14:46:00,AAPL,198.44,198.35,198.2424774169922
2025-04-17 14:47:00,AAPL,198.39,198.0305,198.23965454101562
2025-04-17 14:48:00,AAPL,198.0385,198.17,198.2125244140625
2025-04-17 14:49:00,AAPL,198.16,197.885,198.18243408203125
2025-04-17 14:50:00,AAPL,197.86,197.56,198.1320037841797
2025-04-17 14:51:00,AAPL,197.5627,197.83,198.0491485595703
2025-04-17 14:52:00,AAPL,197.8441,198.085,197.97158813476562
2025-04-17 14:53:00,AAPL,198.11,198.17,197.92088317871094
2025-04-17 14:54:00,AAPL,198.153,197.95,197.89649963378906
2025-04-17 14:55:00,AAPL,197.95,197.9061,197.8743896484375
2025-04-17 14:56:00,AAPL,197.88,197.73,197.85238647460938
2025-04-17 14:57:00,AAPL,197.7273,197.745,197.81948852539062
2025-04-17 14:58:00,AAPL,197.75,197.61,197.78350830078125
2025-04-17 14:59:00,AAPL,197.605,197.395,197.73855590820312
2025-04-17 15:00:00,AAPL,197.4,197.31,197.67591857910156
2025-04-17 15:01:00,AAPL,197.29,197.27,197.60076904296875
2025-04-17 15:02:00,AAPL,197.26,197.29,197.52037048339844
2025-04-17 15:03:00,AAPL,197.27,197.28,197.44390869140625
2025-04-17 15:04:00,AAPL,197.28,197.45,197.3746795654297
2025-04-17 15:05:00,AAPL,197.42,197.3234,197.3271484375
2025-04-17 15:06:00,AAPL,197.3255,197.37,197.2875213623047
2025-04-17 15:07:00,AAPL,197.365,197.38,197.25926208496094
2025-04-17 15:08:00,AAPL,197.375,197.42,197.2410430908203
2025-04-17 15:09:00,AAPL,197.42,197.44,197.23353576660156
2025-04-17 15:10:00,AAPL,197.44,197.4,197.23497009277344
2025-04-17 15:11:00,AAPL,197.38,197.31,197.23927307128906
2025-04-17 15:12:00,AAPL,197.3,197.24,197.2388916015625
2025-04-17 15:13:00,AAPL,197.2699,197.225,197.23089599609375
2025-04-17 15:14:00,AAPL,197.2253,197.09,197.21786499023438
2025-04-17 15:15:00,AAPL,197.09,197.09,197.1930694580078
2025-04-17 15:16:00,AAPL,197.1073,196.87,197.1628875732422
2025-04-17 15:17:00,AAPL,196.89,197.11,197.11573791503906
2025-04-17 15:18:00,AAPL,197.12,197.13,197.0787353515625
2025-04-17 15:19:00,AAPL,197.14,197.2863,197.0520782470703
2025-04-17 15:20:00,AAPL,197.28,197.06,197.04501342773438
2025-04-17 15:21:00,AAPL,197.05,196.95,197.03448486328125
2025-04-17 15:22:00,AAPL,196.94,197.19,197.01483154296875
2025-04-17 15:23:00,AAPL,197.18,197.5694,197.00831604003906
2025-04-17 15:24:00,AAPL,197.56,197.52,197.03773498535156
2025-04-17 15:25:00,AAPL,197.525,197.49,197.08399963378906
2025-04-17 15:26:00,AAPL,197.48,197.66,197.135498046875
2025-04-17 15:27:00,AAPL,197.65,197.735,197.1990966796875
2025-04-17 15:28:00,AAPL,197.735,197.47,197.27125549316406
2025-04-17 15:29:00,AAPL,197.46,197.25,197.32473754882812
2025-04-17 15:30:00,AAPL,197.25,197.51,197.34716796875
2025-04-17 15:31:00,AAPL,197.5106,197.595,197.36746215820312
2025-04-17 15:32:00,AAPL,197.61,197.3789,197.39093017578125
2025-04-17 15:33:00,AAPL,197.375,197.45,197.39906311035156
2025-04-17 15:34:00,AAPL,197.4534,197.54,197.40208435058594
2025-04-17 15:35:00,AAPL,197.55,197.48,197.4080352783203
2025-04-17 15:36:00,AAPL,197.47,197.43,197.410888671875
2025-04-17 15:37:00,AAPL,197.42,197.21,197.40789794921875
2025-04-17 15:38:00,AAPL,197.21,197.24,197.38552856445312
2025-04-17 15:39:00,AAPL,197.24,197.34,197.3548126220703
2025-04-17 15:40:00,AAPL,197.35,197.0752,197.3280792236328
2025-04-17 15:41:00,AAPL,197.09,197.18,197.2864990234375
2025-04-17 15:42:00,AAPL,197.19,197.47,197.24610900878906
2025-04-17 15:43:00,AAPL,197.475,197.32,197.23004150390625
2025-04-17 15:44:00,AAPL,197.295,197.2737,197.2193145751953
2025-04-17 15:45:00,AAPL,197.29,197.06,197.20941162109375
2025-04-17 15:46:00,AAPL,197.07,196.96,197.18540954589844
2025-04-17 15:47:00,AAPL,196.92,196.81,197.14727783203125
2025-04-17 15:48:00,AAPL,196.8147,196.66,197.09231567382812
2025-04-17 15:49:00,AAPL,196.64,196.5,197.02003479003906
2025-04-17 15:50:00,AAPL,196.47,196.0627,196.93060302734375
2025-04-17 15:51:00,AAPL,196.07,196.18,196.805419921875
2025-04-17 15:52:00,AAPL,196.22,196.33,196.67529296875
2025-04-17 15:53:00,AAPL,196.34,196.42,196.56192016601562
2025-04-17 15:54:00,AAPL,196.43,197.0,196.473388671875
2025-04-17 15:55:00,AAPL,197.01,196.92,196.44818115234375
2025-04-17 15:56:00,AAPL,196.94,196.88,196.45863342285156
2025-04-17 15:57:00,AAPL,196.86,196.8775,196.48812866210938
2025-04-17 15:58:00,AAPL,196.88,196.9,196.52774047851562
2025-04-17 15:59:00,AAPL,196.88,196.87,196.5729522705078
2025-04-21 09:30:00,AAPL,193.265,193.42,196.61672973632812
2025-04-21 09:31:00,AAPL,193.42,192.715,196.4091796875
2025-04-21 09:32:00,AAPL,192.695,193.155,196.0108184814453
2025-04-21 09:33:00,AAPL,193.1605,193.21,195.5533905029297
2025-04-21 09:34:00,AAPL,193.21,193.49,195.09451293945312
2025-04-21 09:35:00,AAPL,193.52,193.34,194.68606567382812
2025-04-21 09:36:00,AAPL,193.3,192.91,194.32656860351562
2025-04-21 09:37:00,AAPL,192.91,193.59,193.99232482910156
2025-04-21 09:38:00,AAPL,193.5802,192.99,193.74563598632812
2025-04-21 09:39:00,AAPL,193.0,193.0118,193.529296875
2025-04-21 09:40:00,AAPL,193.03,193.15,193.34938049316406
2025-04-21 09:41:00,AAPL,193.12,192.85,193.2156982421875
2025-04-21 09:42:00,AAPL,192.835,192.98,193.10035705566406
2025-04-21 09:43:00,AAPL,192.99,193.2306,193.0148468017578
2025-04-21 09:44:00,AAPL,193.245,193.14,192.9729766845703
2025-04-21 09:45:00,AAPL,193.135,193.02,192.9562225341797
2025-04-21 09:46:00,AAPL,193.02,192.96,192.9490966796875
2025-04-21 09:47:00,AAPL,192.928,192.75,192.9453125
2025-04-21 09:48:00,AAPL,192.745,193.18,192.93006896972656
2025-04-21 09:49:00,AAPL,193.1812,193.42,192.93991088867188
2025-04-21 09:50:00,AAPL,193.45,193.56,192.98268127441406
2025-04-21 09:51:00,AAPL,193.53,193.225,193.0537567138672
2025-04-21 09:52:00,AAPL,193.17,193.04,193.1145782470703
2025-04-21 09:53:00,AAPL,193.06,192.98,193.15213012695312
2025-04-21 09:54:00,AAPL,192.9792,192.9196,193.168701171875
2025-04-21 09:55:00,AAPL,192.9199,193.03,193.16709899902344
2025-04-21 09:56:00,AAPL,193.01,192.855,193.16221618652344
2025-04-21 09:57:00,AAPL,192.854,192.9996,193.1434326171875
2025-04-21 09:58:00,AAPL,192.9901,192.8,193.12745666503906
2025-04-21 09:59:00,AAPL,192.77,192.4995,193.10040283203125
2025-04-21 10:00:00,AAPL,192.45,192.0144,193.0469512939453
2025-04-21 10:01:00,AAPL,192.0278,191.8701,192.94642639160156
2025-04-21 10:02:00,AAPL,191.885,191.965,192.81314086914062
2025-04-21 10:03:00,AAPL,191.98,191.58,192.67523193359375
2025-04-21 10:04:00,AAPL,191.585,191.81,192.51687622070312
2025-04-21 10:05:00,AAPL,191.82,191.695,192.37266540527344
2025-04-21 10:06:00,AAPL,191.695,191.56,192.23934936523438
2025-04-21 10:07:00,AAPL,191.56,191.6799,192.1126708984375
2025-04-21 10:08:00,AAPL,191.68,191.58,192.00738525390625
2025-04-21 10:09:00,AAPL,191.6078,191.79,191.91619873046875
2025-04-21 10:10:00,AAPL,191.785,192.36,191.85511779785156
2025-04-21 10:11:00,AAPL,192.34,192.265,191.8576202392578
2025-04-21 10:12:00,AAPL,192.28,192.385,191.89393615722656
2025-04-21 10:13:00,AAPL,192.385,192.505,191.95779418945312
2025-04-21 10:14:00,AAPL,192.51,192.4106,192.0435333251953
2025-04-21 10:15:00,AAPL,192.41,192.31,192.13107299804688
2025-04-21 10:16:00,AAPL,192.325,191.895,192.2069854736328
2025-04-21 10:17:00,AAPL,191.8704,191.91,192.2415313720703
2025-04-21 10:18:00,AAPL,191.8913,191.79,192.2489013671875
2025-04-21 10:19:00,AAPL,191.78,192.0201,192.23052978515625
2025-04-21 10:20:00,AAPL,192.04,192.055,192.21347045898438
2025-04-21 10:21:00,AAPL,192.055,192.3599,192.20094299316406
2025-04-21 10:22:00,AAPL,192.355,192.23,192.21348571777344
2025-04-21 10:23:00,AAPL,192.23,192.26,192.23179626464844
2025-04-21 10:24:00,AAPL,192.25,192.335,192.25445556640625
2025-04-21 10:25:00,AAPL,192.32,192.45,192.28358459472656
2025-04-21 10:26:00,AAPL,192.47,192.35,192.3228759765625
2025-04-21 10:27:00,AAPL,192.35,192.11,192.35885620117188
2025-04-21 10:28:00,AAPL,192.11,192.12,192.37332153320312
2025-04-21 10:29:00,AAPL,192.12,192.12,192.37388610839844
2025-04-21 10:30:00,AAPL,192.11,191.94,192.36570739746094
2025-04-21 10:31:00,AAPL,191.925,191.78,192.33985900878906
2025-04-21 10:32:00,AAPL,191.8065,191.6601,192.29330444335938
2025-04-21 10:33:00,AAPL,191.6905,191.775,192.2283935546875
2025-04-21 10:34:00,AAPL,191.76,191.7396,192.16439819335938
2025-04-21 10:35:00,AAPL,191.74,191.92,192.10284423828125
2025-04-21 10:36:00,AAPL,191.92,192.18,192.0596466064453
2025-04-21 10:37:00,AAPL,192.15,192.05,192.0492401123047
2025-04-21 10:38:00,AAPL,192.05,192.2007,192.0510711669922
2025-04-21 10:39:00,AAPL,192.185,192.2571,192.07107543945312
2025-04-21 10:40:00,AAPL,192.2598,192.44,192.10525512695312
2025-04-21 10:41:00,AAPL,192.43,192.1824,192.15899658203125
2025-04-21 10:42:00,AAPL,192.18,192.07,192.20339965820312
2025-04-21 10:43:00,AAPL,192.05,192.16,192.23101806640625
2025-04-21 10:44:00,AAPL,192.16,191.9154,192.25259399414062
2025-04-21 10:45:00,AAPL,191.93,191.885,192.2518310546875
2025-04-21 10:46:00,AAPL,191.87,191.59,192.23487854003906
2025-04-21 10:47:00,AAPL,191.58,191.48,192.18817138671875
2025-04-21 10:48:00,AAPL,191.51,191.56,192.11814880371094
2025-04-21 10:49:00,AAPL,191.55,191.4948,192.04385375976562
2025-04-21 10:50:00,AAPL,191.48,191.51,191.96739196777344
2025-04-21 10:51:00,AAPL,191.51,191.485,191.89578247070312
2025-04-21 10:52:00,AAPL,191.49,191.54,191.83035278320312
2025-04-21 10:53:00,AAPL,191.53,191.61,191.7771453857422
2025-04-21 10:54:00,AAPL,191.63,191.5932,191.74026489257812
2025-04-21 10:55:00,AAPL,191.58,191.52,191.71514892578125
2025-04-21 10:56:00,AAPL,191.52,191.5,191.69412231445312
2025-04-21 10:57:00,AAPL,191.495,191.4067,191.67587280273438
2025-04-21 10:58:00,AAPL,191.4069,191.4152,191.65426635742188
2025-04-21 10:59:00,AAPL,191.41,191.495,191.63282775878906
2025-04-21 11:00:00,AAPL,191.5,191.83,191.61874389648438
2025-04-21 11:01:00,AAPL,191.82,191.565,191.6339569091797
2025-04-21 11:02:00,AAPL,191.55,191.52,191.6482391357422
2025-04-21 11:03:00,AAPL,191.52,191.275,191.65782165527344
2025-04-21 11:04:00,AAPL,191.285,191.36,191.64675903320312
2025-04-21 11:05:00,AAPL,191.36,191.5,191.62950134277344
2025-04-21 11:06:00,AAPL,191.48,191.64,191.6195831298828
2025-04-21 11:07:00,AAPL,191.62,191.4,191.6248779296875
2025-04-21 11:08:00,AAPL,191.43,191.815,191.62265014648438
2025-04-21 11:09:00,AAPL,191.8,191.79,191.6448516845703
2025-04-21 11:10:00,AAPL,191.785,191.685,191.679443359375
2025-04-21 11:11:00,AAPL,191.69,191.805,191.71206665039062
2025-04-21 11:12:00,AAPL,191.82,191.74,191.74961853027344
2025-04-21 11:13:00,AAPL,191.72,191.51,191.7832794189453
2025-04-21 11:14:00,AAPL,191.52,191.25,191.79603576660156
2025-04-21 11:15:00,AAPL,191.215,191.18,191.77645874023438
2025-04-21 11:16:00,AAPL,191.2,191.2,191.73292541503906
2025-04-21 11:17:00,AAPL,191.22,191.16,191.67874145507812
2025-04-21 11:18:00,AAPL,191.18,191.48,191.61871337890625
2025-04-21 11:19:00,AAPL,191.505,191.48,191.58143615722656
2025-04-21 11:20:00,AAPL,191.47,191.2735,191.5610809326172
2025-04-21 11:21:00,AAPL,191.25,191.08,191.5381622314453
2025-04-21 11:22:00,AAPL,191.081,190.85,191.50161743164062
2025-04-21 11:23:00,AAPL,190.8314,191.12,191.44287109375
2025-04-21 11:24:00,AAPL,191.12,191.04,191.39312744140625
2025-04-21 11:25:00,AAPL,191.05,191.07,191.34710693359375
2025-04-21 11:26:00,AAPL,191.08,190.92,191.3086700439453
2025-04-21 11:27:00,AAPL,190.9499,190.95,191.26722717285156
2025-04-21 11:28:00,AAPL,190.945,190.66,191.2288818359375
2025-04-21 11:29:00,AAPL,190.67,190.735,191.17501831054688
2025-04-21 11:30:00,AAPL,190.72,190.545,191.1203155517578
2025-04-21 11:31:00,AAPL,190.55,190.28,191.05580139160156
2025-04-21 11:32:00,AAPL,190.2942,190.28,190.9711151123047
2025-04-21 11:33:00,AAPL,190.28,190.305,190.8795623779297
2025-04-21 11:34:00,AAPL,190.3,190.245,190.79196166992188
2025-04-21 11:35:00,AAPL,190.23,190.22,190.7088165283203
2025-04-21 11:36:00,AAPL,190.22,190.12,190.63255310058594
2025-04-21 11:37:00,AAPL,190.12,190.25,190.55906677246094
2025-04-21 11:38:00,AAPL,190.26,190.27,190.50157165527344
2025-04-21 11:39:00,AAPL,190.27,190.17,190.45985412597656
2025-04-21 11:40:00,AAPL,190.17,190.38,190.4241943359375
2025-04-21 11:41:00,AAPL,190.38,190.37,190.40965270996094
2025-04-21 11:42:00,AAPL,190.36,190.51,190.40911865234375
2025-04-21 11:43:00,AAPL,190.515,190.46,190.42750549316406
2025-04-21 11:44:00,AAPL,190.44,190.26,190.4534149169922
2025-04-21 11:45:00,AAPL,190.25,190.175,190.46859741210938
2025-04-21 11:46:00,AAPL,190.18,190.03,190.47024536132812
2025-04-21 11:47:00,AAPL,190.03,190.03,190.453369140625
2025-04-21 11:48:00,AAPL,190.02,189.84,190.42613220214844
2025-04-21 11:49:00,AAPL,189.835,190.175,190.38121032714844
2025-04-21 11:50:00,AAPL,190.175,190.24,190.35150146484375
2025-04-21 11:51:00,AAPL,190.25,190.22,190.33824157714844
2025-04-21 11:52:00,AAPL,190.22,190.185,190.3348846435547
2025-04-21 11:53:00,AAPL,190.185,190.28,190.33560180664062
2025-04-21 11:54:00,AAPL,190.28,190.19,190.34552001953125
2025-04-21 11:55:00,AAPL,190.2,190.16,190.3544464111328
2025-04-21 11:56:00,AAPL,190.16,190.195,190.36009216308594
2025-04-21 11:57:00,AAPL,190.19,190.17,190.36581420898438
2025-04-21 11:58:00,AAPL,190.173,190.28,190.36956787109375
2025-04-21 11:59:00,AAPL,190.28,190.25,190.3795166015625
2025-04-21 12:00:00,AAPL,190.24,190.41,190.3907470703125
2025-04-21 12:01:00,AAPL,190.41,190.59,190.41310119628906
2025-04-21 12:02:00,AAPL,190.595,190.66,190.45364379882812
2025-04-21 12:03:00,AAPL,190.64,190.81,190.50782775878906
2025-04-21 12:04:00,AAPL,190.7901,190.75,190.57737731933594
2025-04-21 12:05:00,AAPL,190.77,190.7,190.6477508544922
2025-04-21 12:06:00,AAPL,190.69,190.8794,190.71026611328125
2025-04-21 12:07:00,AAPL,190.8865,190.8,190.77606201171875
2025-04-21 12:08:00,AAPL,190.7901,190.84,190.8339385986328
2025-04-21 12:09:00,AAPL,190.845,190.9,190.885498046875
2025-04-21 12:10:00,AAPL,190.89,190.9788,190.93368530273438
2025-04-21 12:11:00,AAPL,190.965,190.9275,190.98182678222656
2025-04-21 12:12:00,AAPL,190.91,191.01,191.02288818359375
2025-04-21 12:13:00,AAPL,191.02,191.075,191.06227111816406
2025-04-21 12:14:00,AAPL,191.075,191.15,191.10226440429688
2025-04-21 12:15:00,AAPL,191.15,190.9899,191.14495849609375
2025-04-21 12:16:00,AAPL,190.95,190.8303,191.17503356933594
2025-04-21 12:17:00,AAPL,190.83,191.105,191.18370056152344
2025-04-21 12:18:00,AAPL,191.11,190.88,191.19720458984375
2025-04-21 12:19:00,AAPL,190.864,191.04,191.19708251953125
2025-04-21 12:20:00,AAPL,191.032,191.21,191.19923400878906
2025-04-21 12:21:00,AAPL,191.2,191.05,191.21444702148438
2025-04-21 12:22:00,AAPL,191.07,191.0,191.22552490234375
2025-04-21 12:23:00,AAPL,191.01,191.12,191.2294464111328
2025-04-21 12:24:00,AAPL,191.13,191.29,191.23687744140625
2025-04-21 12:25:00,AAPL,191.29,191.24,191.25782775878906
2025-04-21 12:26:00,AAPL,191.24,191.165,191.28231811523438
2025-04-21 12:27:00,AAPL,191.15,191.09,191.30191040039062
2025-04-21 12:28:00,AAPL,191.075,191.055,191.31175231933594
2025-04-21 12:29:00,AAPL,191.055,191.13,191.31224060058594
2025-04-21 12:30:00,AAPL,191.12,191.34,191.31195068359375
2025-04-21 12:31:00,AAPL,191.33,191.55,191.3258819580078
2025-04-21 12:32:00,AAPL,191.56,191.68,191.36248779296875
2025-04-21 12:33:00,AAPL,191.69,191.57,191.419921875
2025-04-21 12:34:00,AAPL,191.56,191.5673,191.47877502441406
2025-04-21 12:35:00,AAPL,191.56,191.4788,191.53414916992188
2025-04-21 12:36:00,AAPL,191.5,191.555,191.57733154296875
2025-04-21 12:37:00,AAPL,191.5404,191.52,191.61512756347656
2025-04-21 12:38:00,AAPL,191.53,191.53,191.6444549560547
2025-04-21 12:39:00,AAPL,191.53,191.571,191.66702270507812
2025-04-21 12:40:00,AAPL,191.58,191.4704,191.68653869628906
2025-04-21 12:41:00,AAPL,191.5,191.43,191.69558715820312
2025-04-21 12:42:00,AAPL,191.44,191.44,191.69442749023438
2025-04-21 12:43:00,AAPL,191.425,191.41,191.68746948242188
2025-04-21 12:44:00,AAPL,191.395,191.23,191.67506408691406
2025-04-21 12:45:00,AAPL,191.24,191.27,191.64735412597656
2025-04-21 12:46:00,AAPL,191.275,191.1007,191.61447143554688
2025-04-21 12:47:00,AAPL,191.095,191.025,191.5686798095703
2025-04-21 12:48:00,AAPL,191.025,190.9011,191.512451171875
2025-04-21 12:49:00,AAPL,190.89,190.97,191.44473266601562
2025-04-21 12:50:00,AAPL,190.9899,190.93,191.37918090820312
2025-04-21 12:51:00,AAPL,190.93,190.8201,191.31668090820312
2025-04-21 12:52:00,AAPL,190.845,190.945,191.25265502929688
2025-04-21 12:53:00,AAPL,190.95,190.94,191.20077514648438
2025-04-21 12:54:00,AAPL,190.9301,190.94,191.15989685058594
2025-04-21 12:55:00,AAPL,190.94,190.88,191.12881469726562
2025-04-21 12:56:00,AAPL,190.87,190.8,191.10195922851562
2025-04-21 12:57:00,AAPL,190.7926,190.73,191.07415771484375
2025-04-21 12:58:00,AAPL,190.735,190.705,191.04290771484375
2025-04-21 12:59:00,AAPL,190.705,190.765,191.01007080078125
2025-04-21 13:00:00,AAPL,190.765,190.875,190.9828643798828
2025-04-21 13:01:00,AAPL,190.8824,190.72,190.9689483642578
2025-04-21 13:02:00,AAPL,190.7008,190.44,190.9537353515625
2025-04-21 13:03:00,AAPL,190.46,190.32,190.9192657470703
2025-04-21 13:04:00,AAPL,190.325,190.17,190.86672973632812
2025-04-21 13:05:00,AAPL,190.17,190.37,190.7960968017578
2025-04-21 13:06:00,AAPL,190.36,190.39,190.7329864501953
2025-04-21 13:07:00,AAPL,190.38,190.465,190.6805877685547
2025-04-21 13:08:00,AAPL,190.475,190.43,190.643798828125
2025-04-21 13:09:00,AAPL,190.43,190.4,190.61709594726562
2025-04-21 13:10:00,AAPL,190.38,190.37,190.59658813476562
2025-04-21 13:11:00,AAPL,190.3897,190.31,190.5794677734375
2025-04-21 13:12:00,AAPL,190.31,190.35,190.5616455078125
2025-04-21 13:13:00,AAPL,190.35,190.38,190.54759216308594
2025-04-21 13:14:00,AAPL,190.38,190.26,190.5391387939453
2025-04-21 13:15:00,AAPL,190.265,190.2,190.5266571044922
2025-04-21 13:16:00,AAPL,190.23,190.37,190.5084228515625
2025-04-21 13:17:00,AAPL,190.36,190.28,190.499755859375
2025-04-21 13:18:00,AAPL,190.27,190.3,190.49171447753906
2025-04-21 13:19:00,AAPL,190.291,190.46,190.4860382080078
2025-04-21 13:20:00,AAPL,190.46,190.7,190.4935302734375
2025-04-21 13:21:00,AAPL,190.7025,190.7,190.5257110595703
2025-04-21 13:22:00,AAPL,190.69,190.745,190.5714874267578
2025-04-21 13:23:00,AAPL,190.75,190.87,190.62583923339844
2025-04-21 13:24:00,AAPL,190.87,190.625,190.6907196044922
2025-04-21 13:25:00,AAPL,190.61,190.515,190.7408447265625
2025-04-21 13:26:00,AAPL,190.515,190.53,190.77049255371094
2025-04-21 13:27:00,AAPL,190.53,190.78,190.78627014160156
2025-04-21 13:28:00,AAPL,190.7884,190.54,190.8096923828125
2025-04-21 13:29:00,AAPL,190.54,190.614,190.81968688964844
2025-04-21 13:30:00,AAPL,190.59,190.75,190.82540893554688
2025-04-21 13:31:00,AAPL,190.76,190.87,190.8375244140625
2025-04-21 13:32:00,AAPL,190.87,190.845,190.86117553710938
2025-04-21 13:33:00,AAPL,190.845,190.745,190.88864135742188
2025-04-21 13:34:00,AAPL,190.745,190.7,190.9095001220703
2025-04-21 13:35:00,AAPL,190.715,190.71,190.92149353027344
2025-04-21 13:36:00,AAPL,190.73,190.99,190.92770385742188
2025-04-21 13:37:00,AAPL,191.0,190.76,190.94932556152344
2025-04-21 13:38:00,AAPL,190.74,190.6803,190.9631805419922
2025-04-21 13:39:00,AAPL,190.68,190.67,190.96533203125
2025-04-21 13:40:00,AAPL,190.67,190.74,190.9591827392578
2025-04-21 13:41:00,AAPL,190.74,190.71,190.95306396484375
2025-04-21 13:42:00,AAPL,190.68,190.56,190.94520568847656
2025-04-21 13:43:00,AAPL,190.55,190.38,190.92625427246094
2025-04-21 13:44:00,AAPL,190.38,190.59,190.88885498046875
2025-04-21 13:45:00,AAPL,190.58,190.65,190.8569793701172
2025-04-21 13:46:00,AAPL,190.645,190.49,190.83499145507812
2025-04-21 13:47:00,AAPL,190.48,190.4801,190.80955505371094
2025-04-21 13:48:00,AAPL,190.49,190.38,190.7828369140625
2025-04-21 13:49:00,AAPL,190.39,190.33,190.7501983642578
2025-04-21 13:50:00,AAPL,190.33,190.56,190.71255493164062
2025-04-21 13:51:00,AAPL,190.55,190.522,190.6903839111328
2025-04-21 13:52:00,AAPL,190.51,190.6127,190.677001953125
2025-04-21 13:53:00,AAPL,190.63,190.519,190.67636108398438
2025-04-21 13:54:00,AAPL,190.55,190.51,190.6774139404297
2025-04-21 13:55:00,AAPL,190.5099,190.53,190.67881774902344
2025-04-21 13:56:00,AAPL,190.55,190.38,190.68185424804688
2025-04-21 13:57:00,AAPL,190.38,190.52,190.67538452148438
2025-04-21 13:58:00,AAPL,190.53,190.53,190.67311096191406
2025-04-21 13:59:00,AAPL,190.53,190.51,190.67454528808594
2025-04-21 14:00:00,AAPL,190.51,190.42,190.6768341064453
2025-04-21 14:01:00,AAPL,190.415,190.39,190.67327880859375
2025-04-21 14:02:00,AAPL,190.395,190.405,190.66419982910156
2025-04-21 14:03:00,AAPL,190.42,190.4476,190.65335083007812
2025-04-21 14:04:00,AAPL,190.44,190.34,190.6451416015625
2025-04-21 14:05:00,AAPL,190.34,190.375,190.63169860839844
2025-04-21 14:06:00,AAPL,190.36,190.48,190.61830139160156
2025-04-21 14:07:00,AAPL,190.49,190.2874,190.6132049560547
2025-04-21 14:08:00,AAPL,190.28,190.3799,190.60035705566406
2025-04-21 14:09:00,AAPL,190.37,190.39,190.58982849121094
2025-04-21 14:10:00,AAPL,190.39,190.2901,190.5823211669922
2025-04-21 14:11:00,AAPL,190.31,190.4997,190.57028198242188
2025-04-21 14:12:00,AAPL,190.48,190.5874,190.57081604003906
2025-04-21 14:13:00,AAPL,190.57,190.5112,190.58547973632812
2025-04-21 14:14:00,AAPL,190.5,190.55,190.60281372070312
2025-04-21 14:15:00,AAPL,190.54,190.6602,190.62330627441406
2025-04-21 14:16:00,AAPL,190.69,190.67,190.6521453857422
2025-04-21 14:17:00,AAPL,190.65,190.72,190.68505859375
2025-04-21 14:18:00,AAPL,190.72,190.89,190.7218017578125
2025-04-21 14:19:00,AAPL,190.88,190.78,190.7703399658203
2025-04-21 14:20:00,AAPL,190.77,190.75,190.81539916992188
2025-04-21 14:21:00,AAPL,190.76,190.745,190.8529815673828
2025-04-21 14:22:00,AAPL,190.73,190.775,190.88291931152344
2025-04-21 14:23:00,AAPL,190.77,190.71,190.90806579589844
2025-04-21 14:24:00,AAPL,190.706,190.71,190.92385864257812
2025-04-21 14:25:00,AAPL,190.7,190.6176,190.9325714111328
2025-04-21 14:26:00,AAPL,190.63,190.66,190.92967224121094
2025-04-21 14:27:00,AAPL,190.67,190.7069,190.92247009277344
2025-04-21 14:28:00,AAPL,190.715,190.76,190.9162139892578
2025-04-21 14:29:00,AAPL,190.75,190.82,190.91464233398438
2025-04-21 14:30:00,AAPL,190.815,190.94,190.92015075683594
2025-04-21 14:31:00,AAPL,190.95,191.05,190.93807983398438
2025-04-21 14:32:00,AAPL,191.05,190.89,190.97023010253906
2025-04-21 14:33:00,AAPL,190.89,191.03,190.99795532226562
2025-04-21 14:34:00,AAPL,191.03,190.97,191.03057861328125
2025-04-21 14:35:00,AAPL,190.98,191.065,191.05996704101562
2025-04-21 14:36:00,AAPL,191.05,190.955,191.09182739257812
2025-04-21 14:37:00,AAPL,190.96,190.89,191.11541748046875
2025-04-21 14:38:00,AAPL,190.89,190.93,191.12747192382812
2025-04-21 14:39:00,AAPL,190.93,190.905,191.13417053222656
2025-04-21 14:40:00,AAPL,190.9,190.77,191.13523864746094
2025-04-21 14:41:00,AAPL,190.765,190.69,191.1231689453125
2025-04-21 14:42:00,AAPL,190.695,190.7199,191.0978546142578
2025-04-21 14:43:00,AAPL,190.72,190.55,191.06796264648438
2025-04-21 14:44:00,AAPL,190.55,190.6,191.02529907226562
2025-04-21 14:45:00,AAPL,190.61,190.55,190.98080444335938
2025-04-21 14:46:00,AAPL,190.56,190.47,190.93475341796875
2025-04-21 14:47:00,AAPL,190.46,190.3804,190.88516235351562
2025-04-21 14:48:00,AAPL,190.39,190.565,190.83045959472656
2025-04-21 14:49:00,AAPL,190.565,190.64,190.78909301757812
2025-04-21 14:50:00,AAPL,190.63,190.56,190.7643280029297
2025-04-21 14:51:00,AAPL,190.56,190.6,190.7462158203125
2025-04-21 14:52:00,AAPL,190.59,190.4,190.7362823486328
2025-04-21 14:53:00,AAPL,190.41,190.425,190.7184295654297
2025-04-21 14:54:00,AAPL,190.425,190.29,190.6985321044922
2025-04-21 14:55:00,AAPL,190.2724,190.2573,190.66952514648438
2025-04-21 14:56:00,AAPL,190.25,190.316,190.63450622558594
2025-04-21 14:57:00,AAPL,190.3151,190.28,190.6023406982422
2025-04-21 14:58:00,AAPL,190.3,190.34,190.57180786132812
2025-04-21 14:59:00,AAPL,190.34,190.27,190.54864501953125
2025-04-21 15:00:00,AAPL,190.27,190.51,190.52696228027344
2025-04-21 15:01:00,AAPL,190.52,190.62,190.5244598388672
2025-04-21 15:02:00,AAPL,190.63,190.6289,190.54214477539062
2025-04-21 15:03:00,AAPL,190.625,190.74,190.5720977783203
2025-04-21 15:04:00,AAPL,190.76,190.7368,190.61557006835938
2025-04-21 15:05:00,AAPL,190.75,190.79,190.66458129882812
2025-04-21 15:06:00,AAPL,190.78,190.7799,190.71749877929688
2025-04-21 15:07:00,AAPL,190.7774,190.6998,190.7687225341797
2025-04-21 15:08:00,AAPL,190.68,190.6292,190.80979919433594
2025-04-21 15:09:00,AAPL,190.61,190.58,190.83680725097656
2025-04-21 15:10:00,AAPL,190.575,190.685,190.849609375
2025-04-21 15:11:00,AAPL,190.6893,190.6935,190.8599090576172
2025-04-21 15:12:00,AAPL,190.71,190.85,190.8685302734375
2025-04-21 15:13:00,AAPL,190.84,190.859,190.8862762451172
2025-04-21 15:14:00,AAPL,190.86,190.815,190.90919494628906
2025-04-21 15:15:00,AAPL,190.81,190.8,190.93055725097656
2025-04-21 15:16:00,AAPL,190.7984,190.66,190.94833374023438
2025-04-21 15:17:00,AAPL,190.661,190.71,190.95277404785156
2025-04-21 15:18:00,AAPL,190.71,190.8313,190.95184326171875
2025-04-21 15:19:00,AAPL,190.84,190.935,190.95603942871094
2025-04-21 15:20:00,AAPL,190.94,191.05,190.97039794921875
2025-04-21 15:21:00,AAPL,191.055,191.1487,190.9981231689453
2025-04-21 15:22:00,AAPL,191.1483,191.3128,191.03921508789062
2025-04-21 15:23:00,AAPL,191.31,191.2271,191.0973358154297
2025-04-21 15:24:00,AAPL,191.23,191.292,191.1562042236328
2025-04-21 15:25:00,AAPL,191.2853,191.2,191.21591186523438
2025-04-21 15:26:00,AAPL,191.2,191.2,191.26564025878906
2025-04-21 15:27:00,AAPL,191.19,191.145,191.3055419921875
2025-04-21 15:28:00,AAPL,191.15,191.03,191.3325958251953
2025-04-21 15:29:00,AAPL,191.0101,191.105,191.341552734375
2025-04-21 15:30:00,AAPL,191.09,191.0676,191.3435516357422
2025-04-21 15:31:00,AAPL,191.06,191.22,191.33831787109375
2025-04-21 15:32:00,AAPL,191.23,191.29,191.33937072753906
2025-04-21 15:33:00,AAPL,191.28,191.34,191.34906005859375
2025-04-21 15:34:00,AAPL,191.34,191.37,191.36691284179688
2025-04-21 15:35:00,AAPL,191.355,191.565,191.39059448242188
2025-04-21 15:36:00,AAPL,191.5699,191.6902,191.4298858642578
2025-04-21 15:37:00,AAPL,191.7004,191.72,191.4850616455078
2025-04-21 15:38:00,AAPL,191.73,191.76,191.5484619140625
2025-04-21 15:39:00,AAPL,191.7812,191.71,191.61544799804688
2025-04-21 15:40:00,AAPL,191.7014,191.8251,191.6764678955078
2025-04-21 15:41:00,AAPL,191.8242,191.695,191.737548828125
2025-04-21 15:42:00,AAPL,191.72,191.8392,191.78530883789062
2025-04-21 15:43:00,AAPL,191.845,191.97,191.8313446044922
2025-04-21 15:44:00,AAPL,191.97,191.895,191.88221740722656
2025-04-21 15:45:00,AAPL,191.91,191.89,191.92724609375
2025-04-21 15:46:00,AAPL,191.9046,191.845,191.9648895263672
2025-04-21 15:47:00,AAPL,191.83,191.77,191.99195861816406
2025-04-21 15:48:00,AAPL,191.78,191.925,192.00502014160156
2025-04-21 15:49:00,AAPL,191.93,191.985,192.01907348632812
2025-04-21 15:50:00,AAPL,191.94,192.205,192.0368194580078
2025-04-21 15:51:00,AAPL,192.22,192.37,192.07093811035156
2025-04-21 15:52:00,AAPL,192.36,192.18,192.12442016601562
2025-04-21 15:53:00,AAPL,192.17,192.2784,192.1729278564453
2025-04-21 15:54:00,AAPL,192.28,192.6378,192.22158813476562
2025-04-21 15:55:00,AAPL,192.65,192.87,192.292236328125
2025-04-21 15:56:00,AAPL,192.875,192.95,192.38816833496094
2025-04-21 15:57:00,AAPL,192.955,193.22,192.49888610839844
2025-04-21 15:58:00,AAPL,193.205,193.4,192.6301727294922
2025-04-21 15:59:00,AAPL,193.41,193.09,192.7779541015625
2025-04-22 09:30:00,AAPL,196.12,196.515,192.90386962890625
2025-04-22 09:31:00,AAPL,196.515,196.88,193.24908447265625
2025-04-22 09:32:00,AAPL,196.89,196.85,193.73541259765625
2025-04-22 09:33:00,AAPL,196.8112,197.165,194.27418518066406
2025-04-22 09:34:00,AAPL,197.1525,196.855,194.83067321777344
2025-04-22 09:35:00,AAPL,196.855,196.41,195.3372344970703
2025-04-22 09:36:00,AAPL,196.43,196.45,195.7447967529297
2025-04-22 09:37:00,AAPL,196.44,196.81,196.06430053710938
2025-04-22 09:38:00,AAPL,196.84,196.61,196.331298828125
2025-04-22 09:39:00,AAPL,196.64,196.72,196.531005859375
2025-04-22 09:40:00,AAPL,196.68,196.785,196.68113708496094
2025-04-22 09:41:00,AAPL,196.8,196.95,196.79278564453125
2025-04-22 09:42:00,AAPL,196.92,197.2,196.88272094726562
2025-04-22 09:43:00,AAPL,197.2044,197.45,196.96902465820312
2025-04-22 09:44:00,AAPL,197.45,197.25,197.0632781982422
2025-04-22 09:45:00,AAPL,197.28,197.445,197.13999938964844
2025-04-22 09:46:00,AAPL,197.45,197.645,197.21310424804688
2025-04-22 09:47:00,AAPL,197.658,197.7995,197.29197692871094
2025-04-22 09:48:00,AAPL,197.76,197.68,197.3788604736328
2025-04-22 09:49:00,AAPL,197.69,197.56,197.45497131347656
2025-04-22 09:50:00,AAPL,197.55,197.48,197.50958251953125
2025-04-22 09:51:00,AAPL,197.46,197.32,197.5404052734375
2025-04-22 09:52:00,AAPL,197.32,197.211,197.54200744628906
2025-04-22 09:53:00,AAPL,197.22,197.4,197.51675415039062
2025-04-22 09:54:00,AAPL,197.39,197.45,197.4894561767578
2025-04-22 09:55:00,AAPL,197.46,197.3,197.46563720703125
2025-04-22 09:56:00,AAPL,197.3,197.4795,197.43423461914062
2025-04-22 09:57:00,AAPL,197.485,197.42,197.4127960205078
2025-04-22 09:58:00,AAPL,197.422,197.452,197.394287109375
2025-04-22 09:59:00,AAPL,197.46,197.82,197.3809051513672
2025-04-22 10:00:00,AAPL,197.83,197.7603,197.39785766601562
2025-04-22 10:01:00,AAPL,197.73,197.98,197.42794799804688
2025-04-22 10:02:00,AAPL,197.97,197.9575,197.47982788085938
2025-04-22 10:03:00,AAPL,198.0,198.275,197.53990173339844
2025-04-22 10:04:00,AAPL,198.28,198.475,197.6237030029297
2025-04-22 10:05:00,AAPL,198.48,198.33,197.730712890625
2025-04-22 10:06:00,AAPL,198.33,198.69,197.83412170410156
2025-04-22 10:07:00,AAPL,198.71,198.65,197.95404052734375
2025-04-22 10:08:00,AAPL,198.655,198.7,198.07272338867188
2025-04-22 10:09:00,AAPL,198.71,198.66,198.185791015625
2025-04-22 10:10:00,AAPL,198.6608,198.9,198.2843475341797
2025-04-22 10:11:00,AAPL,198.89,198.77,198.38409423828125
2025-04-22 10:12:00,AAPL,198.775,198.4,198.4677276611328
2025-04-22 10:13:00,AAPL,198.41,198.1473,198.50845336914062
2025-04-22 10:14:00,AAPL,198.145,198.1742,198.501220703125
2025-04-22 10:15:00,AAPL,198.18,198.04,198.4662628173828
2025-04-22 10:16:00,AAPL,198.04,197.8884,198.4063262939453
2025-04-22 10:17:00,AAPL,197.89,197.9538,198.32362365722656
2025-04-22 10:18:00,AAPL,197.94,197.89,198.2368621826172
2025-04-22 10:19:00,AAPL,197.89,197.93,198.1486053466797
2025-04-22 10:20:00,AAPL,197.96,197.965,198.0681610107422
2025-04-22 10:21:00,AAPL,197.98,198.195,198.0004425048828
2025-04-22 10:22:00,AAPL,198.2,198.1,197.96185302734375
2025-04-22 10:23:00,AAPL,198.08,197.99,197.9370880126953
2025-04-22 10:24:00,AAPL,198.0,198.075,197.9148712158203
2025-04-22 10:25:00,AAPL,198.08,197.9,197.90211486816406
2025-04-22 10:26:00,AAPL,197.92,197.81,197.8836669921875
2025-04-22 10:27:00,AAPL,197.8,197.765,197.85671997070312
2025-04-22 10:28:00,AAPL,197.765,197.98,197.82333374023438
2025-04-22 10:29:00,AAPL,198.0,198.11,197.80393981933594
2025-04-22 10:30:00,AAPL,198.12,197.7256,197.80397033691406
2025-04-22 10:31:00,AAPL,197.72,197.92,197.78851318359375
2025-04-22 10:32:00,AAPL,197.911,198.183,197.77882385253906
2025-04-22 10:33:00,AAPL,198.18,198.17,197.79241943359375
2025-04-22 10:34:00,AAPL,198.1594,198.25,197.8186492919922
2025-04-22 10:35:00,AAPL,198.25,198.41,197.85679626464844
2025-04-22 10:36:00,AAPL,198.415,198.29,197.911376953125
2025-04-22 10:37:00,AAPL,198.31,198.36,197.9637908935547
2025-04-22 10:38:00,AAPL,198.38,198.54,198.01638793945312
2025-04-22 10:39:00,AAPL,198.54,198.715,198.07847595214844
2025-04-22 10:40:00,AAPL,198.715,198.66,198.1546630859375
2025-04-22 10:41:00,AAPL,198.67,198.69,198.2302703857422
2025-04-22 10:42:00,AAPL,198.685,198.555,198.30235290527344
2025-04-22 10:43:00,AAPL,198.555,198.47,198.3573760986328
2025-04-22 10:44:00,AAPL,198.47,198.495,198.39178466796875
2025-04-22 10:45:00,AAPL,198.495,198.45,198.41258239746094
2025-04-22 10:46:00,AAPL,198.45,198.86,198.41998291015625
2025-04-22 10:47:00,AAPL,198.86,198.9384,198.44790649414062
2025-04-22 10:48:00,AAPL,198.935,199.02,198.49176025390625
2025-04-22 10:49:00,AAPL,199.011,198.8902,198.54811096191406
2025-04-22 10:50:00,AAPL,198.895,198.92,198.59866333007812
2025-04-22 10:51:00,AAPL,198.93,198.71,198.64413452148438
2025-04-22 10:52:00,AAPL,198.71,198.66,198.66790771484375
2025-04-22 10:53:00,AAPL,198.67,198.96,198.6728515625
2025-04-22 10:54:00,AAPL,198.96,199.075,198.68719482421875
2025-04-22 10:55:00,AAPL,199.065,199.13,198.7142333984375
2025-04-22 10:56:00,AAPL,199.12,199.09,198.7509765625
2025-04-22 10:57:00,AAPL,199.09,199.3489,198.78805541992188
2025-04-22 10:58:00,AAPL,199.3369,199.24,198.84130859375
2025-04-22 10:59:00,AAPL,199.25,199.3001,198.89271545410156
2025-04-22 11:00:00,AAPL,199.31,199.2516,198.94366455078125
2025-04-22 11:01:00,AAPL,199.23,199.16,198.98703002929688
2025-04-22 11:02:00,AAPL,199.16,198.9912,199.0159149169922
2025-04-22 11:03:00,AAPL,198.985,199.05,199.02142333984375
2025-04-22 11:04:00,AAPL,199.0402,199.17,199.01617431640625
2025-04-22 11:05:00,AAPL,199.17,199.35,199.0129852294922
2025-04-22 11:06:00,AAPL,199.345,199.35,199.02395629882812
2025-04-22 11:07:00,AAPL,199.35,199.34,199.04266357421875
2025-04-22 11:08:00,AAPL,199.33,199.305,199.06398010253906
2025-04-22 11:09:00,AAPL,199.32,199.38,199.0827178955078
2025-04-22 11:10:00,AAPL,199.3716,199.3214,199.1039276123047
2025-04-22 11:11:00,AAPL,199.32,199.2,199.12075805664062
2025-04-22 11:12:00,AAPL,199.2001,199.265,199.12484741210938
2025-04-22 11:13:00,AAPL,199.28,199.4,199.12539672851562
2025-04-22 11:14:00,AAPL,199.4,199.395,199.13328552246094
2025-04-22 11:15:00,AAPL,199.4,199.3235,199.14463806152344
2025-04-22 11:16:00,AAPL,199.335,199.2409,199.15203857421875
2025-04-22 11:17:00,AAPL,199.26,199.2,199.15048217773438
2025-04-22 11:18:00,AAPL,199.19,199.14,199.1404571533203
2025-04-22 11:19:00,AAPL,199.14,198.995,199.12149047851562
2025-04-22 11:20:00,AAPL,199.01,198.865,199.08775329589844
2025-04-22 11:21:00,AAPL,198.83,199.0966,199.0377960205078
2025-04-22 11:22:00,AAPL,199.12,199.245,198.99798583984375
2025-04-22 11:23:00,AAPL,199.2499,199.3837,198.977783203125
2025-04-22 11:24:00,AAPL,199.39,199.4961,198.98106384277344
2025-04-22 11:25:00,AAPL,199.52,199.25,199.00677490234375
2025-04-22 11:26:00,AAPL,199.251,199.27,199.0269012451172
2025-04-22 11:27:00,AAPL,199.275,199.14,199.04380798339844
2025-04-22 11:28:00,AAPL,199.14,199.03,199.0482635498047
2025-04-22 11:29:00,AAPL,199.03,198.83,199.03684997558594
2025-04-22 11:30:00,AAPL,198.825,198.68,199.0020294189453
2025-04-22 11:31:00,AAPL,198.6955,198.685,198.9443359375
2025-04-22 11:32:00,AAPL,198.6804,198.72,198.87692260742188
2025-04-22 11:33:00,AAPL,198.72,198.74,198.8106231689453
2025-04-22 11:34:00,AAPL,198.74,198.82,198.7510528564453
2025-04-22 11:35:00,AAPL,198.82,198.52,198.70559692382812
2025-04-22 11:36:00,AAPL,198.54,198.46,198.65045166015625
2025-04-22 11:37:00,AAPL,198.465,198.52,198.589111328125
2025-04-22 11:38:00,AAPL,198.54,198.45,198.53271484375
2025-04-22 11:39:00,AAPL,198.44,198.355,198.4783935546875
2025-04-22 11:40:00,AAPL,198.36,198.21,198.42254638671875
2025-04-22 11:41:00,AAPL,198.23,198.23,198.35940551757812
2025-04-22 11:42:00,AAPL,198.25,197.97,198.2978973388672
2025-04-22 11:43:00,AAPL,197.99,198.09,198.22317504882812
2025-04-22 11:44:00,AAPL,198.1,198.04,198.15444946289062
2025-04-22 11:45:00,AAPL,198.04,198.135,198.09083557128906
2025-04-22 11:46:00,AAPL,198.14,198.165,198.04196166992188
2025-04-22 11:47:00,AAPL,198.165,198.15,198.00804138183594
2025-04-22 11:48:00,AAPL,198.135,198.04,197.98501586914062
2025-04-22 11:49:00,AAPL,198.05,198.03,197.96279907226562
2025-04-22 11:50:00,AAPL,198.02,198.1374,197.94227600097656
2025-04-22 11:51:00,AAPL,198.14,198.41,197.93231201171875
2025-04-22 11:52:00,AAPL,198.3903,198.36,197.94949340820312
2025-04-22 11:53:00,AAPL,198.3805,198.14,197.97894287109375
2025-04-22 11:54:00,AAPL,198.21,198.22,197.99839782714844
2025-04-22 11:55:00,AAPL,198.22,198.25,198.0164031982422
2025-04-22 11:56:00,AAPL,198.27,198.27,198.03460693359375
2025-04-22 11:57:00,AAPL,198.28,198.3368,198.05323791503906
2025-04-22 11:58:00,AAPL,198.35,198.56,198.0757598876953
2025-04-22 11:59:00,AAPL,198.58,199.33,198.11526489257812
2025-04-22 12:00:00,AAPL,199.34,199.86,198.21803283691406
2025-04-22 12:01:00,AAPL,199.86,199.71,198.39093017578125
2025-04-22 12:02:00,AAPL,199.74,199.87,198.58444213867188
2025-04-22 12:03:00,AAPL,199.85,199.35,198.7889862060547
2025-04-22 12:04:00,AAPL,199.38,199.31,198.9484405517578
2025-04-22 12:05:00,AAPL,199.3199,199.086,199.0659942626953
2025-04-22 12:06:00,AAPL,199.11,199.4297,199.1329345703125
2025-04-22 12:07:00,AAPL,199.44,199.38,199.18829345703125
2025-04-22 12:08:00,AAPL,199.38,199.63,199.2282257080078
2025-04-22 12:09:00,AAPL,199.66,199.635,199.27333068847656
2025-04-22 12:10:00,AAPL,199.62,199.5,199.31808471679688
2025-04-22 12:11:00,AAPL,199.49,199.69,199.34918212890625
2025-04-22 12:12:00,AAPL,199.7,199.9029,199.38299560546875
2025-04-22 12:13:00,AAPL,199.92,200.0658,199.43089294433594
2025-04-22 12:14:00,AAPL,200.09,200.0499,199.49542236328125
2025-04-22 12:15:00,AAPL,200.03,200.09,199.5641326904297
2025-04-22 12:16:00,AAPL,200.09,200.07,199.6331787109375
2025-04-22 12:17:00,AAPL,200.0601,200.04,199.69581604003906
2025-04-22 12:18:00,AAPL,200.04,199.845,199.74758911132812
2025-04-22 12:19:00,AAPL,199.82,199.92,199.77459716796875
2025-04-22 12:20:00,AAPL,199.91,200.173,199.78952026367188
2025-04-22 12:21:00,AAPL,200.185,200.18,199.81381225585938
2025-04-22 12:22:00,AAPL,200.18,200.4,199.8421173095703
2025-04-22 12:23:00,AAPL,200.41,200.64,199.88656616210938
2025-04-22 12:24:00,AAPL,200.6244,200.78,199.954833984375
2025-04-22 12:25:00,AAPL,200.795,200.86,200.04281616210938
2025-04-22 12:26:00,AAPL,200.86,201.135,200.14236450195312
2025-04-22 12:27:00,AAPL,201.13,201.19,200.26181030273438
2025-04-22 12:28:00,AAPL,201.21,201.38,200.38877868652344
2025-04-22 12:29:00,AAPL,201.35,201.38,200.52503967285156
2025-04-22 12:30:00,AAPL,201.4,201.505,200.65711975097656
2025-04-22 12:31:00,AAPL,201.505,201.46,200.7860565185547
2025-04-22 12:32:00,AAPL,201.45,201.3801,200.9002685546875
2025-04-22 12:33:00,AAPL,201.39,201.19,200.99114990234375
2025-04-22 12:34:00,AAPL,201.19,201.11,201.0469512939453
2025-04-22 12:35:00,AAPL,201.13,200.93,201.0708770751953
2025-04-22 12:36:00,AAPL,200.93,200.75,201.0597686767578
2025-04-22 12:37:00,AAPL,200.79,200.79,201.0142059326172
2025-04-22 12:38:00,AAPL,200.79,200.86,200.95291137695312
2025-04-22 12:39:00,AAPL,200.85,200.59,200.890625
2025-04-22 12:40:00,AAPL,200.6,200.55,200.8118896484375
2025-04-22 12:41:00,AAPL,200.58,200.65,200.72540283203125
2025-04-22 12:42:00,AAPL,200.635,200.945,200.6471710205078
2025-04-22 12:43:00,AAPL,200.94,200.89,200.60057067871094
2025-04-22 12:44:00,AAPL,200.89,200.915,200.572509765625
2025-04-22 12:45:00,AAPL,200.91,200.935,200.55978393554688
2025-04-22 12:46:00,AAPL,200.95,200.86,200.55897521972656
2025-04-22 12:47:00,AAPL,200.85,200.84,200.560302734375
2025-04-22 12:48:00,AAPL,200.86,200.72,200.56163024902344
2025-04-22 12:49:00,AAPL,200.72,200.82,200.55433654785156
2025-04-22 12:50:00,AAPL,200.81,200.67,200.5496368408203
2025-04-22 12:51:00,AAPL,200.67,200.355,200.5360870361328
2025-04-22 12:52:00,AAPL,200.355,200.61,200.49530029296875
2025-04-22 12:53:00,AAPL,200.62,200.73,200.45933532714844
2025-04-22 12:54:00,AAPL,200.725,200.71,200.43739318847656
2025-04-22 12:55:00,AAPL,200.7275,200.705,200.42417907714844
2025-04-22 12:56:00,AAPL,200.73,200.7201,200.4170379638672
2025-04-22 12:57:00,AAPL,200.74,200.68,200.41542053222656
2025-04-22 12:58:00,AAPL,200.69,200.6,200.4145050048828
2025-04-22 12:59:00,AAPL,200.5944,200.5901,200.408447265625
2025-04-22 13:00:00,AAPL,200.605,200.67,200.3991241455078
2025-04-22 13:01:00,AAPL,200.67,200.75,200.39425659179688
2025-04-22 13:02:00,AAPL,200.7675,200.785,200.39837646484375
2025-04-22 13:03:00,AAPL,200.8,200.81,200.41029357910156
2025-04-22 13:04:00,AAPL,200.825,200.75,200.42807006835938
2025-04-22 13:05:00,AAPL,200.77,200.79,200.4439697265625
2025-04-22 13:06:00,AAPL,200.83,200.6312,200.46060180664062
2025-04-22 13:07:00,AAPL,200.62,200.3799,200.4650421142578
2025-04-22 13:08:00,AAPL,200.38,200.8748,200.4435272216797
2025-04-22 13:09:00,AAPL,200.91,200.56,200.4435272216797
2025-04-22 13:10:00,AAPL,200.55,200.0,200.43357849121094
2025-04-22 13:11:00,AAPL,199.98,199.63,200.37777709960938
2025-04-22 13:12:00,AAPL,199.63,200.0274,200.27108764648438
2025-04-22 13:13:00,AAPL,200.04,199.72,200.16932678222656
2025-04-22 13:14:00,AAPL,199.72,199.68,200.05508422851562
2025-04-22 13:15:00,AAPL,199.72,199.1304,199.9383544921875
2025-04-22 13:16:00,AAPL,199.16,199.265,199.78855895996094
2025-04-22 13:17:00,AAPL,199.27,199.4404,199.638916015625
2025-04-22 13:18:00,AAPL,199.44,199.53,199.51258850097656
2025-04-22 13:19:00,AAPL,199.53,199.595,199.4161376953125
2025-04-22 13:20:00,AAPL,199.58,199.24,199.3499298095703
2025-04-22 13:21:00,AAPL,199.24,199.1,199.2818603515625
2025-04-22 13:22:00,AAPL,199.11,198.95,199.20799255371094
2025-04-22 13:23:00,AAPL,198.95,198.8801,199.12547302246094
2025-04-22 13:24:00,AAPL,198.88,198.8701,199.0388641357422
2025-04-22 13:25:00,AAPL,198.91,198.9,198.95556640625
2025-04-22 13:26:00,AAPL,198.91,199.25,198.88275146484375
2025-04-22 13:27:00,AAPL,199.26,198.9802,198.84722900390625
2025-04-22 13:28:00,AAPL,198.96,198.72,198.8181610107422
2025-04-22 13:29:00,AAPL,198.7,198.54,198.77699279785156
2025-04-22 13:30:00,AAPL,198.53,198.33,198.71881103515625
2025-04-22 13:31:00,AAPL,198.34,198.74,198.63955688476562
2025-04-22 13:32:00,AAPL,198.74,199.04,198.58279418945312
2025-04-22 13:33:00,AAPL,199.01,198.5728,198.56576538085938
2025-04-22 13:34:00,AAPL,198.585,198.8,198.54107666015625
2025-04-22 13:35:00,AAPL,198.77,198.8301,198.5304412841797
2025-04-22 13:36:00,AAPL,198.86,199.23,198.53167724609375
2025-04-22 13:37:00,AAPL,199.23,199.08,198.56942749023438
2025-04-22 13:38:00,AAPL,199.09,199.145,198.6165771484375
2025-04-22 13:39:00,AAPL,199.14,198.89,198.67140197753906
2025-04-22 13:40:00,AAPL,198.86,198.755,198.70895385742188
2025-04-22 13:41:00,AAPL,198.74,198.845,198.72384643554688
2025-04-22 13:42:00,AAPL,198.85,198.6036,198.7303009033203
2025-04-22 13:43:00,AAPL,198.583,198.78,198.71363830566406
2025-04-22 13:44:00,AAPL,198.7601,198.83,198.69668579101562
2025-04-22 13:45:00,AAPL,198.83,198.609,198.6842041015625
2025-04-22 13:46:00,AAPL,198.63,198.72,198.65936279296875
2025-04-22 13:47:00,AAPL,198.72,198.6787,198.63665771484375
2025-04-22 13:48:00,AAPL,198.69,198.49,198.61383056640625
2025-04-22 13:49:00,AAPL,198.45,198.16,198.5789337158203
2025-04-22 13:50:00,AAPL,198.14,198.36,198.5152587890625
2025-04-22 13:51:00,AAPL,198.3694,198.19,198.4527587890625
2025-04-22 13:52:00,AAPL,198.205,198.38,198.38299560546875
2025-04-22 13:53:00,AAPL,198.3501,198.4,198.32742309570312
2025-04-22 13:54:00,AAPL,198.37,198.545,198.2859344482422
2025-04-22 13:55:00,AAPL,198.57,198.52,198.26663208007812
2025-04-22 13:56:00,AAPL,198.555,198.39,198.26080322265625
2025-04-22 13:57:00,AAPL,198.4,198.335,198.25462341308594
2025-04-22 13:58:00,AAPL,198.335,198.52,198.24493408203125
2025-04-22 13:59:00,AAPL,198.51,198.2512,198.2473602294922
2025-04-22 14:00:00,AAPL,198.25,198.1849,198.23785400390625
2025-04-22 14:01:00,AAPL,198.21,198.375,198.2171173095703
2025-04-22 14:02:00,AAPL,198.37,198.4916,198.20474243164062
2025-04-22 14:03:00,AAPL,198.5,198.73,198.20687866210938
2025-04-22 14:04:00,AAPL,198.72,198.9,198.235107421875
2025-04-22 14:05:00,AAPL,198.93,199.0621,198.28985595703125
2025-04-22 14:06:00,AAPL,199.08,199.095,198.3690643310547
2025-04-22 14:07:00,AAPL,199.06,199.155,198.4604034423828
2025-04-22 14:08:00,AAPL,199.16,198.91,198.55734252929688
2025-04-22 14:09:00,AAPL,198.91,199.045,198.6333465576172
2025-04-22 14:10:00,AAPL,199.02,199.02,198.700927734375
2025-04-22 14:11:00,AAPL,199.025,199.0801,198.75665283203125
2025-04-22 14:12:00,AAPL,199.13,199.195,198.80528259277344
2025-04-22 14:13:00,AAPL,199.19,199.3133,198.85418701171875
2025-04-22 14:14:00,AAPL,199.31,199.325,198.90806579589844
2025-04-22 14:15:00,AAPL,199.31,199.21,198.96182250976562
2025-04-22 14:16:00,AAPL,199.225,199.18,199.00315856933594
2025-04-22 14:17:00,AAPL,199.1762,199.15,199.0315399169922
2025-04-22 14:18:00,AAPL,199.18,199.15,199.0474853515625
2025-04-22 14:19:00,AAPL,199.11,199.23,199.05430603027344
2025-04-22 14:20:00,AAPL,199.245,199.34,199.06045532226562
2025-04-22 14:21:00,AAPL,199.3499,199.54,199.07339477539062
2025-04-22 14:22:00,AAPL,199.55,199.7094,199.10377502441406
2025-04-22 14:23:00,AAPL,199.71,199.8543,199.15476989746094
2025-04-22 14:24:00,AAPL,199.84,199.78,199.22518920898438
2025-04-22 14:25:00,AAPL,199.76,199.815,199.2971649169922
2025-04-22 14:26:00,AAPL,199.8541,199.87,199.3675079345703
2025-04-22 14:27:00,AAPL,199.87,199.9201,199.435791015625
2025-04-22 14:28:00,AAPL,199.9401,199.9599,199.50137329101562
2025-04-22 14:29:00,AAPL,199.925,199.89,199.56338500976562
2025-04-22 14:30:00,AAPL,199.88,199.825,199.6134796142578
2025-04-22 14:31:00,AAPL,199.855,199.86,199.64776611328125
2025-04-22 14:32:00,AAPL,199.865,199.885,199.67210388183594
2025-04-22 14:33:00,AAPL,199.9,199.88,199.6900634765625
2025-04-22 14:34:00,AAPL,199.8668,199.9,199.70208740234375
2025-04-22 14:35:00,AAPL,199.895,199.9299,199.71072387695312
2025-04-22 14:36:00,AAPL,199.911,200.0,199.71853637695312
2025-04-22 14:37:00,AAPL,200.0,200.03,199.73004150390625
2025-04-22 14:38:00,AAPL,200.02,199.9299,199.7449493408203
2025-04-22 14:39:00,AAPL,199.9,199.9009,199.75341796875
2025-04-22 14:40:00,AAPL,199.92,199.9635,199.75511169433594
2025-04-22 14:41:00,AAPL,199.96,200.035,199.75686645507812
2025-04-22 14:42:00,AAPL,200.0499,200.02,199.76348876953125
2025-04-22 14:43:00,AAPL,200.04,200.12,199.7714080810547
2025-04-22 14:44:00,AAPL,200.1108,200.01,199.78668212890625
2025-04-22 14:45:00,AAPL,200.02,200.12,199.79733276367188
2025-04-22 14:46:00,AAPL,200.14,200.22,199.8123321533203
2025-04-22 14:47:00,AAPL,200.2184,200.21,199.83604431152344
2025-04-22 14:48:00,AAPL,200.21,200.11,199.86264038085938
2025-04-22 14:49:00,AAPL,200.11,200.1,199.8818817138672
2025-04-22 14:50:00,AAPL,200.115,200.33,199.89447021484375
2025-04-22 14:51:00,AAPL,200.36,200.1876,199.91864013671875
2025-04-22 14:52:00,AAPL,200.18,200.2724,199.937744140625
2025-04-22 14:53:00,AAPL,200.26,200.3506,199.95852661132812
2025-04-22 14:54:00,AAPL,200.341,200.298,199.98439025878906
2025-04-22 14:55:00,AAPL,200.295,200.37,200.0076446533203
2025-04-22 14:56:00,AAPL,200.385,200.17,200.03282165527344
2025-04-22 14:57:00,AAPL,200.19,200.1928,200.0428009033203
2025-04-22 14:58:00,AAPL,200.19,200.27,200.0443115234375
2025-04-22 14:59:00,AAPL,200.28,200.15,200.04595947265625
2025-04-22 15:00:00,AAPL,200.14,200.33,200.03868103027344
2025-04-22 15:01:00,AAPL,200.35,200.22,200.03936767578125
2025-04-22 15:02:00,AAPL,200.2,200.2324,200.03672790527344
2025-04-22 15:03:00,AAPL,200.24,200.18,200.0331268310547
2025-04-22 15:04:00,AAPL,200.2,200.2863,200.0252685546875
2025-04-22 15:05:00,AAPL,200.3,200.3649,200.02301025390625
2025-04-22 15:06:00,AAPL,200.38,200.14,200.0299072265625
2025-04-22 15:07:00,AAPL,200.15,199.975,200.02565002441406
2025-04-22 15:08:00,AAPL,199.98,200.0,200.00294494628906
2025-04-22 15:09:00,AAPL,199.97,199.88,199.9722900390625
2025-04-22 15:10:00,AAPL,199.89,199.8,199.9300994873047
2025-04-22 15:11:00,AAPL,199.82,199.75,199.87796020507812
2025-04-22 15:12:00,AAPL,199.75,199.6956,199.8196563720703
2025-04-22 15:13:00,AAPL,199.6901,199.67,199.75770568847656
2025-04-22 15:14:00,AAPL,199.66,199.57,199.69602966308594
2025-04-22 15:15:00,AAPL,199.59,199.4926,199.63168334960938
2025-04-22 15:16:00,AAPL,199.499,199.47,199.56468200683594
2025-04-22 15:17:00,AAPL,199.4576,199.34,199.49928283691406
2025-04-22 15:18:00,AAPL,199.33,199.08,199.43020629882812
2025-04-22 15:19:00,AAPL,199.1,199.15,199.34515380859375
2025-04-22 15:20:00,AAPL,199.165,199.06,199.26153564453125
2025-04-22 15:21:00,AAPL,199.07,198.91,199.17832946777344
2025-04-22 15:22:00,AAPL,198.905,198.875,199.09063720703125
2025-04-22 15:23:00,AAPL,198.8701,198.89,199.00413513183594
2025-04-22 15:24:00,AAPL,198.88,198.915,198.92578125
2025-04-22 15:25:00,AAPL,198.93,199.015,198.86007690429688
2025-04-22 15:26:00,AAPL,199.015,198.8116,198.8143768310547
2025-04-22 15:27:00,AAPL,198.81,198.63,198.76995849609375
2025-04-22 15:28:00,AAPL,198.6375,198.69,198.71681213378906
2025-04-22 15:29:00,AAPL,198.685,198.6202,198.66680908203125
2025-04-22 15:30:00,AAPL,198.63,198.59,198.6175994873047
2025-04-22 15:31:00,AAPL,198.61,198.5497,198.57046508789062
2025-04-22 15:32:00,AAPL,198.54,198.46,198.5254364013672
2025-04-22 15:33:00,AAPL,198.46,198.36,198.47869873046875
2025-04-22 15:34:00,AAPL,198.3599,198.315,198.42735290527344
2025-04-22 15:35:00,AAPL,198.3199,198.51,198.3738555908203
2025-04-22 15:36:00,AAPL,198.5,198.3197,198.33712768554688
2025-04-22 15:37:00,AAPL,198.3,198.27,198.2998809814453
2025-04-22 15:38:00,AAPL,198.27,198.15,198.26171875
2025-04-22 15:39:00,AAPL,198.14,198.06,198.21731567382812
2025-04-22 15:40:00,AAPL,198.05,198.2,198.16600036621094
2025-04-22 15:41:00,AAPL,198.19,198.35,198.12435913085938
2025-04-22 15:42:00,AAPL,198.36,198.76,198.1026611328125
2025-04-22 15:43:00,AAPL,198.79,198.9,198.12460327148438
2025-04-22 15:44:00,AAPL,198.88,198.891,198.1823272705078
2025-04-22 15:45:00,AAPL,198.86,199.24,198.25791931152344
2025-04-22 15:46:00,AAPL,199.24,199.16,198.36483764648438
2025-04-22 15:47:00,AAPL,199.16,199.415,198.4781494140625
2025-04-22 15:48:00,AAPL,199.41,199.34,198.60621643066406
2025-04-22 15:49:00,AAPL,199.36,199.4501,198.72909545898438
2025-04-22 15:50:00,AAPL,199.45,199.14,198.8482208251953
2025-04-22 15:51:00,AAPL,199.16,198.92,198.9342041015625
2025-04-22 15:52:00,AAPL,198.93,198.82,198.9776611328125
2025-04-22 15:53:00,AAPL,198.84,198.8576,198.9843292236328
2025-04-22 15:54:00,AAPL,198.9,199.38,198.97012329101562
2025-04-22 15:55:00,AAPL,199.37,199.365,198.9812469482422
2025-04-22 15:56:00,AAPL,199.38,199.7153,199.00550842285156
2025-04-22 15:57:00,AAPL,199.72,199.75,199.06118774414062
2025-04-22 15:58:00,AAPL,199.74,199.785,199.1345672607422
2025-04-22 15:59:00,AAPL,199.79,199.56,199.21607971191406
2025-04-23 09:30:00,AAPL,206.0,206.57,199.28050231933594
2025-04-23 09:31:00,AAPL,206.58,206.46,199.83509826660156
2025-04-23 09:32:00,AAPL,206.48,205.69,200.6446533203125
2025-04-23 09:33:00,AAPL,205.68,205.83,201.50033569335938
2025-04-23 09:34:00,AAPL,205.823,205.6355,202.33506774902344
2025-04-23 09:35:00,AAPL,205.66,205.695,203.08316040039062
2025-04-23 09:36:00,AAPL,205.68,205.05,203.72825622558594
2025-04-23 09:37:00,AAPL,205.04,207.1,204.21530151367188
2025-04-23 09:38:00,AAPL,206.9509,205.6968,204.71852111816406
2025-04-23 09:39:00,AAPL,205.69,205.33,205.08815002441406
2025-04-23 09:40:00,AAPL,205.33,206.055,205.32180786132812
2025-04-23 09:41:00,AAPL,206.075,206.685,205.50564575195312
2025-04-23 09:42:00,AAPL,206.7129,206.695,205.68753051757812
2025-04-23 09:43:00,AAPL,206.64,207.125,205.85211181640625
2025-04-23 09:44:00,AAPL,207.11,206.7,206.0230255126953
2025-04-23 09:45:00,AAPL,206.68,207.04,206.15158081054688
2025-04-23 09:46:00,AAPL,207.035,207.0175,206.2681884765625
2025-04-23 09:47:00,AAPL,207.02,206.8309,206.36480712890625
2025-04-23 09:48:00,AAPL,206.84,206.92,206.42674255371094
2025-04-23 09:49:00,AAPL,206.895,207.23,206.46792602539062
2025-04-23 09:50:00,AAPL,207.215,206.96,206.51419067382812
2025-04-23 09:51:00,AAPL,206.96,207.41,206.53854370117188
2025-04-23 09:52:00,AAPL,207.41,206.2499,206.57962036132812
2025-04-23 09:53:00,AAPL,206.21,206.79,206.5413818359375
2025-04-23 09:54:00,AAPL,206.77,206.4,206.49746704101562
2025-04-23 09:55:00,AAPL,206.4,206.12,206.42263793945312
2025-04-23 09:56:00,AAPL,206.07,206.63,206.3134002685547
2025-04-23 09:57:00,AAPL,206.625,206.72,206.22756958007812
2025-04-23 09:58:00,AAPL,206.71,206.86,206.16722106933594
2025-04-23 09:59:00,AAPL,206.92,207.38,206.13650512695312
2025-04-23 10:00:00,AAPL,207.3234,206.7,206.16363525390625
2025-04-23 10:01:00,AAPL,206.68,206.55,206.17398071289062
2025-04-23 10:02:00,AAPL,206.56,206.52,206.1635284423828
2025-04-23 10:03:00,AAPL,206.52,206.15,206.1390380859375
2025-04-23 10:04:00,AAPL,206.14,206.485,206.0806121826172
2025-04-23 10:05:00,AAPL,206.485,206.27,206.0304412841797
2025-04-23 10:06:00,AAPL,206.27,206.25,205.97251892089844
2025-04-23 10:07:00,AAPL,206.245,205.795,205.912841796875
2025-04-23 10:08:00,AAPL,205.795,206.22,205.8230743408203
2025-04-23 10:09:00,AAPL,206.25,206.105,205.75296020507812
2025-04-23 10:10:00,AAPL,206.12,206.26,205.6908416748047
2025-04-23 10:11:00,AAPL,206.27,206.48,205.6497039794922
2025-04-23 10:12:00,AAPL,206.465,206.85,205.64039611816406
2025-04-23 10:13:00,AAPL,206.85,206.325,205.67828369140625
2025-04-23 10:14:00,AAPL,206.3126,206.4,205.70407104492188
2025-04-23 10:15:00,AAPL,206.38,206.11,205.72732543945312
2025-04-23 10:16:00,AAPL,206.09,205.93,205.726318359375
2025-04-23 10:17:00,AAPL,205.92,205.75,205.69798278808594
2025-04-23 10:18:00,AAPL,205.775,205.82,205.64205932617188
2025-04-23 10:19:00,AAPL,205.865,206.295,205.57850646972656
2025-04-23 10:20:00,AAPL,206.2697,206.1,205.54928588867188
2025-04-23 10:21:00,AAPL,206.08,205.92,205.52835083007812
2025-04-23 10:22:00,AAPL,205.895,206.125,205.5013427734375
2025-04-23 10:23:00,AAPL,206.16,206.95,205.48788452148438
2025-04-23 10:24:00,AAPL,206.94,206.76,205.54371643066406
2025-04-23 10:25:00,AAPL,206.775,206.65,205.62342834472656
2025-04-23 10:26:00,AAPL,206.67,206.76,205.70480346679688
2025-04-23 10:27:00,AAPL,206.75,206.86,205.78990173339844
2025-04-23 10:28:00,AAPL,206.81,206.9,205.8785858154297
2025-04-23 10:29:00,AAPL,206.86,206.8162,205.9660186767578
2025-04-23 10:30:00,AAPL,206.81,206.91,206.0403594970703
2025-04-23 10:31:00,AAPL,206.895,207.03,206.1082305908203
2025-04-23 10:32:00,AAPL,207.01,207.14,206.17576599121094
2025-04-23 10:33:00,AAPL,207.145,207.5,206.24594116210938
2025-04-23 10:34:00,AAPL,207.48,207.4675,206.33859252929688
2025-04-23 10:35:00,AAPL,207.465,207.8,206.43528747558594
2025-04-23 10:36:00,AAPL,207.78,207.9175,206.5517120361328
2025-04-23 10:37:00,AAPL,207.9325,207.638,206.67979431152344
2025-04-23 10:38:00,AAPL,207.63,207.69,206.78509521484375
2025-04-23 10:39:00,AAPL,207.69,207.665,206.87290954589844
2025-04-23 10:40:00,AAPL,207.67,207.66,206.9413604736328
2025-04-23 10:41:00,AAPL,207.66,207.415,206.9922637939453
2025-04-23 10:42:00,AAPL,207.425,207.48,207.01034545898438
2025-04-23 10:43:00,AAPL,207.48,207.79,207.01158142089844
2025-04-23 10:44:00,AAPL,207.775,207.72,207.0242462158203
2025-04-23 10:45:00,AAPL,207.735,207.67,207.03689575195312
2025-04-23 10:46:00,AAPL,207.68,207.68,207.04464721679688
2025-04-23 10:47:00,AAPL,207.69,207.59,207.0492706298828
2025-04-23 10:48:00,AAPL,207.59,207.55,207.04473876953125
2025-04-23 10:49:00,AAPL,207.55,207.3252,207.03176879882812
2025-04-23 10:50:00,AAPL,207.36,207.01,206.99790954589844
2025-04-23 10:51:00,AAPL,207.0015,207.24,206.9307403564453
2025-04-23 10:52:00,AAPL,207.235,207.41,206.8648681640625
2025-04-23 10:53:00,AAPL,207.4177,207.175,206.81619262695312
2025-04-23 10:54:00,AAPL,207.14,207.12,206.76393127441406
2025-04-23 10:55:00,AAPL,207.138,207.135,206.7095184326172
2025-04-23 10:56:00,AAPL,207.16,207.1,206.65879821777344
2025-04-23 10:57:00,AAPL,207.17,207.1,206.61141967773438
2025-04-23 10:58:00,AAPL,207.16,206.9,206.569580078125
2025-04-23 10:59:00,AAPL,206.9,206.9,206.51962280273438
2025-04-23 11:00:00,AAPL,206.93,206.935,206.46871948242188
2025-04-23 11:01:00,AAPL,206.91,206.9331,206.4235076904297
2025-04-23 11:02:00,AAPL,206.89,206.65,206.38499450683594
2025-04-23 11:03:00,AAPL,206.68,207.04,206.3328857421875
2025-04-23 11:04:00,AAPL,207.055,207.3112,206.30520629882812
2025-04-23 11:05:00,AAPL,207.3,207.18,206.31385803222656
2025-04-23 11:06:00,AAPL,207.2024,207.37,206.3345489501953
2025-04-23 11:07:00,AAPL,207.34,207.2387,206.37559509277344
2025-04-23 11:08:00,AAPL,207.23,207.215,206.4167022705078
2025-04-23 11:09:00,AAPL,207.21,207.08,206.45370483398438
2025-04-23 11:10:00,AAPL,207.08,206.82,206.4759521484375
2025-04-23 11:11:00,AAPL,206.83,206.5911,206.4689178466797
2025-04-23 11:12:00,AAPL,206.6,206.64,206.42813110351562
2025-04-23 11:13:00,AAPL,206.67,206.86,206.3733367919922
2025-04-23 11:14:00,AAPL,206.87,206.82,206.32968139648438
2025-04-23 11:15:00,AAPL,206.83,206.77,206.29257202148438
2025-04-23 11:16:00,AAPL,206.76,206.51,206.25856018066406
2025-04-23 11:17:00,AAPL,206.51,206.415,206.21002197265625
2025-04-23 11:18:00,AAPL,206.4065,206.48,206.14955139160156
2025-04-23 11:19:00,AAPL,206.46,206.36,206.09095764160156
2025-04-23 11:20:00,AAPL,206.35,206.32,206.0288543701172
2025-04-23 11:21:00,AAPL,206.325,206.465,205.96640014648438
2025-04-23 11:22:00,AAPL,206.46,206.52,205.9188995361328
2025-04-23 11:23:00,AAPL,206.515,205.7,205.887939453125
2025-04-23 11:24:00,AAPL,205.7,205.569,205.8096466064453
2025-04-23 11:25:00,AAPL,205.52,205.61,205.6997528076172
2025-04-23 11:26:00,AAPL,205.62,205.005,205.5814666748047
2025-04-23 11:27:00,AAPL,204.98,204.6698,205.42227172851562
2025-04-23 11:28:00,AAPL,204.62,204.1392,205.22573852539062
2025-04-23 11:29:00,AAPL,204.145,204.63,204.98194885253906
2025-04-23 11:30:00,AAPL,204.625,204.7401,204.7630157470703
2025-04-23 11:31:00,AAPL,204.778,204.526,204.58233642578125
2025-04-23 11:32:00,AAPL,204.535,204.29,204.42266845703125
2025-04-23 11:33:00,AAPL,204.28,204.62,204.27096557617188
2025-04-23 11:34:00,AAPL,204.62,204.79,204.1599884033203
2025-04-23 11:35:00,AAPL,204.77,204.34,204.09469604492188
2025-04-23 11:36:00,AAPL,204.37,204.51,204.03013610839844
2025-04-23 11:37:00,AAPL,204.48,204.735,203.98448181152344
2025-04-23 11:38:00,AAPL,204.75,204.7714,203.9707794189453
2025-04-23 11:39:00,AAPL,204.77,204.925,203.9810028076172
2025-04-23 11:40:00,AAPL,204.91,205.13,204.0172119140625
2025-04-23 11:41:00,AAPL,205.13,205.045,204.08245849609375
2025-04-23 11:42:00,AAPL,205.05,204.89,204.15525817871094
2025-04-23 11:43:00,AAPL,204.91,204.84,204.217041015625
2025-04-23 11:44:00,AAPL,204.82,204.87,204.2646942138672
2025-04-23 11:45:00,AAPL,204.8749,205.14,204.30288696289062
2025-04-23 11:46:00,AAPL,205.11,204.64,204.35240173339844
2025-04-23 11:47:00,AAPL,204.635,204.7001,204.36868286132812
2025-04-23 11:48:00,AAPL,204.7,204.2047,204.36846923828125
2025-04-23 11:49:00,AAPL,204.245,204.079,204.3218231201172
2025-04-23 11:50:00,AAPL,204.09,204.2701,204.24127197265625
2025-04-23 11:51:00,AAPL,204.29,204.13,204.15940856933594
2025-04-23 11:52:00,AAPL,204.1174,203.98,204.07183837890625
2025-04-23 11:53:00,AAPL,204.01,203.86,203.97607421875
2025-04-23 11:54:00,AAPL,203.8504,204.0584,203.87344360351562
2025-04-23 11:55:00,AAPL,204.11,204.47,203.7884521484375
2025-04-23 11:56:00,AAPL,204.5,204.44,203.75013732910156
2025-04-23 11:57:00,AAPL,204.4447,204.575,203.74085998535156
2025-04-23 11:58:00,AAPL,204.6095,204.4425,203.76039123535156
2025-04-23 11:59:00,AAPL,204.43,204.27,203.7869110107422
2025-04-23 12:00:00,AAPL,204.27,204.065,203.80389404296875
2025-04-23 12:01:00,AAPL,204.02,203.86,203.79934692382812
2025-04-23 12:02:00,AAPL,203.8487,203.6744,203.7674560546875
2025-04-23 12:03:00,AAPL,203.7,204.04,203.707763671875
2025-04-23 12:04:00,AAPL,204.06,204.15,203.66209411621094
2025-04-23 12:05:00,AAPL,204.11,204.13,203.6358642578125
2025-04-23 12:06:00,AAPL,204.17,203.835,203.62200927734375
2025-04-23 12:07:00,AAPL,203.8,203.92,203.59547424316406
2025-04-23 12:08:00,AAPL,203.9219,203.774,203.5697479248047
2025-04-23 12:09:00,AAPL,203.7754,203.76,203.5357208251953
2025-04-23 12:10:00,AAPL,203.7206,203.96,203.49826049804688
2025-04-23 12:11:00,AAPL,203.955,203.775,203.47607421875
2025-04-23 12:12:00,AAPL,203.79,203.675,203.45126342773438
2025-04-23 12:13:00,AAPL,203.695,203.82,203.4197235107422
2025-04-23 12:14:00,AAPL,203.84,203.82,203.39707946777344
2025-04-23 12:15:00,AAPL,203.81,203.69,203.38150024414062
2025-04-23 12:16:00,AAPL,203.69,203.69,203.36209106445312
2025-04-23 12:17:00,AAPL,203.6707,203.44,203.34201049804688
2025-04-23 12:18:00,AAPL,203.45,203.14,203.30490112304688
2025-04-23 12:19:00,AAPL,203.16,203.02,203.23843383789062
2025-04-23 12:20:00,AAPL,203.045,202.99,203.15023803710938
2025-04-23 12:21:00,AAPL,202.9783,202.9,203.05287170410156
2025-04-23 12:22:00,AAPL,202.89,202.855,202.95021057128906
2025-04-23 12:23:00,AAPL,202.85,203.09,202.84844970703125
2025-04-23 12:24:00,AAPL,203.08,203.1,202.77169799804688
2025-04-23 12:25:00,AAPL,203.12,203.09,202.71646118164062
2025-04-23 12:26:00,AAPL,203.09,202.9075,202.67803955078125
2025-04-23 12:27:00,AAPL,202.915,203.25,202.6398162841797
2025-04-23 12:28:00,AAPL,203.27,203.92,202.62991333007812
2025-04-23 12:29:00,AAPL,203.94,204.11,202.68701171875
2025-04-23 12:30:00,AAPL,204.125,204.33,202.79501342773438
2025-04-23 12:31:00,AAPL,204.31,204.05,202.94320678710938
2025-04-23 12:32:00,AAPL,204.05,203.87,203.085693359375
2025-04-23 12:33:00,AAPL,203.865,203.948,203.2021942138672
2025-04-23 12:34:00,AAPL,203.9,203.91,203.30052185058594
2025-04-23 12:35:00,AAPL,203.9092,204.17,203.37786865234375
2025-04-23 12:36:00,AAPL,204.1686,204.32,203.45567321777344
2025-04-23 12:37:00,AAPL,204.32,204.33,203.5386505126953
2025-04-23 12:38:00,AAPL,204.3286,204.405,203.6192626953125
2025-04-23 12:39:00,AAPL,204.4001,204.31,203.69789123535156
2025-04-23 12:40:00,AAPL,204.32,204.4,203.762451171875
2025-04-23 12:41:00,AAPL,204.4015,204.08,203.820068359375
2025-04-23 12:42:00,AAPL,204.07,204.06,203.8455352783203
2025-04-23 12:43:00,AAPL,204.068,204.23,203.84786987304688
2025-04-23 12:44:00,AAPL,204.23,204.135,203.84776306152344
2025-04-23 12:45:00,AAPL,204.1341,204.3698,203.8385467529297
2025-04-23 12:46:00,AAPL,204.33,204.1,203.8411865234375
2025-04-23 12:47:00,AAPL,204.11,204.105,203.83059692382812
2025-04-23 12:48:00,AAPL,204.11,203.9,203.81307983398438
2025-04-23 12:49:00,AAPL,203.882,203.63,203.77725219726562
2025-04-23 12:50:00,AAPL,203.625,203.69,203.71299743652344
2025-04-23 12:51:00,AAPL,203.71,203.95,203.64022827148438
2025-04-23 12:52:00,AAPL,203.955,204.005,203.58595275878906
2025-04-23 12:53:00,AAPL,204.03,204.15,203.5504608154297
2025-04-23 12:54:00,AAPL,204.15,204.13,203.53952026367188
2025-04-23 12:55:00,AAPL,204.1192,204.42,203.54293823242188
2025-04-23 12:56:00,AAPL,204.42,204.56,203.57627868652344
2025-04-23 12:57:00,AAPL,204.57,204.8978,203.6357421875
2025-04-23 12:58:00,AAPL,204.94,204.7,203.7317657470703
2025-04-23 12:59:00,AAPL,204.68,204.76,203.8289794921875
2025-04-23 13:00:00,AAPL,204.75,204.3099,203.9248809814453
2025-04-23 13:01:00,AAPL,204.31,204.31,203.98036193847656
2025-04-23 13:02:00,AAPL,204.34,204.39,204.00759887695312
2025-04-23 13:03:00,AAPL,204.405,204.5025,204.0211181640625
2025-04-23 13:04:00,AAPL,204.5,204.48,204.03306579589844
2025-04-23 13:05:00,AAPL,204.46,204.585,204.0411376953125
2025-04-23 13:06:00,AAPL,204.59,204.68,204.05369567871094
2025-04-23 13:07:00,AAPL,204.68,204.73,204.07470703125
2025-04-23 13:08:00,AAPL,204.75,204.97,204.10276794433594
2025-04-23 13:09:00,AAPL,204.96,204.92,204.15048217773438
2025-04-23 13:10:00,AAPL,204.92,204.9401,204.20286560058594
2025-04-23 13:11:00,AAPL,204.955,204.72,204.255859375
2025-04-23 13:12:00,AAPL,204.72,204.69,204.28933715820312
2025-04-23 13:13:00,AAPL,204.75,204.72,204.30633544921875
2025-04-23 13:14:00,AAPL,204.74,204.9481,204.31399536132812
2025-04-23 13:15:00,AAPL,204.92,204.95,204.3317108154297
2025-04-23 13:16:00,AAPL,204.94,205.06,204.3539581298828
2025-04-23 13:17:00,AAPL,205.0677,205.06,204.3852996826172
2025-04-23 13:18:00,AAPL,205.08,205.08,204.41970825195312
2025-04-23 13:19:00,AAPL,205.08,205.0805,204.45489501953125
2025-04-23 13:20:00,AAPL,205.12,205.14,204.4879608154297
2025-04-23 13:21:00,AAPL,205.1262,205.17,204.52154541015625
2025-04-23 13:22:00,AAPL,205.1797,205.09,204.5550537109375
2025-04-23 13:23:00,AAPL,205.09,205.05,204.58009338378906
2025-04-23 13:24:00,AAPL,205.0276,205.17,204.59519958496094
2025-04-23 13:25:00,AAPL,205.1822,205.41,204.61167907714844
2025-04-23 13:26:00,AAPL,205.3904,205.17,204.64501953125
2025-04-23 13:27:00,AAPL,205.16,205.31,204.6683807373047
2025-04-23 13:28:00,AAPL,205.33,205.19,204.69432067871094
2025-04-23 13:29:00,AAPL,205.175,204.94,204.7109375
2025-04-23 13:30:00,AAPL,204.99,205.2219,204.702392578125
2025-04-23 13:31:00,AAPL,205.25,205.105,204.69969177246094
2025-04-23 13:32:00,AAPL,205.12,205.13,204.69161987304688
2025-04-23 13:33:00,AAPL,205.1201,204.9,204.68264770507812
2025-04-23 13:34:00,AAPL,204.91,204.84,204.6567840576172
2025-04-23 13:35:00,AAPL,204.86,204.73,204.6181640625
2025-04-23 13:36:00,AAPL,204.74,204.6824,204.56631469726562
2025-04-23 13:37:00,AAPL,204.67,204.32,204.5065155029297
2025-04-23 13:38:00,AAPL,204.32,204.36,204.41957092285156
2025-04-23 13:39:00,AAPL,204.34,204.4,204.32537841796875
2025-04-23 13:40:00,AAPL,204.4002,204.33,204.2361297607422
2025-04-23 13:41:00,AAPL,204.35,204.37,204.15109252929688
2025-04-23 13:42:00,AAPL,204.3728,204.44,204.07774353027344
2025-04-23 13:43:00,AAPL,204.44,204.58,204.02198791503906
2025-04-23 13:44:00,AAPL,204.5813,204.67,203.99139404296875
2025-04-23 13:45:00,AAPL,204.675,204.441,203.98513793945312
2025-04-23 13:46:00,AAPL,204.46,204.685,203.97793579101562
2025-04-23 13:47:00,AAPL,204.65,204.54,203.98910522460938
2025-04-23 13:48:00,AAPL,204.56,204.45,204.00030517578125
2025-04-23 13:49:00,AAPL,204.4406,204.6,204.00466918945312
2025-04-23 13:50:00,AAPL,204.58,204.61,204.01583862304688
2025-04-23 13:51:00,AAPL,204.649,204.8,204.0311737060547
2025-04-23 13:52:00,AAPL,204.76,204.9,204.06199645996094
2025-04-23 13:53:00,AAPL,204.9,205.09,204.10743713378906
2025-04-23 13:54:00,AAPL,205.0891,205.2569,204.17257690429688
2025-04-23 13:55:00,AAPL,205.34,205.34,204.25730895996094
2025-04-23 13:56:00,AAPL,205.38,205.62,204.3541259765625
2025-04-23 13:57:00,AAPL,205.62,205.55,204.4719696044922
2025-04-23 13:58:00,AAPL,205.59,205.45,204.58900451660156
2025-04-23 13:59:00,AAPL,205.4697,205.3901,204.6900634765625
2025-04-23 14:00:00,AAPL,205.39,205.4003,204.76979064941406
2025-04-23 14:01:00,AAPL,205.405,205.39,204.83131408691406
2025-04-23 14:02:00,AAPL,205.38,205.135,204.87619018554688
2025-04-23 14:03:00,AAPL,205.14,204.73,204.8886260986328
2025-04-23 14:04:00,AAPL,204.7,205.07,204.85060119628906
2025-04-23 14:05:00,AAPL,205.04,204.97,204.80906677246094
2025-04-23 14:06:00,AAPL,205.0,204.74,204.75999450683594
2025-04-23 14:07:00,AAPL,204.78,204.7287,204.6926727294922
2025-04-23 14:08:00,AAPL,204.71,204.915,204.61805725097656
2025-04-23 14:09:00,AAPL,204.93,204.88,204.55746459960938
2025-04-23 14:10:00,AAPL,204.87,204.9312,204.5068359375
2025-04-23 14:11:00,AAPL,204.935,205.08,204.4695587158203
2025-04-23 14:12:00,AAPL,205.08,205.12,204.45401000976562
2025-04-23 14:13:00,AAPL,205.1345,205.2,204.4556884765625
2025-04-23 14:14:00,AAPL,205.208,205.03,204.4738311767578
2025-04-23 14:15:00,AAPL,205.05,205.25,204.488525390625
2025-04-23 14:16:00,AAPL,205.25,205.18,204.51649475097656
2025-04-23 14:17:00,AAPL,205.18,205.02,204.54541015625
2025-04-23 14:18:00,AAPL,205.035,204.76,204.56143188476562
2025-04-23 14:19:00,AAPL,204.75,204.811,204.54971313476562
2025-04-23 14:20:00,AAPL,204.81,205.06,204.52581787109375
2025-04-23 14:21:00,AAPL,205.06,205.195,204.5141143798828
2025-04-23 14:22:00,AAPL,205.195,205.12,204.52020263671875
2025-04-23 14:23:00,AAPL,205.1,204.655,204.5311737060547
2025-04-23 14:24:00,AAPL,204.65,204.68,204.51063537597656
2025-04-23 14:25:00,AAPL,204.68,204.4498,204.474609375
2025-04-23 14:26:00,AAPL,204.435,204.5299,204.41468811035156
2025-04-23 14:27:00,AAPL,204.47,204.555,204.35037231445312
2025-04-23 14:28:00,AAPL,204.53,204.46,204.28955078125
2025-04-23 14:29:00,AAPL,204.45,204.4824,204.22816467285156
2025-04-23 14:30:00,AAPL,204.47,204.61,204.17257690429688
2025-04-23 14:31:00,AAPL,204.64,204.9,204.1338653564453
2025-04-23 14:32:00,AAPL,204.91,204.84,204.12939453125
2025-04-23 14:33:00,AAPL,204.8275,204.76,204.1417999267578
2025-04-23 14:34:00,AAPL,204.755,204.68,204.15834045410156
2025-04-23 14:35:00,AAPL,204.68,204.6659,204.17079162597656
2025-04-23 14:36:00,AAPL,204.715,204.74,204.17913818359375
2025-04-23 14:37:00,AAPL,204.75,204.65,204.1899871826172
2025-04-23 14:38:00,AAPL,204.64,204.67,204.19508361816406
2025-04-23 14:39:00,AAPL,204.66,204.73,204.1979522705078
2025-04-23 14:40:00,AAPL,204.73,204.625,204.2036895751953
2025-04-23 14:41:00,AAPL,204.615,204.55,204.2030792236328
2025-04-23 14:42:00,AAPL,204.54,204.5599,204.19334411621094
2025-04-23 14:43:00,AAPL,204.55,204.4312,204.1794891357422
2025-04-23 14:44:00,AAPL,204.43,204.32,204.1547088623047
2025-04-23 14:45:00,AAPL,204.32,204.48,204.11695861816406
2025-04-23 14:46:00,AAPL,204.4844,204.3475,204.08567810058594
2025-04-23 14:47:00,AAPL,204.35,204.63,204.0507049560547
2025-04-23 14:48:00,AAPL,204.6329,204.67,204.03672790527344
2025-04-23 14:49:00,AAPL,204.6656,204.67,204.03927612304688
2025-04-23 14:50:00,AAPL,204.67,204.49,204.05189514160156
2025-04-23 14:51:00,AAPL,204.4935,204.4604,204.05690002441406
2025-04-23 14:52:00,AAPL,204.46,204.53,204.0550537109375
2025-04-23 14:53:00,AAPL,204.51,204.423,204.05429077148438
2025-04-23 14:54:00,AAPL,204.42,204.48,204.04644775390625
2025-04-23 14:55:00,AAPL,204.485,204.67,204.03912353515625
2025-04-23 14:56:00,AAPL,204.66,204.9801,204.04644775390625
2025-04-23 14:57:00,AAPL,205.05,204.83,204.08468627929688
2025-04-23 14:58:00,AAPL,204.8305,205.06,204.12806701660156
2025-04-23 14:59:00,AAPL,205.04,204.74,204.18856811523438
2025-04-23 15:00:00,AAPL,204.72,205.09,204.23190307617188
2025-04-23 15:01:00,AAPL,205.0789,204.87,204.28753662109375
2025-04-23 15:02:00,AAPL,204.8784,204.68,204.33029174804688
2025-04-23 15:03:00,AAPL,204.67,204.715,204.34854125976562
2025-04-23 15:04:00,AAPL,204.745,204.46,204.35302734375
2025-04-23 15:05:00,AAPL,204.4611,204.66,204.32989501953125
2025-04-23 15:06:00,AAPL,204.67,204.745,204.30612182617188
2025-04-23 15:07:00,AAPL,204.745,204.91,204.28927612304688
2025-04-23 15:08:00,AAPL,204.9099,204.96,204.28964233398438
2025-04-23 15:09:00,AAPL,204.9433,204.76,204.30393981933594
2025-04-23 15:10:00,AAPL,204.785,204.6,204.31109619140625
2025-04-23 15:11:00,AAPL,204.62,204.83,204.30194091796875
2025-04-23 15:12:00,AAPL,204.81,204.54,204.30030822753906
2025-04-23 15:13:00,AAPL,204.51,204.46,204.28192138671875
2025-04-23 15:14:00,AAPL,204.475,204.45,204.2489776611328
2025-04-23 15:15:00,AAPL,204.44,204.3,204.20872497558594
2025-04-23 15:16:00,AAPL,204.31,204.3807,204.15574645996094
2025-04-23 15:17:00,AAPL,204.36,204.535,204.10470581054688
2025-04-23 15:18:00,AAPL,204.54,204.495,204.069580078125
2025-04-23 15:19:00,AAPL,204.52,204.4299,204.0436248779297
2025-04-23 15:20:00,AAPL,204.4,204.335,204.02056884765625
2025-04-23 15:21:00,AAPL,204.32,204.36,203.99423217773438
2025-04-23 15:22:00,AAPL,204.38,204.03,203.96978759765625
2025-04-23 15:23:00,AAPL,204.0081,203.93,203.92428588867188
2025-04-23 15:24:00,AAPL,203.91,203.85,203.86227416992188
2025-04-23 15:25:00,AAPL,203.8402,203.7203,203.788818359375
2025-04-23 15:26:00,AAPL,203.7189,203.91,203.70419311523438
2025-04-23 15:27:00,AAPL,203.9,203.98,203.63272094726562
2025-04-23 15:28:00,AAPL,203.98,203.985,203.57937622070312
2025-04-23 15:29:00,AAPL,203.985,204.01,203.54148864746094
2025-04-23 15:30:00,AAPL,204.0309,204.12,203.51788330078125
2025-04-23 15:31:00,AAPL,204.115,204.45,203.51304626464844
2025-04-23 15:32:00,AAPL,204.44,204.21,203.54437255859375
2025-04-23 15:33:00,AAPL,204.2295,204.4485,203.57830810546875
2025-04-23 15:34:00,AAPL,204.43,204.121,203.62948608398438
2025-04-23 15:35:00,AAPL,204.12,203.83,203.66383361816406
2025-04-23 15:36:00,AAPL,203.83,203.765,203.66485595703125
2025-04-23 15:37:00,AAPL,203.76,203.72,203.6409454345703
2025-04-23 15:38:00,AAPL,203.74,203.675,203.60020446777344
2025-04-23 15:39:00,AAPL,203.65,203.94,203.54864501953125
2025-04-23 15:40:00,AAPL,203.95,204.13,203.5133819580078
2025-04-23 15:41:00,AAPL,204.1556,204.2359,203.50413513183594
2025-04-23 15:42:00,AAPL,204.25,204.13,203.51914978027344
2025-04-23 15:43:00,AAPL,204.13,204.12,203.54039001464844
2025-04-23 15:44:00,AAPL,204.12,204.23,203.5635223388672
2025-04-23 15:45:00,AAPL,204.225,204.38,203.59442138671875
2025-04-23 15:46:00,AAPL,204.37,204.1,203.63877868652344
2025-04-23 15:47:00,AAPL,204.14,204.4,203.6678466796875
2025-04-23 15:48:00,AAPL,204.38,204.56,203.70773315429688
2025-04-23 15:49:00,AAPL,204.545,204.6,203.76275634765625
2025-04-23 15:50:00,AAPL,204.65,205.37,203.82595825195312
2025-04-23 15:51:00,AAPL,205.38,205.14,203.94578552246094
2025-04-23 15:52:00,AAPL,205.12,205.44,204.0743865966797
2025-04-23 15:53:00,AAPL,205.45,205.44,204.22149658203125
2025-04-23 15:54:00,AAPL,205.46,205.44,204.36920166015625
2025-04-23 15:55:00,AAPL,205.44,205.2,204.50672912597656
2025-04-23 15:56:00,AAPL,205.21,204.98,204.6105194091797
2025-04-23 15:57:00,AAPL,204.9979,204.87,204.67010498046875
2025-04-23 15:58:00,AAPL,204.88,204.85,204.69003295898438
2025-04-23 15:59:00,AAPL,204.87,204.36,204.68223571777344
2025-04-24 09:30:00,AAPL,204.89,204.71,204.6214599609375
2025-04-24 09:31:00,AAPL,204.745,205.28,204.55796813964844
2025-04-24 09:32:00,AAPL,205.24,204.935,204.53770446777344
2025-04-24 09:33:00,AAPL,204.939,204.5094,204.51905822753906
2025-04-24 09:34:00,AAPL,204.44,204.45,204.471923828125
2025-04-24 09:35:00,AAPL,204.445,204.06,204.40660095214844
2025-04-24 09:36:00,AAPL,204.065,203.925,204.30601501464844
2025-04-24 09:37:00,AAPL,203.925,203.75,204.1812744140625
2025-04-24 09:38:00,AAPL,203.73,203.2829,204.03762817382812
2025-04-24 09:39:00,AAPL,203.27,203.595,203.8584747314453
2025-04-24 09:40:00,AAPL,203.595,203.87,203.69334411621094
2025-04-24 09:41:00,AAPL,203.875,204.26,203.5680694580078
2025-04-24 09:42:00,AAPL,204.28,204.48,203.50448608398438
2025-04-24 09:43:00,AAPL,204.49,204.62,203.49940490722656
2025-04-24 09:44:00,AAPL,204.59,204.53,203.5413360595703
2025-04-24 09:45:00,AAPL,204.53,204.76,203.60328674316406
2025-04-24 09:46:00,AAPL,204.815,205.1486,203.69076538085938
2025-04-24 09:47:00,AAPL,205.16,204.94,203.8164520263672
2025-04-24 09:48:00,AAPL,204.9,204.495,203.94168090820312
2025-04-24 09:49:00,AAPL,204.495,204.6174,204.02606201171875
2025-04-24 09:50:00,AAPL,204.62,204.8311,204.08901977539062
2025-04-24 09:51:00,AAPL,204.85,205.1188,204.14974975585938
2025-04-24 09:52:00,AAPL,205.1197,205.075,204.22543334960938
2025-04-24 09:53:00,AAPL,205.08,204.79,204.30130004882812
2025-04-24 09:54:00,AAPL,204.8,204.755,204.35108947753906
2025-04-24 09:55:00,AAPL,204.75,204.875,204.37890625
2025-04-24 09:56:00,AAPL,204.9,205.06,204.3997344970703
2025-04-24 09:57:00,AAPL,205.08,205.05,204.4277801513672
2025-04-24 09:58:00,AAPL,205.05,205.289,204.45701599121094
2025-04-24 09:59:00,AAPL,205.305,205.59,204.50210571289062
2025-04-24 10:00:00,AAPL,205.57,205.52,204.57516479492188
2025-04-24 10:01:00,AAPL,205.5212,205.625,204.65457153320312
2025-04-24 10:02:00,AAPL,205.6001,205.7,204.73989868164062
2025-04-24 10:03:00,AAPL,205.69,205.73,204.8280029296875
2025-04-24 10:04:00,AAPL,205.7212,205.795,204.9134521484375
2025-04-24 10:05:00,AAPL,205.8,205.65,204.99569702148438
2025-04-24 10:06:00,AAPL,205.651,205.6,205.05918884277344
2025-04-24 10:07:00,AAPL,205.5884,205.835,205.10284423828125
2025-04-24 10:08:00,AAPL,205.82,205.8,205.1480255126953
2025-04-24 10:09:00,AAPL,205.79,205.95,205.1876220703125
2025-04-24 10:10:00,AAPL,205.89,205.61,205.23159790039062
2025-04-24 10:11:00,AAPL,205.63,205.71,205.24972534179688
2025-04-24 10:12:00,AAPL,205.71,205.49,205.25808715820312
2025-04-24 10:13:00,AAPL,205.495,205.75,205.2432403564453
2025-04-24 10:14:00,AAPL,205.77,205.74,205.2340545654297
2025-04-24 10:15:00,AAPL,205.7499,205.7,205.22750854492188
2025-04-24 10:16:00,AAPL,205.68,205.56,205.21986389160156
2025-04-24 10:17:00,AAPL,205.55,205.42,205.20169067382812
2025-04-24 10:18:00,AAPL,205.5,205.535,205.1680908203125
2025-04-24 10:19:00,AAPL,205.53,205.66,205.1357879638672
2025-04-24 10:20:00,AAPL,205.66,205.77,205.1152801513672
2025-04-24 10:21:00,AAPL,205.755,205.52,205.11126708984375
2025-04-24 10:22:00,AAPL,205.515,205.46,205.0992431640625
2025-04-24 10:23:00,AAPL,205.465,205.6,205.07911682128906
2025-04-24 10:24:00,AAPL,205.59,205.5612,205.06573486328125
2025-04-24 10:25:00,AAPL,205.59,205.45,205.05438232421875
2025-04-24 10:26:00,AAPL,205.455,205.6,205.03709411621094
2025-04-24 10:27:00,AAPL,205.5776,206.14,205.02845764160156
2025-04-24 10:28:00,AAPL,206.15,206.2,205.0649871826172
2025-04-24 10:29:00,AAPL,206.2,206.32,205.13040161132812
2025-04-24 10:30:00,AAPL,206.29,206.29,205.21788024902344
2025-04-24 10:31:00,AAPL,206.305,206.2434,205.310546875
2025-04-24 10:32:00,AAPL,206.265,206.34,205.39663696289062
2025-04-24 10:33:00,AAPL,206.34,206.39,205.47976684570312
2025-04-24 10:34:00,AAPL,206.39,206.365,205.55862426757812
2025-04-24 10:35:00,AAPL,206.38,206.4588,205.62725830078125
2025-04-24 10:36:00,AAPL,206.44,206.515,205.69143676757812
2025-04-24 10:37:00,AAPL,206.515,206.4957,205.7520294189453
2025-04-24 10:38:00,AAPL,206.485,206.29,205.80435180664062
2025-04-24 10:39:00,AAPL,206.3,206.11,205.8325958251953
2025-04-24 10:40:00,AAPL,206.11,206.1003,205.8308868408203
2025-04-24 10:41:00,AAPL,206.11,206.0012,205.81002807617188
2025-04-24 10:42:00,AAPL,206.01,205.93,205.771240234375
2025-04-24 10:43:00,AAPL,205.9262,205.65,205.71868896484375
2025-04-24 10:44:00,AAPL,205.6284,205.49,205.64071655273438
2025-04-24 10:45:00,AAPL,205.49,205.42,205.54103088378906
2025-04-24 10:46:00,AAPL,205.415,205.405,205.4298858642578
2025-04-24 10:47:00,AAPL,205.4,205.4093,205.3183135986328
2025-04-24 10:48:00,AAPL,205.36,205.3895,205.21456909179688
2025-04-24 10:49:00,AAPL,205.4,205.6385,205.12149047851562
2025-04-24 10:50:00,AAPL,205.645,205.55,205.05987548828125
2025-04-24 10:51:00,AAPL,205.55,205.6539,205.01536560058594
2025-04-24 10:52:00,AAPL,205.68,205.54,204.99261474609375
2025-04-24 10:53:00,AAPL,205.53,205.72,204.97674560546875
2025-04-24 10:54:00,AAPL,205.7,205.792,204.97996520996094
2025-04-24 10:55:00,AAPL,205.79,206.025,205.0000762939453
2025-04-24 10:56:00,AAPL,206.01,205.99,205.04644775390625
2025-04-24 10:57:00,AAPL,206.01,205.93,205.10321044921875
2025-04-24 10:58:00,AAPL,205.98,205.965,205.1583709716797
2025-04-24 10:59:00,AAPL,205.97,205.955,205.21156311035156
2025-04-24 11:00:00,AAPL,205.96,205.91,205.2592010498047
2025-04-24 11:01:00,AAPL,205.91,205.6885,205.29685974121094
2025-04-24 11:02:00,AAPL,205.7034,205.5349,205.3096466064453
2025-04-24 11:03:00,AAPL,205.53,205.4904,205.2952880859375
2025-04-24 11:04:00,AAPL,205.52,205.84,205.2620849609375
2025-04-24 11:05:00,AAPL,205.855,205.885,205.2449951171875
2025-04-24 11:06:00,AAPL,205.86,205.7899,205.24163818359375
2025-04-24 11:07:00,AAPL,205.82,205.69,205.2399139404297
2025-04-24 11:08:00,AAPL,205.7157,205.78,205.23214721679688
2025-04-24 11:09:00,AAPL,205.78,205.72,205.22789001464844
2025-04-24 11:10:00,AAPL,205.75,205.715,205.22157287597656
2025-04-24 11:11:00,AAPL,205.705,206.06,205.21414184570312
2025-04-24 11:12:00,AAPL,206.0467,206.075,205.231689453125
2025-04-24 11:13:00,AAPL,206.075,206.2025,205.2639923095703
2025-04-24 11:14:00,AAPL,206.2024,206.11,205.31246948242188
2025-04-24 11:15:00,AAPL,206.12,206.375,205.360595703125
2025-04-24 11:16:00,AAPL,206.36,206.32,205.4246368408203
2025-04-24 11:17:00,AAPL,206.33,206.18,205.48956298828125
2025-04-24 11:18:00,AAPL,206.18,206.135,205.54031372070312
2025-04-24 11:19:00,AAPL,206.14,206.15,205.5756378173828
2025-04-24 11:20:00,AAPL,206.15,206.19,205.59996032714844
2025-04-24 11:21:00,AAPL,206.1847,206.23,205.61849975585938
2025-04-24 11:22:00,AAPL,206.25,206.18,205.63482666015625
2025-04-24 11:23:00,AAPL,206.17,206.04,205.6446990966797
2025-04-24 11:24:00,AAPL,206.02,206.045,205.63955688476562
2025-04-24 11:25:00,AAPL,206.05,205.81,205.62591552734375
2025-04-24 11:26:00,AAPL,205.805,205.87,205.59060668945312
2025-04-24 11:27:00,AAPL,205.89,205.83,205.5489959716797
2025-04-24 11:28:00,AAPL,205.81,205.8301,205.5032196044922
2025-04-24 11:29:00,AAPL,205.85,205.925,205.45803833007812
2025-04-24 11:30:00,AAPL,205.885,205.735,205.4232177734375
2025-04-24 11:31:00,AAPL,205.74,205.8,205.3831787109375
2025-04-24 11:32:00,AAPL,205.7992,205.91,205.34780883789062
2025-04-24 11:33:00,AAPL,205.93,205.975,205.32577514648438
2025-04-24 11:34:00,AAPL,205.99,206.135,205.31814575195312
2025-04-24 11:35:00,AAPL,206.12,206.12,205.3316650390625
2025-04-24 11:36:00,AAPL,206.1,206.2435,205.35604858398438
2025-04-24 11:37:00,AAPL,206.25,206.25,205.3946533203125
2025-04-24 11:38:00,AAPL,206.2559,206.34,205.4397430419922
2025-04-24 11:39:00,AAPL,206.3699,206.26,205.49234008789062
2025-04-24 11:40:00,AAPL,206.265,206.08,205.54002380371094
2025-04-24 11:41:00,AAPL,206.1,206.08,205.56832885742188
2025-04-24 11:42:00,AAPL,206.09,206.03,205.5830078125
2025-04-24 11:43:00,AAPL,206.04,206.09,205.58448791503906
2025-04-24 11:44:00,AAPL,206.11,206.0551,205.5821075439453
2025-04-24 11:45:00,AAPL,206.05,206.08,205.57469177246094
2025-04-24 11:46:00,AAPL,206.09,206.055,205.5664520263672
2025-04-24 11:47:00,AAPL,206.05,205.9832,205.55633544921875
2025-04-24 11:48:00,AAPL,205.99,205.98,205.54043579101562
2025-04-24 11:49:00,AAPL,205.985,206.23,205.5219268798828
2025-04-24 11:50:00,AAPL,206.23,206.13,205.52127075195312
2025-04-24 11:51:00,AAPL,206.1384,206.245,205.52392578125
2025-04-24 11:52:00,AAPL,206.22,206.3875,205.53700256347656
2025-04-24 11:53:00,AAPL,206.382,206.55,205.5657958984375
2025-04-24 11:54:00,AAPL,206.54,206.62,205.61392211914062
2025-04-24 11:55:00,AAPL,206.62,206.5867,205.67544555664062
2025-04-24 11:56:00,AAPL,206.62,206.29,205.73843383789062
2025-04-24 11:57:00,AAPL,206.3,206.25,205.77630615234375
2025-04-24 11:58:00,AAPL,206.25,206.18,205.7935333251953
2025-04-24 11:59:00,AAPL,206.19,206.095,205.79168701171875
2025-04-24 12:00:00,AAPL,206.11,206.08,205.7718963623047
2025-04-24 12:01:00,AAPL,206.08,205.97,205.74131774902344
2025-04-24 12:02:00,AAPL,205.93,206.035,205.697998046875
2025-04-24 12:03:00,AAPL,206.02,206.025,205.65464782714844
2025-04-24 12:04:00,AAPL,206.01,206.0904,205.61331176757812
2025-04-24 12:05:00,AAPL,206.12,205.99,205.58084106445312
2025-04-24 12:06:00,AAPL,206.0125,205.9485,205.5486297607422
2025-04-24 12:07:00,AAPL,205.9308,205.8,205.51600646972656
2025-04-24 12:08:00,AAPL,205.84,205.72,205.4747314453125
2025-04-24 12:09:00,AAPL,205.75,205.7162,205.4254608154297
2025-04-24 12:10:00,AAPL,205.69,205.7159,205.37464904785156
2025-04-24 12:11:00,AAPL,205.71,205.8035,205.3265380859375
2025-04-24 12:12:00,AAPL,205.83,205.87,205.28994750976562
2025-04-24 12:13:00,AAPL,205.88,206.09,205.2678985595703
2025-04-24 12:14:00,AAPL,206.0959,206.19,205.27252197265625
2025-04-24 12:15:00,AAPL,206.17,206.21,205.30043029785156
2025-04-24 12:16:00,AAPL,206.19,206.215,205.34228515625
2025-04-24 12:17:00,AAPL,206.215,206.38,205.3904266357422
2025-04-24 12:18:00,AAPL,206.4,206.37,205.4512481689453
2025-04-24 12:19:00,AAPL,206.3606,206.2601,205.5148468017578
2025-04-24 12:20:00,AAPL,206.27,206.24,205.56776428222656
2025-04-24 12:21:00,AAPL,206.245,206.2351,205.609130859375
2025-04-24 12:22:00,AAPL,206.23,206.18,205.64012145996094
2025-04-24 12:23:00,AAPL,206.19,206.2638,205.6584014892578
2025-04-24 12:24:00,AAPL,206.28,205.965,205.67367553710938
2025-04-24 12:25:00,AAPL,205.968,205.971,205.6638946533203
2025-04-24 12:26:00,AAPL,206.02,205.9605,205.64010620117188
2025-04-24 12:27:00,AAPL,205.97,206.02,205.60838317871094
2025-04-24 12:28:00,AAPL,206.03,206.35,205.5781707763672
2025-04-24 12:29:00,AAPL,206.36,206.3,205.57484436035156
2025-04-24 12:30:00,AAPL,206.3,206.38,205.58404541015625
2025-04-24 12:31:00,AAPL,206.36,206.3,205.60626220703125
2025-04-24 12:32:00,AAPL,206.28,206.41,205.6289520263672
2025-04-24 12:33:00,AAPL,206.43,206.3855,205.65853881835938
2025-04-24 12:34:00,AAPL,206.407,206.52,205.68832397460938
2025-04-24 12:35:00,AAPL,206.52,206.59,205.72601318359375
2025-04-24 12:36:00,AAPL,206.585,206.67,205.770751953125
2025-04-24 12:37:00,AAPL,206.67,206.49,205.82240295410156
2025-04-24 12:38:00,AAPL,206.49,206.44,205.86134338378906
2025-04-24 12:39:00,AAPL,206.45,206.3748,205.88629150390625
2025-04-24 12:40:00,AAPL,206.35,206.32,205.89605712890625
2025-04-24 12:41:00,AAPL,206.34,206.0636,205.8917236328125
2025-04-24 12:42:00,AAPL,206.1,206.1452,205.8601531982422
2025-04-24 12:43:00,AAPL,206.13,206.09,205.82022094726562
2025-04-24 12:44:00,AAPL,206.09,206.11,205.7735595703125
2025-04-24 12:45:00,AAPL,206.12,205.89,205.72743225097656
2025-04-24 12:46:00,AAPL,205.885,205.93,205.6686248779297
2025-04-24 12:47:00,AAPL,205.925,206.01,205.60935974121094
2025-04-24 12:48:00,AAPL,205.99,206.13,205.55972290039062
2025-04-24 12:49:00,AAPL,206.13,206.101,205.52813720703125
2025-04-24 12:50:00,AAPL,206.1,206.09,205.5076904296875
2025-04-24 12:51:00,AAPL,206.0997,206.14,205.49496459960938
2025-04-24 12:52:00,AAPL,206.15,206.145,205.49168395996094
2025-04-24 12:53:00,AAPL,206.12,206.18,205.49497985839844
2025-04-24 12:54:00,AAPL,206.17,206.3,205.5048065185547
2025-04-24 12:55:00,AAPL,206.32,206.28,205.52684020996094
2025-04-24 12:56:00,AAPL,206.3,206.555,205.55335998535156
2025-04-24 12:57:00,AAPL,206.578,206.64,205.60101318359375
2025-04-24 12:58:00,AAPL,206.65,206.655,205.6642608642578
2025-04-24 12:59:00,AAPL,206.65,206.54,205.73367309570312
2025-04-24 13:00:00,AAPL,206.54,206.36,205.79373168945312
2025-04-24 13:01:00,AAPL,206.35,206.36,205.8308563232422
2025-04-24 13:02:00,AAPL,206.365,206.46,205.85145568847656
2025-04-24 13:03:00,AAPL,206.46,206.69,205.86756896972656
2025-04-24 13:04:00,AAPL,206.6768,206.5501,205.89622497558594
2025-04-24 13:05:00,AAPL,206.6,206.695,205.9198455810547
2025-04-24 13:06:00,AAPL,206.7,206.665,205.9493408203125
2025-04-24 13:07:00,AAPL,206.64,206.68,205.977783203125
2025-04-24 13:08:00,AAPL,206.68,206.86,206.00457763671875
2025-04-24 13:09:00,AAPL,206.85,206.58,206.0414276123047
2025-04-24 13:10:00,AAPL,206.62,206.67,206.0609893798828
2025-04-24 13:11:00,AAPL,206.655,206.73,206.0753936767578
2025-04-24 13:12:00,AAPL,206.75,206.74,206.0896759033203
2025-04-24 13:13:00,AAPL,206.765,206.6804,206.10330200195312
2025-04-24 13:14:00,AAPL,206.7,206.82,206.1110382080078
2025-04-24 13:15:00,AAPL,206.82,206.7,206.12472534179688
2025-04-24 13:16:00,AAPL,206.72,206.45,206.13194274902344
2025-04-24 13:17:00,AAPL,206.475,206.38,206.1165313720703
2025-04-24 13:18:00,AAPL,206.3657,206.15,206.08340454101562
2025-04-24 13:19:00,AAPL,206.18,206.22,206.02484130859375
2025-04-24 13:20:00,AAPL,206.23,206.2331,205.9600830078125
2025-04-24 13:21:00,AAPL,206.225,206.4401,205.89674377441406
2025-04-24 13:22:00,AAPL,206.45,206.66,205.8537139892578
2025-04-24 13:23:00,AAPL,206.6219,206.74,205.8419189453125
2025-04-24 13:24:00,AAPL,206.72,206.76,205.85574340820312
2025-04-24 13:25:00,AAPL,206.76,206.97,205.8859100341797
2025-04-24 13:26:00,AAPL,206.9695,206.95,205.93948364257812
2025-04-24 13:27:00,AAPL,206.95,206.88,206.00210571289062
2025-04-24 13:28:00,AAPL,206.9,206.97,206.0609893798828
2025-04-24 13:29:00,AAPL,206.95,206.905,206.12022399902344
2025-04-24 13:30:00,AAPL,206.92,207.1,206.17066955566406
2025-04-24 13:31:00,AAPL,207.0926,207.045,206.22642517089844
2025-04-24 13:32:00,AAPL,207.0444,207.0201,206.27711486816406
2025-04-24 13:33:00,AAPL,207.02,206.85,206.3192901611328
2025-04-24 13:34:00,AAPL,206.8699,206.77,206.34071350097656
2025-04-24 13:35:00,AAPL,206.746,206.7301,206.34213256835938
2025-04-24 13:36:00,AAPL,206.77,206.92,206.32810974121094
2025-04-24 13:37:00,AAPL,206.92,206.91,206.31922912597656
2025-04-24 13:38:00,AAPL,206.9104,206.96,206.31280517578125
2025-04-24 13:39:00,AAPL,206.94,206.915,206.31187438964844
2025-04-24 13:40:00,AAPL,206.9096,206.8704,206.3108673095703
2025-04-24 13:41:00,AAPL,206.88,206.7175,206.30654907226562
2025-04-24 13:42:00,AAPL,206.7,206.745,206.28936767578125
2025-04-24 13:43:00,AAPL,206.75,206.67,206.26763916015625
2025-04-24 13:44:00,AAPL,206.665,206.74,206.239013671875
2025-04-24 13:45:00,AAPL,206.7384,206.62,206.21331787109375
2025-04-24 13:46:00,AAPL,206.62,206.73,206.1822967529297
2025-04-24 13:47:00,AAPL,206.76,206.9,206.1584014892578
2025-04-24 13:48:00,AAPL,206.86,206.63,206.1527862548828
2025-04-24 13:49:00,AAPL,206.6699,206.845,206.13888549804688
2025-04-24 13:50:00,AAPL,206.86,206.86,206.1370849609375
2025-04-24 13:51:00,AAPL,206.87,206.98,206.14366149902344
2025-04-24 13:52:00,AAPL,206.983,206.9685,206.1637725830078
2025-04-24 13:53:00,AAPL,206.954,206.9649,206.18984985351562
2025-04-24 13:54:00,AAPL,206.97,207.075,206.21762084960938
2025-04-24 13:55:00,AAPL,207.08,207.08,206.2526092529297
2025-04-24 13:56:00,AAPL,207.11,207.26,206.289794921875
2025-04-24 13:57:00,AAPL,207.26,207.27,206.33888244628906
2025-04-24 13:58:00,AAPL,207.265,207.47,206.39224243164062
2025-04-24 13:59:00,AAPL,207.47,207.45,206.45904541015625
2025-04-24 14:00:00,AAPL,207.44,207.49,206.52755737304688
2025-04-24 14:01:00,AAPL,207.5,207.5899,206.59523010253906
2025-04-24 14:02:00,AAPL,207.585,207.565,206.6646728515625
2025-04-24 14:03:00,AAPL,207.5887,207.5,206.7281951904297
2025-04-24 14:04:00,AAPL,207.5,207.47,206.77867126464844
2025-04-24 14:05:00,AAPL,207.48,207.4851,206.8152618408203
2025-04-24 14:06:00,AAPL,207.48,207.64,206.84161376953125
2025-04-24 14:07:00,AAPL,207.65,207.7,206.87075805664062
2025-04-24 14:08:00,AAPL,207.69,207.7,206.90333557128906
2025-04-24 14:09:00,AAPL,207.71,207.58,206.93536376953125
2025-04-24 14:10:00,AAPL,207.56,207.39,206.9557647705078
2025-04-24 14:11:00,AAPL,207.39,207.45,206.95364379882812
2025-04-24 14:12:00,AAPL,207.45,207.385,206.9423065185547
2025-04-24 14:13:00,AAPL,207.405,207.49,206.9208984375
2025-04-24 14:14:00,AAPL,207.4868,207.49,206.90235900878906
2025-04-24 14:15:00,AAPL,207.48,207.59,206.88644409179688
2025-04-24 14:16:00,AAPL,207.56,207.55,206.88038635253906
2025-04-24 14:17:00,AAPL,207.53,207.125,206.8776092529297
2025-04-24 14:18:00,AAPL,207.14,207.1716,206.84605407714844
2025-04-24 14:19:00,AAPL,207.21,207.22,206.8030548095703
2025-04-24 14:20:00,AAPL,207.2,207.105,206.75942993164062
2025-04-24 14:21:00,AAPL,207.12,207.155,206.70993041992188
2025-04-24 14:22:00,AAPL,207.1314,207.2699,206.6641082763672
2025-04-24 14:23:00,AAPL,207.23,207.19,206.632080078125
2025-04-24 14:24:00,AAPL,207.21,207.28,206.60484313964844
2025-04-24 14:25:00,AAPL,207.285,207.25,206.5892791748047
2025-04-24 14:26:00,AAPL,207.25,207.26,206.57980346679688
2025-04-24 14:27:00,AAPL,207.28,207.3,206.57565307617188
2025-04-24 14:28:00,AAPL,207.29,207.29,206.5781707763672
2025-04-24 14:29:00,AAPL,207.29,207.289,206.58396911621094
2025-04-24 14:30:00,AAPL,207.3,207.61,206.59149169921875
2025-04-24 14:31:00,AAPL,207.5894,207.7,206.62306213378906
2025-04-24 14:32:00,AAPL,207.685,207.61,206.67335510253906
2025-04-24 14:33:00,AAPL,207.62,207.71,206.72503662109375
2025-04-24 14:34:00,AAPL,207.72,207.785,206.78152465820312
2025-04-24 14:35:00,AAPL,207.77,207.965,206.8423309326172
2025-04-24 14:36:00,AAPL,207.98,208.045,206.9145050048828
2025-04-24 14:37:00,AAPL,208.0385,208.04,206.99407958984375
2025-04-24 14:38:00,AAPL,208.04,208.055,207.07203674316406
2025-04-24 14:39:00,AAPL,208.05,208.02,207.14450073242188
2025-04-24 14:40:00,AAPL,208.03,207.985,207.2057342529297
2025-04-24 14:41:00,AAPL,207.975,207.86,207.25302124023438
2025-04-24 14:42:00,AAPL,207.84,207.99,207.27908325195312
2025-04-24 14:43:00,AAPL,207.98,207.921,207.29962158203125
2025-04-24 14:44:00,AAPL,207.91,207.9125,207.3096923828125
2025-04-24 14:45:00,AAPL,207.91,207.87,207.3118133544922
2025-04-24 14:46:00,AAPL,207.87,207.85,207.30548095703125
2025-04-24 14:47:00,AAPL,207.86,207.927,207.29269409179688
2025-04-24 14:48:00,AAPL,207.93,207.89,207.2822723388672
2025-04-24 14:49:00,AAPL,207.89,207.82,207.27090454101562
2025-04-24 14:50:00,AAPL,207.82,207.9535,207.2545623779297
2025-04-24 14:51:00,AAPL,207.955,207.97,207.24603271484375
2025-04-24 14:52:00,AAPL,207.9733,208.05,207.24371337890625
2025-04-24 14:53:00,AAPL,208.03,207.99,207.25112915039062
2025-04-24 14:54:00,AAPL,207.98,207.875,207.25942993164062
2025-04-24 14:55:00,AAPL,207.875,207.85,207.2593994140625
2025-04-24 14:56:00,AAPL,207.85,207.865,207.2526092529297
2025-04-24 14:57:00,AAPL,207.88,207.93,207.2432098388672
2025-04-24 14:58:00,AAPL,207.93,207.9,207.237548828125
2025-04-24 14:59:00,AAPL,207.91,207.86,207.2322235107422
2025-04-24 15:00:00,AAPL,207.85,207.885,207.22462463378906
2025-04-24 15:01:00,AAPL,207.87,207.73,207.21804809570312
2025-04-24 15:02:00,AAPL,207.735,207.705,207.201171875
2025-04-24 15:03:00,AAPL,207.71,207.77,207.17762756347656
2025-04-24 15:04:00,AAPL,207.76,207.565,207.15640258789062
2025-04-24 15:05:00,AAPL,207.58,207.6377,207.123046875
2025-04-24 15:06:00,AAPL,207.65,207.6501,207.0902557373047
2025-04-24 15:07:00,AAPL,207.65,207.66,207.06088256835938
2025-04-24 15:08:00,AAPL,207.64,207.7101,207.0364532470703
2025-04-24 15:09:00,AAPL,207.7399,207.66,207.02049255371094
2025-04-24 15:10:00,AAPL,207.67,207.6,207.00721740722656
2025-04-24 15:11:00,AAPL,207.61,207.585,206.99237060546875
2025-04-24 15:12:00,AAPL,207.5801,207.64,206.9767303466797
2025-04-24 15:13:00,AAPL,207.65,207.455,206.96585083007812
2025-04-24 15:14:00,AAPL,207.4466,207.585,206.94520568847656
2025-04-24 15:15:00,AAPL,207.59,207.67,206.9298858642578
2025-04-24 15:16:00,AAPL,207.66,207.71,206.92503356933594
2025-04-24 15:17:00,AAPL,207.725,207.805,206.9298095703125
2025-04-24 15:18:00,AAPL,207.805,207.74,206.94715881347656
2025-04-24 15:19:00,AAPL,207.75,207.685,206.96624755859375
2025-04-24 15:20:00,AAPL,207.68,207.515,206.98130798339844
2025-04-24 15:21:00,AAPL,207.5,207.67,206.98060607910156
2025-04-24 15:22:00,AAPL,207.65,207.615,206.98191833496094
2025-04-24 15:23:00,AAPL,207.6,207.46,206.9801025390625
2025-04-24 15:24:00,AAPL,207.45,207.4065,206.9652862548828
2025-04-24 15:25:00,AAPL,207.39,207.4902,206.93988037109375
2025-04-24 15:26:00,AAPL,207.5,207.435,206.9159393310547
2025-04-24 15:27:00,AAPL,207.4275,207.435,206.89036560058594
2025-04-24 15:28:00,AAPL,207.45,207.27,206.86570739746094
2025-04-24 15:29:00,AAPL,207.26,207.1,206.83131408691406
2025-04-24 15:30:00,AAPL,207.11,207.3,206.78131103515625
2025-04-24 15:31:00,AAPL,207.31,207.445,206.7401123046875
2025-04-24 15:32:00,AAPL,207.44,207.38,206.71749877929688
2025-04-24 15:33:00,AAPL,207.4,207.375,206.70306396484375
2025-04-24 15:34:00,AAPL,207.3862,207.39,206.6945343017578
2025-04-24 15:35:00,AAPL,207.36,207.53,206.6915283203125
2025-04-24 15:36:00,AAPL,207.55,207.5501,206.7024688720703
2025-04-24 15:37:00,AAPL,207.57,207.665,206.72264099121094
2025-04-24 15:38:00,AAPL,207.666,207.75,206.75552368164062
2025-04-24 15:39:00,AAPL,207.76,207.67,206.8001251220703
2025-04-24 15:40:00,AAPL,207.665,207.77,206.8428955078125
2025-04-24 15:41:00,AAPL,207.785,207.851,206.88909912109375
2025-04-24 15:42:00,AAPL,207.85,208.0328,206.9398956298828
2025-04-24 15:43:00,AAPL,208.035,207.95,207.00308227539062
2025-04-24 15:44:00,AAPL,207.94,207.96,207.0630340576172
2025-04-24 15:45:00,AAPL,207.965,208.19,207.11761474609375
2025-04-24 15:46:00,AAPL,208.18,208.245,207.18170166015625
2025-04-24 15:47:00,AAPL,208.24,208.19,207.2505340576172
2025-04-24 15:48:00,AAPL,208.205,208.22,207.3131866455078
2025-04-24 15:49:00,AAPL,208.22,208.35,207.3697052001953
2025-04-24 15:50:00,AAPL,208.37,208.3188,207.42764282226562
2025-04-24 15:51:00,AAPL,208.32,208.1,207.47959899902344
2025-04-24 15:52:00,AAPL,208.109,208.48,207.50807189941406
2025-04-24 15:53:00,AAPL,208.49,208.58,207.5478515625
2025-04-24 15:54:00,AAPL,208.59,208.64,207.59803771972656
2025-04-24 15:55:00,AAPL,208.655,208.65,207.6549835205078
2025-04-24 15:56:00,AAPL,208.66,208.595,207.71243286132812
2025-04-24 15:57:00,AAPL,208.6,208.49,207.76182556152344
2025-04-24 15:58:00,AAPL,208.48,208.34,207.79495239257812
2025-04-24 15:59:00,AAPL,208.35,208.2,207.80470275878906
2025-04-25 09:30:00,AAPL,206.365,207.7,207.7891387939453
2025-04-25 09:31:00,AAPL,207.7,207.455,207.72250366210938
2025-04-25 09:32:00,AAPL,207.455,206.78,207.6118927001953
2025-04-25 09:33:00,AAPL,206.81,207.4274,207.43275451660156
2025-04-25 09:34:00,AAPL,207.415,207.56,207.27227783203125
2025-04-25 09:35:00,AAPL,207.57,207.6236,207.14266967773438
2025-04-25 09:36:00,AAPL,207.6,208.0997,207.0454864501953
2025-04-25 09:37:00,AAPL,208.07,208.0197,207.00985717773438
2025-04-25 09:38:00,AAPL,208.0,208.115,207.00820922851562
2025-04-25 09:39:00,AAPL,208.115,208.0205,207.03517150878906
2025-04-25 09:40:00,AAPL,208.045,208.075,207.07125854492188
2025-04-25 09:41:00,AAPL,208.0639,208.13,207.11502075195312
2025-04-25 09:42:00,AAPL,208.18,208.12,207.16470336914062
2025-04-25 09:43:00,AAPL,208.1,208.115,207.2140350341797
2025-04-25 09:44:00,AAPL,208.155,208.06,207.25953674316406
2025-04-25 09:45:00,AAPL,208.06,209.02,207.29563903808594
2025-04-25 09:46:00,AAPL,209.065,208.59,207.39352416992188
2025-04-25 09:47:00,AAPL,208.5745,208.66,207.48948669433594
2025-04-25 09:48:00,AAPL,208.61,208.43,207.58348083496094
2025-04-25 09:49:00,AAPL,208.4596,208.24,207.65272521972656
2025-04-25 09:50:00,AAPL,208.28,208.63,207.68832397460938
2025-04-25 09:51:00,AAPL,208.67,208.23,207.72926330566406
2025-04-25 09:52:00,AAPL,208.2194,208.16,207.7404327392578
2025-04-25 09:53:00,AAPL,208.15,208.04,207.72784423828125
2025-04-25 09:54:00,AAPL,208.01,208.16,207.6925811767578
2025-04-25 09:55:00,AAPL,208.18,208.275,207.6544952392578
2025-04-25 09:56:00,AAPL,208.29,207.99,207.62521362304688
2025-04-25 09:57:00,AAPL,208.0,207.96,207.58213806152344
2025-04-25 09:58:00,AAPL,207.94,208.14,207.53184509277344
2025-04-25 09:59:00,AAPL,208.1,208.21,207.49365234375
2025-04-25 10:00:00,AAPL,208.23,208.695,207.4702911376953
2025-04-25 10:01:00,AAPL,208.7,208.925,207.49288940429688
2025-04-25 10:02:00,AAPL,208.925,209.04,207.55810546875
2025-04-25 10:03:00,AAPL,209.064,208.44,207.653076171875
2025-04-25 10:04:00,AAPL,208.41,208.15,207.71588134765625
2025-04-25 10:05:00,AAPL,208.12,208.18,207.73458862304688
2025-04-25 10:06:00,AAPL,208.195,208.67,207.72756958007812
2025-04-25 10:07:00,AAPL,208.61,208.76,207.74072265625
2025-04-25 10:08:00,AAPL,208.76,208.65,207.77081298828125
2025-04-25 10:09:00,AAPL,208.66,208.565,207.8009033203125
2025-04-25 10:10:00,AAPL,208.56,208.48,207.82281494140625
2025-04-25 10:11:00,AAPL,208.485,208.145,207.83200073242188
2025-04-25 10:12:00,AAPL,208.158,208.17,207.80831909179688
2025-04-25 10:13:00,AAPL,208.16,208.03,207.76840209960938
2025-04-25 10:14:00,AAPL,208.07,208.32,207.71087646484375
2025-04-25 10:15:00,AAPL,208.3386,208.04,207.6677703857422
2025-04-25 10:16:00,AAPL,208.08,208.04,207.615478515625
2025-04-25 10:17:00,AAPL,208.04,208.5725,207.5617218017578
2025-04-25 10:18:00,AAPL,208.58,208.22,207.54962158203125
2025-04-25 10:19:00,AAPL,208.17,207.93,207.53733825683594
2025-04-25 10:20:00,AAPL,207.9197,207.71,207.50550842285156
2025-04-25 10:21:00,AAPL,207.75,207.2564,207.44850158691406
2025-04-25 10:22:00,AAPL,207.23,206.985,207.347412109375
2025-04-25 10:23:00,AAPL,206.97,207.03,207.2073974609375
2025-04-25 10:24:00,AAPL,207.0196,207.28,207.05706787109375
2025-04-25 10:25:00,AAPL,207.29,207.1,206.9291534423828
2025-04-25 10:26:00,AAPL,207.16,206.94,206.81057739257812
2025-04-25 10:27:00,AAPL,206.9,206.65,206.69505310058594
2025-04-25 10:28:00,AAPL,206.6308,206.69,206.56903076171875
2025-04-25 10:29:00,AAPL,206.68,206.6348,206.44921875
2025-04-25 10:30:00,AAPL,206.64,206.7501,206.3380584716797
2025-04-25 10:31:00,AAPL,206.755,206.875,206.24903869628906
2025-04-25 10:32:00,AAPL,206.875,207.075,206.1893768310547
2025-04-25 10:33:00,AAPL,207.06,207.25,206.16700744628906
2025-04-25 10:34:00,AAPL,207.25,207.29,206.1822967529297
2025-04-25 10:35:00,AAPL,207.31,207.2,206.22300720214844
2025-04-25 10:36:00,AAPL,207.22,207.21,206.27059936523438
2025-04-25 10:37:00,AAPL,207.225,207.27,206.320556640625
2025-04-25 10:38:00,AAPL,207.2912,207.28,206.373291015625
2025-04-25 10:39:00,AAPL,207.26,207.19,206.425048828125
2025-04-25 10:40:00,AAPL,207.18,207.6096,206.4662628173828
2025-04-25 10:41:00,AAPL,207.63,207.6519,206.52902221679688
2025-04-25 10:42:00,AAPL,207.64,207.705,206.60313415527344
2025-04-25 10:43:00,AAPL,207.68,207.38,206.682861328125
2025-04-25 10:44:00,AAPL,207.43,207.59,206.73672485351562
2025-04-25 10:45:00,AAPL,207.59,207.39,206.7866668701172
2025-04-25 10:46:00,AAPL,207.4,207.045,206.81564331054688
2025-04-25 10:47:00,AAPL,207.06,207.06,206.80462646484375
2025-04-25 10:48:00,AAPL,207.065,207.16,206.77125549316406
2025-04-25 10:49:00,AAPL,207.175,207.3725,206.7334442138672
2025-04-25 10:50:00,AAPL,207.39,207.07,206.71060180664062
2025-04-25 10:51:00,AAPL,207.05,207.0454,206.67593383789062
2025-04-25 10:52:00,AAPL,207.04,207.09,206.635009765625
2025-04-25 10:53:00,AAPL,207.105,207.27,206.59632873535156
2025-04-25 10:54:00,AAPL,207.2944,207.14,206.57469177246094
2025-04-25 10:55:00,AAPL,207.135,207.16,206.55528259277344
2025-04-25 10:56:00,AAPL,207.17,207.07,206.5403289794922
2025-04-25 10:57:00,AAPL,207.07,207.22,206.52264404296875
2025-04-25 10:58:00,AAPL,207.22,207.1,206.5156707763672
2025-04-25 10:59:00,AAPL,207.12,207.315,206.50686645507812
2025-04-25 11:00:00,AAPL,207.31,207.1,206.51353454589844
2025-04-25 11:01:00,AAPL,207.14,207.13,206.5133056640625
2025-04-25 11:02:00,AAPL,207.12,207.11,206.51150512695312
2025-04-25 11:03:00,AAPL,207.09,207.0275,206.50741577148438
2025-04-25 11:04:00,AAPL,207.05,207.06,206.49630737304688
2025-04-25 11:05:00,AAPL,207.06,207.302,206.4842071533203
2025-04-25 11:06:00,AAPL,207.3,207.34,206.48997497558594
2025-04-25 11:07:00,AAPL,207.3858,207.34,206.5087432861328
2025-04-25 11:08:00,AAPL,207.36,207.3,206.53421020507812
2025-04-25 11:09:00,AAPL,207.31,207.32,206.55917358398438
2025-04-25 11:10:00,AAPL,207.3348,207.5179,206.5836639404297
2025-04-25 11:11:00,AAPL,207.51,207.4,206.62054443359375
2025-04-25 11:12:00,AAPL,207.3962,207.445,206.653564453125
2025-04-25 11:13:00,AAPL,207.445,207.49,206.6853485107422
2025-04-25 11:14:00,AAPL,207.49,207.53,206.71731567382812
2025-04-25 11:15:00,AAPL,207.51,207.25,206.74989318847656
2025-04-25 11:16:00,AAPL,207.27,207.1,206.760009765625
2025-04-25 11:17:00,AAPL,207.115,207.0244,206.7449951171875
2025-04-25 11:18:00,AAPL,207.02,207.235,206.71017456054688
2025-04-25 11:19:00,AAPL,207.235,207.25,206.68093872070312
2025-04-25 11:20:00,AAPL,207.24,207.27,206.65771484375
2025-04-25 11:21:00,AAPL,207.27,207.23,206.6411590576172
2025-04-25 11:22:00,AAPL,207.255,207.285,206.62686157226562
2025-04-25 11:23:00,AAPL,207.29,207.285,206.61904907226562
2025-04-25 11:24:00,AAPL,207.3,207.245,206.61566162109375
2025-04-25 11:25:00,AAPL,207.255,207.23,206.6123504638672
2025-04-25 11:26:00,AAPL,207.26,207.23,206.60833740234375
2025-04-25 11:27:00,AAPL,207.25,207.28,206.604248046875
2025-04-25 11:28:00,AAPL,207.275,207.15,206.6040496826172
2025-04-25 11:29:00,AAPL,207.14,207.1,206.5967559814453
2025-04-25 11:30:00,AAPL,207.11,207.1142,206.5821990966797
2025-04-25 11:31:00,AAPL,207.1382,207.22,206.56533813476562
2025-04-25 11:32:00,AAPL,207.22,207.199,206.5559539794922
2025-04-25 11:33:00,AAPL,207.1944,207.23,206.5501251220703
2025-04-25 11:34:00,AAPL,207.24,207.07,206.5492401123047
2025-04-25 11:35:00,AAPL,207.075,206.93,206.53981018066406
2025-04-25 11:36:00,AAPL,206.91,206.82,206.51588439941406
2025-04-25 11:37:00,AAPL,206.84,206.83,206.47694396972656
2025-04-25 11:38:00,AAPL,206.84,206.73,206.43246459960938
2025-04-25 11:39:00,AAPL,206.72,206.9901,206.38037109375
2025-04-25 11:40:00,AAPL,207.0066,207.07,206.34642028808594
2025-04-25 11:41:00,AAPL,207.1,207.265,206.3314666748047
2025-04-25 11:42:00,AAPL,207.27,207.35,206.343505859375
2025-04-25 11:43:00,AAPL,207.35,206.935,206.37734985351562
2025-04-25 11:44:00,AAPL,206.95,206.985,206.39202880859375
2025-04-25 11:45:00,AAPL,207.045,207.01,206.3984375
2025-04-25 11:46:00,AAPL,206.99,206.93,206.4011688232422
2025-04-25 11:47:00,AAPL,206.9394,207.04,206.39559936523438
2025-04-25 11:48:00,AAPL,207.065,207.02,206.3935089111328
2025-04-25 11:49:00,AAPL,207.02,207.055,206.39208984375
2025-04-25 11:50:00,AAPL,207.0729,207.1718,206.39381408691406
2025-04-25 11:51:00,AAPL,207.186,207.27,206.4058380126953
2025-04-25 11:52:00,AAPL,207.225,207.36,206.4303436279297
2025-04-25 11:53:00,AAPL,207.37,207.42,206.46725463867188
2025-04-25 11:54:00,AAPL,207.43,207.53,206.5135040283203
2025-04-25 11:55:00,AAPL,207.545,207.545,206.57017517089844
2025-04-25 11:56:00,AAPL,207.545,207.56,206.6302032470703
2025-04-25 11:57:00,AAPL,207.54,207.495,206.68914794921875
2025-04-25 11:58:00,AAPL,207.47,207.575,206.7384490966797
2025-04-25 11:59:00,AAPL,207.56,207.5,206.78416442871094
2025-04-25 12:00:00,AAPL,207.49,207.511,206.8187255859375
2025-04-25 12:01:00,AAPL,207.52,207.74,206.84469604492188
2025-04-25 12:02:00,AAPL,207.73,207.7498,206.88003540039062
2025-04-25 12:03:00,AAPL,207.755,207.7899,206.9187469482422
2025-04-25 12:04:00,AAPL,207.78,207.8745,206.95947265625
2025-04-25 12:05:00,AAPL,207.865,207.88,207.00448608398438
2025-04-25 12:06:00,AAPL,207.88,207.7204,207.04904174804688
2025-04-25 12:07:00,AAPL,207.695,207.6308,207.07827758789062
2025-04-25 12:08:00,AAPL,207.655,207.81,207.089599609375
2025-04-25 12:09:00,AAPL,207.8,207.7508,207.10206604003906
2025-04-25 12:10:00,AAPL,207.73,207.965,207.1094207763672
2025-04-25 12:11:00,AAPL,207.95,207.79,207.12864685058594
2025-04-25 12:12:00,AAPL,207.8185,207.99,207.1404266357422
2025-04-25 12:13:00,AAPL,208.0,207.87,207.16151428222656
2025-04-25 12:14:00,AAPL,207.88,208.05,207.1775665283203
2025-04-25 12:15:00,AAPL,208.02,208.1272,207.2025604248047
2025-04-25 12:16:00,AAPL,208.135,208.29,207.23648071289062
2025-04-25 12:17:00,AAPL,208.2787,208.1899,207.28506469726562
2025-04-25 12:18:00,AAPL,208.17,208.225,207.33155822753906
2025-04-25 12:19:00,AAPL,208.22,208.31,207.37612915039062
2025-04-25 12:20:00,AAPL,208.32,208.285,207.42234802246094
2025-04-25 12:21:00,AAPL,208.285,208.39,207.4641876220703
2025-04-25 12:22:00,AAPL,208.41,208.5399,207.5079345703125
2025-04-25 12:23:00,AAPL,208.52,208.675,207.56028747558594
2025-04-25 12:24:00,AAPL,208.675,208.805,207.6236114501953
2025-04-25 12:25:00,AAPL,208.7945,208.9,207.69822692871094
2025-04-25 12:26:00,AAPL,208.895,208.73,207.78103637695312
2025-04-25 12:27:00,AAPL,208.73,208.685,207.85025024414062
2025-04-25 12:28:00,AAPL,208.68,208.72,207.90306091308594
2025-04-25 12:29:00,AAPL,208.71,208.59,207.9443817138672
2025-04-25 12:30:00,AAPL,208.6,208.5,207.9658203125
2025-04-25 12:31:00,AAPL,208.5,208.5768,207.96688842773438
2025-04-25 12:32:00,AAPL,208.59,208.5601,207.96072387695312
2025-04-25 12:33:00,AAPL,208.58,208.6,207.94879150390625
2025-04-25 12:34:00,AAPL,208.6,208.625,207.936767578125
2025-04-25 12:35:00,AAPL,208.62,208.6499,207.92701721191406
2025-04-25 12:36:00,AAPL,208.65,208.72,207.9208526611328
2025-04-25 12:37:00,AAPL,208.72,208.7334,207.92221069335938
2025-04-25 12:38:00,AAPL,208.74,208.7426,207.92877197265625
2025-04-25 12:39:00,AAPL,208.74,208.7042,207.93865966796875
2025-04-25 12:40:00,AAPL,208.691,208.66,207.9469451904297
2025-04-25 12:41:00,AAPL,208.66,208.79,207.95050048828125
2025-04-25 12:42:00,AAPL,208.77,208.68,207.96034240722656
2025-04-25 12:43:00,AAPL,208.69,208.76,207.96502685546875
2025-04-25 12:44:00,AAPL,208.79,208.875,207.97218322753906
2025-04-25 12:45:00,AAPL,208.86,208.79,207.98854064941406
2025-04-25 12:46:00,AAPL,208.7824,208.63,208.00289916992188
2025-04-25 12:47:00,AAPL,208.65,208.37,208.00350952148438
2025-04-25 12:48:00,AAPL,208.385,208.47,207.9769287109375
2025-04-25 12:49:00,AAPL,208.47,208.64,207.9431915283203
2025-04-25 12:50:00,AAPL,208.63,208.5501,207.91949462890625
2025-04-25 12:51:00,AAPL,208.585,208.67,207.89669799804688
2025-04-25 12:52:00,AAPL,208.68,208.72,207.8849334716797
2025-04-25 12:53:00,AAPL,208.74,208.73,207.88421630859375
2025-04-25 12:54:00,AAPL,208.73,208.7567,207.89102172851562
2025-04-25 12:55:00,AAPL,208.76,208.74,207.90394592285156
2025-04-25 12:56:00,AAPL,208.73,208.755,207.9185333251953
2025-04-25 12:57:00,AAPL,208.77,208.66,207.934326171875
2025-04-25 12:58:00,AAPL,208.69,208.6472,207.94281005859375
2025-04-25 12:59:00,AAPL,208.64,208.675,207.94549560546875
2025-04-25 13:00:00,AAPL,208.66,208.72,207.9464569091797
2025-04-25 13:01:00,AAPL,208.735,208.7705,207.94952392578125
2025-04-25 13:02:00,AAPL,208.8,208.81,207.95721435546875
2025-04-25 13:03:00,AAPL,208.81,208.8,207.96998596191406
2025-04-25 13:04:00,AAPL,208.805,208.91,207.98414611816406
2025-04-25 13:05:00,AAPL,208.9056,208.9703,208.00624084472656
2025-04-25 13:06:00,AAPL,208.98,208.91,208.03579711914062
2025-04-25 13:07:00,AAPL,208.9,209.0048,208.06333923339844
2025-04-25 13:08:00,AAPL,209.0104,208.95,208.09471130371094
2025-04-25 13:09:00,AAPL,208.92,208.87,208.12200927734375
2025-04-25 13:10:00,AAPL,208.85,208.935,208.1390838623047
2025-04-25 13:11:00,AAPL,208.94,209.02,208.1535186767578
2025-04-25 13:12:00,AAPL,209.03,208.91,208.17123413085938
2025-04-25 13:13:00,AAPL,208.93,209.055,208.181396484375
2025-04-25 13:14:00,AAPL,209.04,208.935,208.19692993164062
2025-04-25 13:15:00,AAPL,208.941,208.7739,208.20547485351562
2025-04-25 13:16:00,AAPL,208.775,208.83,208.19754028320312
2025-04-25 13:17:00,AAPL,208.83,208.985,208.18431091308594
2025-04-25 13:18:00,AAPL,208.9988,208.91,208.17979431152344
2025-04-25 13:19:00,AAPL,208.9,208.92,208.1750946044922
2025-04-25 13:20:00,AAPL,208.94,208.925,208.17140197753906
2025-04-25 13:21:00,AAPL,208.925,209.001,208.16888427734375
2025-04-25 13:22:00,AAPL,209.0,209.1088,208.17274475097656
2025-04-25 13:23:00,AAPL,209.12,209.175,208.18792724609375
2025-04-25 13:24:00,AAPL,209.168,209.0913,208.21360778808594
2025-04-25 13:25:00,AAPL,209.085,209.07,208.2377166748047
2025-04-25 13:26:00,AAPL,209.075,209.265,208.25778198242188
2025-04-25 13:27:00,AAPL,209.265,209.4,208.2881622314453
2025-04-25 13:28:00,AAPL,209.38,209.305,208.33213806152344
2025-04-25 13:29:00,AAPL,209.3088,209.3702,208.37417602539062
2025-04-25 13:30:00,AAPL,209.39,209.08,208.41696166992188
2025-04-25 13:31:00,AAPL,209.06,209.02,208.43580627441406
2025-04-25 13:32:00,AAPL,209.03,209.26,208.43475341796875
2025-04-25 13:33:00,AAPL,209.28,209.293,208.43894958496094
2025-04-25 13:34:00,AAPL,209.3,209.11,208.4478302001953
2025-04-25 13:35:00,AAPL,209.13,209.11,208.44537353515625
2025-04-25 13:36:00,AAPL,209.12,209.1,208.4364013671875
2025-04-25 13:37:00,AAPL,209.1007,209.055,208.42318725585938
2025-04-25 13:38:00,AAPL,209.04,208.38,208.40489196777344
2025-04-25 13:39:00,AAPL,208.3976,208.13,208.33554077148438
2025-04-25 13:40:00,AAPL,208.1495,208.21,208.2227020263672
2025-04-25 13:41:00,AAPL,208.215,208.39,208.0972442626953
2025-04-25 13:42:00,AAPL,208.3955,208.24,207.98565673828125
2025-04-25 13:43:00,AAPL,208.24,208.23,207.8791046142578
2025-04-25 13:44:00,AAPL,208.23,208.315,207.78285217285156
2025-04-25 13:45:00,AAPL,208.35,208.11,207.7061004638672
2025-04-25 13:46:00,AAPL,208.15,208.2452,207.63189697265625
2025-04-25 13:47:00,AAPL,208.22,208.242,207.5751495361328
2025-04-25 13:48:00,AAPL,208.22,208.055,207.532958984375
2025-04-25 13:49:00,AAPL,208.05,208.15,207.4895477294922
2025-04-25 13:50:00,AAPL,208.135,207.9,207.4561309814453
2025-04-25 13:51:00,AAPL,207.855,207.915,207.41322326660156
2025-04-25 13:52:00,AAPL,207.93,207.655,207.36947631835938
2025-04-25 13:53:00,AAPL,207.67,207.7412,207.30963134765625
2025-04-25 13:54:00,AAPL,207.7,207.662,207.25120544433594
2025-04-25 13:55:00,AAPL,207.68,207.62,207.19215393066406
2025-04-25 13:56:00,AAPL,207.61,207.69,207.13426208496094
2025-04-25 13:57:00,AAPL,207.69,207.8024,207.08663940429688
2025-04-25 13:58:00,AAPL,207.79,207.93,207.05712890625
2025-04-25 13:59:00,AAPL,207.93,208.1,207.05026245117188
2025-04-25 14:00:00,AAPL,208.09,208.0,207.0703887939453
2025-04-25 14:01:00,AAPL,207.99,207.98,207.0985107421875
2025-04-25 14:02:00,AAPL,208.01,208.29,207.12867736816406
2025-04-25 14:03:00,AAPL,208.285,208.49,207.18093872070312
2025-04-25 14:04:00,AAPL,208.45,208.4,207.2573699951172
2025-04-25 14:05:00,AAPL,208.4198,208.4225,207.33663940429688
2025-04-25 14:06:00,AAPL,208.4,208.59,207.41404724121094
2025-04-25 14:07:00,AAPL,208.59,208.61,207.4971160888672
2025-04-25 14:08:00,AAPL,208.6,208.665,207.57894897460938
2025-04-25 14:09:00,AAPL,208.665,208.63,207.65818786621094
2025-04-25 14:10:00,AAPL,208.63,208.51,207.7274932861328
2025-04-25 14:11:00,AAPL,208.52,208.41,207.77687072753906
2025-04-25 14:12:00,AAPL,208.39,208.43,207.8032684326172
2025-04-25 14:13:00,AAPL,208.45,208.49,207.81494140625
2025-04-25 14:14:00,AAPL,208.49,208.4174,207.82078552246094
2025-04-25 14:15:00,AAPL,208.395,208.49,207.8168487548828
2025-04-25 14:16:00,AAPL,208.5,208.6177,207.81228637695312
2025-04-25 14:17:00,AAPL,208.61,208.7097,207.81654357910156
2025-04-25 14:18:00,AAPL,208.695,208.74,207.8321533203125
2025-04-25 14:19:00,AAPL,208.72,208.73,207.85546875
2025-04-25 14:20:00,AAPL,208.73,208.76,207.88095092773438
2025-04-25 14:21:00,AAPL,208.75,208.71,207.90805053710938
2025-04-25 14:22:00,AAPL,208.71,208.66,207.93038940429688
2025-04-25 14:23:00,AAPL,208.68,208.71,207.944580078125
2025-04-25 14:24:00,AAPL,208.6905,208.6378,207.9563446044922
2025-04-25 14:25:00,AAPL,208.6445,208.61,207.96026611328125
2025-04-25 14:26:00,AAPL,208.62,208.67,207.95706176757812
2025-04-25 14:27:00,AAPL,208.67,208.4511,207.95396423339844
2025-04-25 14:28:00,AAPL,208.435,208.49,207.93492126464844
2025-04-25 14:29:00,AAPL,208.49,208.5045,207.91055297851562
2025-04-25 14:30:00,AAPL,208.51,208.5,207.88548278808594
2025-04-25 14:31:00,AAPL,208.4846,208.6,207.86131286621094
2025-04-25 14:32:00,AAPL,208.59,208.6389,207.84657287597656
2025-04-25 14:33:00,AAPL,208.635,208.505,207.84133911132812
2025-04-25 14:34:00,AAPL,208.48,208.525,207.8324737548828
2025-04-25 14:35:00,AAPL,208.51,208.68,207.82374572753906
2025-04-25 14:36:00,AAPL,208.671,208.645,207.8270263671875
2025-04-25 14:37:00,AAPL,208.67,208.54,207.8346405029297
2025-04-25 14:38:00,AAPL,208.53,208.51,207.83688354492188
2025-04-25 14:39:00,AAPL,208.52,208.4703,207.8336944580078
2025-04-25 14:40:00,AAPL,208.49,208.58,207.82461547851562
2025-04-25 14:41:00,AAPL,208.59,208.61,207.82061767578125
2025-04-25 14:42:00,AAPL,208.63,208.64,207.822021484375
2025-04-25 14:43:00,AAPL,208.64,208.755,207.82879638671875
2025-04-25 14:44:00,AAPL,208.74,208.65,207.8467559814453
2025-04-25 14:45:00,AAPL,208.65,208.63,207.86251831054688
2025-04-25 14:46:00,AAPL,208.66,208.76,207.87457275390625
2025-04-25 14:47:00,AAPL,208.74,208.705,207.89305114746094
2025-04-25 14:48:00,AAPL,208.7,208.77,207.9098663330078
2025-04-25 14:49:00,AAPL,208.79,208.68,207.92938232421875
2025-04-25 14:50:00,AAPL,208.67,208.51,207.9424591064453
2025-04-25 14:51:00,AAPL,208.54,208.345,207.9383544921875
2025-04-25 14:52:00,AAPL,208.36,208.2,207.9122772216797
2025-04-25 14:53:00,AAPL,208.1831,208.5,207.8641357421875
2025-04-25 14:54:00,AAPL,208.49,208.66,207.82786560058594
2025-04-25 14:55:00,AAPL,208.64,208.52,207.81240844726562
2025-04-25 14:56:00,AAPL,208.515,208.29,207.8003387451172
2025-04-25 14:57:00,AAPL,208.29,208.38,207.77471923828125
2025-04-25 14:58:00,AAPL,208.38,208.46,207.74966430664062
2025-04-25 14:59:00,AAPL,208.45,208.38,207.73236083984375
2025-04-25 15:00:00,AAPL,208.38,208.37,207.7151641845703
2025-04-25 15:01:00,AAPL,208.37,208.5,207.69873046875
2025-04-25 15:02:00,AAPL,208.5,208.5255,207.69349670410156
2025-04-25 15:03:00,AAPL,208.5001,208.635,207.69725036621094
2025-04-25 15:04:00,AAPL,208.64,208.71,207.71429443359375
2025-04-25 15:05:00,AAPL,208.715,208.82,207.74368286132812
2025-04-25 15:06:00,AAPL,208.818,208.765,207.78663635253906
2025-04-25 15:07:00,AAPL,208.76,208.64,207.8307342529297
2025-04-25 15:08:00,AAPL,208.645,208.555,207.8635711669922
2025-04-25 15:09:00,AAPL,208.55,208.555,207.88119506835938
2025-04-25 15:10:00,AAPL,208.555,208.5595,207.88839721679688
2025-04-25 15:11:00,AAPL,208.5425,208.39,207.88890075683594
2025-04-25 15:12:00,AAPL,208.38,208.41,207.87281799316406
2025-04-25 15:13:00,AAPL,208.41,208.37,207.8492889404297
2025-04-25 15:14:00,AAPL,208.38,208.525,207.81982421875
2025-04-25 15:15:00,AAPL,208.54,208.29,207.80001831054688
2025-04-25 15:16:00,AAPL,208.3,208.43,207.77005004882812
2025-04-25 15:17:00,AAPL,208.41,208.47,207.74659729003906
2025-04-25 15:18:00,AAPL,208.475,208.44,207.73141479492188
2025-04-25 15:19:00,AAPL,208.43,208.33,207.7201385498047
2025-04-25 15:20:00,AAPL,208.34,208.465,207.70419311523438
2025-04-25 15:21:00,AAPL,208.461,208.63,207.69659423828125
2025-04-25 15:22:00,AAPL,208.622,208.57,207.7064971923828
2025-04-25 15:23:00,AAPL,208.59,208.62,207.7218475341797
2025-04-25 15:24:00,AAPL,208.621,208.63,207.74339294433594
2025-04-25 15:25:00,AAPL,208.6299,208.63,207.76788330078125
2025-04-25 15:26:00,AAPL,208.62,208.445,207.7925567626953
2025-04-25 15:27:00,AAPL,208.4484,208.4301,207.8021697998047
2025-04-25 15:28:00,AAPL,208.45,208.265,207.80111694335938
2025-04-25 15:29:00,AAPL,208.2799,208.22,207.78152465820312
2025-04-25 15:30:00,AAPL,208.21,208.09,207.7489013671875
2025-04-25 15:31:00,AAPL,208.085,208.14,207.70108032226562
2025-04-25 15:32:00,AAPL,208.15,208.2,207.6510772705078
2025-04-25 15:33:00,AAPL,208.18,208.33,207.6074981689453
2025-04-25 15:34:00,AAPL,208.335,208.3024,207.5802764892578
2025-04-25 15:35:00,AAPL,208.31,208.38,207.5628662109375
2025-04-25 15:36:00,AAPL,208.37,208.26,207.5584716796875
2025-04-25 15:37:00,AAPL,208.27,208.2518,207.55369567871094
2025-04-25 15:38:00,AAPL,208.2553,208.235,207.5487823486328
2025-04-25 15:39:00,AAPL,208.22,208.14,207.54302978515625
2025-04-25 15:40:00,AAPL,208.13,208.03,207.53042602539062
2025-04-25 15:41:00,AAPL,208.04,208.02,207.50674438476562
2025-04-25 15:42:00,AAPL,208.015,208.23,207.47744750976562
2025-04-25 15:43:00,AAPL,208.221,208.3199,207.462158203125
2025-04-25 15:44:00,AAPL,208.32,208.34,207.4628143310547
2025-04-25 15:45:00,AAPL,208.33,208.28,207.47462463378906
2025-04-25 15:46:00,AAPL,208.28,208.13,207.4882049560547
2025-04-25 15:47:00,AAPL,208.11,208.155,207.49119567871094
2025-04-25 15:48:00,AAPL,208.16,208.33,207.4897003173828
2025-04-25 15:49:00,AAPL,208.365,208.41,207.498291015625
2025-04-25 15:50:00,AAPL,208.45,208.99,207.51803588867188
2025-04-25 15:51:00,AAPL,208.98,208.8099,207.58543395996094
2025-04-25 15:52:00,AAPL,208.8,208.9875,207.66323852539062
2025-04-25 15:53:00,AAPL,208.99,209.1518,207.75538635253906
2025-04-25 15:54:00,AAPL,209.18,209.12,207.8615264892578
2025-04-25 15:55:00,AAPL,209.13,209.135,207.96617126464844
2025-04-25 15:56:00,AAPL,209.15,209.27,208.06358337402344
2025-04-25 15:57:00,AAPL,209.29,209.28,208.15933227539062
2025-04-25 15:58:00,AAPL,209.27,209.23,208.24755859375
2025-04-25 15:59:00,AAPL,209.23,209.23,208.3209686279297
2025-04-25 16:00:00,,,,208.3798370361328
2025-04-25 16:01:00,,,,208.3632049560547
2025-04-25 16:02:00,,,,208.3013916015625
2025-04-25 16:03:00,,,,208.2111358642578
2025-04-25 16:04:00,,,,208.1027069091797
2025-04-25 16:05:00,,,,207.9825897216797
2025-04-25 16:06:00,,,,207.8548126220703
2025-04-25 16:07:00,,,,207.7220001220703
2025-04-25 16:08:00,,,,207.5858917236328
2025-04-25 16:09:00,,,,207.4477081298828
2025-04-25 16:10:00,,,,207.30821228027344
2025-04-25 16:11:00,,,,207.1680908203125
2025-04-25 16:12:00,,,,207.0277099609375
2025-04-25 16:13:00,,,,206.8874969482422
2025-04-25 16:14:00,,,,206.74769592285156
2025-04-25 16:15:00,,,,206.60855102539062
2025-04-25 16:16:00,,,,206.47023010253906
2025-04-25 16:17:00,,,,206.33290100097656
2025-04-25 16:18:00,,,,206.19667053222656
2025-04-25 16:19:00,,,,206.0616912841797
2025-04-25 16:20:00,,,,205.92803955078125
2025-04-25 16:21:00,,,,205.79576110839844
2025-04-25 16:22:00,,,,205.66493225097656
2025-04-25 16:23:00,,,,205.53561401367188
2025-04-25 16:24:00,,,,205.40782165527344
2025-04-25 16:25:00,,,,205.2816162109375
2025-04-25 16:26:00,,,,205.15701293945312
2025-04-25 16:27:00,,,,205.03399658203125
2025-04-25 16:28:00,,,,204.91261291503906
2025-04-25 16:29:00,,,,204.7928466796875
2025-04-25 16:30:00,,,,204.67471313476562
2025-04-25 16:31:00,,,,204.55819702148438
2025-04-25 16:32:00,,,,204.44329833984375
2025-04-25 16:33:00,,,,204.3300018310547
2025-04-25 16:34:00,,,,204.21827697753906
2025-04-25 16:35:00,,,,204.10816955566406
2025-04-25 16:36:00,,,,203.99960327148438
2025-04-25 16:37:00,,,,203.892578125
2025-04-25 16:38:00,,,,203.78707885742188
2025-04-25 16:39:00,,,,203.68309020996094
2025-04-25 16:40:00,,,,203.58058166503906
2025-04-25 16:41:00,,,,203.4795379638672
2025-04-25 16:42:00,,,,203.37994384765625
2025-04-25 16:43:00,,,,203.2817840576172
2025-04-25 16:44:00,,,,203.1849822998047
2025-04-25 16:45:00,,,,203.089599609375
2025-04-25 16:46:00,,,,202.99554443359375
2025-04-25 16:47:00,,,,202.90283203125
2025-04-25 16:48:00,,,,202.8114471435547
2025-04-25 16:49:00,,,,202.72134399414062
2025-04-25 16:50:00,,,,202.6324920654297
2025-04-25 16:51:00,,,,202.54490661621094
2025-04-25 16:52:00,,,,202.45852661132812
2025-04-25 16:53:00,,,,202.3733673095703
2025-04-25 16:54:00,,,,202.2893829345703
2025-04-25 16:55:00,,,,202.20657348632812
2025-04-25 16:56:00,,,,202.12489318847656
2025-04-25 16:57:00,,,,202.04434204101562
2025-04-25 16:58:00,,,,201.9649200439453
2025-04-25 16:59:00,,,,201.88656616210938
2025-04-25 17:00:00,,,,201.80926513671875
2025-04-25 17:01:00,,,,201.7330322265625
2025-04-25 17:02:00,,,,201.6578369140625
2025-04-25 17:03:00,,,,201.58363342285156
2025-04-25 17:04:00,,,,201.51043701171875
2025-04-25 17:05:00,,,,201.43821716308594
2025-04-25 17:06:00,,,,201.36697387695312
2025-04-25 17:07:00,,,,201.2966766357422
2025-04-25 17:08:00,,,,201.22731018066406
2025-04-25 17:09:00,,,,201.1588592529297
2025-04-25 17:10:00,,,,201.09129333496094
2025-04-25 17:11:00,,,,201.02462768554688
2025-04-25 17:12:00,,,,200.95884704589844
2025-04-25 17:13:00,,,,200.89390563964844
2025-04-25 17:14:00,,,,200.829833984375
2025-04-25 17:15:00,,,,200.7665557861328
2025-04-25 17:16:00,,,,200.70411682128906
2025-04-25 17:17:00,,,,200.64248657226562
2025-04-25 17:18:00,,,,200.58163452148438
2025-04-25 17:19:00,,,,200.5215606689453
2025-04-25 17:20:00,,,,200.46226501464844
2025-04-25 17:21:00,,,,200.40371704101562
2025-04-25 17:22:00,,,,200.34591674804688
2025-04-25 17:23:00,,,,200.28883361816406
2025-04-25 17:24:00,,,,200.23251342773438
2025-04-25 17:25:00,,,,200.17684936523438
2025-04-25 17:26:00,,,,200.1219024658203
2025-04-25 17:27:00,,,,200.06764221191406
2025-04-25 17:28:00,,,,200.01405334472656
2025-04-25 17:29:00,,,,199.96115112304688
2025-04-25 17:30:00,,,,199.9088897705078
2025-04-25 17:31:00,,,,199.85728454589844
2025-04-25 17:32:00,,,,199.8063201904297
2025-04-25 17:33:00,,,,199.75595092773438
2025-04-25 17:34:00,,,,199.70623779296875
2025-04-25 17:35:00,,,,199.65711975097656
2025-04-25 17:36:00,,,,199.6085968017578
2025-04-25 17:37:00,,,,199.5606689453125
2025-04-25 17:38:00,,,,199.51333618164062
2025-04-25 17:39:00,,,,199.46656799316406
2025-04-25 17:40:00,,,,199.42034912109375
2025-04-25 17:41:00,,,,199.3747100830078
2025-04-25 17:42:00,,,,199.32962036132812
2025-04-25 17:43:00,,,,199.28506469726562
2025-04-25 17:44:00,,,,199.2410430908203
2025-04-25 17:45:00,,,,199.19754028320312
2025-04-25 17:46:00,,,,199.15457153320312
2025-04-25 17:47:00,,,,199.11212158203125
2025-04-25 17:48:00,,,,199.07015991210938
2025-04-25 17:49:00,,,,199.02871704101562
2025-04-25 17:50:00,,,,198.98773193359375
2025-04-25 17:51:00,,,,198.94725036621094
2025-04-25 17:52:00,,,,198.90725708007812
2025-04-25 17:53:00,,,,198.8677215576172
2025-04-25 17:54:00,,,,198.8286590576172
2025-04-25 17:55:00,,,,198.7900390625
2025-04-25 17:56:00,,,,198.7518768310547
2025-04-25 17:57:00,,,,198.71417236328125
2025-04-25 17:58:00,,,,198.67691040039062
2025-04-25 17:59:00,,,,198.6400604248047
2025-04-25 18:00:00,,,,198.60365295410156
2025-04-25 18:01:00,,,,198.56768798828125
2025-04-25 18:02:00,,,,198.5321044921875
2025-04-25 18:03:00,,,,198.4969482421875
2025-04-25 18:04:00,,,,198.46218872070312
2025-04-25 18:05:00,,,,198.42784118652344
2025-04-25 18:06:00,,,,198.39389038085938
2025-04-25 18:07:00,,,,198.36032104492188
2025-04-25 18:08:00,,,,198.3271484375
2025-04-25 18:09:00,,,,198.29434204101562
2025-04-25 18:10:00,,,,198.26190185546875
2025-04-25 18:11:00,,,,198.2298583984375
2025-04-25 18:12:00,,,,198.1981658935547
2025-04-25 18:13:00,,,,198.1668243408203
2025-04-25 18:14:00,,,,198.13584899902344
2025-04-25 18:15:00,,,,198.10523986816406
2025-04-25 18:16:00,,,,198.074951171875
2025-04-25 18:17:00,,,,198.04501342773438
2025-04-25 18:18:00,,,,198.01544189453125
2025-04-25 18:19:00,,,,197.98617553710938
2025-04-25 18:20:00,,,,197.95724487304688
2025-04-25 18:21:00,,,,197.9286346435547
2025-04-25 18:22:00,,,,197.9003448486328
2025-04-25 18:23:00,,,,197.8723907470703
2025-04-25 18:24:00,,,,197.8447265625
2025-04-25 18:25:00,,,,197.8173828125
2025-04-25 18:26:00,,,,197.7903289794922
2025-04-25 18:27:00,,,,197.76361083984375
2025-04-25 18:28:00,,,,197.73716735839844
2025-04-25 18:29:00,,,,197.7110137939453
2025-04-25 18:30:00,,,,197.68516540527344
2025-04-25 18:31:00,,,,197.6595916748047
2025-04-25 18:32:00,,,,197.6343231201172
2025-04-25 18:33:00,,,,197.6092987060547
2025-04-25 18:34:00,,,,197.58457946777344
2025-04-25 18:35:00,,,,197.56011962890625
2025-04-25 18:36:00,,,,197.53594970703125
2025-04-25 18:37:00,,,,197.51202392578125
2025-04-25 18:38:00,,,,197.48837280273438
2025-04-25 18:39:00,,,,197.46498107910156
2025-04-25 18:40:00,,,,197.4418487548828
2025-04-25 18:41:00,,,,197.41896057128906
2025-04-25 18:42:00,,,,197.39634704589844
2025-04-25 18:43:00,,,,197.37396240234375
2025-04-25 18:44:00,,,,197.351806640625
2025-04-25 18:45:00,,,,197.3299102783203
2025-04-25 18:46:00,,,,197.30825805664062
2025-04-25 18:47:00,,,,197.28684997558594
2025-04-25 18:48:00,,,,197.2656707763672
2025-04-25 18:49:00,,,,197.2447052001953
2025-04-25 18:50:00,,,,197.22396850585938
2025-04-25 18:51:00,,,,197.20346069335938
2025-04-25 18:52:00,,,,197.18319702148438
2025-04-25 18:53:00,,,,197.1631317138672
2025-04-25 18:54:00,,,,197.14328002929688
2025-04-25 18:55:00,,,,197.1236572265625
2025-04-25 18:56:00,,,,197.104248046875
2025-04-25 18:57:00,,,,197.0850372314453
2025-04-25 18:58:00,,,,197.06605529785156
2025-04-25 18:59:00,,,,197.0472412109375
2025-04-25 19:00:00,,,,197.02865600585938
2025-04-25 19:01:00,,,,197.01026916503906
2025-04-25 19:02:00,,,,196.9920654296875
2025-04-25 19:03:00,,,,196.9740753173828
2025-04-25 19:04:00,,,,196.95628356933594
2025-04-25 19:05:00,,,,196.9386749267578
2025-04-25 19:06:00,,,,196.92124938964844
2025-04-25 19:07:00,,,,196.90399169921875
2025-04-25 19:08:00,,,,196.886962890625
2025-04-25 19:09:00,,,,196.87008666992188
2025-04-25 19:10:00,,,,196.85340881347656
2025-04-25 19:11:00,,,,196.83689880371094
2025-04-25 19:12:00,,,,196.820556640625
2025-04-25 19:13:00,,,,196.8043975830078
2025-04-25 19:14:00,,,,196.78839111328125
2025-04-25 19:15:00,,,,196.7725830078125
2025-04-25 19:16:00,,,,196.75694274902344
2025-04-25 19:17:00,,,,196.741455078125
2025-04-25 19:18:00,,,,196.7261505126953
2025-04-25 19:19:00,,,,196.71099853515625
2025-04-25 19:20:00,,,,196.6959991455078
2025-04-25 19:21:00,,,,196.68115234375
2025-04-25 19:22:00,,,,196.66648864746094
2025-04-25 19:23:00,,,,196.65196228027344
2025-04-25 19:24:00,,,,196.63760375976562
2025-04-25 19:25:00,,,,196.6233673095703
2025-04-25 19:26:00,,,,196.6092987060547
2025-04-25 19:27:00,,,,196.5953826904297
2025-04-25 19:28:00,,,,196.5816192626953
2025-04-25 19:29:00,,,,196.56800842285156
2025-04-25 19:30:00,,,,196.5545196533203
2025-04-25 19:31:00,,,,196.5411834716797
2025-04-25 19:32:00,,,,196.5279998779297
2025-04-25 19:33:00,,,,196.51492309570312
2025-04-25 19:34:00,,,,196.5019989013672
2025-04-25 19:35:00,,,,196.48922729492188
2025-04-25 19:36:00,,,,196.4765625
2025-04-25 19:37:00,,,,196.4640655517578
2025-04-25 19:38:00,,,,196.45166015625
2025-04-25 19:39:00,,,,196.43939208984375
2025-04-25 19:40:00,,,,196.42727661132812
2025-04-25 19:41:00,,,,196.415283203125
2025-04-25 19:42:00,,,,196.4033966064453
2025-04-25 19:43:00,,,,196.39166259765625
2025-04-25 19:44:00,,,,196.38002014160156
2025-04-25 19:45:00,,,,196.36851501464844
2025-04-25 19:46:00,,,,196.3571319580078
2025-04-25 19:47:00,,,,196.34585571289062
2025-04-25 19:48:00,,,,196.334716796875
2025-04-25 19:49:00,,,,196.3236846923828
2025-04-25 19:50:00,,,,196.31275939941406
2025-04-25 19:51:00,,,,196.30197143554688
2025-04-25 19:52:00,,,,196.291259765625
2025-04-25 19:53:00,,,,196.2806854248047
2025-04-25 19:54:00,,,,196.27023315429688
2025-04-25 19:55:00,,,,196.25985717773438
2025-04-25 19:56:00,,,,196.24960327148438
2025-04-25 19:57:00,,,,196.23947143554688
2025-04-25 19:58:00,,,,196.2294158935547
2025-04-25 19:59:00,,,,196.21949768066406
2025-04-25 20:00:00,,,,196.20965576171875
2025-04-25 20:01:00,,,,196.19992065429688
2025-04-25 20:02:00,,,,196.19029235839844
2025-04-25 20:03:00,,,,196.18077087402344
2025-04-25 20:04:00,,,,196.17132568359375
2025-04-25 20:05:00,,,,196.16200256347656
2025-04-25 20:06:00,,,,196.15277099609375
2025-04-25 20:07:00,,,,196.1436309814453
2025-04-25 20:08:00,,,,196.1345672607422
2025-04-25 20:09:00,,,,196.1256103515625
2025-04-25 20:10:00,,,,196.1167755126953
2025-04-25 20:11:00,,,,196.1079864501953
2025-04-25 20:12:00,,,,196.09930419921875
2025-04-25 20:13:00,,,,196.09071350097656
2025-04-25 20:14:00,,,,196.0822296142578
2025-04-25 20:15:00,,,,196.07382202148438
2025-04-25 20:16:00,,,,196.06549072265625
2025-04-25 20:17:00,,,,196.0572509765625
2025-04-25 20:18:00,,,,196.04910278320312
2025-04-25 20:19:00,,,,196.04103088378906
2025-04-25 20:20:00,,,,196.0330352783203
2025-04-25 20:21:00,,,,196.02513122558594
2025-04-25 20:22:00,,,,196.01731872558594
2025-04-25 20:23:00,,,,196.0095672607422
2025-04-25 20:24:00,,,,196.0019073486328
2025-04-25 20:25:00,,,,195.99432373046875
2025-04-25 20:26:00,,,,195.98681640625
2025-04-25 20:27:00,,,,195.97940063476562
2025-04-25 20:28:00,,,,195.97203063964844
2025-04-25 20:29:00,,,,195.9647674560547
2025-04-25 20:30:00,,,,195.9575653076172
2025-04-25 20:31:00,,,,195.95042419433594
2025-04-25 20:32:00,,,,195.94337463378906
2025-04-25 20:33:00,,,,195.93638610839844
2025-04-25 20:34:00,,,,195.9294891357422
2025-04-25 20:35:00,,,,195.92263793945312
2025-04-25 20:36:00,,,,195.91586303710938
2025-04-25 20:37:00,,,,195.9091796875
2025-04-25 20:38:00,,,,195.9025421142578
2025-04-25 20:39:00,,,,195.89598083496094
2025-04-25 20:40:00,,,,195.8894805908203
2025-04-25 20:41:00,,,,195.883056640625
2025-04-25 20:42:00,,,,195.87667846679688
2025-04-25 20:43:00,,,,195.87039184570312
2025-04-25 20:44:00,,,,195.86415100097656
2025-04-25 20:45:00,,,,195.8579864501953
2025-04-25 20:46:00,,,,195.85186767578125
2025-04-25 20:47:00,,,,195.8458251953125
2025-04-25 20:48:00,,,,195.83985900878906
2025-04-25 20:49:00,,,,195.83392333984375
2025-04-25 20:50:00,,,,195.8280487060547
2025-04-25 20:51:00,,,,195.822265625
2025-04-25 20:52:00,,,,195.8165283203125
2025-04-25 20:53:00,,,,195.8108367919922
2025-04-25 20:54:00,,,,195.80520629882812
2025-04-25 20:55:00,,,,195.7996368408203
2025-04-25 20:56:00,,,,195.79412841796875
2025-04-25 20:57:00,,,,195.78868103027344
2025-04-25 20:58:00,,,,195.78326416015625
2025-04-25 20:59:00,,,,195.77792358398438
2025-04-25 21:00:00,,,,195.7726287841797
2025-04-25 21:01:00,,,,195.76739501953125
2025-04-25 21:02:00,,,,195.76222229003906
2025-04-25 21:03:00,,,,195.757080078125
2025-04-25 21:04:00,,,,195.7519989013672
2025-04-25 21:05:00,,,,195.74697875976562
2025-04-25 21:06:00,,,,195.74200439453125
2025-04-25 21:07:00,,,,195.73707580566406
2025-04-25 21:08:00,,,,195.73220825195312
2025-04-25 21:09:00,,,,195.72738647460938
2025-04-25 21:10:00,,,,195.7226104736328
2025-04-25 21:11:00,,,,195.71788024902344
2025-04-25 21:12:00,,,,195.71319580078125
2025-04-25 21:13:00,,,,195.7085723876953
2025-04-25 21:14:00,,,,195.7039794921875
2025-04-25 21:15:00,,,,195.69944763183594
2025-04-25 21:16:00,,,,195.6949462890625
2025-04-25 21:17:00,,,,195.69049072265625
2025-04-25 21:18:00,,,,195.68609619140625
2025-04-25 21:19:00,,,,195.68174743652344
2025-04-25 21:20:00,,,,195.67742919921875
2025-04-25 21:21:00,,,,195.67315673828125
2025-04-25 21:22:00,,,,195.66893005371094
2025-04-25 21:23:00,,,,195.6647491455078
2025-04-25 21:24:00,,,,195.66061401367188
2025-04-25 21:25:00,,,,195.65652465820312
2025-04-25 21:26:00,,,,195.6524658203125
2025-04-25 21:27:00,,,,195.64845275878906
2025-04-25 21:28:00,,,,195.64447021484375
2025-04-25 21:29:00,,,,195.64053344726562
2025-04-25 21:30:00,,,,195.63662719726562
2025-04-25 21:31:00,,,,195.63278198242188
2025-04-25 21:32:00,,,,195.62896728515625
2025-04-25 21:33:00,,,,195.62518310546875
2025-04-25 21:34:00,,,,195.62144470214844
2025-04-25 21:35:00,,,,195.6177520751953
2025-04-25 21:36:00,,,,195.61407470703125
2025-04-25 21:37:00,,,,195.61044311523438
2025-04-25 21:38:00,,,,195.6068572998047
2025-04-25 21:39:00,,,,195.6033172607422
2025-04-25 21:40:00,,,,195.59979248046875
2025-04-25 21:41:00,,,,195.59629821777344
2025-04-25 21:42:00,,,,195.59286499023438
2025-04-25 21:43:00,,,,195.58946228027344
2025-04-25 21:44:00,,,,195.58607482910156
2025-04-25 21:45:00,,,,195.5827178955078
2025-04-25 21:46:00,,,,195.57943725585938
2025-04-25 21:47:00,,,,195.57614135742188
2025-04-25 21:48:00,,,,195.57290649414062
2025-04-25 21:49:00,,,,195.5697021484375
2025-04-25 21:50:00,,,,195.56651306152344
2025-04-25 21:51:00,,,,195.56336975097656
2025-04-25 21:52:00,,,,195.5602569580078
2025-04-25 21:53:00,,,,195.5571746826172
2025-04-25 21:54:00,,,,195.55410766601562
2025-04-25 21:55:00,,,,195.5511016845703
2025-04-25 21:56:00,,,,195.548095703125
2025-04-25 21:57:00,,,,195.54513549804688
2025-04-25 21:58:00,,,,195.54220581054688
2025-04-25 21:59:00,,,,195.539306640625
2025-04-25 22:00:00,,,,195.53643798828125
2025-04-25 22:01:00,,,,195.53358459472656
2025-04-25 22:02:00,,,,195.53077697753906
2025-04-25 22:03:00,,,,195.5279998779297
2025-04-25 22:04:00,,,,195.52525329589844
2025-04-25 22:05:00,,,,195.5225067138672
2025-04-25 22:06:00,,,,195.51980590820312
2025-04-25 22:07:00,,,,195.51715087890625
2025-04-25 22:08:00,,,,195.5144805908203
2025-04-25 22:09:00,,,,195.51187133789062
2025-04-25 22:10:00,,,,195.50926208496094
2025-04-25 22:11:00,,,,195.50669860839844
2025-04-25 22:12:00,,,,195.50416564941406
2025-04-25 22:13:00,,,,195.50164794921875
2025-04-25 22:14:00,,,,195.49916076660156
2025-04-25 22:15:00,,,,195.49668884277344
2025-04-25 22:16:00,,,,195.49423217773438
2025-04-25 22:17:00,,,,195.4918212890625
2025-04-25 22:18:00,,,,195.4894256591797
2025-04-25 22:19:00,,,,195.487060546875
2025-04-25 22:20:00,,,,195.48471069335938
2025-04-25 22:21:00,,,,195.48239135742188
2025-04-25 22:22:00,,,,195.48008728027344
2025-04-25 22:23:00,,,,195.4778289794922
2025-04-25 22:24:00,,,,195.47557067871094
2025-04-25 22:25:00,,,,195.47332763671875
2025-04-25 22:26:00,,,,195.47113037109375
2025-04-25 22:27:00,,,,195.46893310546875
2025-04-25 22:28:00,,,,195.46678161621094
2025-04-25 22:29:00,,,,195.46463012695312
2025-04-25 22:30:00,,,,195.4625244140625
2025-04-25 22:31:00,,,,195.46043395996094
2025-04-25 22:32:00,,,,195.45834350585938
2025-04-25 22:33:00,,,,195.456298828125
2025-04-25 22:34:00,,,,195.45423889160156
2025-04-25 22:35:00,,,,195.45223999023438
2025-04-25 22:36:00,,,,195.45022583007812
2025-04-25 22:37:00,,,,195.44827270507812
2025-04-25 22:38:00,,,,195.44630432128906
2025-04-25 22:39:00,,,,195.4443817138672
2025-04-25 22:40:00,,,,195.4424591064453
2025-04-25 22:41:00,,,,195.44056701660156
2025-04-25 22:42:00,,,,195.43869018554688
2025-04-25 22:43:00,,,,195.43682861328125
2025-04-25 22:44:00,,,,195.4349822998047
2025-04-25 22:45:00,,,,195.43316650390625
2025-04-25 22:46:00,,,,195.4313507080078
2025-04-25 22:47:00,,,,195.42958068847656
2025-04-25 22:48:00,,,,195.4278106689453
2025-04-25 22:49:00,,,,195.42605590820312
2025-04-25 22:50:00,,,,195.42433166503906
2025-04-25 22:51:00,,,,195.422607421875
2025-04-25 22:52:00,,,,195.4208984375
2025-04-25 22:53:00,,,,195.4192352294922
2025-04-25 22:54:00,,,,195.41757202148438
2025-04-25 22:55:00,,,,195.41592407226562
2025-04-25 22:56:00,,,,195.41429138183594
2025-04-25 22:57:00,,,,195.4126739501953
2025-04-25 22:58:00,,,,195.4110870361328
2025-04-25 22:59:00,,,,195.4095001220703
2025-04-25 23:00:00,,,,195.40794372558594
2025-04-25 23:01:00,,,,195.4063720703125
2025-04-25 23:02:00,,,,195.4048614501953
2025-04-25 23:03:00,,,,195.40333557128906
2025-04-25 23:04:00,,,,195.4018096923828
2025-04-25 23:05:00,,,,195.4003448486328
2025-04-25 23:06:00,,,,195.39886474609375
2025-04-25 23:07:00,,,,195.39739990234375
2025-04-25 23:08:00,,,,195.3959503173828
2025-04-25 23:09:00,,,,195.39453125
2025-04-25 23:10:00,,,,195.3931121826172
2025-04-25 23:11:00,,,,195.39170837402344
2025-04-25 23:12:00,,,,195.3903350830078
2025-04-25 23:13:00,,,,195.3889617919922
2025-04-25 23:14:00,,,,195.38758850097656
2025-04-25 23:15:00,,,,195.38623046875
2025-04-25 23:16:00,,,,195.38490295410156
2025-04-25 23:17:00,,,,195.3835906982422
2025-04-25 23:18:00,,,,195.38229370117188
2025-04-25 23:19:00,,,,195.38099670410156
2025-04-25 23:20:00,,,,195.3797149658203
2025-04-25 23:21:00,,,,195.37844848632812
2025-04-25 23:22:00,,,,195.377197265625
2025-04-25 23:23:00,,,,195.37594604492188
2025-04-25 23:24:00,,,,195.37472534179688
2025-04-25 23:25:00,,,,195.37350463867188
2025-04-25 23:26:00,,,,195.37229919433594
2025-04-25 23:27:00,,,,195.37109375
2025-04-25 23:28:00,,,,195.3699188232422
2025-04-25 23:29:00,,,,195.36875915527344
2025-04-25 23:30:00,,,,195.36758422851562
2025-04-25 23:31:00,,,,195.366455078125
2025-04-25 23:32:00,,,,195.3653106689453
2025-04-25 23:33:00,,,,195.36419677734375
2025-04-25 23:34:00,,,,195.36306762695312
2025-04-25 23:35:00,,,,195.36196899414062
2025-04-25 23:36:00,,,,195.36087036132812
2025-04-25 23:37:00,,,,195.35980224609375
2025-04-25 23:38:00,,,,195.35874938964844
2025-04-25 23:39:00,,,,195.35768127441406
2025-04-25 23:40:00,,,,195.35662841796875
2025-04-25 23:41:00,,,,195.3555908203125
2025-04-25 23:42:00,,,,195.35458374023438
2025-04-25 23:43:00,,,,195.35354614257812
2025-04-25 23:44:00,,,,195.35255432128906
2025-04-25 23:45:00,,,,195.3515625
2025-04-25 23:46:00,,,,195.35057067871094
2025-04-25 23:47:00,,,,195.34959411621094
2025-04-25 23:48:00,,,,195.3486328125
2025-04-25 23:49:00,,,,195.34768676757812
2025-04-25 23:50:00,,,,195.3467254638672
2025-04-25 23:51:00,,,,195.3457794189453
2025-04-25 23:52:00,,,,195.34487915039062
2025-04-25 23:53:00,,,,195.3439483642578
2025-04-25 23:54:00,,,,195.34303283691406
2025-04-25 23:55:00,,,,195.34213256835938
2025-04-25 23:56:00,,,,195.34124755859375
2025-04-25 23:57:00,,,,195.34034729003906
2025-04-25 23:58:00,,,,195.33949279785156
2025-04-25 23:59:00,,,,195.338623046875
2025-04-26 00:00:00,,,,195.33778381347656
2025-04-26 00:01:00,,,,195.3369140625
2025-04-26 00:02:00,,,,195.33609008789062
2025-04-26 00:03:00,,,,195.3352508544922
2025-04-26 00:04:00,,,,195.3344268798828
2025-04-26 00:05:00,,,,195.3336181640625
2025-04-26 00:06:00,,,,195.3328094482422
2025-04-26 00:07:00,,,,195.33201599121094
2025-04-26 00:08:00,,,,195.33120727539062
2025-04-26 00:09:00,,,,195.33042907714844
2025-04-26 00:10:00,,,,195.3296661376953
2025-04-26 00:11:00,,,,195.32888793945312
2025-04-26 00:12:00,,,,195.328125
2025-04-26 00:13:00,,,,195.327392578125
2025-04-26 00:14:00,,,,195.32664489746094
2025-04-26 00:15:00,,,,195.32591247558594
2025-04-26 00:16:00,,,,195.32516479492188
2025-04-26 00:17:00,,,,195.32444763183594
2025-04-26 00:18:00,,,,195.32373046875
2025-04-26 00:19:00,,,,195.3230438232422
2025-04-26 00:20:00,,,,195.3223419189453
2025-04-26 00:21:00,,,,195.32164001464844
2025-04-26 00:22:00,,,,195.32095336914062
2025-04-26 00:23:00,,,,195.3202667236328
2025-04-26 00:24:00,,,,195.31959533691406
2025-04-26 00:25:00,,,,195.31893920898438
2025-04-26 00:26:00,,,,195.31826782226562
2025-04-26 00:27:00,,,,195.317626953125
2025-04-26 00:28:00,,,,195.31698608398438
2025-04-26 00:29:00,,,,195.31634521484375
2025-04-26 00:30:00,,,,195.3157196044922
2025-04-26 00:31:00,,,,195.31507873535156
2025-04-26 00:32:00,,,,195.31446838378906
2025-04-26 00:33:00,,,,195.31382751464844
2025-04-26 00:34:00,,,,195.31324768066406
2025-04-26 00:35:00,,,,195.31263732910156
2025-04-26 00:36:00,,,,195.31204223632812
2025-04-26 00:37:00,,,,195.3114471435547
2025-04-26 00:38:00,,,,195.31085205078125
2025-04-26 00:39:00,,,,195.31028747558594
2025-04-26 00:40:00,,,,195.30972290039062
2025-04-26 00:41:00,,,,195.30914306640625
2025-04-26 00:42:00,,,,195.30857849121094
2025-04-26 00:43:00,,,,195.3080291748047
2025-04-26 00:44:00,,,,195.30747985839844
2025-04-26 00:45:00,,,,195.3069305419922
2025-04-26 00:46:00,,,,195.306396484375
2025-04-26 00:47:00,,,,195.30584716796875
2025-04-26 00:48:00,,,,195.30532836914062
2025-04-26 00:49:00,,,,195.30479431152344
2025-04-26 00:50:00,,,,195.30429077148438
2025-04-26 00:51:00,,,,195.3037872314453
2025-04-26 00:52:00,,,,195.30328369140625
2025-04-26 00:53:00,,,,195.30276489257812
2025-04-26 00:54:00,,,,195.30226135253906
2025-04-26 00:55:00,,,,195.30177307128906
2025-04-26 00:56:00,,,,195.30128479003906
2025-04-26 00:57:00,,,,195.30081176757812
2025-04-26 00:58:00,,,,195.30032348632812
2025-04-26 00:59:00,,,,195.2998504638672
2025-04-26 01:00:00,,,,195.2993927001953
2025-04-26 01:01:00,,,,195.29891967773438
2025-04-26 01:02:00,,,,195.2984619140625
2025-04-26 01:03:00,,,,195.29800415039062
2025-04-26 01:04:00,,,,195.2975616455078
2025-04-26 01:05:00,,,,195.29710388183594
2025-04-26 01:06:00,,,,195.29666137695312
2025-04-26 01:07:00,,,,195.2962188720703
2025-04-26 01:08:00,,,,195.29580688476562
2025-04-26 01:09:00,,,,195.29537963867188
2025-04-26 01:10:00,,,,195.29495239257812
2025-04-26 01:11:00,,,,195.29454040527344
2025-04-26 01:12:00,,,,195.2941131591797
2025-04-26 01:13:00,,,,195.29371643066406
2025-04-26 01:14:00,,,,195.2932891845703
2025-04-26 01:15:00,,,,195.2928924560547
2025-04-26 01:16:00,,,,195.29248046875
2025-04-26 01:17:00,,,,195.2921142578125
2025-04-26 01:18:00,,,,195.2917022705078
2025-04-26 01:19:00,,,,195.29132080078125
2025-04-26 01:20:00,,,,195.29092407226562
2025-04-26 01:21:00,,,,195.2905731201172
2025-04-26 01:22:00,,,,195.29019165039062
2025-04-26 01:23:00,,,,195.28981018066406
2025-04-26 01:24:00,,,,195.28944396972656
2025-04-26 01:25:00,,,,195.2890625
2025-04-26 01:26:00,,,,195.28871154785156
2025-04-26 01:27:00,,,,195.28834533691406
2025-04-26 01:28:00,,,,195.2880096435547
2025-04-26 01:29:00,,,,195.28765869140625
2025-04-26 01:30:00,,,,195.2873077392578
2025-04-26 01:31:00,,,,195.28695678710938
2025-04-26 01:32:00,,,,195.28662109375
2025-04-26 01:33:00,,,,195.28628540039062
2025-04-26 01:34:00,,,,195.2859344482422
2025-04-26 01:35:00,,,,195.28562927246094
2025-04-26 01:36:00,,,,195.28529357910156
2025-04-26 01:37:00,,,,195.28497314453125
2025-04-26 01:38:00,,,,195.28465270996094
2025-04-26 01:39:00,,,,195.28433227539062
2025-04-26 01:40:00,,,,195.28402709960938
2025-04-26 01:41:00,,,,195.28370666503906
2025-04-26 01:42:00,,,,195.2834014892578
2025-04-26 01:43:00,,,,195.28309631347656
2025-04-26 01:44:00,,,,195.2827911376953
2025-04-26 01:45:00,,,,195.28250122070312
2025-04-26 01:46:00,,,,195.28221130371094
2025-04-26 01:47:00,,,,195.2819061279297
2025-04-26 01:48:00,,,,195.2816162109375
2025-04-26 01:49:00,,,,195.28134155273438
2025-04-26 01:50:00,,,,195.28103637695312
2025-04-26 01:51:00,,,,195.28076171875
2025-04-26 01:52:00,,,,195.28048706054688
2025-04-26 01:53:00,,,,195.28021240234375
2025-04-26 01:54:00,,,,195.27993774414062
2025-04-26 01:55:00,,,,195.2796630859375
2025-04-26 01:56:00,,,,195.2794189453125
2025-04-26 01:57:00,,,,195.27914428710938
2025-04-26 01:58:00,,,,195.2788848876953
2025-04-26 01:59:00,,,,195.2786102294922
2025-04-26 02:00:00,,,,195.2783660888672
2025-04-26 02:01:00,,,,195.27810668945312
2025-04-26 02:02:00,,,,195.27784729003906
2025-04-26 02:03:00,,,,195.27760314941406
2025-04-26 02:04:00,,,,195.27737426757812
2025-04-26 02:05:00,,,,195.27711486816406
2025-04-26 02:06:00,,,,195.27688598632812
2025-04-26 02:07:00,,,,195.27662658691406
2025-04-26 02:08:00,,,,195.27639770507812
2025-04-26 02:09:00,,,,195.2761688232422
2025-04-26 02:10:00,,,,195.27593994140625
2025-04-26 02:11:00,,,,195.27569580078125
2025-04-26 02:12:00,,,,195.2754669189453
2025-04-26 02:13:00,,,,195.27525329589844
2025-04-26 02:14:00,,,,195.2750244140625
2025-04-26 02:15:00,,,,195.27481079101562
2025-04-26 02:16:00,,,,195.2745819091797
2025-04-26 02:17:00,,,,195.2743682861328
2025-04-26 02:18:00,,,,195.27415466308594
2025-04-26 02:19:00,,,,195.27394104003906
2025-04-26 02:20:00,,,,195.27374267578125
2025-04-26 02:21:00,,,,195.27352905273438
2025-04-26 02:22:00,,,,195.2733154296875
2025-04-26 02:23:00,,,,195.27313232421875
2025-04-26 02:24:00,,,,195.27291870117188
2025-04-26 02:25:00,,,,195.27272033691406
2025-04-26 02:26:00,,,,195.2725067138672
2025-04-26 02:27:00,,,,195.27232360839844
2025-04-26 02:28:00,,,,195.27212524414062
2025-04-26 02:29:00,,,,195.27194213867188
2025-04-26 02:30:00,,,,195.27175903320312
2025-04-26 02:31:00,,,,195.2715606689453
2025-04-26 02:32:00,,,,195.27137756347656
2025-04-26 02:33:00,,,,195.27117919921875
2025-04-26 02:34:00,,,,195.27101135253906
2025-04-26 02:35:00,,,,195.2708282470703
2025-04-26 02:36:00,,,,195.27066040039062
2025-04-26 02:37:00,,,,195.2704620361328
2025-04-26 02:38:00,,,,195.27029418945312
2025-04-26 02:39:00,,,,195.27012634277344
2025-04-26 02:40:00,,,,195.26995849609375
2025-04-26 02:41:00,,,,195.269775390625
2025-04-26 02:42:00,,,,195.26959228515625
2025-04-26 02:43:00,,,,195.2694549560547
2025-04-26 02:44:00,,,,195.269287109375
2025-04-26 02:45:00,,,,195.2691192626953
2025-04-26 02:46:00,,,,195.26895141601562
2025-04-26 02:47:00,,,,195.268798828125
2025-04-26 02:48:00,,,,195.2686309814453
2025-04-26 02:49:00,,,,195.2684783935547
2025-04-26 02:50:00,,,,195.268310546875
2025-04-26 02:51:00,,,,195.26815795898438
2025-04-26 02:52:00,,,,195.2680206298828
2025-04-26 02:53:00,,,,195.2678680419922
2025-04-26 02:54:00,,,,195.26771545410156
2025-04-26 02:55:00,,,,195.267578125
2025-04-26 02:56:00,,,,195.26742553710938
2025-04-26 02:57:00,,,,195.26727294921875
2025-04-26 02:58:00,,,,195.2671356201172
2025-04-26 02:59:00,,,,195.26698303222656
2025-04-26 03:00:00,,,,195.26686096191406
2025-04-26 03:01:00,,,,195.26670837402344
2025-04-26 03:02:00,,,,195.26658630371094
2025-04-26 03:03:00,,,,195.2664337158203
2025-04-26 03:04:00,,,,195.2663116455078
2025-04-26 03:05:00,,,,195.2661590576172
2025-04-26 03:06:00,,,,195.2660369873047
2025-04-26 03:07:00,,,,195.26589965820312
2025-04-26 03:08:00,,,,195.26577758789062
2025-04-26 03:09:00,,,,195.26565551757812
2025-04-26 03:10:00,,,,195.26551818847656
2025-04-26 03:11:00,,,,195.26539611816406
2025-04-26 03:12:00,,,,195.26527404785156
2025-04-26 03:13:00,,,,195.26513671875
2025-04-26 03:14:00,,,,195.2650146484375
2025-04-26 03:15:00,,,,195.264892578125
2025-04-26 03:16:00,,,,195.26478576660156
2025-04-26 03:17:00,,,,195.26466369628906
2025-04-26 03:18:00,,,,195.26455688476562
2025-04-26 03:19:00,,,,195.26441955566406
2025-04-26 03:20:00,,,,195.2643280029297
2025-04-26 03:21:00,,,,195.26419067382812
2025-04-26 03:22:00,,,,195.2640838623047
2025-04-26 03:23:00,,,,195.26397705078125
2025-04-26 03:24:00,,,,195.26385498046875
2025-04-26 03:25:00,,,,195.2637481689453
2025-04-26 03:26:00,,,,195.26364135742188
2025-04-26 03:27:00,,,,195.26353454589844
2025-04-26 03:28:00,,,,195.263427734375
2025-04-26 03:29:00,,,,195.26332092285156
2025-04-26 03:30:00,,,,195.2632293701172
2025-04-26 03:31:00,,,,195.26312255859375
2025-04-26 03:32:00,,,,195.2630157470703
2025-04-26 03:33:00,,,,195.26290893554688
2025-04-26 03:34:00,,,,195.2628173828125
2025-04-26 03:35:00,,,,195.26271057128906
2025-04-26 03:36:00,,,,195.26260375976562
2025-04-26 03:37:00,,,,195.2625274658203
2025-04-26 03:38:00,,,,195.26242065429688
2025-04-26 03:39:00,,,,195.2623291015625
2025-04-26 03:40:00,,,,195.26223754882812
2025-04-26 03:41:00,,,,195.26214599609375
2025-04-26 03:42:00,,,,195.2620391845703
2025-04-26 03:43:00,,,,195.261962890625
2025-04-26 03:44:00,,,,195.26187133789062
2025-04-26 03:45:00,,,,195.26177978515625
2025-04-26 03:46:00,,,,195.26168823242188
2025-04-26 03:47:00,,,,195.2615966796875
2025-04-26 03:48:00,,,,195.26150512695312
2025-04-26 03:49:00,,,,195.2614288330078
2025-04-26 03:50:00,,,,195.26133728027344
2025-04-26 03:51:00,,,,195.26126098632812
2025-04-26 03:52:00,,,,195.26116943359375
2025-04-26 03:53:00,,,,195.26109313964844
2025-04-26 03:54:00,,,,195.26100158691406
2025-04-26 03:55:00,,,,195.26092529296875
2025-04-26 03:56:00,,,,195.2608642578125
2025-04-26 03:57:00,,,,195.26077270507812
2025-04-26 03:58:00,,,,195.2606964111328
2025-04-26 03:59:00,,,,195.26060485839844
2025-04-26 04:00:00,,,,195.2605438232422
2025-04-26 04:01:00,,,,195.2604522705078
2025-04-26 04:02:00,,,,195.26039123535156
2025-04-26 04:03:00,,,,195.26031494140625
2025-04-26 04:04:00,,,,195.26023864746094
2025-04-26 04:05:00,,,,195.26016235351562
2025-04-26 04:06:00,,,,195.26010131835938
2025-04-26 04:07:00,,,,195.260009765625
2025-04-26 04:08:00,,,,195.25994873046875
2025-04-26 04:09:00,,,,195.2598876953125
2025-04-26 04:10:00,,,,195.25979614257812
2025-04-26 04:11:00,,,,195.25973510742188
2025-04-26 04:12:00,,,,195.25967407226562
2025-04-26 04:13:00,,,,195.2595977783203
2025-04-26 04:14:00,,,,195.259521484375
2025-04-26 04:15:00,,,,195.25946044921875
2025-04-26 04:16:00,,,,195.2593994140625
2025-04-26 04:17:00,,,,195.25933837890625
2025-04-26 04:18:00,,,,195.25927734375
2025-04-26 04:19:00,,,,195.25921630859375
2025-04-26 04:20:00,,,,195.25914001464844
2025-04-26 04:21:00,,,,195.2590789794922
2025-04-26 04:22:00,,,,195.25901794433594
2025-04-26 04:23:00,,,,195.2589569091797
2025-04-26 04:24:00,,,,195.25889587402344
2025-04-26 04:25:00,,,,195.2588348388672
2025-04-26 04:26:00,,,,195.2587890625
2025-04-26 04:27:00,,,,195.25872802734375
2025-04-26 04:28:00,,,,195.2586669921875
2025-04-26 04:29:00,,,,195.25860595703125
2025-04-26 04:30:00,,,,195.25856018066406
2025-04-26 04:31:00,,,,195.2584991455078
2025-04-26 04:32:00,,,,195.2584228515625
2025-04-26 04:33:00,,,,195.25839233398438
2025-04-26 04:34:00,,,,195.25833129882812
2025-04-26 04:35:00,,,,195.2582550048828
2025-04-26 04:36:00,,,,195.2582244873047
2025-04-26 04:37:00,,,,195.25814819335938
2025-04-26 04:38:00,,,,195.25811767578125
2025-04-26 04:39:00,,,,195.258056640625
2025-04-26 04:40:00,,,,195.2580108642578
2025-04-26 04:41:00,,,,195.25796508789062
2025-04-26 04:42:00,,,,195.25790405273438
2025-04-26 04:43:00,,,,195.2578582763672
2025-04-26 04:44:00,,,,195.25779724121094
2025-04-26 04:45:00,,,,195.25775146484375
2025-04-26 04:46:00,,,,195.25770568847656
2025-04-26 04:47:00,,,,195.25767517089844
2025-04-26 04:48:00,,,,195.25759887695312
2025-04-26 04:49:00,,,,195.257568359375
2025-04-26 04:50:00,,,,195.2575225830078
2025-04-26 04:51:00,,,,195.25747680664062
2025-04-26 04:52:00,,,,195.25741577148438
2025-04-26 04:53:00,,,,195.2573699951172
2025-04-26 04:54:00,,,,195.25732421875
2025-04-26 04:55:00,,,,195.25729370117188
2025-04-26 04:56:00,,,,195.2572479248047
2025-04-26 04:57:00,,,,195.2572021484375
2025-04-26 04:58:00,,,,195.2571563720703
2025-04-26 04:59:00,,,,195.2571258544922
2025-04-26 05:00:00,,,,195.257080078125
2025-04-26 05:01:00,,,,195.2570343017578
2025-04-26 05:02:00,,,,195.25698852539062
2025-04-26 05:03:00,,,,195.2569580078125
2025-04-26 05:04:00,,,,195.2569122314453
2025-04-26 05:05:00,,,,195.25686645507812
2025-04-26 05:06:00,,,,195.25682067871094
2025-04-26 05:07:00,,,,195.2567901611328
2025-04-26 05:08:00,,,,195.2567596435547
2025-04-26 05:09:00,,,,195.2567138671875
2025-04-26 05:10:00,,,,195.25668334960938
2025-04-26 05:11:00,,,,195.2566375732422
2025-04-26 05:12:00,,,,195.256591796875
2025-04-26 05:13:00,,,,195.25657653808594
2025-04-26 05:14:00,,,,195.25653076171875
2025-04-26 05:15:00,,,,195.25648498535156
2025-04-26 05:16:00,,,,195.25643920898438
2025-04-26 05:17:00,,,,195.2564239501953
2025-04-26 05:18:00,,,,195.25637817382812
2025-04-26 05:19:00,,,,195.25633239746094
2025-04-26 05:20:00,,,,195.25631713867188
2025-04-26 05:21:00,,,,195.2562713623047
2025-04-26 05:22:00,,,,195.25625610351562
2025-04-26 05:23:00,,,,195.25621032714844
2025-04-26 05:24:00,,,,195.25616455078125
2025-04-26 05:25:00,,,,195.2561492919922
2025-04-26 05:26:00,,,,195.256103515625
2025-04-26 05:27:00,,,,195.25608825683594
2025-04-26 05:28:00,,,,195.25604248046875
2025-04-26 05:29:00,,,,195.2560272216797
2025-04-26 05:30:00,,,,195.2559814453125
2025-04-26 05:31:00,,,,195.25596618652344
2025-04-26 05:32:00,,,,195.25592041015625
2025-04-26 05:33:00,,,,195.25588989257812
2025-04-26 05:34:00,,,,195.255859375
2025-04-26 05:35:00,,,,195.25582885742188
2025-04-26 05:36:00,,,,195.2558135986328
2025-04-26 05:37:00,,,,195.25576782226562
2025-04-26 05:38:00,,,,195.25575256347656
2025-04-26 05:39:00,,,,195.25572204589844
2025-04-26 05:40:00,,,,195.2556915283203
2025-04-26 05:41:00,,,,195.2556610107422
2025-04-26 05:42:00,,,,195.25564575195312
2025-04-26 05:43:00,,,,195.25559997558594
2025-04-26 05:44:00,,,,195.25558471679688
2025-04-26 05:45:00,,,,195.25555419921875
2025-04-26 05:46:00,,,,195.25550842285156
2025-04-26 05:47:00,,,,195.2554931640625
2025-04-26 05:48:00,,,,195.25547790527344
2025-04-26 05:49:00,,,,195.2554473876953
2025-04-26 05:50:00,,,,195.25543212890625
2025-04-26 05:51:00,,,,195.25538635253906
2025-04-26 05:52:00,,,,195.25537109375
2025-04-26 05:53:00,,,,195.25534057617188
2025-04-26 05:54:00,,,,195.2553253173828
2025-04-26 05:55:00,,,,195.25531005859375
2025-04-26 05:56:00,,,,195.25527954101562
2025-04-26 05:57:00,,,,195.25523376464844
2025-04-26 05:58:00,,,,195.25521850585938
2025-04-26 05:59:00,,,,195.2552032470703
2025-04-26 06:00:00,,,,195.2551727294922
2025-04-26 06:01:00,,,,195.25515747070312
2025-04-26 06:02:00,,,,195.25514221191406
2025-04-26 06:03:00,,,,195.25511169433594
2025-04-26 06:04:00,,,,195.25509643554688
2025-04-26 06:05:00,,,,195.25506591796875
2025-04-26 06:06:00,,,,195.2550506591797
2025-04-26 06:07:00,,,,195.25503540039062
2025-04-26 06:08:00,,,,195.2550048828125
2025-04-26 06:09:00,,,,195.25498962402344
2025-04-26 06:10:00,,,,195.25497436523438
2025-04-26 06:11:00,,,,195.25494384765625
2025-04-26 06:12:00,,,,195.2549285888672
2025-04-26 06:13:00,,,,195.25489807128906
2025-04-26 06:14:00,,,,195.2548828125
2025-04-26 06:15:00,,,,195.25486755371094
2025-04-26 06:16:00,,,,195.2548370361328
2025-04-26 06:17:00,,,,195.25482177734375
2025-04-26 06:18:00,,,,195.25479125976562
2025-04-26 06:19:00,,,,195.25477600097656
2025-04-26 06:20:00,,,,195.2547607421875
2025-04-26 06:21:00,,,,195.25473022460938
2025-04-26 06:22:00,,,,195.2547149658203
2025-04-26 06:23:00,,,,195.2547149658203
2025-04-26 06:24:00,,,,195.25469970703125
2025-04-26 06:25:00,,,,195.25466918945312
2025-04-26 06:26:00,,,,195.25465393066406
2025-04-26 06:27:00,,,,195.25462341308594
2025-04-26 06:28:00,,,,195.25460815429688
2025-04-26 06:29:00,,,,195.25460815429688
2025-04-26 06:30:00,,,,195.2545928955078
2025-04-26 06:31:00,,,,195.2545623779297
2025-04-26 06:32:00,,,,195.25454711914062
2025-04-26 06:33:00,,,,195.2545166015625
2025-04-26 06:34:00,,,,195.2545166015625
2025-04-26 06:35:00,,,,195.25450134277344
2025-04-26 06:36:00,,,,195.25448608398438
2025-04-26 06:37:00,,,,195.25445556640625
2025-04-26 06:38:00,,,,195.25445556640625
2025-04-26 06:39:00,,,,195.2544403076172
2025-04-26 06:40:00,,,,195.25442504882812
2025-04-26 06:41:00,,,,195.25439453125
2025-04-26 06:42:00,,,,195.25439453125
2025-04-26 06:43:00,,,,195.25437927246094
2025-04-26 06:44:00,,,,195.2543487548828
2025-04-26 06:45:00,,,,195.25433349609375
2025-04-26 06:46:00,,,,195.25433349609375
2025-04-26 06:47:00,,,,195.2543182373047
2025-04-26 06:48:00,,,,195.25428771972656
2025-04-26 06:49:00,,,,195.25428771972656
2025-04-26 06:50:00,,,,195.2542724609375
2025-04-26 06:51:00,,,,195.25424194335938
2025-04-26 06:52:00,,,,195.25424194335938
2025-04-26 06:53:00,,,,195.2542266845703
2025-04-26 06:54:00,,,,195.25421142578125
2025-04-26 06:55:00,,,,195.25421142578125
2025-04-26 06:56:00,,,,195.25418090820312
2025-04-26 06:57:00,,,,195.25418090820312
2025-04-26 06:58:00,,,,195.25416564941406
2025-04-26 06:59:00,,,,195.254150390625
2025-04-26 07:00:00,,,,195.254150390625
2025-04-26 07:01:00,,,,195.25411987304688
2025-04-26 07:02:00,,,,195.25411987304688
2025-04-26 07:03:00,,,,195.2541046142578
2025-04-26 07:04:00,,,,195.2540740966797
2025-04-26 07:05:00,,,,195.2540740966797
2025-04-26 07:06:00,,,,195.25405883789062
2025-04-26 07:07:00,,,,195.25405883789062
2025-04-26 07:08:00,,,,195.25404357910156
2025-04-26 07:09:00,,,,195.25404357910156
2025-04-26 07:10:00,,,,195.25401306152344
2025-04-26 07:11:00,,,,195.25401306152344
2025-04-26 07:12:00,,,,195.25399780273438
2025-04-26 07:13:00,,,,195.25396728515625
2025-04-26 07:14:00,,,,195.25396728515625
2025-04-26 07:15:00,,,,195.2539520263672
2025-04-26 07:16:00,,,,195.2539520263672
2025-04-26 07:17:00,,,,195.25393676757812
2025-04-26 07:18:00,,,,195.25393676757812
2025-04-26 07:19:00,,,,195.25390625
2025-04-26 07:20:00,,,,195.25390625
2025-04-26 07:21:00,,,,195.25389099121094
2025-04-26 07:22:00,,,,195.25389099121094
2025-04-26 07:23:00,,,,195.25387573242188
2025-04-26 07:24:00,,,,195.25387573242188
2025-04-26 07:25:00,,,,195.25384521484375
2025-04-26 07:26:00,,,,195.25384521484375
2025-04-26 07:27:00,,,,195.25384521484375
2025-04-26 07:28:00,,,,195.2538299560547
2025-04-26 07:29:00,,,,195.2538299560547
2025-04-26 07:30:00,,,,195.25379943847656
2025-04-26 07:31:00,,,,195.25379943847656
2025-04-26 07:32:00,,,,195.2537841796875
2025-04-26 07:33:00,,,,195.2537841796875
2025-04-26 07:34:00,,,,195.25376892089844
2025-04-26 07:35:00,,,,195.25376892089844
2025-04-26 07:36:00,,,,195.25376892089844
2025-04-26 07:37:00,,,,195.2537384033203
2025-04-26 07:38:00,,,,195.2537384033203
2025-04-26 07:39:00,,,,195.25372314453125
2025-04-26 07:40:00,,,,195.25372314453125
2025-04-26 07:41:00,,,,195.25372314453125
2025-04-26 07:42:00,,,,195.25369262695312
2025-04-26 07:43:00,,,,195.25369262695312
2025-04-26 07:44:00,,,,195.25367736816406
2025-04-26 07:45:00,,,,195.25367736816406
2025-04-26 07:46:00,,,,195.25367736816406
2025-04-26 07:47:00,,,,195.253662109375
2025-04-26 07:48:00,,,,195.253662109375
2025-04-26 07:49:00,,,,195.253662109375
2025-04-26 07:50:00,,,,195.25363159179688
2025-04-26 07:51:00,,,,195.25363159179688
2025-04-26 07:52:00,,,,195.2536163330078
2025-04-26 07:53:00,,,,195.2536163330078
2025-04-26 07:54:00,,,,195.2536163330078
2025-04-26 07:55:00,,,,195.25360107421875
2025-04-26 07:56:00,,,,195.25360107421875
2025-04-26 07:57:00,,,,195.25360107421875
2025-04-26 07:58:00,,,,195.25357055664062
2025-04-26 07:59:00,,,,195.25357055664062
2025-04-26 08:00:00,,,,195.25357055664062
2025-04-26 08:01:00,,,,195.25355529785156
2025-04-26 08:02:00,,,,195.25355529785156
2025-04-26 08:03:00,,,,195.25355529785156
2025-04-26 08:04:00,,,,195.25352478027344
2025-04-26 08:05:00,,,,195.25352478027344
2025-04-26 08:06:00,,,,195.25352478027344
2025-04-26 08:07:00,,,,195.25352478027344
2025-04-26 08:08:00,,,,195.25350952148438
2025-04-26 08:09:00,,,,195.25350952148438
2025-04-26 08:10:00,,,,195.25350952148438
2025-04-26 08:11:00,,,,195.2534942626953
2025-04-26 08:12:00,,,,195.2534942626953
2025-04-26 08:13:00,,,,195.2534942626953
2025-04-26 08:14:00,,,,195.2534637451172
2025-04-26 08:15:00,,,,195.2534637451172
2025-04-26 08:16:00,,,,195.2534637451172
2025-04-26 08:17:00,,,,195.2534637451172
2025-04-26 08:18:00,,,,195.25344848632812
2025-04-26 08:19:00,,,,195.25344848632812
2025-04-26 08:20:00,,,,195.25344848632812
2025-04-26 08:21:00,,,,195.25344848632812
2025-04-26 08:22:00,,,,195.25341796875
2025-04-26 08:23:00,,,,195.25341796875
2025-04-26 08:24:00,,,,195.25341796875
2025-04-26 08:25:00,,,,195.25340270996094
2025-04-26 08:26:00,,,,195.25340270996094
2025-04-26 08:27:00,,,,195.25340270996094
2025-04-26 08:28:00,,,,195.25340270996094
2025-04-26 08:29:00,,,,195.25338745117188
2025-04-26 08:30:00,,,,195.25338745117188
2025-04-26 08:31:00,,,,195.25338745117188
2025-04-26 08:32:00,,,,195.25338745117188
2025-04-26 08:33:00,,,,195.25338745117188
2025-04-26 08:34:00,,,,195.25335693359375
2025-04-26 08:35:00,,,,195.25335693359375
2025-04-26 08:36:00,,,,195.25335693359375
2025-04-26 08:37:00,,,,195.25335693359375
2025-04-26 08:38:00,,,,195.2533416748047
2025-04-26 08:39:00,,,,195.2533416748047
2025-04-26 08:40:00,,,,195.2533416748047
2025-04-26 08:41:00,,,,195.2533416748047
2025-04-26 08:42:00,,,,195.25332641601562
2025-04-26 08:43:00,,,,195.25332641601562
2025-04-26 08:44:00,,,,195.25332641601562
2025-04-26 08:45:00,,,,195.25332641601562
2025-04-26 08:46:00,,,,195.25332641601562
2025-04-26 08:47:00,,,,195.2532958984375
2025-04-26 08:48:00,,,,195.2532958984375
2025-04-26 08:49:00,,,,195.2532958984375
2025-04-26 08:50:00,,,,195.2532958984375
2025-04-26 08:51:00,,,,195.2532958984375
2025-04-26 08:52:00,,,,195.25328063964844
2025-04-26 08:53:00,,,,195.25328063964844
2025-04-26 08:54:00,,,,195.25328063964844
2025-04-26 08:55:00,,,,195.25328063964844
2025-04-26 08:56:00,,,,195.25328063964844
2025-04-26 08:57:00,,,,195.25328063964844
2025-04-26 08:58:00,,,,195.2532501220703
2025-04-26 08:59:00,,,,195.2532501220703
2025-04-26 09:00:00,,,,195.2532501220703
2025-04-26 09:01:00,,,,195.2532501220703
2025-04-26 09:02:00,,,,195.2532501220703
2025-04-26 09:03:00,,,,195.25323486328125
2025-04-26 09:04:00,,,,195.25323486328125
2025-04-26 09:05:00,,,,195.25323486328125
2025-04-26 09:06:00,,,,195.25323486328125
2025-04-26 09:07:00,,,,195.25323486328125
2025-04-26 09:08:00,,,,195.25323486328125
2025-04-26 09:09:00,,,,195.2532196044922
2025-04-26 09:10:00,,,,195.2532196044922
2025-04-26 09:11:00,,,,195.2532196044922
2025-04-26 09:12:00,,,,195.2532196044922
2025-04-26 09:13:00,,,,195.2532196044922
2025-04-26 09:14:00,,,,195.2532196044922
2025-04-26 09:15:00,,,,195.25318908691406
2025-04-26 09:16:00,,,,195.25318908691406
2025-04-26 09:17:00,,,,195.25318908691406
2025-04-26 09:18:00,,,,195.25318908691406
2025-04-26 09:19:00,,,,195.25318908691406
2025-04-26 09:20:00,,,,195.25318908691406
2025-04-26 09:21:00,,,,195.25318908691406
2025-04-26 09:22:00,,,,195.253173828125
2025-04-26 09:23:00,,,,195.253173828125
2025-04-26 09:24:00,,,,195.253173828125
2025-04-26 09:25:00,,,,195.253173828125
2025-04-26 09:26:00,,,,195.253173828125
2025-04-26 09:27:00,,,,195.253173828125
2025-04-26 09:28:00,,,,195.253173828125
2025-04-26 09:29:00,,,,195.25315856933594
2025-04-26 09:30:00,,,,195.25315856933594
2025-04-26 09:31:00,,,,195.25315856933594
2025-04-26 09:32:00,,,,195.25315856933594
2025-04-26 09:33:00,,,,195.25315856933594
2025-04-26 09:34:00,,,,195.25315856933594
2025-04-26 09:35:00,,,,195.25315856933594
2025-04-26 09:36:00,,,,195.25315856933594
2025-04-26 09:37:00,,,,195.2531280517578
2025-04-26 09:38:00,,,,195.2531280517578
2025-04-26 09:39:00,,,,195.2531280517578
2025-04-26 09:40:00,,,,195.2531280517578
2025-04-26 09:41:00,,,,195.2531280517578
2025-04-26 09:42:00,,,,195.2531280517578
2025-04-26 09:43:00,,,,195.2531280517578
2025-04-26 09:44:00,,,,195.2531280517578
2025-04-26 09:45:00,,,,195.25311279296875
2025-04-26 09:46:00,,,,195.25311279296875
2025-04-26 09:47:00,,,,195.25311279296875
2025-04-26 09:48:00,,,,195.25311279296875
2025-04-26 09:49:00,,,,195.25311279296875
2025-04-26 09:50:00,,,,195.25311279296875
2025-04-26 09:51:00,,,,195.25311279296875
2025-04-26 09:52:00,,,,195.25311279296875
2025-04-26 09:53:00,,,,195.25311279296875
2025-04-26 09:54:00,,,,195.25308227539062
2025-04-26 09:55:00,,,,195.25308227539062
2025-04-26 09:56:00,,,,195.25308227539062
2025-04-26 09:57:00,,,,195.25308227539062
2025-04-26 09:58:00,,,,195.25308227539062
2025-04-26 09:59:00,,,,195.25308227539062
2025-04-26 10:00:00,,,,195.25308227539062
2025-04-26 10:01:00,,,,195.25308227539062
2025-04-26 10:02:00,,,,195.25308227539062
2025-04-26 10:03:00,,,,195.25308227539062
2025-04-26 10:04:00,,,,195.25306701660156
2025-04-26 10:05:00,,,,195.25306701660156
2025-04-26 10:06:00,,,,195.25306701660156
2025-04-26 10:07:00,,,,195.25306701660156
2025-04-26 10:08:00,,,,195.25306701660156
2025-04-26 10:09:00,,,,195.25306701660156
2025-04-26 10:10:00,,,,195.25306701660156
2025-04-26 10:11:00,,,,195.25306701660156
2025-04-26 10:12:00,,,,195.25306701660156
2025-04-26 10:13:00,,,,195.25306701660156
2025-04-26 10:14:00,,,,195.25306701660156
2025-04-26 10:15:00,,,,195.2530517578125
2025-04-26 10:16:00,,,,195.2530517578125
2025-04-26 10:17:00,,,,195.2530517578125
2025-04-26 10:18:00,,,,195.2530517578125
2025-04-26 10:19:00,,,,195.2530517578125
2025-04-26 10:20:00,,,,195.2530517578125
2025-04-26 10:21:00,,,,195.2530517578125
2025-04-26 10:22:00,,,,195.2530517578125
2025-04-26 10:23:00,,,,195.2530517578125
2025-04-26 10:24:00,,,,195.2530517578125
2025-04-26 10:25:00,,,,195.2530517578125
2025-04-26 10:26:00,,,,195.2530517578125
2025-04-26 10:27:00,,,,195.2530517578125
2025-04-26 10:28:00,,,,195.25302124023438
2025-04-26 10:29:00,,,,195.25302124023438
2025-04-26 10:30:00,,,,195.25302124023438
2025-04-26 10:31:00,,,,195.25302124023438
2025-04-26 10:32:00,,,,195.25302124023438
2025-04-26 10:33:00,,,,195.25302124023438
2025-04-26 10:34:00,,,,195.25302124023438
2025-04-26 10:35:00,,,,195.25302124023438
2025-04-26 10:36:00,,,,195.25302124023438
2025-04-26 10:37:00,,,,195.25302124023438
2025-04-26 10:38:00,,,,195.25302124023438
2025-04-26 10:39:00,,,,195.25302124023438
2025-04-26 10:40:00,,,,195.25302124023438
2025-04-26 10:41:00,,,,195.25302124023438
2025-04-26 10:42:00,,,,195.2530059814453
2025-04-26 10:43:00,,,,195.2530059814453
2025-04-26 10:44:00,,,,195.2530059814453
2025-04-26 10:45:00,,,,195.2530059814453
2025-04-26 10:46:00,,,,195.2530059814453
2025-04-26 10:47:00,,,,195.2530059814453
2025-04-26 10:48:00,,,,195.2530059814453
2025-04-26 10:49:00,,,,195.2530059814453
2025-04-26 10:50:00,,,,195.2530059814453
2025-04-26 10:51:00,,,,195.2530059814453
2025-04-26 10:52:00,,,,195.2530059814453
2025-04-26 10:53:00,,,,195.2530059814453
2025-04-26 10:54:00,,,,195.2530059814453
2025-04-26 10:55:00,,,,195.2530059814453
2025-04-26 10:56:00,,,,195.2530059814453
2025-04-26 10:57:00,,,,195.2529754638672
2025-04-26 10:58:00,,,,195.2529754638672
2025-04-26 10:59:00,,,,195.2529754638672
2025-04-26 11:00:00,,,,195.2529754638672
2025-04-26 11:01:00,,,,195.2529754638672
2025-04-26 11:02:00,,,,195.2529754638672
2025-04-26 11:03:00,,,,195.2529754638672
2025-04-26 11:04:00,,,,195.2529754638672
2025-04-26 11:05:00,,,,195.2529754638672
2025-04-26 11:06:00,,,,195.2529754638672
2025-04-26 11:07:00,,,,195.2529754638672
2025-04-26 11:08:00,,,,195.2529754638672
2025-04-26 11:09:00,,,,195.2529754638672
2025-04-26 11:10:00,,,,195.2529754638672
2025-04-26 11:11:00,,,,195.2529754638672
2025-04-26 11:12:00,,,,195.2529754638672
2025-04-26 11:13:00,,,,195.2529754638672
2025-04-26 11:14:00,,,,195.2529754638672
2025-04-26 11:15:00,,,,195.2529754638672
2025-04-26 11:16:00,,,,195.2529754638672
2025-04-26 11:17:00,,,,195.25296020507812
2025-04-26 11:18:00,,,,195.25296020507812
2025-04-26 11:19:00,,,,195.25296020507812
2025-04-26 11:20:00,,,,195.25296020507812
2025-04-26 11:21:00,,,,195.25296020507812
2025-04-26 11:22:00,,,,195.25296020507812
2025-04-26 11:23:00,,,,195.25296020507812
2025-04-26 11:24:00,,,,195.25296020507812
2025-04-26 11:25:00,,,,195.25296020507812
2025-04-26 11:26:00,,,,195.25296020507812
2025-04-26 11:27:00,,,,195.25296020507812
2025-04-26 11:28:00,,,,195.25296020507812
2025-04-26 11:29:00,,,,195.25296020507812
2025-04-26 11:30:00,,,,195.25296020507812
2025-04-26 11:31:00,,,,195.25296020507812
2025-04-26 11:32:00,,,,195.25296020507812
2025-04-26 11:33:00,,,,195.25296020507812
2025-04-26 11:34:00,,,,195.25296020507812
2025-04-26 11:35:00,,,,195.25296020507812
2025-04-26 11:36:00,,,,195.25296020507812
2025-04-26 11:37:00,,,,195.25296020507812
2025-04-26 11:38:00,,,,195.25296020507812
2025-04-26 11:39:00,,,,195.25296020507812
2025-04-26 11:40:00,,,,195.25296020507812
2025-04-26 11:41:00,,,,195.25294494628906
2025-04-26 11:42:00,,,,195.25294494628906
2025-04-26 11:43:00,,,,195.25294494628906
2025-04-26 11:44:00,,,,195.25294494628906
2025-04-26 11:45:00,,,,195.25294494628906
2025-04-26 11:46:00,,,,195.25294494628906
2025-04-26 11:47:00,,,,195.25294494628906
2025-04-26 11:48:00,,,,195.25294494628906
2025-04-26 11:49:00,,,,195.25294494628906
2025-04-26 11:50:00,,,,195.25294494628906
2025-04-26 11:51:00,,,,195.25294494628906
2025-04-26 11:52:00,,,,195.25294494628906
2025-04-26 11:53:00,,,,195.25294494628906
2025-04-26 11:54:00,,,,195.25294494628906
2025-04-26 11:55:00,,,,195.25294494628906
2025-04-26 11:56:00,,,,195.25294494628906
2025-04-26 11:57:00,,,,195.25294494628906
2025-04-26 11:58:00,,,,195.25294494628906
2025-04-26 11:59:00,,,,195.25294494628906
2025-04-26 12:00:00,,,,195.25294494628906
2025-04-26 12:01:00,,,,195.25294494628906
2025-04-26 12:02:00,,,,195.25294494628906
2025-04-26 12:03:00,,,,195.25294494628906
2025-04-26 12:04:00,,,,195.25294494628906
2025-04-26 12:05:00,,,,195.25294494628906
2025-04-26 12:06:00,,,,195.25294494628906
2025-04-26 12:07:00,,,,195.25294494628906
2025-04-26 12:08:00,,,,195.25294494628906
2025-04-26 12:09:00,,,,195.25294494628906
2025-04-26 12:10:00,,,,195.25294494628906
2025-04-26 12:11:00,,,,195.25294494628906
2025-04-26 12:12:00,,,,195.25294494628906
2025-04-26 12:13:00,,,,195.25291442871094
2025-04-26 12:14:00,,,,195.25291442871094
2025-04-26 12:15:00,,,,195.25291442871094
2025-04-26 12:16:00,,,,195.25291442871094
2025-04-26 12:17:00,,,,195.25291442871094
2025-04-26 12:18:00,,,,195.25291442871094
2025-04-26 12:19:00,,,,195.25291442871094
2025-04-26 12:20:00,,,,195.25291442871094
2025-04-26 12:21:00,,,,195.25291442871094
2025-04-26 12:22:00,,,,195.25291442871094
2025-04-26 12:23:00,,,,195.25291442871094
2025-04-26 12:24:00,,,,195.25291442871094
2025-04-26 12:25:00,,,,195.25291442871094
2025-04-26 12:26:00,,,,195.25291442871094
2025-04-26 12:27:00,,,,195.25291442871094
2025-04-26 12:28:00,,,,195.25291442871094
2025-04-26 12:29:00,,,,195.25291442871094
2025-04-26 12:30:00,,,,195.25291442871094
2025-04-26 12:31:00,,,,195.25291442871094
2025-04-26 12:32:00,,,,195.25291442871094
2025-04-26 12:33:00,,,,195.25291442871094
2025-04-26 12:34:00,,,,195.25291442871094
2025-04-26 12:35:00,,,,195.25291442871094
2025-04-26 12:36:00,,,,195.25291442871094
2025-04-26 12:37:00,,,,195.25291442871094
2025-04-26 12:38:00,,,,195.25291442871094
2025-04-26 12:39:00,,,,195.25291442871094
2025-04-26 12:40:00,,,,195.25291442871094
2025-04-26 12:41:00,,,,195.25291442871094
2025-04-26 12:42:00,,,,195.25291442871094
2025-04-26 12:43:00,,,,195.25291442871094
2025-04-26 12:44:00,,,,195.25291442871094
2025-04-26 12:45:00,,,,195.25291442871094
2025-04-26 12:46:00,,,,195.25291442871094
2025-04-26 12:47:00,,,,195.25291442871094
2025-04-26 12:48:00,,,,195.25291442871094
2025-04-26 12:49:00,,,,195.25291442871094
2025-04-26 12:50:00,,,,195.25291442871094
2025-04-26 12:51:00,,,,195.25291442871094
2025-04-26 12:52:00,,,,195.25291442871094
2025-04-26 12:53:00,,,,195.25291442871094
2025-04-26 12:54:00,,,,195.25291442871094
2025-04-26 12:55:00,,,,195.25291442871094
2025-04-26 12:56:00,,,,195.25291442871094
2025-04-26 12:57:00,,,,195.25291442871094
2025-04-26 12:58:00,,,,195.25291442871094
2025-04-26 12:59:00,,,,195.25291442871094
2025-04-26 13:00:00,,,,195.25291442871094
2025-04-26 13:01:00,,,,195.25291442871094
2025-04-26 13:02:00,,,,195.25289916992188
2025-04-26 13:03:00,,,,195.25289916992188
2025-04-26 13:04:00,,,,195.25289916992188
2025-04-26 13:05:00,,,,195.25289916992188
2025-04-26 13:06:00,,,,195.25289916992188
2025-04-26 13:07:00,,,,195.25289916992188
2025-04-26 13:08:00,,,,195.25289916992188
2025-04-26 13:09:00,,,,195.25289916992188
2025-04-26 13:10:00,,,,195.25289916992188
2025-04-26 13:11:00,,,,195.25289916992188
2025-04-26 13:12:00,,,,195.25289916992188
2025-04-26 13:13:00,,,,195.25289916992188
2025-04-26 13:14:00,,,,195.25289916992188
2025-04-26 13:15:00,,,,195.25289916992188
2025-04-26 13:16:00,,,,195.25289916992188
2025-04-26 13:17:00,,,,195.25289916992188
2025-04-26 13:18:00,,,,195.25289916992188
2025-04-26 13:19:00,,,,195.25289916992188
2025-04-26 13:20:00,,,,195.25289916992188
2025-04-26 13:21:00,,,,195.25289916992188
2025-04-26 13:22:00,,,,195.25289916992188
2025-04-26 13:23:00,,,,195.25289916992188
2025-04-26 13:24:00,,,,195.25289916992188
2025-04-26 13:25:00,,,,195.25289916992188
2025-04-26 13:26:00,,,,195.25289916992188
2025-04-26 13:27:00,,,,195.25289916992188
2025-04-26 13:28:00,,,,195.25289916992188
2025-04-26 13:29:00,,,,195.25289916992188
2025-04-26 13:30:00,,,,195.25289916992188
2025-04-26 13:31:00,,,,195.25289916992188
2025-04-26 13:32:00,,,,195.25289916992188
2025-04-26 13:33:00,,,,195.25289916992188
2025-04-26 13:34:00,,,,195.25289916992188
2025-04-26 13:35:00,,,,195.25289916992188
2025-04-26 13:36:00,,,,195.25289916992188
2025-04-26 13:37:00,,,,195.25289916992188
2025-04-26 13:38:00,,,,195.25289916992188
2025-04-26 13:39:00,,,,195.25289916992188
2025-04-26 13:40:00,,,,195.25289916992188
2025-04-26 13:41:00,,,,195.25289916992188
2025-04-26 13:42:00,,,,195.25289916992188
2025-04-26 13:43:00,,,,195.25289916992188
2025-04-26 13:44:00,,,,195.25289916992188
2025-04-26 13:45:00,,,,195.25289916992188
2025-04-26 13:46:00,,,,195.25289916992188
2025-04-26 13:47:00,,,,195.25289916992188
2025-04-26 13:48:00,,,,195.25289916992188
2025-04-26 13:49:00,,,,195.25289916992188
2025-04-26 13:50:00,,,,195.25289916992188
2025-04-26 13:51:00,,,,195.25289916992188
2025-04-26 13:52:00,,,,195.25289916992188
2025-04-26 13:53:00,,,,195.25289916992188
2025-04-26 13:54:00,,,,195.25289916992188
2025-04-26 13:55:00,,,,195.25289916992188
2025-04-26 13:56:00,,,,195.25289916992188
2025-04-26 13:57:00,,,,195.25289916992188
2025-04-26 13:58:00,,,,195.25289916992188
2025-04-26 13:59:00,,,,195.25289916992188
2025-04-26 14:00:00,,,,195.25289916992188
2025-04-26 14:01:00,,,,195.25289916992188
2025-04-26 14:02:00,,,,195.25289916992188
2025-04-26 14:03:00,,,,195.25289916992188
2025-04-26 14:04:00,,,,195.25289916992188
2025-04-26 14:05:00,,,,195.25289916992188
2025-04-26 14:06:00,,,,195.25289916992188
2025-04-26 14:07:00,,,,195.25289916992188
2025-04-26 14:08:00,,,,195.25289916992188
2025-04-26 14:09:00,,,,195.25289916992188
2025-04-26 14:10:00,,,,195.25289916992188
2025-04-26 14:11:00,,,,195.25289916992188
2025-04-26 14:12:00,,,,195.25289916992188
2025-04-26 14:13:00,,,,195.25289916992188
2025-04-26 14:14:00,,,,195.25289916992188
2025-04-26 14:15:00,,,,195.25289916992188
2025-04-26 14:16:00,,,,195.25289916992188
2025-04-26 14:17:00,,,,195.25289916992188
2025-04-26 14:18:00,,,,195.25289916992188
2025-04-26 14:19:00,,,,195.25289916992188
2025-04-26 14:20:00,,,,195.25289916992188
2025-04-26 14:21:00,,,,195.25289916992188
2025-04-26 14:22:00,,,,195.25289916992188
2025-04-26 14:23:00,,,,195.25289916992188
2025-04-26 14:24:00,,,,195.25289916992188
2025-04-26 14:25:00,,,,195.25289916992188
2025-04-26 14:26:00,,,,195.25289916992188
2025-04-26 14:27:00,,,,195.25289916992188
2025-04-26 14:28:00,,,,195.25289916992188
2025-04-26 14:29:00,,,,195.25289916992188
2025-04-26 14:30:00,,,,195.25289916992188
2025-04-26 14:31:00,,,,195.25289916992188
2025-04-26 14:32:00,,,,195.2528839111328
2025-04-26 14:33:00,,,,195.2528839111328
2025-04-26 14:34:00,,,,195.2528839111328
2025-04-26 14:35:00,,,,195.2528839111328
2025-04-26 14:36:00,,,,195.2528839111328
2025-04-26 14:37:00,,,,195.2528839111328
2025-04-26 14:38:00,,,,195.2528839111328
2025-04-26 14:39:00,,,,195.2528839111328
2025-04-26 14:40:00,,,,195.2528839111328
2025-04-26 14:41:00,,,,195.2528839111328
2025-04-26 14:42:00,,,,195.2528839111328
2025-04-26 14:43:00,,,,195.2528839111328
2025-04-26 14:44:00,,,,195.2528839111328
2025-04-26 14:45:00,,,,195.2528839111328
2025-04-26 14:46:00,,,,195.2528839111328
2025-04-26 14:47:00,,,,195.2528839111328
2025-04-26 14:48:00,,,,195.2528839111328
2025-04-26 14:49:00,,,,195.2528839111328
2025-04-26 14:50:00,,,,195.2528839111328
2025-04-26 14:51:00,,,,195.2528839111328
2025-04-26 14:52:00,,,,195.2528839111328
2025-04-26 14:53:00,,,,195.2528839111328
2025-04-26 14:54:00,,,,195.2528839111328
2025-04-26 14:55:00,,,,195.2528839111328
2025-04-26 14:56:00,,,,195.2528839111328
2025-04-26 14:57:00,,,,195.2528839111328
2025-04-26 14:58:00,,,,195.2528839111328
2025-04-26 14:59:00,,,,195.2528839111328
2025-04-26 15:00:00,,,,195.2528839111328
2025-04-26 15:01:00,,,,195.2528839111328
2025-04-26 15:02:00,,,,195.2528839111328
2025-04-26 15:03:00,,,,195.2528839111328
2025-04-26 15:04:00,,,,195.2528839111328
2025-04-26 15:05:00,,,,195.2528839111328
2025-04-26 15:06:00,,,,195.2528839111328
2025-04-26 15:07:00,,,,195.2528839111328
2025-04-26 15:08:00,,,,195.2528839111328
2025-04-26 15:09:00,,,,195.2528839111328
2025-04-26 15:10:00,,,,195.2528839111328
2025-04-26 15:11:00,,,,195.2528839111328
2025-04-26 15:12:00,,,,195.2528839111328
2025-04-26 15:13:00,,,,195.2528839111328
2025-04-26 15:14:00,,,,195.2528839111328
2025-04-26 15:15:00,,,,195.2528839111328
2025-04-26 15:16:00,,,,195.2528839111328
2025-04-26 15:17:00,,,,195.2528839111328
2025-04-26 15:18:00,,,,195.2528839111328
2025-04-26 15:19:00,,,,195.2528839111328
2025-04-26 15:20:00,,,,195.2528839111328
2025-04-26 15:21:00,,,,195.2528839111328
2025-04-26 15:22:00,,,,195.2528839111328
2025-04-26 15:23:00,,,,195.2528839111328
2025-04-26 15:24:00,,,,195.2528839111328
2025-04-26 15:25:00,,,,195.2528839111328
2025-04-26 15:26:00,,,,195.2528839111328
2025-04-26 15:27:00,,,,195.2528839111328
2025-04-26 15:28:00,,,,195.2528839111328
2025-04-26 15:29:00,,,,195.2528839111328
2025-04-26 15:30:00,,,,195.2528839111328
2025-04-26 15:31:00,,,,195.2528839111328
2025-04-26 15:32:00,,,,195.2528839111328
2025-04-26 15:33:00,,,,195.2528839111328
2025-04-26 15:34:00,,,,195.2528839111328
2025-04-26 15:35:00,,,,195.2528839111328
2025-04-26 15:36:00,,,,195.2528839111328
2025-04-26 15:37:00,,,,195.2528839111328
2025-04-26 15:38:00,,,,195.2528839111328
2025-04-26 15:39:00,,,,195.2528839111328
2025-04-26 15:40:00,,,,195.2528839111328
2025-04-26 15:41:00,,,,195.2528839111328
2025-04-26 15:42:00,,,,195.2528839111328
2025-04-26 15:43:00,,,,195.2528839111328
2025-04-26 15:44:00,,,,195.2528839111328
2025-04-26 15:45:00,,,,195.2528839111328
2025-04-26 15:46:00,,,,195.2528839111328
2025-04-26 15:47:00,,,,195.2528839111328
2025-04-26 15:48:00,,,,195.2528839111328
2025-04-26 15:49:00,,,,195.2528839111328
2025-04-26 15:50:00,,,,195.2528839111328
2025-04-26 15:51:00,,,,195.2528839111328
2025-04-26 15:52:00,,,,195.2528839111328
2025-04-26 15:53:00,,,,195.2528839111328
2025-04-26 15:54:00,,,,195.2528839111328
2025-04-26 15:55:00,,,,195.2528839111328
2025-04-26 15:56:00,,,,195.2528839111328
2025-04-26 15:57:00,,,,195.2528839111328
2025-04-26 15:58:00,,,,195.2528839111328
2025-04-26 15:59:00,,,,195.2528839111328
